insert into Worker(employeeID,firstName,lastName,hireDate,salary) values("9417","fanciful","beetle","2012-01-21T06:26:18.000Z","91624");
insert into Worker(employeeID,firstName,lastName,hireDate,salary) values("84191","Moll's","muscularity's","2014-12-06T20:38:48.000Z","88888");
insert into Worker(employeeID,firstName,lastName,hireDate,salary) values("38377","Epictetus","wallop","2012-01-02T15:17:48.000Z","27141");
insert into Worker(employeeID,firstName,lastName,hireDate,salary) values("77360","anthem","lassie's","2014-08-08T16:25:06.000Z","28524");
insert into Worker(employeeID,firstName,lastName,hireDate,salary) values("97794","Ca's","whorl","2013-09-06T05:55:25.000Z","18642");
insert into Worker(employeeID,firstName,lastName,hireDate,salary) values("33852","Aquarius's","Dartmoor","2013-05-18T14:13:32.000Z","53633");
insert into Worker(employeeID,firstName,lastName,hireDate,salary) values("27303","petiole's","bantam","2012-01-22T21:23:52.000Z","29484");
insert into Worker(employeeID,firstName,lastName,hireDate,salary) values("1118","Mfume's","sorest","2014-09-14T02:47:30.000Z","3260");
insert into Worker(employeeID,firstName,lastName,hireDate,salary) values("5595","Scorpios","beetle","2011-12-31T06:30:31.000Z","7817");
insert into Worker(employeeID,firstName,lastName,hireDate,salary) values("76457","Sagittarius","petiole's","2012-01-12T21:49:27.000Z","57735");
insert into Worker(employeeID,firstName,lastName,hireDate,salary) values("73994","Roger","Medicaids","2013-10-11T11:55:16.000Z","66752");
insert into Worker(employeeID,firstName,lastName,hireDate,salary) values("29696","sorest","muscularity's","2012-01-21T04:53:38.000Z","96964");
insert into Worker(employeeID,firstName,lastName,hireDate,salary) values("23662","Foreman's","altruist's","2013-11-14T20:04:58.000Z","8375");
insert into Worker(employeeID,firstName,lastName,hireDate,salary) values("7409","restrictions","knockers","2012-01-08T02:38:00.000Z","46961");
insert into Worker(employeeID,firstName,lastName,hireDate,salary) values("22744","anthem","anthem","2012-01-04T10:15:38.000Z","93533");
insert into Worker(employeeID,firstName,lastName,hireDate,salary) values("82745","souvenir's","whorl","2014-01-04T06:50:27.000Z","7525");
insert into Worker(employeeID,firstName,lastName,hireDate,salary) values("64468","complying","choppers","2012-01-25T11:43:57.000Z","48013");
insert into Worker(employeeID,firstName,lastName,hireDate,salary) values("96744","knockers","crayoning","2013-09-03T05:47:16.000Z","5611");
insert into Worker(employeeID,firstName,lastName,hireDate,salary) values("2647","glorified","Milan","2013-02-24T02:14:37.000Z","7758");
insert into Worker(employeeID,firstName,lastName,hireDate,salary) values("60221","Sagittarius","wrought","2013-11-12T12:33:32.000Z","67773");
insert into Worker(employeeID,firstName,lastName,hireDate,salary) values("91333","Ca's","cramp's","2014-11-30T23:54:51.000Z","13799");
insert into Worker(employeeID,firstName,lastName,hireDate,salary) values("37843","Moll's","Aquarius's","2013-07-24T22:47:50.000Z","60659");
insert into Worker(employeeID,firstName,lastName,hireDate,salary) values("98189","financing's","harmlessly","2014-04-01T21:42:47.000Z","15394");
insert into Worker(employeeID,firstName,lastName,hireDate,salary) values("42966","Kuomintang","Kuomintang","2013-08-02T16:45:44.000Z","55203");
insert into Worker(employeeID,firstName,lastName,hireDate,salary) values("45141","worsen","capitulations","2013-06-20T22:31:13.000Z","7747");
insert into Worker(employeeID,firstName,lastName,hireDate,salary) values("82767","Medicaids","Andes's","2013-12-02T21:26:22.000Z","91764");
insert into Worker(employeeID,firstName,lastName,hireDate,salary) values("97170","wrought","Kuomintang","2012-01-15T06:31:11.000Z","9616");
insert into Worker(employeeID,firstName,lastName,hireDate,salary) values("80533","mad's","thaws","2013-03-05T05:18:04.000Z","74304");
insert into Worker(employeeID,firstName,lastName,hireDate,salary) values("63883","Scorpios","vivaciously","2013-04-23T00:03:17.000Z","70200");
insert into Worker(employeeID,firstName,lastName,hireDate,salary) values("81156","garbing","inquires","2013-07-06T03:55:21.000Z","58563");
insert into Worker(employeeID,firstName,lastName,hireDate,salary) values("33660","Epictetus","capitulations","2012-01-04T21:15:26.000Z","786");
insert into Worker(employeeID,firstName,lastName,hireDate,salary) values("79631","harmonica's","devolves","2012-01-08T13:58:34.000Z","86752");
insert into Worker(employeeID,firstName,lastName,hireDate,salary) values("63111","lassie's","pesticide's","2014-07-10T15:10:43.000Z","31761");
insert into Worker(employeeID,firstName,lastName,hireDate,salary) values("97128","settee","Maccabeus's","2012-01-11T08:02:56.000Z","87611");
insert into Worker(employeeID,firstName,lastName,hireDate,salary) values("1796","delphinium","azimuth's","2012-01-01T18:02:53.000Z","39720");
insert into Worker(employeeID,firstName,lastName,hireDate,salary) values("53665","Hallmark","syncs","2014-12-23T23:04:06.000Z","98954");
insert into Worker(employeeID,firstName,lastName,hireDate,salary) values("44604","mediocrity","azimuth's","2012-01-19T10:27:43.000Z","39969");
insert into Worker(employeeID,firstName,lastName,hireDate,salary) values("99642","Milan","polynomials","2014-04-10T07:36:31.000Z","40285");
insert into Worker(employeeID,firstName,lastName,hireDate,salary) values("5338","bantam","dashes","2012-01-05T02:26:16.000Z","72809");
insert into Worker(employeeID,firstName,lastName,hireDate,salary) values("98700","azimuth's","vivaciously","2013-10-18T00:06:37.000Z","31531");
insert into Worker(employeeID,firstName,lastName,hireDate,salary) values("19921","Deon's","muscularity's","2013-12-25T01:03:17.000Z","19270");
insert into Worker(employeeID,firstName,lastName,hireDate,salary) values("40517","frigidity","wishful","2013-07-09T10:42:52.000Z","36737");
insert into Worker(employeeID,firstName,lastName,hireDate,salary) values("41930","misgivings","rebuke's","2014-09-11T14:00:41.000Z","8976");
insert into Worker(employeeID,firstName,lastName,hireDate,salary) values("72247","sprat","bimbo","2012-01-27T01:00:54.000Z","8421");
insert into Worker(employeeID,firstName,lastName,hireDate,salary) values("40203","Andes's","windmills","2014-12-18T02:08:48.000Z","57646");
insert into Worker(employeeID,firstName,lastName,hireDate,salary) values("16140","anthem","frigidity","2013-07-15T15:09:48.000Z","8167");
insert into Worker(employeeID,firstName,lastName,hireDate,salary) values("5299","fanciful","Maccabeus's","2012-01-14T11:26:16.000Z","68400");
insert into Worker(employeeID,firstName,lastName,hireDate,salary) values("51640","polynomials","technical","2013-01-09T15:06:32.000Z","99979");
insert into Worker(employeeID,firstName,lastName,hireDate,salary) values("65812","libretto","Sapporo's","2014-07-17T05:28:37.000Z","22175");
insert into Worker(employeeID,firstName,lastName,hireDate,salary) values("2590","pesticide's","feudalism","2012-01-25T10:03:29.000Z","6296");
insert into Worker(employeeID,firstName,lastName,hireDate,salary) values("10108","Taurus's","inquires","2013-05-04T22:27:41.000Z","41905");
insert into Worker(employeeID,firstName,lastName,hireDate,salary) values("56009","Winnebago's","debasement's","2013-11-04T12:10:54.000Z","92693");
insert into Worker(employeeID,firstName,lastName,hireDate,salary) values("12157","Hallmark","rechecked","2012-01-25T02:24:00.000Z","32591");
insert into Worker(employeeID,firstName,lastName,hireDate,salary) values("77999","settee","whorl","2013-07-18T22:58:00.000Z","69698");
insert into Worker(employeeID,firstName,lastName,hireDate,salary) values("93402","triglyceride","rebuke's","2013-06-15T04:19:04.000Z","82899");
insert into Worker(employeeID,firstName,lastName,hireDate,salary) values("89746","lassie's","barely","2012-01-23T08:03:21.000Z","852");
insert into Worker(employeeID,firstName,lastName,hireDate,salary) values("87013","wrought","vivaciously","2012-01-01T14:13:07.000Z","92972");
insert into Worker(employeeID,firstName,lastName,hireDate,salary) values("77342","refilling","unwariness's","2014-09-05T10:52:02.000Z","58850");
insert into Worker(employeeID,firstName,lastName,hireDate,salary) values("89500","muscularity's","acoustics's","2014-12-17T20:24:53.000Z","54196");
insert into Worker(employeeID,firstName,lastName,hireDate,salary) values("75157","complying","Moll's","2014-08-02T17:57:22.000Z","71955");
insert into Worker(employeeID,firstName,lastName,hireDate,salary) values("45648","wrought","wrought","2012-01-07T01:09:43.000Z","13554");
insert into Worker(employeeID,firstName,lastName,hireDate,salary) values("41730","fanciful","wishful","2013-06-30T10:40:44.000Z","55931");
insert into Worker(employeeID,firstName,lastName,hireDate,salary) values("41601","Aquarius's","knockers","2013-10-19T13:51:31.000Z","46092");
insert into Worker(employeeID,firstName,lastName,hireDate,salary) values("13864","Mfume's","sovereign's","2012-01-16T06:57:15.000Z","17236");
insert into Worker(employeeID,firstName,lastName,hireDate,salary) values("30119","settee","Redford","2013-04-13T15:31:31.000Z","94720");
insert into Worker(employeeID,firstName,lastName,hireDate,salary) values("50880","petiole's","wishful","2012-01-10T02:05:16.000Z","4108");
insert into Worker(employeeID,firstName,lastName,hireDate,salary) values("4333","pesticide's","Viola","2013-06-21T10:49:56.000Z","99393");
insert into Worker(employeeID,firstName,lastName,hireDate,salary) values("85386","Fresnel's","unwariness's","2012-01-10T15:15:49.000Z","83831");
insert into Worker(employeeID,firstName,lastName,hireDate,salary) values("40027","sprat","thaws","2012-01-11T06:57:05.000Z","54973");
insert into Worker(employeeID,firstName,lastName,hireDate,salary) values("11716","privates","sorest","2014-05-05T03:42:40.000Z","8989");
insert into Worker(employeeID,firstName,lastName,hireDate,salary) values("47333","debasement's","mad's","2012-01-07T04:09:03.000Z","31850");
insert into Worker(employeeID,firstName,lastName,hireDate,salary) values("42520","devolves","dashes","2012-01-10T12:48:31.000Z","75173");
insert into Worker(employeeID,firstName,lastName,hireDate,salary) values("19011","vales","cramp's","2013-08-15T05:48:03.000Z","83582");
insert into Worker(employeeID,firstName,lastName,hireDate,salary) values("95020","harmlessly","Micheal","2013-06-10T12:07:50.000Z","28024");
insert into Worker(employeeID,firstName,lastName,hireDate,salary) values("26322","Maccabeus's","Foreman's","2013-09-14T16:21:56.000Z","97582");
insert into Worker(employeeID,firstName,lastName,hireDate,salary) values("37760","glorified","enunciation's","2014-11-27T12:46:39.000Z","16054");
insert into Worker(employeeID,firstName,lastName,hireDate,salary) values("67193","frigidity","misgivings","2012-01-13T16:17:58.000Z","89383");
insert into Worker(employeeID,firstName,lastName,hireDate,salary) values("88450","list's","Hallmark","2012-01-13T05:49:23.000Z","67074");
insert into Worker(employeeID,firstName,lastName,hireDate,salary) values("43825","Viola","knockers","2014-03-07T01:07:25.000Z","76567");
insert into Worker(employeeID,firstName,lastName,hireDate,salary) values("4258","sprat","frigidity","2012-01-27T04:43:53.000Z","52791");
insert into Worker(employeeID,firstName,lastName,hireDate,salary) values("30657","vales","feudalism","2013-09-25T02:16:58.000Z","86299");
insert into Worker(employeeID,firstName,lastName,hireDate,salary) values("11224","refilling","privates","2012-01-06T13:03:13.000Z","98751");
insert into Worker(employeeID,firstName,lastName,hireDate,salary) values("69575","Sagittarius","bantam","2014-12-15T04:19:50.000Z","49295");
insert into Worker(employeeID,firstName,lastName,hireDate,salary) values("2351","Epictetus","libretto","2013-05-12T16:04:29.000Z","26708");
insert into Worker(employeeID,firstName,lastName,hireDate,salary) values("66949","brats","financing's","2012-01-07T02:21:01.000Z","50845");
insert into Worker(employeeID,firstName,lastName,hireDate,salary) values("37123","privates","technical","2013-01-07T19:17:08.000Z","56195");
insert into Worker(employeeID,firstName,lastName,hireDate,salary) values("58450","altruist's","complying","2013-10-14T20:57:44.000Z","43443");
insert into Worker(employeeID,firstName,lastName,hireDate,salary) values("26980","Epictetus","Milan","2012-01-05T20:50:19.000Z","7091");
insert into Worker(employeeID,firstName,lastName,hireDate,salary) values("38152","lassie's","musses","2012-01-03T12:01:16.000Z","28399");
insert into Worker(employeeID,firstName,lastName,hireDate,salary) values("43501","polynomials","Medicaids","2012-01-17T03:13:42.000Z","50210");
insert into Worker(employeeID,firstName,lastName,hireDate,salary) values("20759","Deon's","Micheal","2013-01-02T20:23:44.000Z","81205");
insert into Worker(employeeID,firstName,lastName,hireDate,salary) values("12714","whorl","Moll's","2013-09-30T12:49:07.000Z","89158");
insert into Worker(employeeID,firstName,lastName,hireDate,salary) values("7290","altruist's","knockers","2013-05-20T11:37:18.000Z","21666");
insert into Worker(employeeID,firstName,lastName,hireDate,salary) values("47619","Hallmark","glorified","2013-11-11T13:44:24.000Z","42773");
insert into Worker(employeeID,firstName,lastName,hireDate,salary) values("10130","Ca's","despoil","2012-01-08T02:16:02.000Z","3280");
insert into Worker(employeeID,firstName,lastName,hireDate,salary) values("27634","Foreman's","garbing","2012-01-04T02:27:51.000Z","33994");
insert into Worker(employeeID,firstName,lastName,hireDate,salary) values("42588","Foreman's","staling","2014-01-28T04:22:53.000Z","94833");
insert into Worker(employeeID,firstName,lastName,hireDate,salary) values("72244","sovereign's","privates","2012-01-13T12:55:58.000Z","11161");
insert into Worker(employeeID,firstName,lastName,hireDate,salary) values("3782","despoil","Carlton","2011-12-31T16:05:41.000Z","14417");
insert into Worker(employeeID,firstName,lastName,hireDate,salary) values("85535","Kuomintang","coagulant's","2014-04-10T11:17:26.000Z","133");
insert into Volunteer(employeeID) values("1118");
insert into Volunteer(employeeID) values("1796");
insert into Volunteer(employeeID) values("2590");
insert into Volunteer(employeeID) values("3782");
insert into Volunteer(employeeID) values("4333");
insert into Volunteer(employeeID) values("5299");
insert into Volunteer(employeeID) values("5338");
insert into Volunteer(employeeID) values("7290");
insert into Volunteer(employeeID) values("10108");
insert into Volunteer(employeeID) values("10130");
insert into Volunteer(employeeID) values("11716");
insert into Volunteer(employeeID) values("12157");
insert into Volunteer(employeeID) values("16140");
insert into Volunteer(employeeID) values("19921");
insert into Volunteer(employeeID) values("20759");
insert into Volunteer(employeeID) values("27634");
insert into Volunteer(employeeID) values("30119");
insert into Volunteer(employeeID) values("30657");
insert into Volunteer(employeeID) values("33660");
insert into Volunteer(employeeID) values("33852");
insert into Volunteer(employeeID) values("37123");
insert into Volunteer(employeeID) values("37760");
insert into Volunteer(employeeID) values("37843");
insert into Volunteer(employeeID) values("38152");
insert into Volunteer(employeeID) values("40027");
insert into Volunteer(employeeID) values("40517");
insert into Volunteer(employeeID) values("41601");
insert into Volunteer(employeeID) values("41730");
insert into Volunteer(employeeID) values("42520");
insert into Volunteer(employeeID) values("42966");
insert into Volunteer(employeeID) values("43501");
insert into Volunteer(employeeID) values("43825");
insert into Volunteer(employeeID) values("44604");
insert into Volunteer(employeeID) values("47333");
insert into Volunteer(employeeID) values("47619");
insert into Volunteer(employeeID) values("51640");
insert into Volunteer(employeeID) values("53665");
insert into Volunteer(employeeID) values("56009");
insert into Volunteer(employeeID) values("60221");
insert into Volunteer(employeeID) values("63111");
insert into Volunteer(employeeID) values("63883");
insert into Volunteer(employeeID) values("66949");
insert into Volunteer(employeeID) values("67193");
insert into Volunteer(employeeID) values("69575");
insert into Volunteer(employeeID) values("72244");
insert into Volunteer(employeeID) values("72247");
insert into Volunteer(employeeID) values("75157");
insert into Volunteer(employeeID) values("76457");
insert into Volunteer(employeeID) values("77342");
insert into Volunteer(employeeID) values("80533");
insert into Volunteer(employeeID) values("81156");
insert into Volunteer(employeeID) values("82767");
insert into Volunteer(employeeID) values("85535");
insert into Volunteer(employeeID) values("87013");
insert into Volunteer(employeeID) values("88450");
insert into Volunteer(employeeID) values("89500");
insert into Volunteer(employeeID) values("89746");
insert into Volunteer(employeeID) values("91333");
insert into Volunteer(employeeID) values("93402");
insert into Volunteer(employeeID) values("95020");
insert into Volunteer(employeeID) values("97128");
insert into Volunteer(employeeID) values("97170");
insert into Volunteer(employeeID) values("97794");
insert into Volunteer(employeeID) values("98189");
insert into Volunteer(employeeID) values("98700");
insert into Volunteer(employeeID) values("99642");
insert into TreatmentGiver(treatmentGiverID) values("720");
insert into TreatmentGiver(treatmentGiverID) values("1115");
insert into TreatmentGiver(treatmentGiverID) values("1840");
insert into TreatmentGiver(treatmentGiverID) values("2786");
insert into TreatmentGiver(treatmentGiverID) values("4884");
insert into TreatmentGiver(treatmentGiverID) values("5391");
insert into TreatmentGiver(treatmentGiverID) values("6051");
insert into TreatmentGiver(treatmentGiverID) values("6107");
insert into TreatmentGiver(treatmentGiverID) values("7741");
insert into TreatmentGiver(treatmentGiverID) values("8322");
insert into TreatmentGiver(treatmentGiverID) values("8506");
insert into TreatmentGiver(treatmentGiverID) values("8569");
insert into TreatmentGiver(treatmentGiverID) values("8902");
insert into TreatmentGiver(treatmentGiverID) values("9008");
insert into TreatmentGiver(treatmentGiverID) values("9439");
insert into TreatmentGiver(treatmentGiverID) values("10276");
insert into TreatmentGiver(treatmentGiverID) values("10649");
insert into TreatmentGiver(treatmentGiverID) values("10910");
insert into TreatmentGiver(treatmentGiverID) values("12674");
insert into TreatmentGiver(treatmentGiverID) values("12772");
insert into TreatmentGiver(treatmentGiverID) values("12844");
insert into TreatmentGiver(treatmentGiverID) values("13000");
insert into TreatmentGiver(treatmentGiverID) values("16584");
insert into TreatmentGiver(treatmentGiverID) values("17004");
insert into TreatmentGiver(treatmentGiverID) values("20137");
insert into TreatmentGiver(treatmentGiverID) values("23870");
insert into TreatmentGiver(treatmentGiverID) values("24990");
insert into TreatmentGiver(treatmentGiverID) values("26148");
insert into TreatmentGiver(treatmentGiverID) values("27175");
insert into TreatmentGiver(treatmentGiverID) values("27387");
insert into TreatmentGiver(treatmentGiverID) values("29285");
insert into TreatmentGiver(treatmentGiverID) values("29939");
insert into TreatmentGiver(treatmentGiverID) values("30155");
insert into TreatmentGiver(treatmentGiverID) values("31299");
insert into TreatmentGiver(treatmentGiverID) values("31575");
insert into TreatmentGiver(treatmentGiverID) values("31740");
insert into TreatmentGiver(treatmentGiverID) values("32947");
insert into TreatmentGiver(treatmentGiverID) values("33354");
insert into TreatmentGiver(treatmentGiverID) values("34206");
insert into TreatmentGiver(treatmentGiverID) values("34263");
insert into TreatmentGiver(treatmentGiverID) values("34748");
insert into TreatmentGiver(treatmentGiverID) values("34768");
insert into TreatmentGiver(treatmentGiverID) values("35740");
insert into TreatmentGiver(treatmentGiverID) values("37130");
insert into TreatmentGiver(treatmentGiverID) values("38125");
insert into TreatmentGiver(treatmentGiverID) values("38642");
insert into TreatmentGiver(treatmentGiverID) values("38815");
insert into TreatmentGiver(treatmentGiverID) values("39910");
insert into TreatmentGiver(treatmentGiverID) values("40343");
insert into TreatmentGiver(treatmentGiverID) values("41148");
insert into TreatmentGiver(treatmentGiverID) values("42443");
insert into TreatmentGiver(treatmentGiverID) values("44354");
insert into TreatmentGiver(treatmentGiverID) values("44441");
insert into TreatmentGiver(treatmentGiverID) values("45108");
insert into TreatmentGiver(treatmentGiverID) values("45629");
insert into TreatmentGiver(treatmentGiverID) values("49691");
insert into TreatmentGiver(treatmentGiverID) values("50279");
insert into TreatmentGiver(treatmentGiverID) values("50676");
insert into TreatmentGiver(treatmentGiverID) values("51316");
insert into TreatmentGiver(treatmentGiverID) values("51539");
insert into TreatmentGiver(treatmentGiverID) values("51565");
insert into TreatmentGiver(treatmentGiverID) values("51852");
insert into TreatmentGiver(treatmentGiverID) values("52143");
insert into TreatmentGiver(treatmentGiverID) values("56417");
insert into TreatmentGiver(treatmentGiverID) values("56432");
insert into TreatmentGiver(treatmentGiverID) values("56736");
insert into TreatmentGiver(treatmentGiverID) values("58266");
insert into TreatmentGiver(treatmentGiverID) values("59034");
insert into TreatmentGiver(treatmentGiverID) values("60622");
insert into TreatmentGiver(treatmentGiverID) values("60838");
insert into TreatmentGiver(treatmentGiverID) values("60892");
insert into TreatmentGiver(treatmentGiverID) values("66255");
insert into TreatmentGiver(treatmentGiverID) values("67702");
insert into TreatmentGiver(treatmentGiverID) values("69184");
insert into TreatmentGiver(treatmentGiverID) values("69224");
insert into TreatmentGiver(treatmentGiverID) values("69454");
insert into TreatmentGiver(treatmentGiverID) values("71103");
insert into TreatmentGiver(treatmentGiverID) values("72042");
insert into TreatmentGiver(treatmentGiverID) values("73562");
insert into TreatmentGiver(treatmentGiverID) values("77119");
insert into TreatmentGiver(treatmentGiverID) values("77328");
insert into TreatmentGiver(treatmentGiverID) values("78453");
insert into TreatmentGiver(treatmentGiverID) values("80069");
insert into TreatmentGiver(treatmentGiverID) values("80699");
insert into TreatmentGiver(treatmentGiverID) values("82787");
insert into TreatmentGiver(treatmentGiverID) values("83145");
insert into TreatmentGiver(treatmentGiverID) values("83455");
insert into TreatmentGiver(treatmentGiverID) values("85120");
insert into TreatmentGiver(treatmentGiverID) values("87242");
insert into TreatmentGiver(treatmentGiverID) values("88549");
insert into TreatmentGiver(treatmentGiverID) values("89031");
insert into TreatmentGiver(treatmentGiverID) values("94325");
insert into TreatmentGiver(treatmentGiverID) values("96787");
insert into TreatmentGiver(treatmentGiverID) values("97046");
insert into TreatmentGiver(treatmentGiverID) values("97774");
insert into TreatmentGiver(treatmentGiverID) values("98015");
insert into TreatmentGiver(treatmentGiverID) values("98092");
insert into TreatmentGiver(treatmentGiverID) values("98598");
insert into TreatmentGiver(treatmentGiverID) values("99130");
insert into TreatmentGiver(treatmentGiverID) values("99220");
insert into Treatment(treatmentID,name,isMedication) values("373","Dartmoor","1");
insert into Treatment(treatmentID,name,isMedication) values("2830","inquires","0");
insert into Treatment(treatmentID,name,isMedication) values("7000","despoil","1");
insert into Treatment(treatmentID,name,isMedication) values("7629","vivaciously","1");
insert into Treatment(treatmentID,name,isMedication) values("10068","delinquently","1");
insert into Treatment(treatmentID,name,isMedication) values("10881","sorest","0");
insert into Treatment(treatmentID,name,isMedication) values("11468","Maccabeus's","0");
insert into Treatment(treatmentID,name,isMedication) values("12359","Sagittarius","0");
insert into Treatment(treatmentID,name,isMedication) values("13121","privates","1");
insert into Treatment(treatmentID,name,isMedication) values("15281","Epictetus","1");
insert into Treatment(treatmentID,name,isMedication) values("16865","mad's","0");
insert into Treatment(treatmentID,name,isMedication) values("19043","Sagittarius","0");
insert into Treatment(treatmentID,name,isMedication) values("21413","Taurus's","1");
insert into Treatment(treatmentID,name,isMedication) values("21506","Maccabeus's","0");
insert into Treatment(treatmentID,name,isMedication) values("21682","brats","0");
insert into Treatment(treatmentID,name,isMedication) values("21769","triglyceride","0");
insert into Treatment(treatmentID,name,isMedication) values("21977","Roger","0");
insert into Treatment(treatmentID,name,isMedication) values("23603","wallop","0");
insert into Treatment(treatmentID,name,isMedication) values("23829","complying","1");
insert into Treatment(treatmentID,name,isMedication) values("24009","despoil","1");
insert into Treatment(treatmentID,name,isMedication) values("24479","Winnebago's","0");
insert into Treatment(treatmentID,name,isMedication) values("24506","musses","1");
insert into Treatment(treatmentID,name,isMedication) values("24919","Sapporo's","1");
insert into Treatment(treatmentID,name,isMedication) values("26052","beetle","1");
insert into Treatment(treatmentID,name,isMedication) values("27351","Scorpios","0");
insert into Treatment(treatmentID,name,isMedication) values("30019","rechecked","1");
insert into Treatment(treatmentID,name,isMedication) values("30120","rechecked","0");
insert into Treatment(treatmentID,name,isMedication) values("30188","enunciation's","1");
insert into Treatment(treatmentID,name,isMedication) values("31545","restrictions","1");
insert into Treatment(treatmentID,name,isMedication) values("31564","Viola","1");
insert into Treatment(treatmentID,name,isMedication) values("32781","wallop","0");
insert into Treatment(treatmentID,name,isMedication) values("32790","bantam","0");
insert into Treatment(treatmentID,name,isMedication) values("33675","Dartmoor","0");
insert into Treatment(treatmentID,name,isMedication) values("35560","wallop","0");
insert into Treatment(treatmentID,name,isMedication) values("37641","Kuomintang","1");
insert into Treatment(treatmentID,name,isMedication) values("37648","syncs","0");
insert into Treatment(treatmentID,name,isMedication) values("38138","wishful","0");
insert into Treatment(treatmentID,name,isMedication) values("39767","vivaciously","0");
insert into Treatment(treatmentID,name,isMedication) values("39847","Winnebago's","0");
insert into Treatment(treatmentID,name,isMedication) values("39912","Scorpios","1");
insert into Treatment(treatmentID,name,isMedication) values("41113","worsen","1");
insert into Treatment(treatmentID,name,isMedication) values("43760","Genoas","0");
insert into Treatment(treatmentID,name,isMedication) values("43785","Sagittarius","0");
insert into Treatment(treatmentID,name,isMedication) values("46142","pesticide's","1");
insert into Treatment(treatmentID,name,isMedication) values("47909","Epictetus","0");
insert into Treatment(treatmentID,name,isMedication) values("48089","Andes's","1");
insert into Treatment(treatmentID,name,isMedication) values("49382","Foreman's","1");
insert into Treatment(treatmentID,name,isMedication) values("50027","altruist's","0");
insert into Treatment(treatmentID,name,isMedication) values("50238","petiole's","0");
insert into Treatment(treatmentID,name,isMedication) values("50266","Micheal","0");
insert into Treatment(treatmentID,name,isMedication) values("50761","Maccabeus's","0");
insert into Treatment(treatmentID,name,isMedication) values("52797","syncs","0");
insert into Treatment(treatmentID,name,isMedication) values("53719","pesticide's","1");
insert into Treatment(treatmentID,name,isMedication) values("54349","enunciation's","1");
insert into Treatment(treatmentID,name,isMedication) values("55359","azimuth's","0");
insert into Treatment(treatmentID,name,isMedication) values("57108","garbing","1");
insert into Treatment(treatmentID,name,isMedication) values("57613","technical","0");
insert into Treatment(treatmentID,name,isMedication) values("58422","worsen","0");
insert into Treatment(treatmentID,name,isMedication) values("59580","garbing","1");
insert into Treatment(treatmentID,name,isMedication) values("60633","barely","0");
insert into Treatment(treatmentID,name,isMedication) values("64318","Maccabeus's","0");
insert into Treatment(treatmentID,name,isMedication) values("64969","refilling","0");
insert into Treatment(treatmentID,name,isMedication) values("72353","pesticide's","1");
insert into Treatment(treatmentID,name,isMedication) values("72398","Viola","0");
insert into Treatment(treatmentID,name,isMedication) values("72595","harmonica's","0");
insert into Treatment(treatmentID,name,isMedication) values("72882","souvenir's","1");
insert into Treatment(treatmentID,name,isMedication) values("73122","windmills","0");
insert into Treatment(treatmentID,name,isMedication) values("73991","Carlton","1");
insert into Treatment(treatmentID,name,isMedication) values("75619","rebuke's","1");
insert into Treatment(treatmentID,name,isMedication) values("75686","harmlessly","1");
insert into Treatment(treatmentID,name,isMedication) values("76469","azimuth's","1");
insert into Treatment(treatmentID,name,isMedication) values("76929","Medicaids","0");
insert into Treatment(treatmentID,name,isMedication) values("80375","Kuomintang","1");
insert into Treatment(treatmentID,name,isMedication) values("81968","Winnebago's","0");
insert into Treatment(treatmentID,name,isMedication) values("82001","Mfume's","1");
insert into Treatment(treatmentID,name,isMedication) values("82053","harmonica's","1");
insert into Treatment(treatmentID,name,isMedication) values("82509","Moll's","1");
insert into Treatment(treatmentID,name,isMedication) values("83941","musses","1");
insert into Treatment(treatmentID,name,isMedication) values("84034","crowned","0");
insert into Treatment(treatmentID,name,isMedication) values("84168","crowned","0");
insert into Treatment(treatmentID,name,isMedication) values("85518","altruist's","1");
insert into Treatment(treatmentID,name,isMedication) values("85624","staling","0");
insert into Treatment(treatmentID,name,isMedication) values("86097","mad's","1");
insert into Treatment(treatmentID,name,isMedication) values("87972","petiole's","0");
insert into Treatment(treatmentID,name,isMedication) values("89067","harmlessly","0");
insert into Treatment(treatmentID,name,isMedication) values("90546","Sagittarius","0");
insert into Treatment(treatmentID,name,isMedication) values("90806","staling","0");
insert into Treatment(treatmentID,name,isMedication) values("91486","arranger's","0");
insert into Treatment(treatmentID,name,isMedication) values("91666","Aquarius's","1");
insert into Treatment(treatmentID,name,isMedication) values("92619","capitulations","1");
insert into Treatment(treatmentID,name,isMedication) values("94010","fanciful","0");
insert into Treatment(treatmentID,name,isMedication) values("94047","fanciful","1");
insert into Treatment(treatmentID,name,isMedication) values("94464","Mfume's","0");
insert into Treatment(treatmentID,name,isMedication) values("95095","glorified","0");
insert into Treatment(treatmentID,name,isMedication) values("95576","rebuke's","0");
insert into Treatment(treatmentID,name,isMedication) values("95807","triglyceride","1");
insert into Treatment(treatmentID,name,isMedication) values("96357","Kuomintang","0");
insert into Treatment(treatmentID,name,isMedication) values("96465","vales","0");
insert into Treatment(treatmentID,name,isMedication) values("99488","mortician's","1");
insert into Treatment(treatmentID,name,isMedication) values("99920","dashes","0");
insert into Technician(employeeID,treatmentGiverID) values("97170","1840");
insert into Technician(employeeID,treatmentGiverID) values("2647","4884");
insert into Technician(employeeID,treatmentGiverID) values("97794","5391");
insert into Technician(employeeID,treatmentGiverID) values("75157","7741");
insert into Technician(employeeID,treatmentGiverID) values("13864","8506");
insert into Technician(employeeID,treatmentGiverID) values("53665","8569");
insert into Technician(employeeID,treatmentGiverID) values("26980","8902");
insert into Technician(employeeID,treatmentGiverID) values("85535","10276");
insert into Technician(employeeID,treatmentGiverID) values("80533","10649");
insert into Technician(employeeID,treatmentGiverID) values("45141","12674");
insert into Technician(employeeID,treatmentGiverID) values("47333","13000");
insert into Technician(employeeID,treatmentGiverID) values("20759","16584");
insert into Technician(employeeID,treatmentGiverID) values("40027","23870");
insert into Technician(employeeID,treatmentGiverID) values("29696","26148");
insert into Technician(employeeID,treatmentGiverID) values("37123","27175");
insert into Technician(employeeID,treatmentGiverID) values("63883","29939");
insert into Technician(employeeID,treatmentGiverID) values("99642","30155");
insert into Technician(employeeID,treatmentGiverID) values("43825","31299");
insert into Technician(employeeID,treatmentGiverID) values("88450","31740");
insert into Technician(employeeID,treatmentGiverID) values("63111","32947");
insert into Technician(employeeID,treatmentGiverID) values("40203","33354");
insert into Technician(employeeID,treatmentGiverID) values("77360","34748");
insert into Technician(employeeID,treatmentGiverID) values("82767","35740");
insert into Technician(employeeID,treatmentGiverID) values("93402","37130");
insert into Technician(employeeID,treatmentGiverID) values("72247","38642");
insert into Technician(employeeID,treatmentGiverID) values("67193","39910");
insert into Technician(employeeID,treatmentGiverID) values("89500","41148");
insert into Technician(employeeID,treatmentGiverID) values("65812","42443");
insert into Technician(employeeID,treatmentGiverID) values("82745","44441");
insert into Technician(employeeID,treatmentGiverID) values("1796","45108");
insert into Technician(employeeID,treatmentGiverID) values("51640","45629");
insert into Technician(employeeID,treatmentGiverID) values("85386","49691");
insert into Technician(employeeID,treatmentGiverID) values("77999","50676");
insert into Technician(employeeID,treatmentGiverID) values("41930","51316");
insert into Technician(employeeID,treatmentGiverID) values("66949","51565");
insert into Technician(employeeID,treatmentGiverID) values("72244","52143");
insert into Technician(employeeID,treatmentGiverID) values("79631","56432");
insert into Technician(employeeID,treatmentGiverID) values("38377","56736");
insert into Technician(employeeID,treatmentGiverID) values("42588","58266");
insert into Technician(employeeID,treatmentGiverID) values("22744","59034");
insert into Technician(employeeID,treatmentGiverID) values("9417","60838");
insert into Technician(employeeID,treatmentGiverID) values("73994","60892");
insert into Technician(employeeID,treatmentGiverID) values("33660","66255");
insert into Technician(employeeID,treatmentGiverID) values("97128","69184");
insert into Technician(employeeID,treatmentGiverID) values("69575","69454");
insert into Technician(employeeID,treatmentGiverID) values("64468","71103");
insert into Technician(employeeID,treatmentGiverID) values("98189","72042");
insert into Technician(employeeID,treatmentGiverID) values("12157","73562");
insert into Technician(employeeID,treatmentGiverID) values("41730","77119");
insert into Technician(employeeID,treatmentGiverID) values("2351","78453");
insert into Technician(employeeID,treatmentGiverID) values("87013","80069");
insert into Technician(employeeID,treatmentGiverID) values("81156","82787");
insert into Technician(employeeID,treatmentGiverID) values("3782","83145");
insert into Technician(employeeID,treatmentGiverID) values("41601","83455");
insert into Technician(employeeID,treatmentGiverID) values("45648","87242");
insert into Technician(employeeID,treatmentGiverID) values("42520","88549");
insert into Technician(employeeID,treatmentGiverID) values("84191","89031");
insert into Technician(employeeID,treatmentGiverID) values("26322","94325");
insert into Technician(employeeID,treatmentGiverID) values("10108","96787");
insert into Technician(employeeID,treatmentGiverID) values("76457","97774");
insert into Technician(employeeID,treatmentGiverID) values("77342","98092");
insert into Technician(employeeID,treatmentGiverID) values("98700","98598");
insert into Staff(employeeID) values("1118");
insert into Staff(employeeID) values("1796");
insert into Staff(employeeID) values("2351");
insert into Staff(employeeID) values("2647");
insert into Staff(employeeID) values("3782");
insert into Staff(employeeID) values("4258");
insert into Staff(employeeID) values("4333");
insert into Staff(employeeID) values("5299");
insert into Staff(employeeID) values("5338");
insert into Staff(employeeID) values("5595");
insert into Staff(employeeID) values("7290");
insert into Staff(employeeID) values("7409");
insert into Staff(employeeID) values("9417");
insert into Staff(employeeID) values("10108");
insert into Staff(employeeID) values("10130");
insert into Staff(employeeID) values("11224");
insert into Staff(employeeID) values("11716");
insert into Staff(employeeID) values("12157");
insert into Staff(employeeID) values("12714");
insert into Staff(employeeID) values("13864");
insert into Staff(employeeID) values("16140");
insert into Staff(employeeID) values("19011");
insert into Staff(employeeID) values("19921");
insert into Staff(employeeID) values("22744");
insert into Staff(employeeID) values("23662");
insert into Staff(employeeID) values("26322");
insert into Staff(employeeID) values("26980");
insert into Staff(employeeID) values("27634");
insert into Staff(employeeID) values("29696");
insert into Staff(employeeID) values("30119");
insert into Staff(employeeID) values("30657");
insert into Staff(employeeID) values("33660");
insert into Staff(employeeID) values("33852");
insert into Staff(employeeID) values("37123");
insert into Staff(employeeID) values("37760");
insert into Staff(employeeID) values("37843");
insert into Staff(employeeID) values("38152");
insert into Staff(employeeID) values("38377");
insert into Staff(employeeID) values("40027");
insert into Staff(employeeID) values("40203");
insert into Staff(employeeID) values("40517");
insert into Staff(employeeID) values("41601");
insert into Staff(employeeID) values("41730");
insert into Staff(employeeID) values("41930");
insert into Staff(employeeID) values("42520");
insert into Staff(employeeID) values("42588");
insert into Staff(employeeID) values("42966");
insert into Staff(employeeID) values("43501");
insert into Staff(employeeID) values("44604");
insert into Staff(employeeID) values("45141");
insert into Staff(employeeID) values("45648");
insert into Staff(employeeID) values("47333");
insert into Staff(employeeID) values("47619");
insert into Staff(employeeID) values("50880");
insert into Staff(employeeID) values("51640");
insert into Staff(employeeID) values("53665");
insert into Staff(employeeID) values("56009");
insert into Staff(employeeID) values("58450");
insert into Staff(employeeID) values("60221");
insert into Staff(employeeID) values("63111");
insert into Staff(employeeID) values("64468");
insert into Staff(employeeID) values("65812");
insert into Staff(employeeID) values("66949");
insert into Staff(employeeID) values("67193");
insert into Staff(employeeID) values("69575");
insert into Staff(employeeID) values("72244");
insert into Staff(employeeID) values("72247");
insert into Staff(employeeID) values("73994");
insert into Staff(employeeID) values("75157");
insert into Staff(employeeID) values("77342");
insert into Staff(employeeID) values("77360");
insert into Staff(employeeID) values("77999");
insert into Staff(employeeID) values("79631");
insert into Staff(employeeID) values("80533");
insert into Staff(employeeID) values("81156");
insert into Staff(employeeID) values("82745");
insert into Staff(employeeID) values("82767");
insert into Staff(employeeID) values("84191");
insert into Staff(employeeID) values("85386");
insert into Staff(employeeID) values("85535");
insert into Staff(employeeID) values("87013");
insert into Staff(employeeID) values("89500");
insert into Staff(employeeID) values("89746");
insert into Staff(employeeID) values("91333");
insert into Staff(employeeID) values("93402");
insert into Staff(employeeID) values("95020");
insert into Staff(employeeID) values("96744");
insert into Staff(employeeID) values("97128");
insert into Staff(employeeID) values("97170");
insert into Staff(employeeID) values("97794");
insert into Staff(employeeID) values("98189");
insert into Staff(employeeID) values("98700");
insert into Room(roomNumber,employeeID,roomDescription) values("101","20759","Janitor Closet");
insert into Room(roomNumber,employeeID,roomDescription) values("102","5299","Snack Cart");
insert into Room(roomNumber,employeeID,roomDescription) values("103","53665","Janitor Closet");
insert into Room(roomNumber,employeeID,roomDescription) values("104","97170","Gift Shop");
insert into Room(roomNumber,employeeID,roomDescription) values("105","45648","Gift Shop");
insert into Room(roomNumber,employeeID,roomDescription) values("106","95020","Reading Cart");
insert into Room(roomNumber,employeeID,roomDescription) values("107","16140","Info Desk");
insert into Room(roomNumber,employeeID,roomDescription) values("108","79631","Reading Cart");
insert into Room(roomNumber,employeeID,roomDescription) values("109","10130","Cafeteria");
insert into Room(roomNumber,employeeID,roomDescription) values("110","65812","Info Desk");
insert into Room(roomNumber,employeeID,roomDescription) values("111","76457","Gift Shop");
insert into Room(roomNumber,employeeID,roomDescription) values("112","91333","Reading Cart");
insert into Room(roomNumber,employeeID,roomDescription) values("113","42520","Cafeteria");
insert into Room(roomNumber,employeeID,roomDescription) values("114","20759","Snack Cart");
insert into Room(roomNumber,employeeID,roomDescription) values("115","3782","Cafeteria");
insert into Room(roomNumber,employeeID,roomDescription) values("116","47619","Snack Cart");
insert into Room(roomNumber,employeeID,roomDescription) values("117","97794","Snack Cart");
insert into Room(roomNumber,employeeID,roomDescription) values("118","19011","Info Desk");
insert into Room(roomNumber,employeeID,roomDescription) values("119","56009","Janitor Closet");
insert into Room(roomNumber,employeeID,roomDescription) values("120","96744","Gift Shop");
insert into Room(roomNumber,employeeID,roomDescription) values("121","38152","Gift Shop");
insert into Room(roomNumber,employeeID,roomDescription) values("122","99642","Info Desk");
insert into Room(roomNumber,employeeID,roomDescription) values("123","66949","Reading Cart");
insert into Room(roomNumber,employeeID,roomDescription) values("124","43501","Snack Cart");
insert into Room(roomNumber,employeeID,roomDescription) values("125","69575","Reading Cart");
insert into Room(roomNumber,employeeID,roomDescription) values("126","42966","Snack Cart");
insert into Room(roomNumber,employeeID,roomDescription) values("127","97170","Cafeteria");
insert into Room(roomNumber,employeeID,roomDescription) values("128","85386","Cafeteria");
insert into Room(roomNumber,employeeID,roomDescription) values("129","27634","Cafeteria");
insert into Room(roomNumber,employeeID,roomDescription) values("130","77999","Snack Cart");
insert into Room(roomNumber,employeeID,roomDescription) values("131","30119","Snack Cart");
insert into Room(roomNumber,employeeID,roomDescription) values("132","29696","Reading Cart");
insert into Room(roomNumber,employeeID,roomDescription) values("133","98189","Snack Cart");
insert into Room(roomNumber,employeeID,roomDescription) values("134","89746","Gift Shop");
insert into Room(roomNumber,employeeID,roomDescription) values("135","20759","Reading Cart");
insert into Room(roomNumber,employeeID,roomDescription) values("137","69575","Gift Shop");
insert into Room(roomNumber,employeeID,roomDescription) values("138","33852","Gift Shop");
insert into Room(roomNumber,employeeID,roomDescription) values("139","81156","Cafeteria");
insert into Room(roomNumber,employeeID,roomDescription) values("140","77999","Gift Shop");
insert into Room(roomNumber,employeeID,roomDescription) values("141","40027","Info Desk");
insert into Room(roomNumber,employeeID,roomDescription) values("142","63111","Janitor Closet");
insert into Room(roomNumber,employeeID,roomDescription) values("143","33660","Snack Cart");
insert into Room(roomNumber,employeeID,roomDescription) values("144","72244","Gift Shop");
insert into Room(roomNumber,employeeID,roomDescription) values("145","84191","Snack Cart");
insert into Room(roomNumber,employeeID,roomDescription) values("146","89500","Janitor Closet");
insert into Room(roomNumber,employeeID,roomDescription) values("147","88450","Gift Shop");
insert into Room(roomNumber,employeeID,roomDescription) values("148","4333","Cafeteria");
insert into Room(roomNumber,employeeID,roomDescription) values("149","9417","Snack Cart");
insert into WorksIn(employeeID,roomNumber) values("89746","101");
insert into WorksIn(employeeID,roomNumber) values("10108","102");
insert into WorksIn(employeeID,roomNumber) values("77342","103");
insert into WorksIn(employeeID,roomNumber) values("82767","104");
insert into WorksIn(employeeID,roomNumber) values("38377","105");
insert into WorksIn(employeeID,roomNumber) values("7409","106");
insert into WorksIn(employeeID,roomNumber) values("77999","107");
insert into WorksIn(employeeID,roomNumber) values("97794","109");
insert into WorksIn(employeeID,roomNumber) values("85535","110");
insert into WorksIn(employeeID,roomNumber) values("40517","111");
insert into WorksIn(employeeID,roomNumber) values("1796","112");
insert into WorksIn(employeeID,roomNumber) values("33660","113");
insert into WorksIn(employeeID,roomNumber) values("63111","114");
insert into WorksIn(employeeID,roomNumber) values("85386","115");
insert into WorksIn(employeeID,roomNumber) values("75157","116");
insert into WorksIn(employeeID,roomNumber) values("60221","118");
insert into WorksIn(employeeID,roomNumber) values("51640","119");
insert into WorksIn(employeeID,roomNumber) values("65812","121");
insert into WorksIn(employeeID,roomNumber) values("96744","122");
insert into WorksIn(employeeID,roomNumber) values("72247","123");
insert into WorksIn(employeeID,roomNumber) values("26980","124");
insert into WorksIn(employeeID,roomNumber) values("67193","125");
insert into WorksIn(employeeID,roomNumber) values("42966","126");
insert into WorksIn(employeeID,roomNumber) values("91333","127");
insert into WorksIn(employeeID,roomNumber) values("53665","128");
insert into WorksIn(employeeID,roomNumber) values("80533","130");
insert into WorksIn(employeeID,roomNumber) values("50880","132");
insert into WorksIn(employeeID,roomNumber) values("93402","133");
insert into WorksIn(employeeID,roomNumber) values("4333","135");
insert into WorksIn(employeeID,roomNumber) values("37843","137");
insert into WorksIn(employeeID,roomNumber) values("98700","138");
insert into WorksIn(employeeID,roomNumber) values("30119","139");
insert into WorksIn(employeeID,roomNumber) values("97170","140");
insert into WorksIn(employeeID,roomNumber) values("38152","142");
insert into WorksIn(employeeID,roomNumber) values("98189","143");
insert into WorksIn(employeeID,roomNumber) values("87013","144");
insert into WorksIn(employeeID,roomNumber) values("77360","145");
insert into WorksIn(employeeID,roomNumber) values("44604","146");
insert into WorksIn(employeeID,roomNumber) values("84191","147");
insert into WorksIn(employeeID,roomNumber) values("11716","148");
insert into WorksIn(employeeID,roomNumber) values("37760","149");
insert into VolunteersIn(employeeID,roomNumber,dayOfWeek) values("66949","101","Friday");
insert into VolunteersIn(employeeID,roomNumber,dayOfWeek) values("81156","103","Monday");
insert into VolunteersIn(employeeID,roomNumber,dayOfWeek) values("69575","104","Wednesday");
insert into VolunteersIn(employeeID,roomNumber,dayOfWeek) values("93402","105","Saturday");
insert into VolunteersIn(employeeID,roomNumber,dayOfWeek) values("72244","107","Tuesday");
insert into VolunteersIn(employeeID,roomNumber,dayOfWeek) values("10130","108","Thursday");
insert into VolunteersIn(employeeID,roomNumber,dayOfWeek) values("77342","109","Friday");
insert into VolunteersIn(employeeID,roomNumber,dayOfWeek) values("75157","110","Tuesday");
insert into VolunteersIn(employeeID,roomNumber,dayOfWeek) values("43501","111","Monday");
insert into VolunteersIn(employeeID,roomNumber,dayOfWeek) values("51640","112","Thursday");
insert into VolunteersIn(employeeID,roomNumber,dayOfWeek) values("82767","113","Wednesday");
insert into VolunteersIn(employeeID,roomNumber,dayOfWeek) values("10108","114","Wednesday");
insert into VolunteersIn(employeeID,roomNumber,dayOfWeek) values("88450","117","Wednesday");
insert into VolunteersIn(employeeID,roomNumber,dayOfWeek) values("67193","118","Monday");
insert into VolunteersIn(employeeID,roomNumber,dayOfWeek) values("5299","119","Friday");
insert into VolunteersIn(employeeID,roomNumber,dayOfWeek) values("85535","122","Monday");
insert into VolunteersIn(employeeID,roomNumber,dayOfWeek) values("89746","123","Saturday");
insert into VolunteersIn(employeeID,roomNumber,dayOfWeek) values("95020","124","Saturday");
insert into VolunteersIn(employeeID,roomNumber,dayOfWeek) values("91333","126","Saturday");
insert into VolunteersIn(employeeID,roomNumber,dayOfWeek) values("40027","127","Sunday");
insert into VolunteersIn(employeeID,roomNumber,dayOfWeek) values("76457","132","Wednesday");
insert into VolunteersIn(employeeID,roomNumber,dayOfWeek) values("53665","133","Friday");
insert into VolunteersIn(employeeID,roomNumber,dayOfWeek) values("98189","134","Sunday");
insert into VolunteersIn(employeeID,roomNumber,dayOfWeek) values("47619","137","Monday");
insert into VolunteersIn(employeeID,roomNumber,dayOfWeek) values("97128","138","Monday");
insert into VolunteersIn(employeeID,roomNumber,dayOfWeek) values("98700","139","Wednesday");
insert into VolunteersIn(employeeID,roomNumber,dayOfWeek) values("47333","140","Saturday");
insert into VolunteersIn(employeeID,roomNumber,dayOfWeek) values("33660","141","Monday");
insert into VolunteersIn(employeeID,roomNumber,dayOfWeek) values("97170","142","Monday");
insert into VolunteersIn(employeeID,roomNumber,dayOfWeek) values("56009","144","Monday");
insert into VolunteersIn(employeeID,roomNumber,dayOfWeek) values("97794","145","Wednesday");
insert into VolunteersIn(employeeID,roomNumber,dayOfWeek) values("43825","146","Monday");
insert into VolunteersIn(employeeID,roomNumber,dayOfWeek) values("42966","147","Monday");
insert into VolunteersIn(employeeID,roomNumber,dayOfWeek) values("89500","148","Saturday");
insert into Patient(patientID,firstName,lastName,insurancePolicy,emergencyContact) values("8130","capitulations","crayoning","24994","pesticide's");
insert into Patient(patientID,firstName,lastName,insurancePolicy,emergencyContact) values("47947","Maccabeus's","Viola","11373","privates");
insert into Patient(patientID,firstName,lastName,insurancePolicy,emergencyContact) values("36313","pesticide's","brats","63174","worsen");
insert into Patient(patientID,firstName,lastName,insurancePolicy,emergencyContact) values("40274","Foreman's","muscularity's","58552","Micheal");
insert into Patient(patientID,firstName,lastName,insurancePolicy,emergencyContact) values("23847","fanciful","misgivings","57424","Milan");
insert into Patient(patientID,firstName,lastName,insurancePolicy,emergencyContact) values("6829","Biscayne","cramp's","1593","whorl");
insert into Patient(patientID,firstName,lastName,insurancePolicy,emergencyContact) values("82224","Epictetus","crowned","21051","Carlton");
insert into Patient(patientID,firstName,lastName,insurancePolicy,emergencyContact) values("53912","Fresnel's","arranger's","58491","Dartmoor");
insert into Patient(patientID,firstName,lastName,insurancePolicy,emergencyContact) values("480","financing's","bantam","7542","Mfume's");
insert into Patient(patientID,firstName,lastName,insurancePolicy,emergencyContact) values("65237","unwariness's","Hallmark","58429","enunciation's");
insert into Patient(patientID,firstName,lastName,insurancePolicy,emergencyContact) values("1481","rechecked","Roger","12909","Roger");
insert into Patient(patientID,firstName,lastName,insurancePolicy,emergencyContact) values("17593","Viola","misgivings","83884","souvenir's");
insert into Patient(patientID,firstName,lastName,insurancePolicy,emergencyContact) values("83414","worsen","souvenir's","53626","Taurus's");
insert into Patient(patientID,firstName,lastName,insurancePolicy,emergencyContact) values("42872","cramp's","Fresnel's","57454","barely");
insert into Patient(patientID,firstName,lastName,insurancePolicy,emergencyContact) values("63210","worsen","glorified","46524","wallop");
insert into Patient(patientID,firstName,lastName,insurancePolicy,emergencyContact) values("91690","dashes","Fresnel's","43531","restrictions");
insert into Patient(patientID,firstName,lastName,insurancePolicy,emergencyContact) values("10000","devolves","Epictetus","56339","technical");
insert into Patient(patientID,firstName,lastName,insurancePolicy,emergencyContact) values("47952","musses","libretto","47503","petiole's");
insert into Patient(patientID,firstName,lastName,insurancePolicy,emergencyContact) values("8674","Maccabeus's","Fresnel's","52636","fanciful");
insert into Patient(patientID,firstName,lastName,insurancePolicy,emergencyContact) values("56851","anthem","wishful","63147","anthem");
insert into Patient(patientID,firstName,lastName,insurancePolicy,emergencyContact) values("86436","misgivings","Maccabeus's","81479","beetle");
insert into Patient(patientID,firstName,lastName,insurancePolicy,emergencyContact) values("78999","bimbo","Medicaids","18731","sorest");
insert into Patient(patientID,firstName,lastName,insurancePolicy,emergencyContact) values("59372","Fresnel's","delphinium","7192","mortician's");
insert into Patient(patientID,firstName,lastName,insurancePolicy,emergencyContact) values("72443","garbing","Fresnel's","77815","list's");
insert into Patient(patientID,firstName,lastName,insurancePolicy,emergencyContact) values("90746","azimuth's","Redford","64155","despoil");
insert into Patient(patientID,firstName,lastName,insurancePolicy,emergencyContact) values("19098","devolves","Redford","2059","Scorpios");
insert into Patient(patientID,firstName,lastName,insurancePolicy,emergencyContact) values("92623","technical","mediocrity","35544","choppers");
insert into Patient(patientID,firstName,lastName,insurancePolicy,emergencyContact) values("92674","list's","acoustics's","31553","azimuth's");
insert into Patient(patientID,firstName,lastName,insurancePolicy,emergencyContact) values("53014","Roger","vales","33765","lassie's");
insert into Patient(patientID,firstName,lastName,insurancePolicy,emergencyContact) values("81284","sorest","Dartmoor","40881","Scorpios");
insert into Patient(patientID,firstName,lastName,insurancePolicy,emergencyContact) values("39929","harmonica's","cramp's","63466","list's");
insert into Patient(patientID,firstName,lastName,insurancePolicy,emergencyContact) values("75243","beetle","thaws","76855","complying");
insert into Patient(patientID,firstName,lastName,insurancePolicy,emergencyContact) values("73946","cramp's","sprat","1172","Moll's");
insert into Patient(patientID,firstName,lastName,insurancePolicy,emergencyContact) values("41794","bimbo","pesticide's","15390","Hallmark");
insert into Patient(patientID,firstName,lastName,insurancePolicy,emergencyContact) values("44579","coagulant's","rebuke's","50274","petiole's");
insert into Patient(patientID,firstName,lastName,insurancePolicy,emergencyContact) values("44068","mad's","beetle","14195","mortician's");
insert into Patient(patientID,firstName,lastName,insurancePolicy,emergencyContact) values("61512","Biscayne","enunciation's","28448","Carlton");
insert into Patient(patientID,firstName,lastName,insurancePolicy,emergencyContact) values("49184","despoil","Andes's","49271","Aquarius's");
insert into Patient(patientID,firstName,lastName,insurancePolicy,emergencyContact) values("38511","glorified","Viola","61455","delinquently");
insert into Patient(patientID,firstName,lastName,insurancePolicy,emergencyContact) values("27036","delphinium","capitulations","65308","thaws");
insert into Patient(patientID,firstName,lastName,insurancePolicy,emergencyContact) values("18216","frigidity","harmlessly","46988","worsen");
insert into Patient(patientID,firstName,lastName,insurancePolicy,emergencyContact) values("49697","inquires","Maccabeus's","94058","inquires");
insert into Patient(patientID,firstName,lastName,insurancePolicy,emergencyContact) values("50073","cramp's","lassie's","3059","Moll's");
insert into Patient(patientID,firstName,lastName,insurancePolicy,emergencyContact) values("61494","worsen","rebuke's","46543","Sagittarius");
insert into Patient(patientID,firstName,lastName,insurancePolicy,emergencyContact) values("25198","windmills","Maccabeus's","74358","feudalism");
insert into Patient(patientID,firstName,lastName,insurancePolicy,emergencyContact) values("51387","thaws","inquires","90442","knockers");
insert into Patient(patientID,firstName,lastName,insurancePolicy,emergencyContact) values("39955","atlas","syncs","77969","refilling");
insert into Patient(patientID,firstName,lastName,insurancePolicy,emergencyContact) values("45604","Foreman's","inquires","84289","Milan");
insert into Patient(patientID,firstName,lastName,insurancePolicy,emergencyContact) values("63099","complying","delphinium","78506","crayoning");
insert into Patient(patientID,firstName,lastName,insurancePolicy,emergencyContact) values("89644","refilling","mediocrity","67515","knockers");
insert into Patient(patientID,firstName,lastName,insurancePolicy,emergencyContact) values("1515","triglyceride","bimbo","35981","Micheal");
insert into Patient(patientID,firstName,lastName,insurancePolicy,emergencyContact) values("97811","pesticide's","arranger's","38744","sprat");
insert into Patient(patientID,firstName,lastName,insurancePolicy,emergencyContact) values("92356","Milan","capitulations","14043","delphinium");
insert into Patient(patientID,firstName,lastName,insurancePolicy,emergencyContact) values("60911","frigidity","wrought","49743","bantam");
insert into Patient(patientID,firstName,lastName,insurancePolicy,emergencyContact) values("60687","harmonica's","whorl","31269","Taurus's");
insert into Patient(patientID,firstName,lastName,insurancePolicy,emergencyContact) values("80704","enunciation's","Viola","2219","arranger's");
insert into Patient(patientID,firstName,lastName,insurancePolicy,emergencyContact) values("274","harmonica's","atlas","93813","Hallmark");
insert into Patient(patientID,firstName,lastName,insurancePolicy,emergencyContact) values("42622","polynomials","debasement's","62366","sovereign's");
insert into Patient(patientID,firstName,lastName,insurancePolicy,emergencyContact) values("87841","choppers","mortician's","47755","Dartmoor");
insert into Patient(patientID,firstName,lastName,insurancePolicy,emergencyContact) values("89498","Sagittarius","ruffles","63305","knockers");
insert into Patient(patientID,firstName,lastName,insurancePolicy,emergencyContact) values("95698","staling","windmills","82688","Redford");
insert into Patient(patientID,firstName,lastName,insurancePolicy,emergencyContact) values("74270","sovereign's","Kuomintang","96573","Aquarius's");
insert into Patient(patientID,firstName,lastName,insurancePolicy,emergencyContact) values("70192","Sapporo's","atlas","91874","Ca's");
insert into Patient(patientID,firstName,lastName,insurancePolicy,emergencyContact) values("85432","Redford","capitulations","11791","privates");
insert into Patient(patientID,firstName,lastName,insurancePolicy,emergencyContact) values("28943","Andes's","beetle","52794","Hallmark");
insert into Patient(patientID,firstName,lastName,insurancePolicy,emergencyContact) values("1415","Fresnel's","technical","39978","Winnebago's");
insert into Patient(patientID,firstName,lastName,insurancePolicy,emergencyContact) values("52137","glorified","Sapporo's","23014","crayoning");
insert into Patient(patientID,firstName,lastName,insurancePolicy,emergencyContact) values("54468","runarounds","Aquarius's","81918","delinquently");
insert into Patient(patientID,firstName,lastName,insurancePolicy,emergencyContact) values("93006","arranger's","Andes's","48727","souvenir's");
insert into Patient(patientID,firstName,lastName,insurancePolicy,emergencyContact) values("50801","crayoning","wallop","84828","debasement's");
insert into Patient(patientID,firstName,lastName,insurancePolicy,emergencyContact) values("13470","privates","souvenir's","98636","Epictetus");
insert into Patient(patientID,firstName,lastName,insurancePolicy,emergencyContact) values("64038","Milan","delinquently","76606","wishful");
insert into Patient(patientID,firstName,lastName,insurancePolicy,emergencyContact) values("67869","Maccabeus's","dashes","39095","vales");
insert into Patient(patientID,firstName,lastName,insurancePolicy,emergencyContact) values("4534","wishful","Micheal","80554","sprat");
insert into Patient(patientID,firstName,lastName,insurancePolicy,emergencyContact) values("38899","Mfume's","delinquently","19851","feudalism");
insert into Patient(patientID,firstName,lastName,insurancePolicy,emergencyContact) values("49544","pesticide's","enunciation's","41381","financing's");
insert into Patient(patientID,firstName,lastName,insurancePolicy,emergencyContact) values("23576","enunciation's","restrictions","9807","cramp's");
insert into Patient(patientID,firstName,lastName,insurancePolicy,emergencyContact) values("58347","Moll's","souvenir's","67115","syncs");
insert into Patient(patientID,firstName,lastName,insurancePolicy,emergencyContact) values("53125","Epictetus","harmlessly","58441","atlas");
insert into Patient(patientID,firstName,lastName,insurancePolicy,emergencyContact) values("56237","Taurus's","altruist's","70578","refilling");
insert into Patient(patientID,firstName,lastName,insurancePolicy,emergencyContact) values("43740","libretto","vales","7134","mad's");
insert into Patient(patientID,firstName,lastName,insurancePolicy,emergencyContact) values("13323","sovereign's","settee","47847","Genoas");
insert into Patient(patientID,firstName,lastName,insurancePolicy,emergencyContact) values("9689","rechecked","inquires","67360","beetle");
insert into Patient(patientID,firstName,lastName,insurancePolicy,emergencyContact) values("45365","Mfume's","staling","70996","arranger's");
insert into Patient(patientID,firstName,lastName,insurancePolicy,emergencyContact) values("75260","unwariness's","Medicaids","44896","harmonica's");
insert into Patient(patientID,firstName,lastName,insurancePolicy,emergencyContact) values("78198","coagulant's","despoil","41327","Foreman's");
insert into Patient(patientID,firstName,lastName,insurancePolicy,emergencyContact) values("33929","Carlton","Micheal","40188","financing's");
insert into Patient(patientID,firstName,lastName,insurancePolicy,emergencyContact) values("12041","delinquently","Deon's","24593","refilling");
insert into Patient(patientID,firstName,lastName,insurancePolicy,emergencyContact) values("31654","debasement's","sprat","3234","garbing");
insert into Patient(patientID,firstName,lastName,insurancePolicy,emergencyContact) values("48237","staling","bantam","94154","Ca's");
insert into Patient(patientID,firstName,lastName,insurancePolicy,emergencyContact) values("79119","ruffles","complying","86453","misgivings");
insert into Patient(patientID,firstName,lastName,insurancePolicy,emergencyContact) values("47037","misgivings","Aquarius's","72431","Moll's");
insert into Patient(patientID,firstName,lastName,insurancePolicy,emergencyContact) values("86621","delinquently","atlas","36901","refilling");
insert into Patient(patientID,firstName,lastName,insurancePolicy,emergencyContact) values("20470","Taurus's","acoustics's","50346","petiole's");
insert into Patient(patientID,firstName,lastName,insurancePolicy,emergencyContact) values("59546","inquires","dashes","68981","azimuth's");
insert into Patient(patientID,firstName,lastName,insurancePolicy,emergencyContact) values("47047","enunciation's","financing's","57777","mortician's");
insert into Patient(patientID,firstName,lastName,insurancePolicy,emergencyContact) values("50537","atlas","cramp's","68386","Moll's");
insert into Patient(patientID,firstName,lastName,insurancePolicy,emergencyContact) values("73261","technical","staling","46417","mediocrity");
insert into Patient(patientID,firstName,lastName,insurancePolicy,emergencyContact) values("96879","windmills","Aquarius's","4757","Carlton");
insert into Patient(patientID,firstName,lastName,insurancePolicy,emergencyContact) values("98005","coagulant's","complying","98728","garbing");
insert into Patient(patientID,firstName,lastName,insurancePolicy,emergencyContact) values("23294","lassie's","crowned","80525","thaws");
insert into Patient(patientID,firstName,lastName,insurancePolicy,emergencyContact) values("98759","Medicaids","Andes's","16684","choppers");
insert into Patient(patientID,firstName,lastName,insurancePolicy,emergencyContact) values("31402","Genoas","misgivings","59143","wallop");
insert into Patient(patientID,firstName,lastName,insurancePolicy,emergencyContact) values("37679","polynomials","delinquently","30349","Hallmark");
insert into Patient(patientID,firstName,lastName,insurancePolicy,emergencyContact) values("72792","Deon's","coagulant's","67267","glorified");
insert into Patient(patientID,firstName,lastName,insurancePolicy,emergencyContact) values("37091","vales","atlas","98122","Carlton");
insert into Patient(patientID,firstName,lastName,insurancePolicy,emergencyContact) values("67417","Winnebago's","Dartmoor","72789","beetle");
insert into Patient(patientID,firstName,lastName,insurancePolicy,emergencyContact) values("43566","harmonica's","crowned","48974","crayoning");
insert into Patient(patientID,firstName,lastName,insurancePolicy,emergencyContact) values("81414","wishful","ruffles","43326","muscularity's");
insert into Patient(patientID,firstName,lastName,insurancePolicy,emergencyContact) values("53403","Epictetus","Genoas","43119","despoil");
insert into Patient(patientID,firstName,lastName,insurancePolicy,emergencyContact) values("38482","Deon's","vales","25189","thaws");
insert into Patient(patientID,firstName,lastName,insurancePolicy,emergencyContact) values("83060","delphinium","Foreman's","70384","windmills");
insert into Patient(patientID,firstName,lastName,insurancePolicy,emergencyContact) values("99502","fanciful","Scorpios","97404","wallop");
insert into Patient(patientID,firstName,lastName,insurancePolicy,emergencyContact) values("54376","despoil","inquires","56427","Taurus's");
insert into Patient(patientID,firstName,lastName,insurancePolicy,emergencyContact) values("21831","Kuomintang","Winnebago's","65977","complying");
insert into Patient(patientID,firstName,lastName,insurancePolicy,emergencyContact) values("55673","cramp's","Winnebago's","90867","crayoning");
insert into Patient(patientID,firstName,lastName,insurancePolicy,emergencyContact) values("15555","anthem","Andes's","84833","vivaciously");
insert into Patient(patientID,firstName,lastName,insurancePolicy,emergencyContact) values("73806","Biscayne","Fresnel's","10337","dashes");
insert into Patient(patientID,firstName,lastName,insurancePolicy,emergencyContact) values("89614","knockers","Carlton","70729","azimuth's");
insert into Patient(patientID,firstName,lastName,insurancePolicy,emergencyContact) values("50970","Carlton","beetle","96824","settee");
insert into Patient(patientID,firstName,lastName,insurancePolicy,emergencyContact) values("45530","worsen","bimbo","38594","financing's");
insert into Patient(patientID,firstName,lastName,insurancePolicy,emergencyContact) values("26476","Sagittarius","thaws","59261","technical");
insert into Patient(patientID,firstName,lastName,insurancePolicy,emergencyContact) values("95961","musses","debasement's","97749","choppers");
insert into Patient(patientID,firstName,lastName,insurancePolicy,emergencyContact) values("55698","sorest","devolves","39354","barely");
insert into Patient(patientID,firstName,lastName,insurancePolicy,emergencyContact) values("4146","petiole's","libretto","96752","wishful");
insert into Patient(patientID,firstName,lastName,insurancePolicy,emergencyContact) values("54441","beetle","wishful","88793","worsen");
insert into Patient(patientID,firstName,lastName,insurancePolicy,emergencyContact) values("57086","acoustics's","Carlton","92741","settee");
insert into Patient(patientID,firstName,lastName,insurancePolicy,emergencyContact) values("69505","worsen","syncs","5706","Moll's");
insert into Patient(patientID,firstName,lastName,insurancePolicy,emergencyContact) values("84128","triglyceride","refilling","57617","delphinium");
insert into Patient(patientID,firstName,lastName,insurancePolicy,emergencyContact) values("16300","unwariness's","Micheal","41404","privates");
insert into Patient(patientID,firstName,lastName,insurancePolicy,emergencyContact) values("16151","list's","musses","57399","financing's");
insert into Patient(patientID,firstName,lastName,insurancePolicy,emergencyContact) values("11678","Ca's","ruffles","83287","dashes");
insert into Patient(patientID,firstName,lastName,insurancePolicy,emergencyContact) values("26144","Dartmoor","Redford","88917","Deon's");
insert into Patient(patientID,firstName,lastName,insurancePolicy,emergencyContact) values("4000","sprat","Moll's","45703","unwariness's");
insert into Patient(patientID,firstName,lastName,insurancePolicy,emergencyContact) values("16479","Maccabeus's","Medicaids","776","souvenir's");
insert into Patient(patientID,firstName,lastName,insurancePolicy,emergencyContact) values("59446","misgivings","debasement's","83698","muscularity's");
insert into Patient(patientID,firstName,lastName,insurancePolicy,emergencyContact) values("11381","technical","anthem","82785","list's");
insert into Patient(patientID,firstName,lastName,insurancePolicy,emergencyContact) values("50682","ruffles","thaws","27291","Viola");
insert into Patient(patientID,firstName,lastName,insurancePolicy,emergencyContact) values("27218","crayoning","Sapporo's","39292","Epictetus");
insert into Patient(patientID,firstName,lastName,insurancePolicy,emergencyContact) values("42466","barely","Taurus's","69569","cramp's");
insert into Patient(patientID,firstName,lastName,insurancePolicy,emergencyContact) values("37869","rechecked","unwariness's","80107","Scorpios");
insert into Patient(patientID,firstName,lastName,insurancePolicy,emergencyContact) values("48699","wishful","Maccabeus's","70135","Fresnel's");
insert into Patient(patientID,firstName,lastName,insurancePolicy,emergencyContact) values("41977","thaws","rechecked","22334","Carlton");
insert into Patient(patientID,firstName,lastName,insurancePolicy,emergencyContact) values("70093","cramp's","Sapporo's","86724","list's");
insert into Patient(patientID,firstName,lastName,insurancePolicy,emergencyContact) values("29760","choppers","Ca's","96429","rechecked");
insert into Patient(patientID,firstName,lastName,insurancePolicy,emergencyContact) values("75888","choppers","Sagittarius","4835","fanciful");
insert into Patient(patientID,firstName,lastName,insurancePolicy,emergencyContact) values("79806","bantam","devolves","95541","vales");
insert into Patient(patientID,firstName,lastName,insurancePolicy,emergencyContact) values("56442","dashes","mad's","82760","Biscayne");
insert into Patient(patientID,firstName,lastName,insurancePolicy,emergencyContact) values("24441","financing's","acoustics's","42513","enunciation's");
insert into Patient(patientID,firstName,lastName,insurancePolicy,emergencyContact) values("49714","mediocrity","petiole's","5467","worsen");
insert into Patient(patientID,firstName,lastName,insurancePolicy,emergencyContact) values("97222","Redford","anthem","29291","musses");
insert into Patient(patientID,firstName,lastName,insurancePolicy,emergencyContact) values("2250","list's","restrictions","54960","inquires");
insert into Patient(patientID,firstName,lastName,insurancePolicy,emergencyContact) values("95965","Micheal","sovereign's","49628","knockers");
insert into Patient(patientID,firstName,lastName,insurancePolicy,emergencyContact) values("87610","wishful","sorest","8856","despoil");
insert into Patient(patientID,firstName,lastName,insurancePolicy,emergencyContact) values("40772","wallop","libretto","5768","Moll's");
insert into Patient(patientID,firstName,lastName,insurancePolicy,emergencyContact) values("66316","Viola","cramp's","12940","mediocrity");
insert into Patient(patientID,firstName,lastName,insurancePolicy,emergencyContact) values("38737","harmonica's","sprat","38858","Dartmoor");
insert into Patient(patientID,firstName,lastName,insurancePolicy,emergencyContact) values("83468","choppers","atlas","8303","barely");
insert into Patient(patientID,firstName,lastName,insurancePolicy,emergencyContact) values("98164","Moll's","triglyceride","68198","privates");
insert into Patient(patientID,firstName,lastName,insurancePolicy,emergencyContact) values("72517","altruist's","choppers","79393","muscularity's");
insert into Patient(patientID,firstName,lastName,insurancePolicy,emergencyContact) values("72037","Dartmoor","coagulant's","16261","glorified");
insert into Patient(patientID,firstName,lastName,insurancePolicy,emergencyContact) values("12078","capitulations","whorl","99888","harmlessly");
insert into Patient(patientID,firstName,lastName,insurancePolicy,emergencyContact) values("9531","Winnebago's","beetle","7290","Deon's");
insert into Patient(patientID,firstName,lastName,insurancePolicy,emergencyContact) values("74288","despoil","bimbo","3533","refilling");
insert into Patient(patientID,firstName,lastName,insurancePolicy,emergencyContact) values("16925","unwariness's","runarounds","90704","thaws");
insert into Patient(patientID,firstName,lastName,insurancePolicy,emergencyContact) values("84809","triglyceride","rebuke's","36694","atlas");
insert into Patient(patientID,firstName,lastName,insurancePolicy,emergencyContact) values("88588","Roger","choppers","68343","technical");
insert into Patient(patientID,firstName,lastName,insurancePolicy,emergencyContact) values("3275","arranger's","garbing","39292","Maccabeus's");
insert into Patient(patientID,firstName,lastName,insurancePolicy,emergencyContact) values("35640","rechecked","choppers","55771","Andes's");
insert into Patient(patientID,firstName,lastName,insurancePolicy,emergencyContact) values("96426","wallop","complying","33193","delinquently");
insert into Patient(patientID,firstName,lastName,insurancePolicy,emergencyContact) values("6839","Winnebago's","bimbo","3888","unwariness's");
insert into Patient(patientID,firstName,lastName,insurancePolicy,emergencyContact) values("36858","cramp's","restrictions","27530","misgivings");
insert into Patient(patientID,firstName,lastName,insurancePolicy,emergencyContact) values("56697","Milan","coagulant's","68613","Taurus's");
insert into Patient(patientID,firstName,lastName,insurancePolicy,emergencyContact) values("71845","Aquarius's","Maccabeus's","91579","wrought");
insert into Patient(patientID,firstName,lastName,insurancePolicy,emergencyContact) values("45079","Foreman's","Dartmoor","12868","wishful");
insert into Patient(patientID,firstName,lastName,insurancePolicy,emergencyContact) values("75718","dashes","Aquarius's","27723","choppers");
insert into Patient(patientID,firstName,lastName,insurancePolicy,emergencyContact) values("81359","misgivings","anthem","22770","choppers");
insert into Patient(patientID,firstName,lastName,insurancePolicy,emergencyContact) values("23694","knockers","muscularity's","92820","Winnebago's");
insert into Patient(patientID,firstName,lastName,insurancePolicy,emergencyContact) values("83721","Carlton","choppers","5920","Ca's");
insert into Patient(patientID,firstName,lastName,insurancePolicy,emergencyContact) values("31773","windmills","technical","54396","Taurus's");
insert into Patient(patientID,firstName,lastName,insurancePolicy,emergencyContact) values("31633","Aquarius's","rechecked","92426","delinquently");
insert into Patient(patientID,firstName,lastName,insurancePolicy,emergencyContact) values("53326","technical","vales","30845","frigidity");
insert into Patient(patientID,firstName,lastName,insurancePolicy,emergencyContact) values("75943","harmlessly","Carlton","99532","worsen");
insert into Patient(patientID,firstName,lastName,insurancePolicy,emergencyContact) values("88703","souvenir's","Hallmark","27059","barely");
insert into Patient(patientID,firstName,lastName,insurancePolicy,emergencyContact) values("10789","Foreman's","Micheal","8315","Maccabeus's");
insert into Patient(patientID,firstName,lastName,insurancePolicy,emergencyContact) values("80720","garbing","arranger's","77469","feudalism");
insert into Patient(patientID,firstName,lastName,insurancePolicy,emergencyContact) values("92225","capitulations","Roger","61028","Micheal");
insert into Patient(patientID,firstName,lastName,insurancePolicy,emergencyContact) values("26476","fanciful","bimbo","31544","complying");
insert into Patient(patientID,firstName,lastName,insurancePolicy,emergencyContact) values("93186","settee","souvenir's","2882","misgivings");
insert into Patient(patientID,firstName,lastName,insurancePolicy,emergencyContact) values("42593","Sagittarius","harmonica's","3966","worsen");
insert into Patient(patientID,firstName,lastName,insurancePolicy,emergencyContact) values("65604","financing's","crowned","55086","whorl");
insert into Patient(patientID,firstName,lastName,insurancePolicy,emergencyContact) values("9990","altruist's","musses","71221","beetle");
insert into Patient(patientID,firstName,lastName,insurancePolicy,emergencyContact) values("65554","capitulations","whorl","98442","acoustics's");
insert into Patient(patientID,firstName,lastName,insurancePolicy,emergencyContact) values("94114","Genoas","anthem","31514","Mfume's");
insert into Patient(patientID,firstName,lastName,insurancePolicy,emergencyContact) values("90151","rebuke's","Dartmoor","15568","settee");
insert into Patient(patientID,firstName,lastName,insurancePolicy,emergencyContact) values("59930","Hallmark","coagulant's","469","runarounds");
insert into Patient(patientID,firstName,lastName,insurancePolicy,emergencyContact) values("75442","mortician's","Ca's","45596","Foreman's");
insert into Patient(patientID,firstName,lastName,insurancePolicy,emergencyContact) values("45920","Fresnel's","Deon's","329","capitulations");
insert into Patient(patientID,firstName,lastName,insurancePolicy,emergencyContact) values("70885","Scorpios","musses","8098","brats");
insert into Patient(patientID,firstName,lastName,insurancePolicy,emergencyContact) values("25766","mediocrity","souvenir's","48640","barely");
insert into PatientRoom(roomNumber,patientID) values("0","33929");
insert into PatientRoom(roomNumber,patientID) values("1","95698");
insert into PatientRoom(roomNumber,patientID) values("2","1515");
insert into PatientRoom(roomNumber,patientID) values("3","72443");
insert into PatientRoom(roomNumber,patientID) values("4","33929");
insert into PatientRoom(roomNumber,patientID) values("6","92623");
insert into PatientRoom(roomNumber,patientID) values("7","61494");
insert into PatientRoom(roomNumber,patientID) values("8","27036");
insert into PatientRoom(roomNumber,patientID) values("9","89644");
insert into PatientRoom(roomNumber,patientID) values("10","29760");
insert into PatientRoom(roomNumber,patientID) values("11","95698");
insert into PatientRoom(roomNumber,patientID) values("12","56851");
insert into PatientRoom(roomNumber,patientID) values("13","40274");
insert into PatientRoom(roomNumber,patientID) values("14","45604");
insert into PatientRoom(roomNumber,patientID) values("15","92356");
insert into PatientRoom(roomNumber,patientID) values("16","49714");
insert into PatientRoom(roomNumber,patientID) values("17","96426");
insert into PatientRoom(roomNumber,patientID) values("18","74270");
insert into PatientRoom(roomNumber,patientID) values("19","8130");
insert into PatientRoom(roomNumber,patientID) values("20","82224");
insert into PatientRoom(roomNumber,patientID) values("21","45920");
insert into PatientRoom(roomNumber,patientID) values("22","86621");
insert into PatientRoom(roomNumber,patientID) values("23","83414");
insert into PatientRoom(roomNumber,patientID) values("24","38511");
insert into PatientRoom(roomNumber,patientID) values("25","75243");
insert into PatientRoom(roomNumber,patientID) values("26","26476");
insert into PatientRoom(roomNumber,patientID) values("27","53125");
insert into PatientRoom(roomNumber,patientID) values("28","50682");
insert into PatientRoom(roomNumber,patientID) values("30","10789");
insert into PatientRoom(roomNumber,patientID) values("31","94114");
insert into PatientRoom(roomNumber,patientID) values("32","60687");
insert into PatientRoom(roomNumber,patientID) values("34","21831");
insert into PatientRoom(roomNumber,patientID) values("35","17593");
insert into PatientRoom(roomNumber,patientID) values("36","40772");
insert into PatientRoom(roomNumber,patientID) values("38","480");
insert into PatientRoom(roomNumber,patientID) values("39","42593");
insert into PatientRoom(roomNumber,patientID) values("40","56697");
insert into PatientRoom(roomNumber,patientID) values("41","48699");
insert into PatientRoom(roomNumber,patientID) values("43","42593");
insert into PatientRoom(roomNumber,patientID) values("44","78198");
insert into PatientRoom(roomNumber,patientID) values("45","12078");
insert into PatientRoom(roomNumber,patientID) values("46","63099");
insert into PatientRoom(roomNumber,patientID) values("47","27218");
insert into PatientRoom(roomNumber,patientID) values("48","3275");
insert into PatientRoom(roomNumber,patientID) values("49","45079");
insert into PatientRoom(roomNumber,patientID) values("50","44579");
insert into PatientRoom(roomNumber,patientID) values("51","67869");
insert into PatientRoom(roomNumber,patientID) values("52","70192");
insert into PatientRoom(roomNumber,patientID) values("53","83414");
insert into PatientRoom(roomNumber,patientID) values("54","96879");
insert into PatientRoom(roomNumber,patientID) values("56","60911");
insert into PatientRoom(roomNumber,patientID) values("57","84809");
insert into PatientRoom(roomNumber,patientID) values("58","38899");
insert into PatientRoom(roomNumber,patientID) values("60","18216");
insert into PatientRoom(roomNumber,patientID) values("62","51387");
insert into PatientRoom(roomNumber,patientID) values("63","19098");
insert into PatientRoom(roomNumber,patientID) values("64","25198");
insert into PatientRoom(roomNumber,patientID) values("66","1415");
insert into PatientRoom(roomNumber,patientID) values("67","61512");
insert into PatientRoom(roomNumber,patientID) values("68","83414");
insert into PatientRoom(roomNumber,patientID) values("69","12041");
insert into PatientRoom(roomNumber,patientID) values("70","83060");
insert into PatientRoom(roomNumber,patientID) values("71","38482");
insert into PatientRoom(roomNumber,patientID) values("72","6839");
insert into PatientRoom(roomNumber,patientID) values("73","72792");
insert into PatientRoom(roomNumber,patientID) values("75","38737");
insert into PatientRoom(roomNumber,patientID) values("76","87610");
insert into PatientRoom(roomNumber,patientID) values("77","83468");
insert into PatientRoom(roomNumber,patientID) values("79","37679");
insert into PatientRoom(roomNumber,patientID) values("80","51387");
insert into PatientRoom(roomNumber,patientID) values("81","45530");
insert into PatientRoom(roomNumber,patientID) values("82","93186");
insert into PatientRoom(roomNumber,patientID) values("83","35640");
insert into PatientRoom(roomNumber,patientID) values("85","66316");
insert into PatientRoom(roomNumber,patientID) values("86","27218");
insert into PatientRoom(roomNumber,patientID) values("87","28943");
insert into PatientRoom(roomNumber,patientID) values("88","26144");
insert into PatientRoom(roomNumber,patientID) values("89","36313");
insert into PatientRoom(roomNumber,patientID) values("91","58347");
insert into PatientRoom(roomNumber,patientID) values("92","72037");
insert into PatientRoom(roomNumber,patientID) values("93","78198");
insert into PatientRoom(roomNumber,patientID) values("94","55698");
insert into PatientRoom(roomNumber,patientID) values("95","53125");
insert into PatientRoom(roomNumber,patientID) values("96","67869");
insert into PatientRoom(roomNumber,patientID) values("97","38511");
insert into PatientRoom(roomNumber,patientID) values("98","88588");
insert into PatientRoom(roomNumber,patientID) values("99","97222");
insert into OutPatient(patientID) values("480");
insert into OutPatient(patientID) values("1415");
insert into OutPatient(patientID) values("1515");
insert into OutPatient(patientID) values("2250");
insert into OutPatient(patientID) values("3275");
insert into OutPatient(patientID) values("4146");
insert into OutPatient(patientID) values("6839");
insert into OutPatient(patientID) values("8130");
insert into OutPatient(patientID) values("9531");
insert into OutPatient(patientID) values("9990");
insert into OutPatient(patientID) values("10789");
insert into OutPatient(patientID) values("11381");
insert into OutPatient(patientID) values("11678");
insert into OutPatient(patientID) values("12078");
insert into OutPatient(patientID) values("13323");
insert into OutPatient(patientID) values("13470");
insert into OutPatient(patientID) values("16151");
insert into OutPatient(patientID) values("16300");
insert into OutPatient(patientID) values("16479");
insert into OutPatient(patientID) values("16925");
insert into OutPatient(patientID) values("17593");
insert into OutPatient(patientID) values("20470");
insert into OutPatient(patientID) values("21831");
insert into OutPatient(patientID) values("23576");
insert into OutPatient(patientID) values("23694");
insert into OutPatient(patientID) values("23847");
insert into OutPatient(patientID) values("24441");
insert into OutPatient(patientID) values("25766");
insert into OutPatient(patientID) values("26144");
insert into OutPatient(patientID) values("26476");
insert into OutPatient(patientID) values("27218");
insert into OutPatient(patientID) values("28943");
insert into OutPatient(patientID) values("29760");
insert into OutPatient(patientID) values("31402");
insert into OutPatient(patientID) values("31633");
insert into OutPatient(patientID) values("31654");
insert into OutPatient(patientID) values("36313");
insert into OutPatient(patientID) values("37091");
insert into OutPatient(patientID) values("37679");
insert into OutPatient(patientID) values("37869");
insert into OutPatient(patientID) values("38482");
insert into OutPatient(patientID) values("38511");
insert into OutPatient(patientID) values("38899");
insert into OutPatient(patientID) values("41794");
insert into OutPatient(patientID) values("42466");
insert into OutPatient(patientID) values("42622");
insert into OutPatient(patientID) values("45079");
insert into OutPatient(patientID) values("45365");
insert into OutPatient(patientID) values("45604");
insert into OutPatient(patientID) values("45920");
insert into OutPatient(patientID) values("47047");
insert into OutPatient(patientID) values("47947");
insert into OutPatient(patientID) values("48237");
insert into OutPatient(patientID) values("49544");
insert into OutPatient(patientID) values("49697");
insert into OutPatient(patientID) values("49714");
insert into OutPatient(patientID) values("50537");
insert into OutPatient(patientID) values("50682");
insert into OutPatient(patientID) values("50801");
insert into OutPatient(patientID) values("51387");
insert into OutPatient(patientID) values("52137");
insert into OutPatient(patientID) values("53326");
insert into OutPatient(patientID) values("53403");
insert into OutPatient(patientID) values("54441");
insert into OutPatient(patientID) values("55698");
insert into OutPatient(patientID) values("56237");
insert into OutPatient(patientID) values("56442");
insert into OutPatient(patientID) values("57086");
insert into OutPatient(patientID) values("58347");
insert into OutPatient(patientID) values("59446");
insert into OutPatient(patientID) values("59930");
insert into OutPatient(patientID) values("60687");
insert into OutPatient(patientID) values("60911");
insert into OutPatient(patientID) values("61494");
insert into OutPatient(patientID) values("61512");
insert into OutPatient(patientID) values("63099");
insert into OutPatient(patientID) values("63210");
insert into OutPatient(patientID) values("64038");
insert into OutPatient(patientID) values("65554");
insert into OutPatient(patientID) values("65604");
insert into OutPatient(patientID) values("66316");
insert into OutPatient(patientID) values("67417");
insert into OutPatient(patientID) values("69505");
insert into OutPatient(patientID) values("70093");
insert into OutPatient(patientID) values("71845");
insert into OutPatient(patientID) values("72037");
insert into OutPatient(patientID) values("72443");
insert into OutPatient(patientID) values("73261");
insert into OutPatient(patientID) values("73946");
insert into OutPatient(patientID) values("74270");
insert into OutPatient(patientID) values("74288");
insert into OutPatient(patientID) values("75243");
insert into OutPatient(patientID) values("75260");
insert into OutPatient(patientID) values("75442");
insert into OutPatient(patientID) values("75718");
insert into OutPatient(patientID) values("75888");
insert into OutPatient(patientID) values("78198");
insert into OutPatient(patientID) values("80704");
insert into OutPatient(patientID) values("80720");
insert into OutPatient(patientID) values("81284");
insert into OutPatient(patientID) values("81414");
insert into OutPatient(patientID) values("82224");
insert into OutPatient(patientID) values("83414");
insert into OutPatient(patientID) values("83468");
insert into OutPatient(patientID) values("83721");
insert into OutPatient(patientID) values("84128");
insert into OutPatient(patientID) values("84809");
insert into OutPatient(patientID) values("85432");
insert into OutPatient(patientID) values("86436");
insert into OutPatient(patientID) values("86621");
insert into OutPatient(patientID) values("87841");
insert into OutPatient(patientID) values("88588");
insert into OutPatient(patientID) values("88703");
insert into OutPatient(patientID) values("89614");
insert into OutPatient(patientID) values("91690");
insert into OutPatient(patientID) values("92356");
insert into OutPatient(patientID) values("92674");
insert into OutPatient(patientID) values("93006");
insert into OutPatient(patientID) values("93186");
insert into OutPatient(patientID) values("94114");
insert into OutPatient(patientID) values("95698");
insert into OutPatient(patientID) values("95961");
insert into OutPatient(patientID) values("96879");
insert into OutPatient(patientID) values("97222");
insert into OutPatient(patientID) values("97811");
insert into OutPatient(patientID) values("98005");
insert into OutPatient(patientID) values("98164");
insert into OutPatient(patientID) values("98759");
insert into OutPatient(patientID) values("99502");
insert into IsVolunteerRoom(roomDescription) values("Gift Shop");
insert into IsVolunteerRoom(roomDescription) values("Reading Cart");
insert into IsVolunteerRoom(roomDescription) values("Snack Cart");
insert into IsVolunteerRoom(roomDescription) values("Info Desk");
insert into Nurse(employeeID,treatmentGiverID) values("16140","720");
insert into Nurse(employeeID,treatmentGiverID) values("3782","1840");
insert into Nurse(employeeID,treatmentGiverID) values("45141","2786");
insert into Nurse(employeeID,treatmentGiverID) values("12157","4884");
insert into Nurse(employeeID,treatmentGiverID) values("5299","5391");
insert into Nurse(employeeID,treatmentGiverID) values("97128","8322");
insert into Nurse(employeeID,treatmentGiverID) values("47333","8506");
insert into Nurse(employeeID,treatmentGiverID) values("89500","8902");
insert into Nurse(employeeID,treatmentGiverID) values("77342","9008");
insert into Nurse(employeeID,treatmentGiverID) values("96744","9439");
insert into Nurse(employeeID,treatmentGiverID) values("42588","10276");
insert into Nurse(employeeID,treatmentGiverID) values("60221","10649");
insert into Nurse(employeeID,treatmentGiverID) values("91333","10910");
insert into Nurse(employeeID,treatmentGiverID) values("98700","12674");
insert into Nurse(employeeID,treatmentGiverID) values("82767","17004");
insert into Nurse(employeeID,treatmentGiverID) values("2351","24990");
insert into Nurse(employeeID,treatmentGiverID) values("99642","27175");
insert into Nurse(employeeID,treatmentGiverID) values("4333","29285");
insert into Nurse(employeeID,treatmentGiverID) values("56009","29939");
insert into Nurse(employeeID,treatmentGiverID) values("33660","30155");
insert into Nurse(employeeID,treatmentGiverID) values("4258","31299");
insert into Nurse(employeeID,treatmentGiverID) values("66949","31575");
insert into Nurse(employeeID,treatmentGiverID) values("41730","32947");
insert into Nurse(employeeID,treatmentGiverID) values("42520","33354");
insert into Nurse(employeeID,treatmentGiverID) values("51640","34263");
insert into Nurse(employeeID,treatmentGiverID) values("98189","34768");
insert into Nurse(employeeID,treatmentGiverID) values("13864","37130");
insert into Nurse(employeeID,treatmentGiverID) values("89746","38642");
insert into Nurse(employeeID,treatmentGiverID) values("29696","38815");
insert into Nurse(employeeID,treatmentGiverID) values("10130","40343");
insert into Nurse(employeeID,treatmentGiverID) values("27634","44441");
insert into Nurse(employeeID,treatmentGiverID) values("79631","45108");
insert into Nurse(employeeID,treatmentGiverID) values("19011","49691");
insert into Nurse(employeeID,treatmentGiverID) values("19921","51539");
insert into Nurse(employeeID,treatmentGiverID) values("37843","52143");
insert into Nurse(employeeID,treatmentGiverID) values("47619","56417");
insert into Nurse(employeeID,treatmentGiverID) values("85386","56432");
insert into Nurse(employeeID,treatmentGiverID) values("84191","58266");
insert into Nurse(employeeID,treatmentGiverID) values("12714","59034");
insert into Nurse(employeeID,treatmentGiverID) values("73994","60838");
insert into Nurse(employeeID,treatmentGiverID) values("67193","60892");
insert into Nurse(employeeID,treatmentGiverID) values("53665","66255");
insert into Nurse(employeeID,treatmentGiverID) values("38152","67702");
insert into Nurse(employeeID,treatmentGiverID) values("40517","69184");
insert into Nurse(employeeID,treatmentGiverID) values("58450","69224");
insert into Nurse(employeeID,treatmentGiverID) values("2590","69454");
insert into Nurse(employeeID,treatmentGiverID) values("45648","71103");
insert into Nurse(employeeID,treatmentGiverID) values("42966","72042");
insert into Nurse(employeeID,treatmentGiverID) values("50880","77119");
insert into Nurse(employeeID,treatmentGiverID) values("41601","77328");
insert into Nurse(employeeID,treatmentGiverID) values("65812","80069");
insert into Nurse(employeeID,treatmentGiverID) values("93402","82787");
insert into Nurse(employeeID,treatmentGiverID) values("97170","83145");
insert into Nurse(employeeID,treatmentGiverID) values("64468","85120");
insert into Nurse(employeeID,treatmentGiverID) values("97794","87242");
insert into Nurse(employeeID,treatmentGiverID) values("76457","88549");
insert into Nurse(employeeID,treatmentGiverID) values("43825","89031");
insert into Nurse(employeeID,treatmentGiverID) values("88450","94325");
insert into Nurse(employeeID,treatmentGiverID) values("44604","97046");
insert into Nurse(employeeID,treatmentGiverID) values("63883","98598");
insert into Nurse(employeeID,treatmentGiverID) values("38377","99220");
insert into InPatient(patientID) values("274");
insert into InPatient(patientID) values("3275");
insert into InPatient(patientID) values("4000");
insert into InPatient(patientID) values("6839");
insert into InPatient(patientID) values("8130");
insert into InPatient(patientID) values("8674");
insert into InPatient(patientID) values("9689");
insert into InPatient(patientID) values("10000");
insert into InPatient(patientID) values("10789");
insert into InPatient(patientID) values("12041");
insert into InPatient(patientID) values("13323");
insert into InPatient(patientID) values("13470");
insert into InPatient(patientID) values("15555");
insert into InPatient(patientID) values("16151");
insert into InPatient(patientID) values("16300");
insert into InPatient(patientID) values("18216");
insert into InPatient(patientID) values("19098");
insert into InPatient(patientID) values("23294");
insert into InPatient(patientID) values("23576");
insert into InPatient(patientID) values("23847");
insert into InPatient(patientID) values("24441");
insert into InPatient(patientID) values("25766");
insert into InPatient(patientID) values("26476");
insert into InPatient(patientID) values("27218");
insert into InPatient(patientID) values("29760");
insert into InPatient(patientID) values("31402");
insert into InPatient(patientID) values("31633");
insert into InPatient(patientID) values("31654");
insert into InPatient(patientID) values("31773");
insert into InPatient(patientID) values("33929");
insert into InPatient(patientID) values("35640");
insert into InPatient(patientID) values("36313");
insert into InPatient(patientID) values("37091");
insert into InPatient(patientID) values("37679");
insert into InPatient(patientID) values("37869");
insert into InPatient(patientID) values("38511");
insert into InPatient(patientID) values("38737");
insert into InPatient(patientID) values("39929");
insert into InPatient(patientID) values("39955");
insert into InPatient(patientID) values("40274");
insert into InPatient(patientID) values("40772");
insert into InPatient(patientID) values("41977");
insert into InPatient(patientID) values("42872");
insert into InPatient(patientID) values("43740");
insert into InPatient(patientID) values("45079");
insert into InPatient(patientID) values("45365");
insert into InPatient(patientID) values("45604");
insert into InPatient(patientID) values("47947");
insert into InPatient(patientID) values("47952");
insert into InPatient(patientID) values("48237");
insert into InPatient(patientID) values("48699");
insert into InPatient(patientID) values("49544");
insert into InPatient(patientID) values("49697");
insert into InPatient(patientID) values("49714");
insert into InPatient(patientID) values("50537");
insert into InPatient(patientID) values("50801");
insert into InPatient(patientID) values("50970");
insert into InPatient(patientID) values("51387");
insert into InPatient(patientID) values("52137");
insert into InPatient(patientID) values("53326");
insert into InPatient(patientID) values("53403");
insert into InPatient(patientID) values("53912");
insert into InPatient(patientID) values("54441");
insert into InPatient(patientID) values("54468");
insert into InPatient(patientID) values("55673");
insert into InPatient(patientID) values("55698");
insert into InPatient(patientID) values("56237");
insert into InPatient(patientID) values("56442");
insert into InPatient(patientID) values("56697");
insert into InPatient(patientID) values("56851");
insert into InPatient(patientID) values("57086");
insert into InPatient(patientID) values("58347");
insert into InPatient(patientID) values("59372");
insert into InPatient(patientID) values("59546");
insert into InPatient(patientID) values("59930");
insert into InPatient(patientID) values("60687");
insert into InPatient(patientID) values("61512");
insert into InPatient(patientID) values("65237");
insert into InPatient(patientID) values("65554");
insert into InPatient(patientID) values("65604");
insert into InPatient(patientID) values("67417");
insert into InPatient(patientID) values("69505");
insert into InPatient(patientID) values("70093");
insert into InPatient(patientID) values("70192");
insert into InPatient(patientID) values("70885");
insert into InPatient(patientID) values("72037");
insert into InPatient(patientID) values("72443");
insert into InPatient(patientID) values("72517");
insert into InPatient(patientID) values("72792");
insert into InPatient(patientID) values("73261");
insert into InPatient(patientID) values("74270");
insert into InPatient(patientID) values("75243");
insert into InPatient(patientID) values("75442");
insert into InPatient(patientID) values("75718");
insert into InPatient(patientID) values("75888");
insert into InPatient(patientID) values("75943");
insert into InPatient(patientID) values("78198");
insert into InPatient(patientID) values("78999");
insert into InPatient(patientID) values("79119");
insert into InPatient(patientID) values("81284");
insert into InPatient(patientID) values("81359");
insert into InPatient(patientID) values("81414");
insert into InPatient(patientID) values("82224");
insert into InPatient(patientID) values("83060");
insert into InPatient(patientID) values("83414");
insert into InPatient(patientID) values("84809");
insert into InPatient(patientID) values("85432");
insert into InPatient(patientID) values("88703");
insert into InPatient(patientID) values("89498");
insert into InPatient(patientID) values("89614");
insert into InPatient(patientID) values("89644");
insert into InPatient(patientID) values("92225");
insert into InPatient(patientID) values("92356");
insert into InPatient(patientID) values("92623");
insert into InPatient(patientID) values("92674");
insert into InPatient(patientID) values("93006");
insert into InPatient(patientID) values("93186");
insert into InPatient(patientID) values("95698");
insert into InPatient(patientID) values("95961");
insert into InPatient(patientID) values("96426");
insert into InPatient(patientID) values("96879");
insert into InPatient(patientID) values("97222");
insert into InPatient(patientID) values("97811");
insert into InPatient(patientID) values("98164");
insert into InPatient(patientID) values("98759");
insert into InPatient(patientID) values("99502");
insert into Doctor(employeeID,treatmentGiverID) values("10130","1115");
insert into Doctor(employeeID,treatmentGiverID) values("77342","2786");
insert into Doctor(employeeID,treatmentGiverID) values("97794","4884");
insert into Doctor(employeeID,treatmentGiverID) values("87013","5391");
insert into Doctor(employeeID,treatmentGiverID) values("5299","6051");
insert into Doctor(employeeID,treatmentGiverID) values("79631","8322");
insert into Doctor(employeeID,treatmentGiverID) values("97170","8506");
insert into Doctor(employeeID,treatmentGiverID) values("98700","8569");
insert into Doctor(employeeID,treatmentGiverID) values("7290","9008");
insert into Doctor(employeeID,treatmentGiverID) values("44604","9439");
insert into Doctor(employeeID,treatmentGiverID) values("4258","10649");
insert into Doctor(employeeID,treatmentGiverID) values("91333","10910");
insert into Doctor(employeeID,treatmentGiverID) values("80533","12674");
insert into Doctor(employeeID,treatmentGiverID) values("22744","13000");
insert into Doctor(employeeID,treatmentGiverID) values("42588","16584");
insert into Doctor(employeeID,treatmentGiverID) values("58450","17004");
insert into Doctor(employeeID,treatmentGiverID) values("47333","20137");
insert into Doctor(employeeID,treatmentGiverID) values("30119","24990");
insert into Doctor(employeeID,treatmentGiverID) values("38152","26148");
insert into Doctor(employeeID,treatmentGiverID) values("93402","27387");
insert into Doctor(employeeID,treatmentGiverID) values("27303","29285");
insert into Doctor(employeeID,treatmentGiverID) values("7409","29939");
insert into Doctor(employeeID,treatmentGiverID) values("41730","30155");
insert into Doctor(employeeID,treatmentGiverID) values("72244","31299");
insert into Doctor(employeeID,treatmentGiverID) values("11224","32947");
insert into Doctor(employeeID,treatmentGiverID) values("75157","34748");
insert into Doctor(employeeID,treatmentGiverID) values("69575","34768");
insert into Doctor(employeeID,treatmentGiverID) values("5338","35740");
insert into Doctor(employeeID,treatmentGiverID) values("66949","37130");
insert into Doctor(employeeID,treatmentGiverID) values("67193","38125");
insert into Doctor(employeeID,treatmentGiverID) values("81156","38642");
insert into Doctor(employeeID,treatmentGiverID) values("82745","39910");
insert into Doctor(employeeID,treatmentGiverID) values("85535","40343");
insert into Doctor(employeeID,treatmentGiverID) values("12714","41148");
insert into Doctor(employeeID,treatmentGiverID) values("89500","44441");
insert into Doctor(employeeID,treatmentGiverID) values("26322","45108");
insert into Doctor(employeeID,treatmentGiverID) values("37843","50279");
insert into Doctor(employeeID,treatmentGiverID) values("13864","51316");
insert into Doctor(employeeID,treatmentGiverID) values("42520","51565");
insert into Doctor(employeeID,treatmentGiverID) values("53665","52143");
insert into Doctor(employeeID,treatmentGiverID) values("65812","56417");
insert into Doctor(employeeID,treatmentGiverID) values("97128","56736");
insert into Doctor(employeeID,treatmentGiverID) values("45141","58266");
insert into Doctor(employeeID,treatmentGiverID) values("73994","59034");
insert into Doctor(employeeID,treatmentGiverID) values("33852","66255");
insert into Doctor(employeeID,treatmentGiverID) values("89746","67702");
insert into Doctor(employeeID,treatmentGiverID) values("41601","69184");
insert into Doctor(employeeID,treatmentGiverID) values("95020","69454");
insert into Doctor(employeeID,treatmentGiverID) values("76457","71103");
insert into Doctor(employeeID,treatmentGiverID) values("77360","72042");
insert into Doctor(employeeID,treatmentGiverID) values("99642","73562");
insert into Doctor(employeeID,treatmentGiverID) values("29696","80069");
insert into Doctor(employeeID,treatmentGiverID) values("84191","80699");
insert into Doctor(employeeID,treatmentGiverID) values("10108","83455");
insert into Doctor(employeeID,treatmentGiverID) values("43501","88549");
insert into Doctor(employeeID,treatmentGiverID) values("27634","94325");
insert into Doctor(employeeID,treatmentGiverID) values("98189","97774");
insert into Doctor(employeeID,treatmentGiverID) values("85386","98015");
insert into Doctor(employeeID,treatmentGiverID) values("82767","98092");
insert into AdmittingDoctor(employeeID) values("4258");
insert into AdmittingDoctor(employeeID) values("5299");
insert into AdmittingDoctor(employeeID) values("5338");
insert into AdmittingDoctor(employeeID) values("7290");
insert into AdmittingDoctor(employeeID) values("10108");
insert into AdmittingDoctor(employeeID) values("22744");
insert into AdmittingDoctor(employeeID) values("27303");
insert into AdmittingDoctor(employeeID) values("27634");
insert into AdmittingDoctor(employeeID) values("29696");
insert into AdmittingDoctor(employeeID) values("30119");
insert into AdmittingDoctor(employeeID) values("37843");
insert into AdmittingDoctor(employeeID) values("38152");
insert into AdmittingDoctor(employeeID) values("41730");
insert into AdmittingDoctor(employeeID) values("42520");
insert into AdmittingDoctor(employeeID) values("44604");
insert into AdmittingDoctor(employeeID) values("45141");
insert into AdmittingDoctor(employeeID) values("47333");
insert into AdmittingDoctor(employeeID) values("65812");
insert into AdmittingDoctor(employeeID) values("66949");
insert into AdmittingDoctor(employeeID) values("69575");
insert into AdmittingDoctor(employeeID) values("75157");
insert into AdmittingDoctor(employeeID) values("76457");
insert into AdmittingDoctor(employeeID) values("77342");
insert into AdmittingDoctor(employeeID) values("77360");
insert into AdmittingDoctor(employeeID) values("79631");
insert into AdmittingDoctor(employeeID) values("80533");
insert into AdmittingDoctor(employeeID) values("82767");
insert into AdmittingDoctor(employeeID) values("84191");
insert into AdmittingDoctor(employeeID) values("87013");
insert into AdmittingDoctor(employeeID) values("89500");
insert into AdmittingDoctor(employeeID) values("89746");
insert into AdmittingDoctor(employeeID) values("93402");
insert into AdmittingDoctor(employeeID) values("98189");
insert into AdmittingDoctor(employeeID) values("98700");
insert into diagnoses(doctorID,patientID,diagnosisID,name) values("98189","13470","9708","runarounds");
insert into diagnoses(doctorID,patientID,diagnosisID,name) values("22744","8130","1698","azimuth's");
insert into diagnoses(doctorID,patientID,diagnosisID,name) values("89746","96879","3248","enunciation's");
insert into diagnoses(doctorID,patientID,diagnosisID,name) values("26322","71845","6942","anthem");
insert into diagnoses(doctorID,patientID,diagnosisID,name) values("37843","98164","862","harmlessly");
insert into diagnoses(doctorID,patientID,diagnosisID,name) values("97794","92674","2173","muscularity's");
insert into diagnoses(doctorID,patientID,diagnosisID,name) values("5299","57086","4028","Dartmoor");
insert into diagnoses(doctorID,patientID,diagnosisID,name) values("67193","65554","1791","cramp's");
insert into diagnoses(doctorID,patientID,diagnosisID,name) values("82745","21831","9756","Moll's");
insert into diagnoses(doctorID,patientID,diagnosisID,name) values("67193","21831","1348","anthem");
insert into diagnoses(doctorID,patientID,diagnosisID,name) values("29696","78198","3493","worsen");
insert into diagnoses(doctorID,patientID,diagnosisID,name) values("30119","53326","5717","financing's");
insert into diagnoses(doctorID,patientID,diagnosisID,name) values("97128","6839","9005","harmlessly");
insert into diagnoses(doctorID,patientID,diagnosisID,name) values("41730","91690","9437","vales");
insert into diagnoses(doctorID,patientID,diagnosisID,name) values("4258","67417","6830","sovereign's");
insert into diagnoses(doctorID,patientID,diagnosisID,name) values("82745","80704","1107","Foreman's");
insert into diagnoses(doctorID,patientID,diagnosisID,name) values("77360","81284","7858","harmonica's");
insert into diagnoses(doctorID,patientID,diagnosisID,name) values("5338","50537","3528","Micheal");
insert into diagnoses(doctorID,patientID,diagnosisID,name) values("75157","31633","9338","triglyceride");
insert into diagnoses(doctorID,patientID,diagnosisID,name) values("13864","60687","6538","Micheal");
insert into diagnoses(doctorID,patientID,diagnosisID,name) values("12714","73946","9980","harmonica's");
insert into diagnoses(doctorID,patientID,diagnosisID,name) values("67193","27218","7114","triglyceride");
insert into diagnoses(doctorID,patientID,diagnosisID,name) values("66949","83721","701","Medicaids");
insert into diagnoses(doctorID,patientID,diagnosisID,name) values("58450","38899","209","sprat");
insert into diagnoses(doctorID,patientID,diagnosisID,name) values("37843","27218","5109","restrictions");
insert into diagnoses(doctorID,patientID,diagnosisID,name) values("97128","73946","5674","rebuke's");
insert into diagnoses(doctorID,patientID,diagnosisID,name) values("27634","99502","1443","harmlessly");
insert into diagnoses(doctorID,patientID,diagnosisID,name) values("97794","75260","7567","staling");
insert into diagnoses(doctorID,patientID,diagnosisID,name) values("98189","37679","4799","mortician's");
insert into diagnoses(doctorID,patientID,diagnosisID,name) values("22744","38482","9190","anthem");
insert into diagnoses(doctorID,patientID,diagnosisID,name) values("89746","31402","1372","staling");
insert into diagnoses(doctorID,patientID,diagnosisID,name) values("65812","56237","2911","Carlton");
insert into diagnoses(doctorID,patientID,diagnosisID,name) values("79631","45604","562","souvenir's");
insert into diagnoses(doctorID,patientID,diagnosisID,name) values("97170","10789","9537","Micheal");
insert into diagnoses(doctorID,patientID,diagnosisID,name) values("93402","49544","7472","Scorpios");
insert into diagnoses(doctorID,patientID,diagnosisID,name) values("44604","73261","6564","Epictetus");
insert into diagnoses(doctorID,patientID,diagnosisID,name) values("69575","75260","5560","Sagittarius");
insert into diagnoses(doctorID,patientID,diagnosisID,name) values("5299","23694","7349","sorest");
insert into diagnoses(doctorID,patientID,diagnosisID,name) values("79631","65604","1799","glorified");
insert into diagnoses(doctorID,patientID,diagnosisID,name) values("82767","56237","4442","Scorpios");
insert into diagnoses(doctorID,patientID,diagnosisID,name) values("99642","51387","3970","atlas");
insert into diagnoses(doctorID,patientID,diagnosisID,name) values("72244","23576","7302","Medicaids");
insert into diagnoses(doctorID,patientID,diagnosisID,name) values("76457","31654","9315","Winnebago's");
insert into diagnoses(doctorID,patientID,diagnosisID,name) values("11224","59446","5603","Taurus's");
insert into diagnoses(doctorID,patientID,diagnosisID,name) values("91333","54441","4754","Epictetus");
insert into diagnoses(doctorID,patientID,diagnosisID,name) values("69575","27218","9791","sprat");
insert into diagnoses(doctorID,patientID,diagnosisID,name) values("4258","45079","7341","Carlton");
insert into diagnoses(doctorID,patientID,diagnosisID,name) values("75157","47047","3118","cramp's");
insert into diagnoses(doctorID,patientID,diagnosisID,name) values("10130","11678","1750","refilling");
insert into diagnoses(doctorID,patientID,diagnosisID,name) values("77360","63210","9689","Genoas");
insert into diagnoses(doctorID,patientID,diagnosisID,name) values("79631","38511","7705","glorified");
insert into diagnoses(doctorID,patientID,diagnosisID,name) values("95020","61512","2539","Foreman's");
insert into diagnoses(doctorID,patientID,diagnosisID,name) values("29696","98759","8642","settee");
insert into diagnoses(doctorID,patientID,diagnosisID,name) values("43501","42622","1339","beetle");
insert into diagnoses(doctorID,patientID,diagnosisID,name) values("77360","38511","6982","thaws");
insert into diagnoses(doctorID,patientID,diagnosisID,name) values("87013","49714","8050","polynomials");
insert into diagnoses(doctorID,patientID,diagnosisID,name) values("41730","75260","1707","muscularity's");
insert into diagnoses(doctorID,patientID,diagnosisID,name) values("42588","49544","9842","rechecked");
insert into diagnoses(doctorID,patientID,diagnosisID,name) values("80533","26144","757","Moll's");
insert into diagnoses(doctorID,patientID,diagnosisID,name) values("65812","27218","2914","arranger's");
insert into diagnoses(doctorID,patientID,diagnosisID,name) values("42588","480","2538","mediocrity");
insert into diagnoses(doctorID,patientID,diagnosisID,name) values("38152","92356","7687","technical");
insert into diagnoses(doctorID,patientID,diagnosisID,name) values("11224","69505","1935","brats");
insert into diagnoses(doctorID,patientID,diagnosisID,name) values("80533","61512","4321","atlas");
insert into diagnoses(doctorID,patientID,diagnosisID,name) values("30119","91690","8647","glorified");
insert into diagnoses(doctorID,patientID,diagnosisID,name) values("77342","45079","6379","atlas");
insert into diagnoses(doctorID,patientID,diagnosisID,name) values("98189","88588","6116","misgivings");
insert into diagnoses(doctorID,patientID,diagnosisID,name) values("87013","53326","1956","technical");
insert into diagnoses(doctorID,patientID,diagnosisID,name) values("84191","17593","6306","Milan");
insert into diagnoses(doctorID,patientID,diagnosisID,name) values("73994","49697","3694","Foreman's");
insert into diagnoses(doctorID,patientID,diagnosisID,name) values("10130","98164","3038","Scorpios");
insert into diagnoses(doctorID,patientID,diagnosisID,name) values("42520","96879","2754","ruffles");
insert into diagnoses(doctorID,patientID,diagnosisID,name) values("4258","86621","3005","Moll's");
insert into diagnoses(doctorID,patientID,diagnosisID,name) values("10108","84809","2575","bantam");
insert into diagnoses(doctorID,patientID,diagnosisID,name) values("37843","47947","5358","muscularity's");
insert into diagnoses(doctorID,patientID,diagnosisID,name) values("11224","99502","9956","wallop");
insert into diagnoses(doctorID,patientID,diagnosisID,name) values("67193","73261","9726","Andes's");
insert into diagnoses(doctorID,patientID,diagnosisID,name) values("93402","9531","9436","azimuth's");
insert into diagnoses(doctorID,patientID,diagnosisID,name) values("80533","16925","7106","musses");
insert into diagnoses(doctorID,patientID,diagnosisID,name) values("47333","42622","4336","Sagittarius");
insert into diagnoses(doctorID,patientID,diagnosisID,name) values("30119","81284","9616","technical");
insert into diagnoses(doctorID,patientID,diagnosisID,name) values("95020","78198","5454","Carlton");
insert into diagnoses(doctorID,patientID,diagnosisID,name) values("65812","98005","7600","restrictions");
insert into diagnoses(doctorID,patientID,diagnosisID,name) values("82767","82224","4114","Viola");
insert into diagnoses(doctorID,patientID,diagnosisID,name) values("91333","88588","5857","dashes");
insert into diagnoses(doctorID,patientID,diagnosisID,name) values("47333","88588","2356","mad's");
insert into diagnoses(doctorID,patientID,diagnosisID,name) values("42588","49697","2149","misgivings");
insert into diagnoses(doctorID,patientID,diagnosisID,name) values("87013","50537","5601","thaws");
insert into diagnoses(doctorID,patientID,diagnosisID,name) values("41730","45920","7896","choppers");
insert into diagnoses(doctorID,patientID,diagnosisID,name) values("7409","37091","3340","Foreman's");
insert into diagnoses(doctorID,patientID,diagnosisID,name) values("43501","64038","4872","Medicaids");
insert into diagnoses(doctorID,patientID,diagnosisID,name) values("38152","26144","4955","feudalism");
insert into diagnoses(doctorID,patientID,diagnosisID,name) values("30119","45604","3682","misgivings");
insert into diagnoses(doctorID,patientID,diagnosisID,name) values("7409","83468","2658","vales");
insert into diagnoses(doctorID,patientID,diagnosisID,name) values("97128","57086","5599","fanciful");
insert into diagnoses(doctorID,patientID,diagnosisID,name) values("79631","83468","4743","Sapporo's");
insert into diagnoses(doctorID,patientID,diagnosisID,name) values("43501","61494","1613","Carlton");
insert into diagnoses(doctorID,patientID,diagnosisID,name) values("58450","56237","5237","sovereign's");
insert into diagnoses(doctorID,patientID,diagnosisID,name) values("5299","88588","8606","wrought");
insert into diagnoses(doctorID,patientID,diagnosisID,name) values("84191","81284","727","azimuth's");
insert into diagnoses(doctorID,patientID,diagnosisID,name) values("79631","64038","5223","mediocrity");
insert into diagnoses(doctorID,patientID,diagnosisID,name) values("45141","13470","2783","coagulant's");
insert into diagnoses(doctorID,patientID,diagnosisID,name) values("27303","75442","6262","Viola");
insert into diagnoses(doctorID,patientID,diagnosisID,name) values("97170","38482","6250","brats");
insert into diagnoses(doctorID,patientID,diagnosisID,name) values("12714","60911","1966","crayoning");
insert into diagnoses(doctorID,patientID,diagnosisID,name) values("11224","61512","3994","Kuomintang");
insert into diagnoses(doctorID,patientID,diagnosisID,name) values("91333","64038","1302","syncs");
insert into diagnoses(doctorID,patientID,diagnosisID,name) values("53665","70093","2196","Andes's");
insert into diagnoses(doctorID,patientID,diagnosisID,name) values("99642","48237","7069","complying");
insert into diagnoses(doctorID,patientID,diagnosisID,name) values("98189","37869","3261","syncs");
insert into diagnoses(doctorID,patientID,diagnosisID,name) values("80533","73261","398","devolves");
insert into diagnoses(doctorID,patientID,diagnosisID,name) values("45141","47047","9708","coagulant's");
insert into diagnoses(doctorID,patientID,diagnosisID,name) values("37843","80720","2707","libretto");
insert into diagnoses(doctorID,patientID,diagnosisID,name) values("91333","65604","5282","crayoning");
insert into diagnoses(doctorID,patientID,diagnosisID,name) values("82767","53403","2070","restrictions");
insert into diagnoses(doctorID,patientID,diagnosisID,name) values("27634","72037","1414","musses");
insert into diagnoses(doctorID,patientID,diagnosisID,name) values("93402","9531","4624","fanciful");
insert into diagnoses(doctorID,patientID,diagnosisID,name) values("77342","94114","490","whorl");
insert into diagnoses(doctorID,patientID,diagnosisID,name) values("77360","81414","9359","Ca's");
insert into diagnoses(doctorID,patientID,diagnosisID,name) values("89746","2250","617","crowned");
insert into diagnoses(doctorID,patientID,diagnosisID,name) values("97128","56442","2542","Foreman's");
insert into diagnoses(doctorID,patientID,diagnosisID,name) values("4258","16300","7482","devolves");
insert into diagnoses(doctorID,patientID,diagnosisID,name) values("38152","13323","2695","Redford");
insert into diagnoses(doctorID,patientID,diagnosisID,name) values("10108","96879","7605","despoil");
insert into diagnoses(doctorID,patientID,diagnosisID,name) values("99642","80704","3371","settee");
insert into diagnoses(doctorID,patientID,diagnosisID,name) values("73994","42622","7930","misgivings");
insert into diagnoses(doctorID,patientID,diagnosisID,name) values("82745","98005","9953","crowned");
insert into diagnoses(doctorID,patientID,diagnosisID,name) values("26322","84809","3034","mad's");
insert into diagnoses(doctorID,patientID,diagnosisID,name) values("85386","93006","6238","Moll's");
insert into diagnoses(doctorID,patientID,diagnosisID,name) values("67193","81414","6253","settee");
insert into diagnoses(doctorID,patientID,diagnosisID,name) values("77360","16300","8182","pesticide's");
insert into diagnoses(doctorID,patientID,diagnosisID,name) values("99642","4146","9606","list's");
insert into diagnoses(doctorID,patientID,diagnosisID,name) values("77342","83414","1890","Andes's");
insert into diagnoses(doctorID,patientID,diagnosisID,name) values("41601","38482","487","wishful");
insert into diagnoses(doctorID,patientID,diagnosisID,name) values("5299","31402","2727","cramp's");
insert into diagnoses(doctorID,patientID,diagnosisID,name) values("58450","53326","7136","wishful");
insert into diagnoses(doctorID,patientID,diagnosisID,name) values("30119","89614","2721","polynomials");
insert into diagnoses(doctorID,patientID,diagnosisID,name) values("89500","37679","6838","pesticide's");
insert into diagnoses(doctorID,patientID,diagnosisID,name) values("66949","53403","269","Sapporo's");
insert into diagnoses(doctorID,patientID,diagnosisID,name) values("65812","66316","2820","choppers");
insert into diagnoses(doctorID,patientID,diagnosisID,name) values("72244","64038","5682","debasement's");
insert into diagnoses(doctorID,patientID,diagnosisID,name) values("72244","99502","3439","debasement's");
insert into diagnoses(doctorID,patientID,diagnosisID,name) values("26322","92356","2842","unwariness's");
insert into diagnoses(doctorID,patientID,diagnosisID,name) values("76457","92356","8074","barely");
insert into diagnoses(doctorID,patientID,diagnosisID,name) values("69575","74288","9585","crowned");
insert into diagnoses(doctorID,patientID,diagnosisID,name) values("69575","49714","7458","Genoas");
insert into diagnoses(doctorID,patientID,diagnosisID,name) values("44604","38511","3449","sorest");
insert into diagnoses(doctorID,patientID,diagnosisID,name) values("82745","38899","878","barely");
insert into diagnoses(doctorID,patientID,diagnosisID,name) values("77342","86436","7298","beetle");
insert into diagnoses(doctorID,patientID,diagnosisID,name) values("85535","83468","7265","vivaciously");
insert into diagnoses(doctorID,patientID,diagnosisID,name) values("72244","56442","5153","glorified");
insert into diagnoses(doctorID,patientID,diagnosisID,name) values("43501","75718","9848","rechecked");
insert into diagnoses(doctorID,patientID,diagnosisID,name) values("11224","11678","5200","Ca's");
insert into diagnoses(doctorID,patientID,diagnosisID,name) values("67193","73946","7122","Carlton");
insert into diagnoses(doctorID,patientID,diagnosisID,name) values("45141","48237","8591","capitulations");
insert into diagnoses(doctorID,patientID,diagnosisID,name) values("99642","91690","5122","anthem");
insert into diagnoses(doctorID,patientID,diagnosisID,name) values("99642","64038","5262","Sapporo's");
insert into diagnoses(doctorID,patientID,diagnosisID,name) values("5338","31402","7327","dashes");
insert into diagnoses(doctorID,patientID,diagnosisID,name) values("27634","67417","8867","debasement's");
insert into diagnoses(doctorID,patientID,diagnosisID,name) values("26322","49714","3864","Scorpios");
insert into diagnoses(doctorID,patientID,diagnosisID,name) values("10130","59930","4054","feudalism");
insert into diagnoses(doctorID,patientID,diagnosisID,name) values("7409","47047","8946","windmills");
insert into diagnoses(doctorID,patientID,diagnosisID,name) values("77342","2250","8411","vivaciously");
insert into diagnoses(doctorID,patientID,diagnosisID,name) values("30119","84128","1155","altruist's");
insert into diagnoses(doctorID,patientID,diagnosisID,name) values("27634","97222","1803","polynomials");
insert into diagnoses(doctorID,patientID,diagnosisID,name) values("98189","75888","744","mortician's");
insert into diagnoses(doctorID,patientID,diagnosisID,name) values("82767","93006","973","brats");
insert into diagnoses(doctorID,patientID,diagnosisID,name) values("67193","55698","3205","anthem");
insert into diagnoses(doctorID,patientID,diagnosisID,name) values("72244","75442","494","harmonica's");
insert into diagnoses(doctorID,patientID,diagnosisID,name) values("85386","48237","8209","Hallmark");
insert into diagnoses(doctorID,patientID,diagnosisID,name) values("10130","74270","7754","Sagittarius");
insert into diagnoses(doctorID,patientID,diagnosisID,name) values("95020","26476","9211","wishful");
insert into diagnoses(doctorID,patientID,diagnosisID,name) values("29696","42466","6816","atlas");
insert into diagnoses(doctorID,patientID,diagnosisID,name) values("22744","16925","8691","altruist's");
insert into diagnoses(doctorID,patientID,diagnosisID,name) values("73994","20470","6644","Milan");
insert into diagnoses(doctorID,patientID,diagnosisID,name) values("44604","50801","977","polynomials");
insert into diagnoses(doctorID,patientID,diagnosisID,name) values("7409","83468","4500","musses");
insert into diagnoses(doctorID,patientID,diagnosisID,name) values("80533","83414","8616","musses");
insert into diagnoses(doctorID,patientID,diagnosisID,name) values("41601","78198","6126","souvenir's");
insert into diagnoses(doctorID,patientID,diagnosisID,name) values("87013","25766","9862","misgivings");
insert into diagnoses(doctorID,patientID,diagnosisID,name) values("53665","85432","8663","runarounds");
insert into diagnoses(doctorID,patientID,diagnosisID,name) values("27634","67417","8222","beetle");
insert into diagnoses(doctorID,patientID,diagnosisID,name) values("41601","83721","2415","technical");
insert into diagnoses(doctorID,patientID,diagnosisID,name) values("80533","6839","7424","petiole's");
insert into diagnoses(doctorID,patientID,diagnosisID,name) values("58450","28943","1095","mad's");
insert into diagnoses(doctorID,patientID,diagnosisID,name) values("89746","93006","4791","Sagittarius");
insert into diagnoses(doctorID,patientID,diagnosisID,name) values("97794","480","3831","Fresnel's");
insert into diagnoses(doctorID,patientID,diagnosisID,name) values("89746","23576","594","anthem");
insert into diagnoses(doctorID,patientID,diagnosisID,name) values("82745","42466","1701","Moll's");
insert into diagnoses(doctorID,patientID,diagnosisID,name) values("84191","26144","2483","libretto");
insert into diagnoses(doctorID,patientID,diagnosisID,name) values("79631","61494","1538","delinquently");
insert into diagnoses(doctorID,patientID,diagnosisID,name) values("33852","1415","2984","delphinium");
insert into diagnoses(doctorID,patientID,diagnosisID,name) values("29696","87841","7202","garbing");
insert into diagnoses(doctorID,patientID,diagnosisID,name) values("42588","8130","7843","restrictions");
insert into diagnoses(doctorID,patientID,diagnosisID,name) values("89746","72443","8145","Kuomintang");
insert into diagnoses(doctorID,patientID,diagnosisID,name) values("5338","88703","833","crowned");
insert into diagnoses(doctorID,patientID,diagnosisID,name) values("7409","84128","2406","wallop");
insert into diagnoses(doctorID,patientID,diagnosisID,name) values("45141","16151","3836","Redford");
insert into diagnoses(doctorID,patientID,diagnosisID,name) values("11224","70093","1718","wallop");
insert into diagnoses(doctorID,patientID,diagnosisID,name) values("26322","97811","3519","delphinium");
insert into Admits(employeeID,patientID,timeAdmitted) values("82767","274","2014-01-13T06:47:39.000Z");
insert into Admits(employeeID,patientID,timeAdmitted) values("65812","72792","2016-02-29T18:53:42.000Z");
insert into Admits(employeeID,patientID,timeAdmitted) values("44604","10000","2016-04-18T12:13:02.000Z");
insert into Admits(employeeID,patientID,timeAdmitted) values("80533","55673","2015-02-19T09:40:29.000Z");
insert into Admits(employeeID,patientID,timeAdmitted) values("84191","72517","2014-01-25T05:51:59.000Z");
insert into Admits(employeeID,patientID,timeAdmitted) values("93402","50537","2016-02-10T13:27:32.000Z");
insert into Admits(employeeID,patientID,timeAdmitted) values("44604","75442","2014-01-02T18:14:32.000Z");
insert into Admits(employeeID,patientID,timeAdmitted) values("44604","10789","2014-01-03T03:57:48.000Z");
insert into Admits(employeeID,patientID,timeAdmitted) values("29696","95961","2015-03-01T23:48:08.000Z");
insert into Admits(employeeID,patientID,timeAdmitted) values("66949","82224","2016-01-28T01:08:50.000Z");
insert into Admits(employeeID,patientID,timeAdmitted) values("29696","53403","2014-01-26T17:38:14.000Z");
insert into Admits(employeeID,patientID,timeAdmitted) values("89500","9689","2016-10-16T15:39:22.000Z");
insert into Admits(employeeID,patientID,timeAdmitted) values("44604","15555","2014-01-15T10:36:42.000Z");
insert into Admits(employeeID,patientID,timeAdmitted) values("84191","89644","2016-02-21T11:57:47.000Z");
insert into Admits(employeeID,patientID,timeAdmitted) values("27303","31402","2015-05-04T04:02:12.000Z");
insert into Admits(employeeID,patientID,timeAdmitted) values("4258","49544","2015-03-23T14:31:55.000Z");
insert into Admits(employeeID,patientID,timeAdmitted) values("37843","42872","2013-12-31T19:08:32.000Z");
insert into Admits(employeeID,patientID,timeAdmitted) values("77360","50801","2014-01-26T12:58:32.000Z");
insert into Admits(employeeID,patientID,timeAdmitted) values("30119","31654","2014-01-07T19:47:22.000Z");
insert into Admits(employeeID,patientID,timeAdmitted) values("98189","12041","2015-01-02T00:21:58.000Z");
insert into Admits(employeeID,patientID,timeAdmitted) values("38152","47947","2015-05-05T21:17:12.000Z");
insert into Admits(employeeID,patientID,timeAdmitted) values("30119","48237","2015-11-04T02:31:31.000Z");
insert into Admits(employeeID,patientID,timeAdmitted) values("98700","27218","2015-06-10T02:16:32.000Z");
insert into Admits(employeeID,patientID,timeAdmitted) values("75157","31402","2016-12-16T10:13:34.000Z");
insert into Admits(employeeID,patientID,timeAdmitted) values("98700","84809","2015-04-16T02:31:48.000Z");
insert into Admits(employeeID,patientID,timeAdmitted) values("45141","54468","2016-05-05T23:11:52.000Z");
insert into Admits(employeeID,patientID,timeAdmitted) values("5338","13323","2016-02-20T21:11:01.000Z");
insert into Admits(employeeID,patientID,timeAdmitted) values("42520","81284","2014-01-05T14:37:24.000Z");
insert into Admits(employeeID,patientID,timeAdmitted) values("93402","54441","2014-01-12T04:49:27.000Z");
insert into Admits(employeeID,patientID,timeAdmitted) values("82767","60687","2014-01-13T17:18:33.000Z");
insert into Admits(employeeID,patientID,timeAdmitted) values("42520","79119","2016-03-17T21:48:55.000Z");
insert into Admits(employeeID,patientID,timeAdmitted) values("7290","38511","2014-01-12T11:22:18.000Z");
insert into Admits(employeeID,patientID,timeAdmitted) values("42520","8674","2014-01-22T14:50:11.000Z");
insert into Admits(employeeID,patientID,timeAdmitted) values("98700","40274","2016-06-02T18:01:58.000Z");
insert into Admits(employeeID,patientID,timeAdmitted) values("44604","89614","2014-01-09T08:01:02.000Z");
insert into Admits(employeeID,patientID,timeAdmitted) values("77360","50537","2016-11-06T20:12:40.000Z");
insert into Admits(employeeID,patientID,timeAdmitted) values("79631","13470","2014-01-04T16:53:23.000Z");
insert into Admits(employeeID,patientID,timeAdmitted) values("98189","49714","2014-01-16T19:09:27.000Z");
insert into Admits(employeeID,patientID,timeAdmitted) values("65812","92623","2016-07-27T15:47:16.000Z");
insert into Admits(employeeID,patientID,timeAdmitted) values("79631","75442","2016-12-26T07:06:15.000Z");
insert into Admits(employeeID,patientID,timeAdmitted) values("30119","54468","2016-12-27T08:13:19.000Z");
insert into Admits(employeeID,patientID,timeAdmitted) values("89500","31633","2015-05-23T14:01:56.000Z");
insert into Admits(employeeID,patientID,timeAdmitted) values("69575","75442","2016-12-27T20:12:52.000Z");
insert into Admits(employeeID,patientID,timeAdmitted) values("27634","48699","2016-04-02T07:29:17.000Z");
insert into Admits(employeeID,patientID,timeAdmitted) values("10108","75888","2014-01-11T17:23:57.000Z");
insert into Admits(employeeID,patientID,timeAdmitted) values("7290","81359","2016-02-09T11:18:41.000Z");
insert into Admits(employeeID,patientID,timeAdmitted) values("79631","75888","2016-10-08T09:23:39.000Z");
insert into Admits(employeeID,patientID,timeAdmitted) values("45141","3275","2016-06-06T22:59:09.000Z");
insert into Admits(employeeID,patientID,timeAdmitted) values("5299","75243","2016-03-16T13:16:06.000Z");
insert into Admits(employeeID,patientID,timeAdmitted) values("5338","27218","2016-06-24T18:39:04.000Z");
insert into Admits(employeeID,patientID,timeAdmitted) values("87013","50970","2016-08-24T04:31:38.000Z");
insert into Admits(employeeID,patientID,timeAdmitted) values("75157","52137","2015-04-10T20:23:43.000Z");
insert into Admits(employeeID,patientID,timeAdmitted) values("7290","23294","2015-05-03T09:44:29.000Z");
insert into Admits(employeeID,patientID,timeAdmitted) values("76457","84809","2016-08-23T19:30:39.000Z");
insert into Admits(employeeID,patientID,timeAdmitted) values("30119","95698","2014-01-02T21:40:44.000Z");
insert into Admits(employeeID,patientID,timeAdmitted) values("45141","23294","2016-06-30T16:59:33.000Z");
insert into Admits(employeeID,patientID,timeAdmitted) values("84191","43740","2015-10-21T22:24:41.000Z");
insert into Admits(employeeID,patientID,timeAdmitted) values("4258","79119","2016-12-16T03:09:15.000Z");
insert into Admits(employeeID,patientID,timeAdmitted) values("98189","55698","2014-01-17T13:10:23.000Z");
insert into Admits(employeeID,patientID,timeAdmitted) values("76457","50801","2016-11-16T22:12:35.000Z");
insert into Admits(employeeID,patientID,timeAdmitted) values("38152","75243","2016-11-18T03:13:49.000Z");
insert into Admits(employeeID,patientID,timeAdmitted) values("66949","96426","2014-01-14T18:50:16.000Z");
insert into Admits(employeeID,patientID,timeAdmitted) values("37843","31654","2016-06-07T08:02:28.000Z");
insert into Admits(employeeID,patientID,timeAdmitted) values("27303","89614","2016-04-22T14:26:53.000Z");
insert into Admits(employeeID,patientID,timeAdmitted) values("30119","53912","2015-05-15T21:06:25.000Z");
insert into Admits(employeeID,patientID,timeAdmitted) values("69575","13323","2016-09-30T19:50:02.000Z");
insert into Admits(employeeID,patientID,timeAdmitted) values("27303","13323","2016-11-27T21:48:05.000Z");
insert into Admits(employeeID,patientID,timeAdmitted) values("5299","37679","2014-01-27T16:04:59.000Z");
insert into Admits(employeeID,patientID,timeAdmitted) values("41730","29760","2016-08-10T11:32:01.000Z");
insert into Admits(employeeID,patientID,timeAdmitted) values("84191","99502","2015-03-08T15:07:41.000Z");
insert into Admits(employeeID,patientID,timeAdmitted) values("30119","45079","2015-05-02T01:43:43.000Z");
insert into Admits(employeeID,patientID,timeAdmitted) values("98700","75442","2016-12-28T01:51:22.000Z");
insert into Admits(employeeID,patientID,timeAdmitted) values("5299","67417","2014-01-20T15:21:43.000Z");
insert into Admits(employeeID,patientID,timeAdmitted) values("30119","92225","2015-04-20T00:53:03.000Z");
insert into Admits(employeeID,patientID,timeAdmitted) values("27303","72792","2016-11-23T05:09:40.000Z");
insert into Admits(employeeID,patientID,timeAdmitted) values("66949","59546","2014-01-04T17:46:02.000Z");
insert into Admits(employeeID,patientID,timeAdmitted) values("77360","50801","2016-12-08T01:50:14.000Z");
insert into Admits(employeeID,patientID,timeAdmitted) values("93402","39929","2015-10-12T16:56:49.000Z");
insert into Admits(employeeID,patientID,timeAdmitted) values("69575","10789","2016-05-13T13:12:14.000Z");
insert into Admits(employeeID,patientID,timeAdmitted) values("44604","57086","2015-03-02T22:17:05.000Z");
insert into Admits(employeeID,patientID,timeAdmitted) values("69575","75943","2016-01-26T05:21:03.000Z");
insert into Admits(employeeID,patientID,timeAdmitted) values("41730","50970","2016-12-27T00:54:30.000Z");
insert into Admits(employeeID,patientID,timeAdmitted) values("38152","43740","2016-03-17T21:36:09.000Z");
insert into Admits(employeeID,patientID,timeAdmitted) values("22744","72037","2014-01-04T23:27:38.000Z");
insert into Admits(employeeID,patientID,timeAdmitted) values("5338","72792","2016-12-16T12:01:42.000Z");
insert into Admits(employeeID,patientID,timeAdmitted) values("29696","33929","2016-05-31T23:50:53.000Z");
insert into Admits(employeeID,patientID,timeAdmitted) values("79631","37679","2016-11-07T13:51:10.000Z");
insert into Admits(employeeID,patientID,timeAdmitted) values("5299","52137","2016-11-20T02:16:56.000Z");
insert into Admits(employeeID,patientID,timeAdmitted) values("65812","85432","2015-02-20T01:12:43.000Z");
insert into Admits(employeeID,patientID,timeAdmitted) values("98189","27218","2016-11-27T18:49:41.000Z");
insert into Admits(employeeID,patientID,timeAdmitted) values("93402","54441","2016-04-07T22:41:22.000Z");
insert into Admits(employeeID,patientID,timeAdmitted) values("37843","70192","2015-05-02T07:49:24.000Z");
insert into Admits(employeeID,patientID,timeAdmitted) values("98189","75943","2016-07-23T21:06:48.000Z");
insert into Admits(employeeID,patientID,timeAdmitted) values("87013","45604","2014-01-01T22:02:30.000Z");
insert into Admits(employeeID,patientID,timeAdmitted) values("65812","13323","2016-12-16T03:15:29.000Z");
insert into Admits(employeeID,patientID,timeAdmitted) values("65812","10000","2016-11-02T17:38:43.000Z");
insert into Admits(employeeID,patientID,timeAdmitted) values("77342","97811","2013-12-31T08:49:41.000Z");
insert into Admits(employeeID,patientID,timeAdmitted) values("29696","9689","2016-12-19T03:14:05.000Z");
insert into Admits(employeeID,patientID,timeAdmitted) values("5299","97811","2016-11-22T14:56:57.000Z");
insert into Admits(employeeID,patientID,timeAdmitted) values("5338","81359","2016-11-16T14:07:31.000Z");
insert into Admits(employeeID,patientID,timeAdmitted) values("80533","31654","2016-12-26T21:23:10.000Z");
insert into Admits(employeeID,patientID,timeAdmitted) values("98700","89498","2016-06-13T20:51:06.000Z");
insert into Admits(employeeID,patientID,timeAdmitted) values("77360","54468","2016-12-28T05:19:37.000Z");
insert into Admits(employeeID,patientID,timeAdmitted) values("82767","59546","2016-12-26T03:49:02.000Z");
insert into Admits(employeeID,patientID,timeAdmitted) values("45141","27218","2016-12-28T00:47:13.000Z");
insert into Admits(employeeID,patientID,timeAdmitted) values("75157","56697","2014-01-10T03:45:29.000Z");
insert into Admits(employeeID,patientID,timeAdmitted) values("75157","83414","2015-05-14T16:03:24.000Z");
insert into Admits(employeeID,patientID,timeAdmitted) values("22744","37091","2014-01-22T22:54:58.000Z");
insert into Admits(employeeID,patientID,timeAdmitted) values("44604","37679","2016-12-27T15:37:57.000Z");
insert into Admits(employeeID,patientID,timeAdmitted) values("93402","56851","2016-03-09T15:37:13.000Z");
insert into Admits(employeeID,patientID,timeAdmitted) values("65812","50537","2016-12-27T09:55:20.000Z");
insert into Admits(employeeID,patientID,timeAdmitted) values("22744","37679","2016-12-28T02:32:08.000Z");
insert into Admits(employeeID,patientID,timeAdmitted) values("77342","92623","2016-09-16T19:46:26.000Z");
insert into Admits(employeeID,patientID,timeAdmitted) values("37843","50801","2016-12-16T22:18:45.000Z");
insert into Admits(employeeID,patientID,timeAdmitted) values("5299","39929","2016-12-14T20:01:49.000Z");
insert into Admits(employeeID,patientID,timeAdmitted) values("30119","67417","2016-02-06T20:42:18.000Z");
insert into Admits(employeeID,patientID,timeAdmitted) values("75157","26476","2016-02-25T02:58:05.000Z");
insert into Admits(employeeID,patientID,timeAdmitted) values("27303","98164","2016-03-23T16:38:46.000Z");
insert into Admits(employeeID,patientID,timeAdmitted) values("75157","53326","2014-01-24T14:47:28.000Z");
insert into Admits(employeeID,patientID,timeAdmitted) values("42520","42872","2015-12-10T08:53:02.000Z");
insert into Admits(employeeID,patientID,timeAdmitted) values("98189","70192","2016-06-03T01:32:13.000Z");
insert into Admits(employeeID,patientID,timeAdmitted) values("5299","13323","2016-12-26T22:38:38.000Z");
insert into Admits(employeeID,patientID,timeAdmitted) values("29696","89644","2016-12-06T23:39:07.000Z");
insert into Admits(employeeID,patientID,timeAdmitted) values("77360","18216","2014-01-15T05:07:11.000Z");
insert into Admits(employeeID,patientID,timeAdmitted) values("84191","13323","2016-12-28T02:02:49.000Z");
insert into Admits(employeeID,patientID,timeAdmitted) values("5299","92225","2016-07-23T22:37:45.000Z");
insert into Admits(employeeID,patientID,timeAdmitted) values("22744","59930","2014-01-22T08:34:27.000Z");
insert into Admits(employeeID,patientID,timeAdmitted) values("79631","55698","2016-07-03T18:37:37.000Z");
insert into Admits(employeeID,patientID,timeAdmitted) values("29696","18216","2016-08-05T04:58:13.000Z");
insert into Admits(employeeID,patientID,timeAdmitted) values("65812","92225","2016-12-05T00:57:33.000Z");
insert into Admits(employeeID,patientID,timeAdmitted) values("4258","38737","2014-01-07T09:49:14.000Z");
insert into Admits(employeeID,patientID,timeAdmitted) values("27634","56851","2016-09-11T10:25:53.000Z");
insert into Admits(employeeID,patientID,timeAdmitted) values("41730","6839","2016-03-04T16:06:39.000Z");
insert into Admits(employeeID,patientID,timeAdmitted) values("89500","81359","2016-12-28T02:06:47.000Z");
insert into Admits(employeeID,patientID,timeAdmitted) values("37843","97811","2016-12-17T15:33:11.000Z");
insert into Admits(employeeID,patientID,timeAdmitted) values("38152","42872","2016-06-27T20:26:48.000Z");
insert into Admits(employeeID,patientID,timeAdmitted) values("42520","99502","2016-11-14T19:58:06.000Z");
insert into Admits(employeeID,patientID,timeAdmitted) values("45141","45079","2016-12-19T01:49:03.000Z");
insert into Admits(employeeID,patientID,timeAdmitted) values("75157","92225","2016-12-25T20:21:07.000Z");
insert into Admits(employeeID,patientID,timeAdmitted) values("30119","89644","2016-12-26T23:43:11.000Z");
insert into Admits(employeeID,patientID,timeAdmitted) values("41730","37679","2016-12-28T05:10:40.000Z");
insert into Admits(employeeID,patientID,timeAdmitted) values("41730","40274","2016-11-19T05:39:17.000Z");
insert into Admits(employeeID,patientID,timeAdmitted) values("89746","48237","2016-11-21T05:20:37.000Z");
insert into Admits(employeeID,patientID,timeAdmitted) values("87013","83414","2016-06-01T19:38:35.000Z");
insert into Admits(employeeID,patientID,timeAdmitted) values("77342","72517","2016-10-11T12:20:59.000Z");
insert into Admits(employeeID,patientID,timeAdmitted) values("75157","37869","2015-11-16T23:15:00.000Z");
insert into Admits(employeeID,patientID,timeAdmitted) values("79631","39955","2015-07-22T03:16:50.000Z");
insert into Admits(employeeID,patientID,timeAdmitted) values("22744","59930","2016-08-01T21:34:54.000Z");
insert into Admits(employeeID,patientID,timeAdmitted) values("41730","45604","2016-10-07T15:19:14.000Z");
insert into Admits(employeeID,patientID,timeAdmitted) values("37843","53403","2016-02-18T01:29:40.000Z");
insert into Admits(employeeID,patientID,timeAdmitted) values("10108","45079","2016-12-23T17:51:12.000Z");
insert into Admits(employeeID,patientID,timeAdmitted) values("98700","37869","2016-10-22T11:49:57.000Z");
insert into Admits(employeeID,patientID,timeAdmitted) values("29696","93186","2014-01-07T23:16:55.000Z");
insert into Admits(employeeID,patientID,timeAdmitted) values("10108","58347","2016-02-25T11:18:04.000Z");
insert into Admits(employeeID,patientID,timeAdmitted) values("5299","74270","2015-01-06T16:13:53.000Z");
insert into Admits(employeeID,patientID,timeAdmitted) values("47333","31633","2016-03-15T23:09:59.000Z");
insert into Admits(employeeID,patientID,timeAdmitted) values("44604","31654","2016-12-28T03:43:15.000Z");
insert into Admits(employeeID,patientID,timeAdmitted) values("5299","48237","2016-11-25T18:09:57.000Z");
insert into Admits(employeeID,patientID,timeAdmitted) values("44604","74270","2016-09-03T02:04:46.000Z");
insert into Admits(employeeID,patientID,timeAdmitted) values("77360","75888","2016-11-05T05:57:53.000Z");
insert into Admits(employeeID,patientID,timeAdmitted) values("76457","54468","2016-12-28T05:29:17.000Z");
insert into Admits(employeeID,patientID,timeAdmitted) values("77360","27218","2016-12-28T04:25:34.000Z");
insert into Admits(employeeID,patientID,timeAdmitted) values("47333","56851","2016-12-21T01:35:56.000Z");
insert into Admits(employeeID,patientID,timeAdmitted) values("98189","81414","2014-12-31T10:14:13.000Z");
insert into Admits(employeeID,patientID,timeAdmitted) values("89500","53326","2016-12-11T23:48:33.000Z");
insert into Admits(employeeID,patientID,timeAdmitted) values("77342","52137","2016-12-24T14:14:15.000Z");
insert into Admits(employeeID,patientID,timeAdmitted) values("22744","26476","2016-12-13T19:50:45.000Z");
insert into Admits(employeeID,patientID,timeAdmitted) values("44604","79119","2016-12-25T22:34:57.000Z");
insert into Admits(employeeID,patientID,timeAdmitted) values("10108","72517","2016-12-08T20:54:12.000Z");
insert into Admits(employeeID,patientID,timeAdmitted) values("5338","99502","2016-12-11T08:54:03.000Z");
insert into Admits(employeeID,patientID,timeAdmitted) values("30119","93006","2016-01-22T07:42:22.000Z");
insert into Admits(employeeID,patientID,timeAdmitted) values("79631","95961","2016-10-06T12:18:22.000Z");
insert into Admits(employeeID,patientID,timeAdmitted) values("98189","92674","2015-07-14T16:40:34.000Z");
insert into Admits(employeeID,patientID,timeAdmitted) values("76457","59930","2016-09-23T10:21:34.000Z");
insert into Admits(employeeID,patientID,timeAdmitted) values("84191","8674","2016-04-14T04:17:13.000Z");
insert into Admits(employeeID,patientID,timeAdmitted) values("84191","53912","2016-07-06T15:33:12.000Z");
insert into Admits(employeeID,patientID,timeAdmitted) values("77342","55698","2016-10-03T05:51:35.000Z");
insert into Admits(employeeID,patientID,timeAdmitted) values("44604","26476","2016-12-27T05:05:05.000Z");
insert into Admits(employeeID,patientID,timeAdmitted) values("77360","8674","2016-11-09T10:26:57.000Z");
insert into Admits(employeeID,patientID,timeAdmitted) values("30119","99502","2016-12-25T23:07:53.000Z");
insert into Admits(employeeID,patientID,timeAdmitted) values("27634","72517","2016-12-25T20:58:03.000Z");
insert into Admits(employeeID,patientID,timeAdmitted) values("82767","54441","2016-09-27T08:28:03.000Z");
insert into Admits(employeeID,patientID,timeAdmitted) values("5299","13323","2016-12-28T03:41:11.000Z");
insert into Admits(employeeID,patientID,timeAdmitted) values("79631","54441","2016-12-15T02:35:54.000Z");
insert into Admits(employeeID,patientID,timeAdmitted) values("41730","59930","2016-12-17T03:41:47.000Z");
insert into Admits(employeeID,patientID,timeAdmitted) values("77342","37091","2015-12-11T15:18:32.000Z");
insert into Admits(employeeID,patientID,timeAdmitted) values("38152","31402","2016-12-27T06:20:06.000Z");
insert into Admits(employeeID,patientID,timeAdmitted) values("84191","72792","2016-12-21T22:22:57.000Z");
insert into Admits(employeeID,patientID,timeAdmitted) values("42520","56851","2016-12-26T23:04:54.000Z");
insert into Admits(employeeID,patientID,timeAdmitted) values("89500","47952","2016-02-10T02:13:30.000Z");
insert into Admits(employeeID,patientID,timeAdmitted) values("38152","23576","2015-02-01T15:27:08.000Z");
insert into Admits(employeeID,patientID,timeAdmitted) values("69575","43740","2016-07-09T02:29:07.000Z");
insert into Admits(employeeID,patientID,timeAdmitted) values("5299","48237","2016-12-24T22:09:51.000Z");
insert into Admits(employeeID,patientID,timeAdmitted) values("66949","48699","2016-11-15T20:35:34.000Z");
insert into Admits(employeeID,patientID,timeAdmitted) values("4258","99502","2016-12-28T01:21:29.000Z");
insert into Admits(employeeID,patientID,timeAdmitted) values("45141","89614","2016-12-11T16:05:56.000Z");
insert into Admits(employeeID,patientID,timeAdmitted) values("37843","18216","2016-11-22T08:21:35.000Z");
insert into Admits(employeeID,patientID,timeAdmitted) values("5338","52137","2016-12-28T01:03:16.000Z");
insert into Admits(employeeID,patientID,timeAdmitted) values("89500","37091","2016-11-06T13:15:38.000Z");
insert into Admits(employeeID,patientID,timeAdmitted) values("98189","97222","2016-12-25T09:43:49.000Z");
insert into Diagnoses(doctorID,patientID,diagnosisID,name) values("79631","89644","6241","beetle");
insert into Diagnoses(doctorID,patientID,diagnosisID,name) values("37843","59546","5792","Genoas");
insert into Diagnoses(doctorID,patientID,diagnosisID,name) values("75157","95961","4939","delphinium");
insert into Diagnoses(doctorID,patientID,diagnosisID,name) values("79631","75888","8810","bantam");
insert into Diagnoses(doctorID,patientID,diagnosisID,name) values("89500","10000","6115","Aquarius's");
insert into Diagnoses(doctorID,patientID,diagnosisID,name) values("76457","9689","3232","Epictetus");
insert into Diagnoses(doctorID,patientID,diagnosisID,name) values("93402","75442","9559","Hallmark");
insert into Diagnoses(doctorID,patientID,diagnosisID,name) values("98700","59546","3285","misgivings");
insert into Diagnoses(doctorID,patientID,diagnosisID,name) values("38152","13323","8943","sprat");
insert into Diagnoses(doctorID,patientID,diagnosisID,name) values("79631","6839","3367","wrought");
insert into Diagnoses(doctorID,patientID,diagnosisID,name) values("77360","50970","4374","mortician's");
insert into Diagnoses(doctorID,patientID,diagnosisID,name) values("44604","45079","1025","Dartmoor");
insert into Diagnoses(doctorID,patientID,diagnosisID,name) values("84191","59930","4173","Mfume's");
insert into Diagnoses(doctorID,patientID,diagnosisID,name) values("27303","81284","543","financing's");
insert into Diagnoses(doctorID,patientID,diagnosisID,name) values("82767","79119","5402","feudalism");
insert into Diagnoses(doctorID,patientID,diagnosisID,name) values("65812","45079","3186","arranger's");
insert into Diagnoses(doctorID,patientID,diagnosisID,name) values("44604","10789","2686","runarounds");
insert into Diagnoses(doctorID,patientID,diagnosisID,name) values("7290","31654","411","Moll's");
insert into Diagnoses(doctorID,patientID,diagnosisID,name) values("29696","26476","4660","Sapporo's");
insert into Diagnoses(doctorID,patientID,diagnosisID,name) values("4258","56851","2324","frigidity");
insert into Diagnoses(doctorID,patientID,diagnosisID,name) values("5338","52137","3086","Sagittarius");
insert into Diagnoses(doctorID,patientID,diagnosisID,name) values("45141","39929","4790","polynomials");
insert into Diagnoses(doctorID,patientID,diagnosisID,name) values("79631","92225","7279","anthem");
insert into Diagnoses(doctorID,patientID,diagnosisID,name) values("27634","45604","3761","arranger's");
insert into Diagnoses(doctorID,patientID,diagnosisID,name) values("30119","29760","5876","ruffles");
insert into Diagnoses(doctorID,patientID,diagnosisID,name) values("98189","89644","6611","unwariness's");
insert into Diagnoses(doctorID,patientID,diagnosisID,name) values("5299","81284","617","Sapporo's");
insert into Diagnoses(doctorID,patientID,diagnosisID,name) values("79631","97811","7164","privates");
insert into Diagnoses(doctorID,patientID,diagnosisID,name) values("30119","52137","9711","pesticide's");
insert into Diagnoses(doctorID,patientID,diagnosisID,name) values("22744","26476","7977","wallop");
insert into Diagnoses(doctorID,patientID,diagnosisID,name) values("66949","79119","1050","refilling");
insert into Diagnoses(doctorID,patientID,diagnosisID,name) values("45141","53403","7331","Kuomintang");
insert into Diagnoses(doctorID,patientID,diagnosisID,name) values("22744","38511","4374","Maccabeus's");
insert into Diagnoses(doctorID,patientID,diagnosisID,name) values("37843","79119","8673","libretto");
insert into Diagnoses(doctorID,patientID,diagnosisID,name) values("77342","37091","7788","glorified");
insert into Diagnoses(doctorID,patientID,diagnosisID,name) values("77342","59930","4133","Epictetus");
insert into Diagnoses(doctorID,patientID,diagnosisID,name) values("45141","89614","5328","despoil");
insert into Diagnoses(doctorID,patientID,diagnosisID,name) values("77342","10789","7288","vales");
insert into Diagnoses(doctorID,patientID,diagnosisID,name) values("44604","89614","2280","Foreman's");
insert into Diagnoses(doctorID,patientID,diagnosisID,name) values("45141","67417","2332","vales");
insert into Diagnoses(doctorID,patientID,diagnosisID,name) values("87013","23576","8799","inquires");
insert into Diagnoses(doctorID,patientID,diagnosisID,name) values("77342","37869","6534","privates");
insert into Diagnoses(doctorID,patientID,diagnosisID,name) values("98189","45604","9973","windmills");
insert into Diagnoses(doctorID,patientID,diagnosisID,name) values("22744","38737","5402","financing's");
insert into Diagnoses(doctorID,patientID,diagnosisID,name) values("87013","42872","2053","vales");
insert into Diagnoses(doctorID,patientID,diagnosisID,name) values("22744","56851","6509","financing's");
insert into Diagnoses(doctorID,patientID,diagnosisID,name) values("37843","70192","5818","sovereign's");
insert into Diagnoses(doctorID,patientID,diagnosisID,name) values("10108","39955","2157","beetle");
insert into Diagnoses(doctorID,patientID,diagnosisID,name) values("38152","67417","1239","Mfume's");
insert into Diagnoses(doctorID,patientID,diagnosisID,name) values("98189","92225","1776","dashes");
insert into Diagnoses(doctorID,patientID,diagnosisID,name) values("75157","13323","5567","privates");
insert into Diagnoses(doctorID,patientID,diagnosisID,name) values("5338","39955","7896","list's");
insert into Diagnoses(doctorID,patientID,diagnosisID,name) values("30119","97811","5001","frigidity");
insert into Diagnoses(doctorID,patientID,diagnosisID,name) values("84191","10000","3581","whorl");
insert into Diagnoses(doctorID,patientID,diagnosisID,name) values("93402","97811","4489","Biscayne");
insert into Diagnoses(doctorID,patientID,diagnosisID,name) values("42520","9689","5391","Roger");
insert into Diagnoses(doctorID,patientID,diagnosisID,name) values("44604","97811","4564","bimbo");
insert into Diagnoses(doctorID,patientID,diagnosisID,name) values("45141","92225","4249","Redford");
insert into Diagnoses(doctorID,patientID,diagnosisID,name) values("38152","53912","349","beetle");
insert into Diagnoses(doctorID,patientID,diagnosisID,name) values("98189","74270","9207","muscularity's");
insert into Diagnoses(doctorID,patientID,diagnosisID,name) values("5299","13323","9113","Micheal");
insert into Diagnoses(doctorID,patientID,diagnosisID,name) values("65812","27218","2901","Milan");
insert into Diagnoses(doctorID,patientID,diagnosisID,name) values("75157","26476","3082","Foreman's");
insert into Diagnoses(doctorID,patientID,diagnosisID,name) values("77342","72517","3578","ruffles");
insert into Diagnoses(doctorID,patientID,diagnosisID,name) values("44604","60687","6872","pesticide's");
insert into Diagnoses(doctorID,patientID,diagnosisID,name) values("76457","37679","7336","rebuke's");
insert into Diagnoses(doctorID,patientID,diagnosisID,name) values("82767","37679","3714","mortician's");
insert into Diagnoses(doctorID,patientID,diagnosisID,name) values("41730","10000","8902","financing's");
insert into Diagnoses(doctorID,patientID,diagnosisID,name) values("77342","27218","4762","Milan");
insert into Diagnoses(doctorID,patientID,diagnosisID,name) values("4258","50537","3186","Sapporo's");
insert into Diagnoses(doctorID,patientID,diagnosisID,name) values("84191","9689","5774","dashes");
insert into Diagnoses(doctorID,patientID,diagnosisID,name) values("98700","81359","6890","harmlessly");
insert into Diagnoses(doctorID,patientID,diagnosisID,name) values("77360","37679","6458","enunciation's");
insert into Diagnoses(doctorID,patientID,diagnosisID,name) values("30119","23294","1468","Genoas");
insert into Diagnoses(doctorID,patientID,diagnosisID,name) values("29696","27218","591","Fresnel's");
insert into Diagnoses(doctorID,patientID,diagnosisID,name) values("42520","26476","8265","atlas");
insert into Diagnoses(doctorID,patientID,diagnosisID,name) values("89500","56851","5596","lassie's");
insert into Diagnoses(doctorID,patientID,diagnosisID,name) values("5299","89644","2761","syncs");
insert into Diagnoses(doctorID,patientID,diagnosisID,name) values("87013","3275","5593","wishful");
insert into Diagnoses(doctorID,patientID,diagnosisID,name) values("30119","12041","4878","vales");
insert into Diagnoses(doctorID,patientID,diagnosisID,name) values("66949","75943","2255","coagulant's");
insert into Diagnoses(doctorID,patientID,diagnosisID,name) values("41730","12041","6094","azimuth's");
insert into Diagnoses(doctorID,patientID,diagnosisID,name) values("45141","75442","7180","debasement's");
insert into Diagnoses(doctorID,patientID,diagnosisID,name) values("27634","89644","1025","mediocrity");
insert into Diagnoses(doctorID,patientID,diagnosisID,name) values("84191","70192","7669","whorl");
insert into Diagnoses(doctorID,patientID,diagnosisID,name) values("44604","84809","6746","arranger's");
insert into Diagnoses(doctorID,patientID,diagnosisID,name) values("29696","97811","5679","azimuth's");
insert into Diagnoses(doctorID,patientID,diagnosisID,name) values("77360","72517","7244","sprat");
insert into Diagnoses(doctorID,patientID,diagnosisID,name) values("41730","47952","5715","Mfume's");
insert into Diagnoses(doctorID,patientID,diagnosisID,name) values("44604","59930","6652","vales");
insert into Diagnoses(doctorID,patientID,diagnosisID,name) values("5299","45079","7469","technical");
insert into Diagnoses(doctorID,patientID,diagnosisID,name) values("27303","55698","6264","wallop");
insert into Diagnoses(doctorID,patientID,diagnosisID,name) values("29696","53403","9358","musses");
insert into Diagnoses(doctorID,patientID,diagnosisID,name) values("30119","92225","4325","Ca's");
insert into Diagnoses(doctorID,patientID,diagnosisID,name) values("98189","27218","9831","Biscayne");
insert into Diagnoses(doctorID,patientID,diagnosisID,name) values("98700","48699","565","Maccabeus's");
insert into Diagnoses(doctorID,patientID,diagnosisID,name) values("4258","79119","9036","Aquarius's");
insert into Diagnoses(doctorID,patientID,diagnosisID,name) values("27634","37679","4187","complying");
insert into Diagnoses(doctorID,patientID,diagnosisID,name) values("5299","48699","307","Redford");
insert into Diagnoses(doctorID,patientID,diagnosisID,name) values("65812","48237","7592","delinquently");
insert into Diagnoses(doctorID,patientID,diagnosisID,name) values("10108","43740","7068","Fresnel's");
insert into Diagnoses(doctorID,patientID,diagnosisID,name) values("5338","75442","4539","Biscayne");
insert into Diagnoses(doctorID,patientID,diagnosisID,name) values("30119","8674","1338","glorified");
insert into Diagnoses(doctorID,patientID,diagnosisID,name) values("98189","13323","5971","Aquarius's");
insert into Diagnoses(doctorID,patientID,diagnosisID,name) values("29696","82224","8683","rechecked");
insert into Diagnoses(doctorID,patientID,diagnosisID,name) values("79631","52137","9792","windmills");
insert into Diagnoses(doctorID,patientID,diagnosisID,name) values("5299","56851","2023","ruffles");
insert into Diagnoses(doctorID,patientID,diagnosisID,name) values("29696","75943","8562","Winnebago's");
insert into Diagnoses(doctorID,patientID,diagnosisID,name) values("5299","55673","1596","list's");
insert into Diagnoses(doctorID,patientID,diagnosisID,name) values("89500","31633","9002","Milan");
insert into Diagnoses(doctorID,patientID,diagnosisID,name) values("84191","56851","1468","beetle");
insert into Diagnoses(doctorID,patientID,diagnosisID,name) values("75157","59930","9636","Aquarius's");
insert into Diagnoses(doctorID,patientID,diagnosisID,name) values("75157","92225","6084","arranger's");
insert into Diagnoses(doctorID,patientID,diagnosisID,name) values("22744","54468","8303","debasement's");
insert into Diagnoses(doctorID,patientID,diagnosisID,name) values("84191","42872","8479","sorest");
insert into Diagnoses(doctorID,patientID,diagnosisID,name) values("22744","75888","7773","harmonica's");
insert into Diagnoses(doctorID,patientID,diagnosisID,name) values("38152","75888","6161","Hallmark");
insert into Diagnoses(doctorID,patientID,diagnosisID,name) values("44604","59546","2562","Epictetus");
insert into Diagnoses(doctorID,patientID,diagnosisID,name) values("37843","10789","1726","restrictions");
insert into Diagnoses(doctorID,patientID,diagnosisID,name) values("5338","81359","7411","Epictetus");
insert into Diagnoses(doctorID,patientID,diagnosisID,name) values("75157","48237","5694","Taurus's");
insert into Diagnoses(doctorID,patientID,diagnosisID,name) values("5299","72517","2262","Foreman's");
insert into Diagnoses(doctorID,patientID,diagnosisID,name) values("93402","39955","9895","anthem");
insert into Diagnoses(doctorID,patientID,diagnosisID,name) values("98189","39929","2142","whorl");
insert into Diagnoses(doctorID,patientID,diagnosisID,name) values("77360","31402","435","whorl");
insert into Diagnoses(doctorID,patientID,diagnosisID,name) values("66949","31633","1828","Genoas");
insert into Diagnoses(doctorID,patientID,diagnosisID,name) values("29696","59930","5422","Sapporo's");
insert into Diagnoses(doctorID,patientID,diagnosisID,name) values("29696","6839","9720","frigidity");
insert into Diagnoses(doctorID,patientID,diagnosisID,name) values("76457","54441","9687","wrought");
insert into Diagnoses(doctorID,patientID,diagnosisID,name) values("41730","50537","4483","Micheal");
insert into Diagnoses(doctorID,patientID,diagnosisID,name) values("69575","48237","5422","despoil");
insert into Diagnoses(doctorID,patientID,diagnosisID,name) values("79631","8674","5618","Winnebago's");
insert into Diagnoses(doctorID,patientID,diagnosisID,name) values("98189","56851","958","muscularity's");
insert into Diagnoses(doctorID,patientID,diagnosisID,name) values("42520","43740","3254","windmills");
insert into Diagnoses(doctorID,patientID,diagnosisID,name) values("5299","49544","1304","bantam");
insert into Diagnoses(doctorID,patientID,diagnosisID,name) values("75157","9689","5463","wallop");
insert into Diagnoses(doctorID,patientID,diagnosisID,name) values("22744","27218","4304","Kuomintang");
insert into Diagnoses(doctorID,patientID,diagnosisID,name) values("77342","13323","4407","Milan");
insert into Diagnoses(doctorID,patientID,diagnosisID,name) values("4258","85432","5722","Moll's");
insert into Diagnoses(doctorID,patientID,diagnosisID,name) values("79631","47947","1119","despoil");
insert into Diagnoses(doctorID,patientID,diagnosisID,name) values("77342","67417","372","inquires");
insert into Diagnoses(doctorID,patientID,diagnosisID,name) values("44604","92225","2617","barely");
insert into Diagnoses(doctorID,patientID,diagnosisID,name) values("5338","72517","6145","bimbo");
insert into Diagnoses(doctorID,patientID,diagnosisID,name) values("69575","57086","2334","Andes's");
insert into Diagnoses(doctorID,patientID,diagnosisID,name) values("5299","84809","5306","thaws");
insert into Diagnoses(doctorID,patientID,diagnosisID,name) values("75157","79119","9318","wallop");
insert into Diagnoses(doctorID,patientID,diagnosisID,name) values("98189","56851","3039","Sapporo's");
insert into Diagnoses(doctorID,patientID,diagnosisID,name) values("7290","92225","6887","Epictetus");
insert into Diagnoses(doctorID,patientID,diagnosisID,name) values("79631","75442","6491","altruist's");
insert into Diagnoses(doctorID,patientID,diagnosisID,name) values("77360","23294","1500","syncs");
insert into Diagnoses(doctorID,patientID,diagnosisID,name) values("30119","31402","3939","delphinium");
insert into Diagnoses(doctorID,patientID,diagnosisID,name) values("10108","39929","26","wallop");
insert into Diagnoses(doctorID,patientID,diagnosisID,name) values("30119","57086","9133","misgivings");
insert into Diagnoses(doctorID,patientID,diagnosisID,name) values("44604","27218","161","Aquarius's");
insert into Diagnoses(doctorID,patientID,diagnosisID,name) values("84191","50537","6723","wrought");
insert into Diagnoses(doctorID,patientID,diagnosisID,name) values("77342","93186","8968","inquires");
insert into Diagnoses(doctorID,patientID,diagnosisID,name) values("66949","79119","4517","sprat");
insert into Diagnoses(doctorID,patientID,diagnosisID,name) values("98189","37869","1394","sprat");
insert into Diagnoses(doctorID,patientID,diagnosisID,name) values("79631","53912","538","list's");
insert into Diagnoses(doctorID,patientID,diagnosisID,name) values("75157","39929","2415","despoil");
insert into Diagnoses(doctorID,patientID,diagnosisID,name) values("87013","81284","9371","complying");
insert into Diagnoses(doctorID,patientID,diagnosisID,name) values("65812","54441","6451","cramp's");
insert into Diagnoses(doctorID,patientID,diagnosisID,name) values("5299","97222","7963","coagulant's");
insert into Diagnoses(doctorID,patientID,diagnosisID,name) values("5299","43740","4916","lassie's");
insert into Diagnoses(doctorID,patientID,diagnosisID,name) values("37843","27218","5629","Ca's");
insert into Diagnoses(doctorID,patientID,diagnosisID,name) values("44604","43740","4211","atlas");
insert into Diagnoses(doctorID,patientID,diagnosisID,name) values("5299","10789","2123","syncs");
insert into Diagnoses(doctorID,patientID,diagnosisID,name) values("77342","39955","4209","feudalism");
insert into Diagnoses(doctorID,patientID,diagnosisID,name) values("27303","18216","1998","windmills");
insert into Diagnoses(doctorID,patientID,diagnosisID,name) values("69575","49714","1051","mediocrity");
insert into Diagnoses(doctorID,patientID,diagnosisID,name) values("22744","38511","1582","Biscayne");
insert into Diagnoses(doctorID,patientID,diagnosisID,name) values("27303","9689","7903","Ca's");
insert into Diagnoses(doctorID,patientID,diagnosisID,name) values("30119","81359","1340","devolves");
insert into Diagnoses(doctorID,patientID,diagnosisID,name) values("89746","50537","4256","mortician's");
insert into Diagnoses(doctorID,patientID,diagnosisID,name) values("5299","42872","8958","Taurus's");
insert into Diagnoses(doctorID,patientID,diagnosisID,name) values("77360","92674","7153","glorified");
insert into Diagnoses(doctorID,patientID,diagnosisID,name) values("10108","72517","6158","mortician's");
insert into Diagnoses(doctorID,patientID,diagnosisID,name) values("5299","83414","4671","inquires");
insert into Diagnoses(doctorID,patientID,diagnosisID,name) values("42520","52137","6548","unwariness's");
insert into Diagnoses(doctorID,patientID,diagnosisID,name) values("65812","43740","8845","Viola");
insert into Diagnoses(doctorID,patientID,diagnosisID,name) values("65812","79119","6073","harmonica's");
insert into Diagnoses(doctorID,patientID,diagnosisID,name) values("77342","99502","1172","mediocrity");
insert into Diagnoses(doctorID,patientID,diagnosisID,name) values("77342","18216","3043","atlas");
insert into Diagnoses(doctorID,patientID,diagnosisID,name) values("76457","89614","1029","refilling");
insert into Diagnoses(doctorID,patientID,diagnosisID,name) values("5299","42872","6947","frigidity");
insert into Diagnoses(doctorID,patientID,diagnosisID,name) values("66949","48699","7822","Epictetus");
insert into Diagnoses(doctorID,patientID,diagnosisID,name) values("30119","54441","405","triglyceride");
insert into Diagnoses(doctorID,patientID,diagnosisID,name) values("79631","50537","7430","Sagittarius");
insert into Diagnoses(doctorID,patientID,diagnosisID,name) values("4258","75442","4397","sovereign's");
insert into Diagnoses(doctorID,patientID,diagnosisID,name) values("93402","54441","2371","Foreman's");
insert into Diagnoses(doctorID,patientID,diagnosisID,name) values("42520","54441","1167","Winnebago's");
insert into Diagnoses(doctorID,patientID,diagnosisID,name) values("41730","40274","8439","bantam");
insert into Diagnoses(doctorID,patientID,diagnosisID,name) values("65812","57086","3281","libretto");
insert into Diagnoses(doctorID,patientID,diagnosisID,name) values("75157","70192","926","financing's");
insert into Diagnoses(doctorID,patientID,diagnosisID,name) values("89500","92623","300","Carlton");
insert into Diagnoses(doctorID,patientID,diagnosisID,name) values("87013","23576","3877","muscularity's");
insert into Diagnoses(doctorID,patientID,diagnosisID,name) values("27303","23576","7862","crayoning");
insert into Diagnoses(doctorID,patientID,diagnosisID,name) values("98189","31633","3852","choppers");
insert into Diagnoses(doctorID,patientID,diagnosisID,name) values("77342","31402","6487","lassie's");
insert into Diagnoses(doctorID,patientID,diagnosisID,name) values("98189","75442","9855","barely");
insert into AssignedTo(doctorID,patientID) values("26322","274");
insert into AssignedTo(doctorID,patientID) values("97170","480");
insert into AssignedTo(doctorID,patientID) values("29696","4534");
insert into AssignedTo(doctorID,patientID) values("29696","9990");
insert into AssignedTo(doctorID,patientID) values("30119","4000");
insert into AssignedTo(doctorID,patientID) values("41730","2250");
insert into AssignedTo(doctorID,patientID) values("4258","55673");
insert into AssignedTo(doctorID,patientID) values("4258","70192");
insert into AssignedTo(doctorID,patientID) values("4258","73806");
insert into AssignedTo(doctorID,patientID) values("5299","70192");
insert into AssignedTo(doctorID,patientID) values("5338","23294");
insert into AssignedTo(doctorID,patientID) values("5338","31633");
insert into AssignedTo(doctorID,patientID) values("5338","73946");
insert into AssignedTo(doctorID,patientID) values("7290","53125");
insert into AssignedTo(doctorID,patientID) values("7290","92674");
insert into AssignedTo(doctorID,patientID) values("73994","1515");
insert into AssignedTo(doctorID,patientID) values("7409","15555");
insert into AssignedTo(doctorID,patientID) values("7409","75243");
insert into AssignedTo(doctorID,patientID) values("75157","1481");
insert into AssignedTo(doctorID,patientID) values("77360","4146");
insert into AssignedTo(doctorID,patientID) values("82767","9531");
insert into AssignedTo(doctorID,patientID) values("91333","6839");
insert into AssignedTo(doctorID,patientID) values("93402","1481");
insert into AssignedTo(doctorID,patientID) values("97170","8674");
insert into AssignedTo(doctorID,patientID) values("98189","1415");
insert into AssignedTo(doctorID,patientID) values("10108","71845");
insert into AssignedTo(doctorID,patientID) values("10130","38482");
insert into AssignedTo(doctorID,patientID) values("10130","93186");
insert into AssignedTo(doctorID,patientID) values("11224","10789");
insert into AssignedTo(doctorID,patientID) values("11224","49714");
insert into AssignedTo(doctorID,patientID) values("11224","88703");
insert into AssignedTo(doctorID,patientID) values("12714","27036");
insert into AssignedTo(doctorID,patientID) values("12714","40274");
insert into AssignedTo(doctorID,patientID) values("12714","50682");
insert into AssignedTo(doctorID,patientID) values("12714","98759");
insert into AssignedTo(doctorID,patientID) values("13864","47037");
insert into AssignedTo(doctorID,patientID) values("13864","93006");
insert into AssignedTo(doctorID,patientID) values("13864","98164");
insert into AssignedTo(doctorID,patientID) values("22744","31633");
insert into AssignedTo(doctorID,patientID) values("22744","75888");
insert into AssignedTo(doctorID,patientID) values("26322","42622");
insert into AssignedTo(doctorID,patientID) values("26322","75442");
insert into AssignedTo(doctorID,patientID) values("27303","16479");
insert into AssignedTo(doctorID,patientID) values("27303","45604");
insert into AssignedTo(doctorID,patientID) values("27303","45920");
insert into AssignedTo(doctorID,patientID) values("27303","98759");
insert into AssignedTo(doctorID,patientID) values("27634","38511");
insert into AssignedTo(doctorID,patientID) values("27634","47947");
insert into AssignedTo(doctorID,patientID) values("27634","49697");
insert into AssignedTo(doctorID,patientID) values("27634","72792");
insert into AssignedTo(doctorID,patientID) values("27634","89498");
insert into AssignedTo(doctorID,patientID) values("29696","81359");
insert into AssignedTo(doctorID,patientID) values("30119","39955");
insert into AssignedTo(doctorID,patientID) values("30119","60911");
insert into AssignedTo(doctorID,patientID) values("33852","75442");
insert into AssignedTo(doctorID,patientID) values("33852","95965");
insert into AssignedTo(doctorID,patientID) values("37843","23847");
insert into AssignedTo(doctorID,patientID) values("37843","25198");
insert into AssignedTo(doctorID,patientID) values("37843","61512");
insert into AssignedTo(doctorID,patientID) values("37843","74270");
insert into AssignedTo(doctorID,patientID) values("37843","80720");
insert into AssignedTo(doctorID,patientID) values("37843","95698");
insert into AssignedTo(doctorID,patientID) values("38152","23294");
insert into AssignedTo(doctorID,patientID) values("38152","78999");
insert into AssignedTo(doctorID,patientID) values("38152","81359");
insert into AssignedTo(doctorID,patientID) values("38152","98164");
insert into AssignedTo(doctorID,patientID) values("41601","10789");
insert into AssignedTo(doctorID,patientID) values("41601","45530");
insert into AssignedTo(doctorID,patientID) values("41601","84809");
insert into AssignedTo(doctorID,patientID) values("41601","87841");
insert into AssignedTo(doctorID,patientID) values("41730","31402");
insert into AssignedTo(doctorID,patientID) values("41730","39929");
insert into AssignedTo(doctorID,patientID) values("41730","45365");
insert into AssignedTo(doctorID,patientID) values("41730","75943");
insert into AssignedTo(doctorID,patientID) values("42520","16300");
insert into AssignedTo(doctorID,patientID) values("42520","41794");
insert into AssignedTo(doctorID,patientID) values("42520","53912");
insert into AssignedTo(doctorID,patientID) values("42520","70192");
insert into AssignedTo(doctorID,patientID) values("42520","95965");
insert into AssignedTo(doctorID,patientID) values("42588","10789");
insert into AssignedTo(doctorID,patientID) values("42588","26476");
insert into AssignedTo(doctorID,patientID) values("42588","59546");
insert into AssignedTo(doctorID,patientID) values("42588","78198");
insert into AssignedTo(doctorID,patientID) values("89500","96879");
insert into AssignedTo(doctorID,patientID) values("98189","49184");
insert into AssignedTo(doctorID,patientID) values("67193","75442");
insert into AssignedTo(doctorID,patientID) values("98700","84128");
insert into AssignedTo(doctorID,patientID) values("65812","75243");
insert into AssignedTo(doctorID,patientID) values("53665","23576");
insert into AssignedTo(doctorID,patientID) values("82745","54468");
insert into AssignedTo(doctorID,patientID) values("84191","47037");
insert into AssignedTo(doctorID,patientID) values("95020","88588");
insert into AssignedTo(doctorID,patientID) values("45141","53403");
insert into AssignedTo(doctorID,patientID) values("76457","56851");
insert into AssignedTo(doctorID,patientID) values("99642","15555");
insert into AssignedTo(doctorID,patientID) values("95020","55673");
insert into AssignedTo(doctorID,patientID) values("77342","31402");
insert into AssignedTo(doctorID,patientID) values("97794","86436");
insert into AssignedTo(doctorID,patientID) values("81156","72792");
insert into AssignedTo(doctorID,patientID) values("72244","84128");
insert into AssignedTo(doctorID,patientID) values("80533","92674");
insert into AssignedTo(doctorID,patientID) values("77360","39955");
insert into AssignedTo(doctorID,patientID) values("44604","42622");
insert into AssignedTo(doctorID,patientID) values("97128","36858");
insert into AssignedTo(doctorID,patientID) values("44604","41794");
insert into AssignedTo(doctorID,patientID) values("77342","91690");
insert into AssignedTo(doctorID,patientID) values("65812","99502");
insert into AssignedTo(doctorID,patientID) values("91333","61494");
insert into AssignedTo(doctorID,patientID) values("97794","29760");
insert into AssignedTo(doctorID,patientID) values("97170","83060");
insert into AssignedTo(doctorID,patientID) values("58450","90746");
insert into AssignedTo(doctorID,patientID) values("89746","81284");
insert into AssignedTo(doctorID,patientID) values("77360","15555");
insert into AssignedTo(doctorID,patientID) values("98700","37679");
insert into AssignedTo(doctorID,patientID) values("67193","28943");
insert into AssignedTo(doctorID,patientID) values("98700","31633");
insert into AssignedTo(doctorID,patientID) values("47333","98164");
insert into AssignedTo(doctorID,patientID) values("53665","78999");
insert into AssignedTo(doctorID,patientID) values("77360","59930");
insert into AssignedTo(doctorID,patientID) values("77360","75243");
insert into AssignedTo(doctorID,patientID) values("77342","90746");
insert into AssignedTo(doctorID,patientID) values("43501","53014");
insert into AssignedTo(doctorID,patientID) values("93402","65604");
insert into AssignedTo(doctorID,patientID) values("77360","42872");
insert into AssignedTo(doctorID,patientID) values("99642","56442");
insert into AssignedTo(doctorID,patientID) values("98700","10789");
insert into AssignedTo(doctorID,patientID) values("84191","84128");
insert into AssignedTo(doctorID,patientID) values("97170","31402");
insert into AssignedTo(doctorID,patientID) values("69575","10000");
insert into AssignedTo(doctorID,patientID) values("85535","95961");
insert into AssignedTo(doctorID,patientID) values("98189","73806");
insert into AssignedTo(doctorID,patientID) values("97794","28943");
insert into AssignedTo(doctorID,patientID) values("72244","70093");
insert into AssignedTo(doctorID,patientID) values("97170","54441");
insert into AssignedTo(doctorID,patientID) values("80533","16925");
insert into AssignedTo(doctorID,patientID) values("43501","42872");
insert into AssignedTo(doctorID,patientID) values("66949","47037");
insert into AssignedTo(doctorID,patientID) values("89500","11678");
insert into AssignedTo(doctorID,patientID) values("76457","11678");
insert into AssignedTo(doctorID,patientID) values("58450","13470");
insert into AssignedTo(doctorID,patientID) values("99642","11678");
insert into AssignedTo(doctorID,patientID) values("66949","10789");
insert into AssignedTo(doctorID,patientID) values("85386","41794");
insert into AssignedTo(doctorID,patientID) values("98700","42872");
insert into AssignedTo(doctorID,patientID) values("98700","59546");
insert into AssignedTo(doctorID,patientID) values("97170","53125");
insert into AssignedTo(doctorID,patientID) values("73994","72443");
insert into AssignedTo(doctorID,patientID) values("65812","72517");
insert into AssignedTo(doctorID,patientID) values("80533","31633");
insert into AssignedTo(doctorID,patientID) values("98189","93186");
insert into AssignedTo(doctorID,patientID) values("98700","16479");
insert into AssignedTo(doctorID,patientID) values("45141","86621");
insert into AssignedTo(doctorID,patientID) values("97170","81359");
insert into AssignedTo(doctorID,patientID) values("98189","29760");
insert into AssignedTo(doctorID,patientID) values("58450","50801");
insert into AssignedTo(doctorID,patientID) values("75157","47037");
insert into AssignedTo(doctorID,patientID) values("87013","73806");
insert into AssignedTo(doctorID,patientID) values("75157","12041");
insert into AssignedTo(doctorID,patientID) values("67193","67417");
insert into AssignedTo(doctorID,patientID) values("89746","72792");
insert into AssignedTo(doctorID,patientID) values("67193","25198");
insert into AssignedTo(doctorID,patientID) values("98700","26476");
insert into AssignedTo(doctorID,patientID) values("79631","55698");
insert into AssignedTo(doctorID,patientID) values("77360","92225");
insert into AssignedTo(doctorID,patientID) values("89500","56442");
insert into AssignedTo(doctorID,patientID) values("47333","73261");
insert into AssignedTo(doctorID,patientID) values("76457","56442");
insert into AssignedTo(doctorID,patientID) values("97128","21831");
insert into AssignedTo(doctorID,patientID) values("65812","84809");
insert into AssignedTo(doctorID,patientID) values("89500","61494");
insert into AssignedTo(doctorID,patientID) values("76457","82224");
insert into AssignedTo(doctorID,patientID) values("43501","53326");
insert into AssignedTo(doctorID,patientID) values("97794","78999");
insert into AssignedTo(doctorID,patientID) values("89500","26476");
insert into AssignedTo(doctorID,patientID) values("85386","64038");
insert into AssignedTo(doctorID,patientID) values("98700","15555");
insert into AssignedTo(doctorID,patientID) values("67193","31773");
insert into AssignedTo(doctorID,patientID) values("89746","91690");
insert into AssignedTo(doctorID,patientID) values("80533","59546");
insert into AssignedTo(doctorID,patientID) values("47333","73946");
insert into AssignedTo(doctorID,patientID) values("76457","74288");
insert into AssignedTo(doctorID,patientID) values("65812","94114");
insert into AssignedTo(doctorID,patientID) values("47333","53403");
insert into AssignedTo(doctorID,patientID) values("73994","18216");
insert into AssignedTo(doctorID,patientID) values("77342","31633");
insert into AssignedTo(doctorID,patientID) values("81156","53125");
insert into AssignedTo(doctorID,patientID) values("87013","95961");
insert into AssignedTo(doctorID,patientID) values("73994","13470");
insert into AssignedTo(doctorID,patientID) values("77360","80720");
insert into AssignedTo(doctorID,patientID) values("85535","16479");
insert into AssignedTo(doctorID,patientID) values("84191","48699");
insert into AssignedTo(doctorID,patientID) values("87013","89614");
insert into AssignedTo(doctorID,patientID) values("84191","11381");
insert into AssignedTo(doctorID,patientID) values("97794","73261");
insert into AssignedTo(doctorID,patientID) values("93402","75243");
insert into AssignedTo(doctorID,patientID) values("75157","41977");
insert into AssignedTo(doctorID,patientID) values("87013","63099");
insert into AssignedTo(doctorID,patientID) values("72244","80704");
insert into AssignedTo(doctorID,patientID) values("81156","49544");
insert into AssignedTo(doctorID,patientID) values("45141","37091");
insert into Administers(treatmentGiverID,patientID,treatmentID,timeAdministered) values("31740","84809","47909","2015-07-11T14:54:54.000Z");
insert into Administers(treatmentGiverID,patientID,treatmentID,timeAdministered) values("56736","86436","37648","2016-05-02T15:02:15.000Z");
insert into Administers(treatmentGiverID,patientID,treatmentID,timeAdministered) values("78453","23847","49382","2015-12-23T05:13:31.000Z");
insert into Administers(treatmentGiverID,patientID,treatmentID,timeAdministered) values("73562","71845","95576","2014-01-02T17:27:09.000Z");
insert into Administers(treatmentGiverID,patientID,treatmentID,timeAdministered) values("29285","81359","35560","2016-04-23T18:25:27.000Z");
insert into Administers(treatmentGiverID,patientID,treatmentID,timeAdministered) values("51539","20470","23603","2016-08-15T06:27:09.000Z");
insert into Administers(treatmentGiverID,patientID,treatmentID,timeAdministered) values("9439","27218","99488","2015-01-09T19:50:17.000Z");
insert into Administers(treatmentGiverID,patientID,treatmentID,timeAdministered) values("9008","86436","39847","2016-09-02T07:40:35.000Z");
insert into Administers(treatmentGiverID,patientID,treatmentID,timeAdministered) values("69454","86436","75619","2014-01-01T15:25:36.000Z");
insert into Administers(treatmentGiverID,patientID,treatmentID,timeAdministered) values("51539","65237","50761","2014-01-16T04:44:07.000Z");
insert into Administers(treatmentGiverID,patientID,treatmentID,timeAdministered) values("82787","61512","72398","2015-09-20T19:39:51.000Z");
insert into Administers(treatmentGiverID,patientID,treatmentID,timeAdministered) values("94325","31402","7629","2015-12-06T21:34:07.000Z");
insert into Administers(treatmentGiverID,patientID,treatmentID,timeAdministered) values("49691","6829","95576","2015-09-08T13:47:28.000Z");
insert into Administers(treatmentGiverID,patientID,treatmentID,timeAdministered) values("82787","480","39767","2016-07-09T21:31:37.000Z");
insert into Administers(treatmentGiverID,patientID,treatmentID,timeAdministered) values("8322","94114","38138","2015-04-13T08:29:33.000Z");
insert into Administers(treatmentGiverID,patientID,treatmentID,timeAdministered) values("52143","92225","64969","2015-09-03T08:45:37.000Z");
insert into Administers(treatmentGiverID,patientID,treatmentID,timeAdministered) values("8569","1415","2830","2016-09-28T01:31:40.000Z");
insert into Administers(treatmentGiverID,patientID,treatmentID,timeAdministered) values("23870","45604","57108","2015-12-09T15:41:22.000Z");
insert into Administers(treatmentGiverID,patientID,treatmentID,timeAdministered) values("10649","59546","21506","2015-07-01T15:01:54.000Z");
insert into Administers(treatmentGiverID,patientID,treatmentID,timeAdministered) values("59034","60687","72882","2016-01-01T21:59:42.000Z");
insert into Administers(treatmentGiverID,patientID,treatmentID,timeAdministered) values("77328","20470","58422","2016-05-09T10:13:55.000Z");
insert into Administers(treatmentGiverID,patientID,treatmentID,timeAdministered) values("85120","81284","39767","2015-05-15T08:29:51.000Z");
insert into Administers(treatmentGiverID,patientID,treatmentID,timeAdministered) values("73562","27218","52797","2016-05-08T11:29:56.000Z");
insert into Administers(treatmentGiverID,patientID,treatmentID,timeAdministered) values("82787","79119","49382","2016-01-23T01:14:50.000Z");
insert into Administers(treatmentGiverID,patientID,treatmentID,timeAdministered) values("16584","38737","73991","2015-07-24T23:09:38.000Z");
insert into Administers(treatmentGiverID,patientID,treatmentID,timeAdministered) values("41148","59446","10068","2014-01-16T19:29:37.000Z");
insert into Administers(treatmentGiverID,patientID,treatmentID,timeAdministered) values("45108","50801","11468","2016-03-21T20:13:55.000Z");
insert into Administers(treatmentGiverID,patientID,treatmentID,timeAdministered) values("99220","81284","23829","2015-07-06T04:50:30.000Z");
insert into Administers(treatmentGiverID,patientID,treatmentID,timeAdministered) values("38815","50970","55359","2014-01-10T08:12:30.000Z");
insert into Administers(treatmentGiverID,patientID,treatmentID,timeAdministered) values("8569","41794","41113","2016-10-26T02:02:38.000Z");
insert into Administers(treatmentGiverID,patientID,treatmentID,timeAdministered) values("32947","53014","99488","2014-01-27T11:40:34.000Z");
insert into Administers(treatmentGiverID,patientID,treatmentID,timeAdministered) values("51852","43740","72882","2015-06-23T18:16:20.000Z");
insert into Administers(treatmentGiverID,patientID,treatmentID,timeAdministered) values("59034","87841","73991","2014-01-23T23:39:12.000Z");
insert into Administers(treatmentGiverID,patientID,treatmentID,timeAdministered) values("44441","92225","76469","2015-06-12T07:31:56.000Z");
insert into Administers(treatmentGiverID,patientID,treatmentID,timeAdministered) values("77328","84128","85624","2016-10-11T21:38:28.000Z");
insert into Administers(treatmentGiverID,patientID,treatmentID,timeAdministered) values("87242","88703","87972","2016-01-16T20:13:39.000Z");
insert into Administers(treatmentGiverID,patientID,treatmentID,timeAdministered) values("72042","78999","58422","2014-01-24T20:53:18.000Z");
insert into Administers(treatmentGiverID,patientID,treatmentID,timeAdministered) values("5391","52137","39847","2015-09-17T20:08:12.000Z");
insert into Administers(treatmentGiverID,patientID,treatmentID,timeAdministered) values("56432","27036","73991","2016-05-07T10:49:31.000Z");
insert into Administers(treatmentGiverID,patientID,treatmentID,timeAdministered) values("23870","31633","60633","2016-06-08T11:43:47.000Z");
insert into Administers(treatmentGiverID,patientID,treatmentID,timeAdministered) values("9439","63210","39847","2016-11-11T09:53:40.000Z");
insert into Administers(treatmentGiverID,patientID,treatmentID,timeAdministered) values("31740","61494","21977","2015-11-06T08:45:05.000Z");
insert into Administers(treatmentGiverID,patientID,treatmentID,timeAdministered) values("50676","31633","47909","2016-11-20T09:57:16.000Z");
insert into Administers(treatmentGiverID,patientID,treatmentID,timeAdministered) values("8569","4534","72398","2015-03-22T09:48:10.000Z");
insert into Administers(treatmentGiverID,patientID,treatmentID,timeAdministered) values("69224","8130","64969","2015-12-19T00:26:18.000Z");
insert into Administers(treatmentGiverID,patientID,treatmentID,timeAdministered) values("60622","41794","15281","2015-03-16T06:32:46.000Z");
insert into Administers(treatmentGiverID,patientID,treatmentID,timeAdministered) values("45108","98164","13121","2016-11-18T19:03:19.000Z");
insert into Administers(treatmentGiverID,patientID,treatmentID,timeAdministered) values("27175","18216","90546","2015-02-17T11:33:21.000Z");
insert into Administers(treatmentGiverID,patientID,treatmentID,timeAdministered) values("23870","61494","95807","2016-01-18T15:55:55.000Z");
insert into Administers(treatmentGiverID,patientID,treatmentID,timeAdministered) values("96787","45530","49382","2015-04-06T03:02:58.000Z");
insert into Administers(treatmentGiverID,patientID,treatmentID,timeAdministered) values("69454","48699","30019","2014-01-08T23:24:39.000Z");
insert into Administers(treatmentGiverID,patientID,treatmentID,timeAdministered) values("10649","83414","37648","2013-12-31T17:21:08.000Z");
insert into Administers(treatmentGiverID,patientID,treatmentID,timeAdministered) values("60892","95965","72398","2015-05-13T13:00:38.000Z");
insert into Administers(treatmentGiverID,patientID,treatmentID,timeAdministered) values("34768","36313","31545","2016-10-01T23:53:34.000Z");
insert into Administers(treatmentGiverID,patientID,treatmentID,timeAdministered) values("51539","74288","75686","2014-01-10T00:13:08.000Z");
insert into Administers(treatmentGiverID,patientID,treatmentID,timeAdministered) values("85120","54376","99920","2016-05-07T16:02:20.000Z");
insert into Administers(treatmentGiverID,patientID,treatmentID,timeAdministered) values("720","86621","37648","2016-07-12T07:51:41.000Z");
insert into Administers(treatmentGiverID,patientID,treatmentID,timeAdministered) values("17004","87841","99488","2014-01-21T03:01:56.000Z");
insert into Administers(treatmentGiverID,patientID,treatmentID,timeAdministered) values("12844","73946","16865","2015-11-16T22:44:45.000Z");
insert into Administers(treatmentGiverID,patientID,treatmentID,timeAdministered) values("99220","70192","24506","2014-01-20T17:23:13.000Z");
insert into Administers(treatmentGiverID,patientID,treatmentID,timeAdministered) values("42443","89498","48089","2016-10-01T18:17:05.000Z");
insert into Administers(treatmentGiverID,patientID,treatmentID,timeAdministered) values("10649","274","76929","2016-04-19T04:32:27.000Z");
insert into Administers(treatmentGiverID,patientID,treatmentID,timeAdministered) values("7741","50970","2830","2015-04-13T07:23:48.000Z");
insert into Administers(treatmentGiverID,patientID,treatmentID,timeAdministered) values("16584","88703","21977","2015-06-27T23:37:05.000Z");
insert into Administers(treatmentGiverID,patientID,treatmentID,timeAdministered) values("37130","1515","60633","2016-02-05T12:27:43.000Z");
insert into Administers(treatmentGiverID,patientID,treatmentID,timeAdministered) values("69224","81414","10068","2015-04-08T13:21:50.000Z");
insert into Administers(treatmentGiverID,patientID,treatmentID,timeAdministered) values("51316","83414","72398","2014-01-18T03:18:57.000Z");
insert into Administers(treatmentGiverID,patientID,treatmentID,timeAdministered) values("23870","75943","73122","2016-05-12T02:52:43.000Z");
insert into Administers(treatmentGiverID,patientID,treatmentID,timeAdministered) values("12844","17593","10881","2015-05-21T03:45:45.000Z");
insert into Administers(treatmentGiverID,patientID,treatmentID,timeAdministered) values("34768","54441","84168","2014-01-19T04:14:53.000Z");
insert into Administers(treatmentGiverID,patientID,treatmentID,timeAdministered) values("69224","82224","2830","2016-09-22T23:50:38.000Z");
insert into Administers(treatmentGiverID,patientID,treatmentID,timeAdministered) values("31299","89614","7629","2014-01-03T22:05:34.000Z");
insert into Administers(treatmentGiverID,patientID,treatmentID,timeAdministered) values("8569","31654","73991","2014-01-24T07:19:10.000Z");
insert into Administers(treatmentGiverID,patientID,treatmentID,timeAdministered) values("10649","9990","99488","2015-09-13T13:32:56.000Z");
insert into Administers(treatmentGiverID,patientID,treatmentID,timeAdministered) values("4884","45604","82509","2015-07-09T08:06:44.000Z");
insert into Administers(treatmentGiverID,patientID,treatmentID,timeAdministered) values("34263","31654","33675","2014-01-11T18:33:18.000Z");
insert into Administers(treatmentGiverID,patientID,treatmentID,timeAdministered) values("720","4534","94464","2014-01-27T12:45:13.000Z");
insert into Administers(treatmentGiverID,patientID,treatmentID,timeAdministered) values("24990","75718","99488","2014-01-14T11:27:21.000Z");
insert into Administers(treatmentGiverID,patientID,treatmentID,timeAdministered) values("77119","36858","43760","2015-09-18T19:09:55.000Z");
insert into Administers(treatmentGiverID,patientID,treatmentID,timeAdministered) values("31740","41794","12359","2015-03-01T16:07:05.000Z");
insert into Administers(treatmentGiverID,patientID,treatmentID,timeAdministered) values("9008","40772","24009","2016-10-06T20:40:21.000Z");
insert into Administers(treatmentGiverID,patientID,treatmentID,timeAdministered) values("96787","56851","47909","2016-08-22T09:04:19.000Z");
insert into Administers(treatmentGiverID,patientID,treatmentID,timeAdministered) values("9439","89498","7000","2015-01-11T04:51:34.000Z");
insert into Administers(treatmentGiverID,patientID,treatmentID,timeAdministered) values("10276","50537","48089","2015-11-18T20:30:55.000Z");
insert into Administers(treatmentGiverID,patientID,treatmentID,timeAdministered) values("32947","57086","82053","2016-02-18T05:48:22.000Z");
insert into Administers(treatmentGiverID,patientID,treatmentID,timeAdministered) values("97774","79806","86097","2016-05-13T13:58:20.000Z");
insert into Administers(treatmentGiverID,patientID,treatmentID,timeAdministered) values("31740","93186","84168","2016-06-21T08:28:46.000Z");
insert into Administers(treatmentGiverID,patientID,treatmentID,timeAdministered) values("38642","39955","96465","2015-06-06T15:30:38.000Z");
insert into Administers(treatmentGiverID,patientID,treatmentID,timeAdministered) values("51316","86436","16865","2015-10-23T14:58:48.000Z");
insert into Administers(treatmentGiverID,patientID,treatmentID,timeAdministered) values("31299","99502","60633","2016-06-23T12:13:47.000Z");
insert into Administers(treatmentGiverID,patientID,treatmentID,timeAdministered) values("1115","41794","52797","2014-01-09T05:31:49.000Z");
insert into Administers(treatmentGiverID,patientID,treatmentID,timeAdministered) values("82787","37679","11468","2014-01-21T12:45:27.000Z");
insert into Administers(treatmentGiverID,patientID,treatmentID,timeAdministered) values("42443","61512","27351","2015-02-10T09:55:58.000Z");
insert into Administers(treatmentGiverID,patientID,treatmentID,timeAdministered) values("51852","96426","83941","2016-03-27T09:26:08.000Z");
insert into Administers(treatmentGiverID,patientID,treatmentID,timeAdministered) values("99220","25766","10881","2015-08-17T19:32:12.000Z");
insert into Administers(treatmentGiverID,patientID,treatmentID,timeAdministered) values("6051","27218","37641","2015-03-18T09:42:06.000Z");
insert into Administers(treatmentGiverID,patientID,treatmentID,timeAdministered) values("38642","89644","64318","2014-01-05T12:46:39.000Z");
insert into Administers(treatmentGiverID,patientID,treatmentID,timeAdministered) values("77119","72792","91666","2014-01-21T14:21:37.000Z");
insert into Administers(treatmentGiverID,patientID,treatmentID,timeAdministered) values("56417","70885","99920","2014-01-15T19:29:26.000Z");
insert into Administers(treatmentGiverID,patientID,treatmentID,timeAdministered) values("10276","59372","96465","2015-11-30T11:29:57.000Z");
insert into Administers(treatmentGiverID,patientID,treatmentID,timeAdministered) values("58266","50801","58422","2015-05-01T09:17:04.000Z");
insert into Administers(treatmentGiverID,patientID,treatmentID,timeAdministered) values("8902","88703","24009","2015-11-08T06:53:19.000Z");
insert into Administers(treatmentGiverID,patientID,treatmentID,timeAdministered) values("9439","72517","31564","2014-01-27T09:58:07.000Z");
insert into Administers(treatmentGiverID,patientID,treatmentID,timeAdministered) values("38815","23576","95807","2015-04-08T21:39:51.000Z");
insert into Administers(treatmentGiverID,patientID,treatmentID,timeAdministered) values("45108","66316","59580","2015-03-15T08:48:38.000Z");
insert into Administers(treatmentGiverID,patientID,treatmentID,timeAdministered) values("82787","54376","95807","2016-05-21T01:11:15.000Z");
insert into Administers(treatmentGiverID,patientID,treatmentID,timeAdministered) values("29285","65604","81968","2015-08-21T23:57:57.000Z");
insert into Administers(treatmentGiverID,patientID,treatmentID,timeAdministered) values("8322","65604","80375","2015-09-30T22:37:52.000Z");
insert into Administers(treatmentGiverID,patientID,treatmentID,timeAdministered) values("5391","95965","53719","2014-01-02T17:00:55.000Z");
insert into Administers(treatmentGiverID,patientID,treatmentID,timeAdministered) values("51539","1515","58422","2016-11-18T09:27:24.000Z");
insert into Administers(treatmentGiverID,patientID,treatmentID,timeAdministered) values("6107","9689","85624","2016-11-23T13:22:05.000Z");
insert into Administers(treatmentGiverID,patientID,treatmentID,timeAdministered) values("34263","73806","10068","2014-01-19T10:51:46.000Z");
insert into Administers(treatmentGiverID,patientID,treatmentID,timeAdministered) values("83455","75243","76929","2015-10-06T09:12:48.000Z");
insert into Administers(treatmentGiverID,patientID,treatmentID,timeAdministered) values("34206","26144","58422","2016-08-14T05:25:13.000Z");
insert into Administers(treatmentGiverID,patientID,treatmentID,timeAdministered) values("23870","93186","10881","2014-01-14T14:06:16.000Z");
insert into Administers(treatmentGiverID,patientID,treatmentID,timeAdministered) values("20137","23694","43785","2015-11-30T13:19:04.000Z");
insert into Administers(treatmentGiverID,patientID,treatmentID,timeAdministered) values("26148","25766","82053","2016-06-06T05:03:15.000Z");
insert into Administers(treatmentGiverID,patientID,treatmentID,timeAdministered) values("56736","73806","23829","2015-02-03T13:16:19.000Z");
insert into Administers(treatmentGiverID,patientID,treatmentID,timeAdministered) values("98598","49184","73991","2015-04-20T08:06:26.000Z");
insert into Administers(treatmentGiverID,patientID,treatmentID,timeAdministered) values("38815","72037","24009","2015-12-11T06:07:25.000Z");
insert into Administers(treatmentGiverID,patientID,treatmentID,timeAdministered) values("44441","40274","30019","2014-01-07T17:49:56.000Z");
insert into Administers(treatmentGiverID,patientID,treatmentID,timeAdministered) values("51316","72517","55359","2015-07-16T09:57:33.000Z");
insert into Administers(treatmentGiverID,patientID,treatmentID,timeAdministered) values("8569","87610","23603","2016-08-23T09:54:37.000Z");
insert into Administers(treatmentGiverID,patientID,treatmentID,timeAdministered) values("16584","86621","30019","2014-01-27T10:39:45.000Z");
insert into Administers(treatmentGiverID,patientID,treatmentID,timeAdministered) values("51539","31773","30120","2014-01-17T18:08:11.000Z");
insert into Administers(treatmentGiverID,patientID,treatmentID,timeAdministered) values("9008","49184","30120","2016-10-11T08:46:04.000Z");
insert into Administers(treatmentGiverID,patientID,treatmentID,timeAdministered) values("98092","38737","7000","2016-05-10T03:45:16.000Z");
insert into Administers(treatmentGiverID,patientID,treatmentID,timeAdministered) values("31575","57086","75686","2016-01-28T05:44:28.000Z");
insert into Administers(treatmentGiverID,patientID,treatmentID,timeAdministered) values("51316","56237","94464","2015-03-14T04:21:07.000Z");
insert into Administers(treatmentGiverID,patientID,treatmentID,timeAdministered) values("97774","75260","84168","2014-01-26T01:16:02.000Z");
insert into Administers(treatmentGiverID,patientID,treatmentID,timeAdministered) values("51565","53014","95807","2015-04-20T21:44:25.000Z");
insert into Administers(treatmentGiverID,patientID,treatmentID,timeAdministered) values("45629","75442","38138","2014-01-14T06:35:02.000Z");
insert into Administers(treatmentGiverID,patientID,treatmentID,timeAdministered) values("8506","45530","24009","2015-07-12T12:51:43.000Z");
insert into Administers(treatmentGiverID,patientID,treatmentID,timeAdministered) values("5391","79806","15281","2016-10-11T21:57:39.000Z");
insert into Administers(treatmentGiverID,patientID,treatmentID,timeAdministered) values("38125","51387","50266","2015-11-13T12:39:33.000Z");
insert into Administers(treatmentGiverID,patientID,treatmentID,timeAdministered) values("73562","65604","76469","2016-06-12T01:16:33.000Z");
insert into Administers(treatmentGiverID,patientID,treatmentID,timeAdministered) values("9439","64038","54349","2015-02-28T22:58:03.000Z");
insert into Administers(treatmentGiverID,patientID,treatmentID,timeAdministered) values("12844","11678","48089","2014-01-02T23:46:30.000Z");
insert into Administers(treatmentGiverID,patientID,treatmentID,timeAdministered) values("38642","56697","46142","2014-01-21T07:12:30.000Z");
insert into Administers(treatmentGiverID,patientID,treatmentID,timeAdministered) values("31740","37091","7629","2016-07-27T03:25:44.000Z");
insert into Administers(treatmentGiverID,patientID,treatmentID,timeAdministered) values("34748","57086","16865","2015-10-21T17:30:09.000Z");
insert into Administers(treatmentGiverID,patientID,treatmentID,timeAdministered) values("34206","95698","30019","2015-10-09T04:47:56.000Z");
insert into Administers(treatmentGiverID,patientID,treatmentID,timeAdministered) values("99130","75718","33675","2014-01-21T07:50:07.000Z");
insert into Administers(treatmentGiverID,patientID,treatmentID,timeAdministered) values("12844","45530","10068","2016-07-27T07:40:48.000Z");
insert into Administers(treatmentGiverID,patientID,treatmentID,timeAdministered) values("52143","50801","99488","2016-07-07T03:05:37.000Z");
insert into Administers(treatmentGiverID,patientID,treatmentID,timeAdministered) values("8902","86436","96465","2015-07-02T11:35:44.000Z");
insert into Administers(treatmentGiverID,patientID,treatmentID,timeAdministered) values("8506","86621","82053","2014-01-25T22:02:39.000Z");
insert into Administers(treatmentGiverID,patientID,treatmentID,timeAdministered) values("80699","16151","27351","2015-12-05T12:19:29.000Z");
insert into Administers(treatmentGiverID,patientID,treatmentID,timeAdministered) values("27387","89644","76469","2014-01-14T15:58:43.000Z");
insert into Administers(treatmentGiverID,patientID,treatmentID,timeAdministered) values("98598","80704","89067","2014-01-27T06:09:45.000Z");
insert into Administers(treatmentGiverID,patientID,treatmentID,timeAdministered) values("8569","31654","82053","2014-01-23T03:10:35.000Z");
insert into Administers(treatmentGiverID,patientID,treatmentID,timeAdministered) values("31299","29760","58422","2016-02-04T10:30:57.000Z");
insert into Administers(treatmentGiverID,patientID,treatmentID,timeAdministered) values("38125","65237","57108","2015-05-14T18:27:18.000Z");
insert into Administers(treatmentGiverID,patientID,treatmentID,timeAdministered) values("99130","93186","21682","2015-09-02T01:22:55.000Z");
insert into Administers(treatmentGiverID,patientID,treatmentID,timeAdministered) values("8569","42593","46142","2014-01-12T17:24:44.000Z");
insert into Administers(treatmentGiverID,patientID,treatmentID,timeAdministered) values("83145","64038","21413","2015-03-26T11:50:31.000Z");
insert into Administers(treatmentGiverID,patientID,treatmentID,timeAdministered) values("96787","13470","91486","2014-01-07T04:30:22.000Z");
insert into Administers(treatmentGiverID,patientID,treatmentID,timeAdministered) values("94325","89644","89067","2015-11-30T14:42:25.000Z");
insert into Administers(treatmentGiverID,patientID,treatmentID,timeAdministered) values("94325","31654","39847","2016-06-16T08:02:31.000Z");
insert into Administers(treatmentGiverID,patientID,treatmentID,timeAdministered) values("87242","40274","31545","2015-04-30T16:03:52.000Z");
insert into Administers(treatmentGiverID,patientID,treatmentID,timeAdministered) values("10276","45365","21977","2015-05-31T18:29:24.000Z");
insert into Administers(treatmentGiverID,patientID,treatmentID,timeAdministered) values("44441","54376","75619","2014-01-11T00:54:13.000Z");
insert into Administers(treatmentGiverID,patientID,treatmentID,timeAdministered) values("59034","57086","85518","2015-01-20T04:01:49.000Z");
insert into Administers(treatmentGiverID,patientID,treatmentID,timeAdministered) values("98092","67869","91486","2014-01-14T22:18:30.000Z");
insert into Administers(treatmentGiverID,patientID,treatmentID,timeAdministered) values("12674","26476","12359","2016-11-27T23:07:05.000Z");
insert into Administers(treatmentGiverID,patientID,treatmentID,timeAdministered) values("85120","65237","15281","2014-01-15T20:27:17.000Z");
insert into Administers(treatmentGiverID,patientID,treatmentID,timeAdministered) values("59034","78198","39847","2016-03-25T13:20:34.000Z");
insert into Administers(treatmentGiverID,patientID,treatmentID,timeAdministered) values("7741","86436","96465","2016-09-02T01:14:42.000Z");
insert into Administers(treatmentGiverID,patientID,treatmentID,timeAdministered) values("51539","25198","83941","2015-02-07T16:32:19.000Z");
insert into Administers(treatmentGiverID,patientID,treatmentID,timeAdministered) values("16584","25198","96465","2014-01-18T23:43:28.000Z");
insert into Administers(treatmentGiverID,patientID,treatmentID,timeAdministered) values("98092","18216","24506","2014-01-07T15:22:26.000Z");
insert into Administers(treatmentGiverID,patientID,treatmentID,timeAdministered) values("37130","42466","72882","2015-07-08T19:18:41.000Z");
insert into Administers(treatmentGiverID,patientID,treatmentID,timeAdministered) values("60892","16925","90806","2015-09-10T01:52:14.000Z");
insert into Administers(treatmentGiverID,patientID,treatmentID,timeAdministered) values("20137","54468","24506","2016-05-07T00:00:03.000Z");
insert into Administers(treatmentGiverID,patientID,treatmentID,timeAdministered) values("83455","50801","84034","2016-05-14T02:56:21.000Z");
insert into Administers(treatmentGiverID,patientID,treatmentID,timeAdministered) values("60622","24441","21682","2014-01-02T13:26:07.000Z");
insert into Administers(treatmentGiverID,patientID,treatmentID,timeAdministered) values("51565","38482","82509","2016-05-14T09:08:55.000Z");
insert into Administers(treatmentGiverID,patientID,treatmentID,timeAdministered) values("13000","4000","49382","2015-04-12T20:58:45.000Z");
insert into Administers(treatmentGiverID,patientID,treatmentID,timeAdministered) values("71103","38482","39767","2015-08-05T00:28:25.000Z");
insert into Administers(treatmentGiverID,patientID,treatmentID,timeAdministered) values("17004","31773","19043","2016-05-11T14:00:02.000Z");
insert into Administers(treatmentGiverID,patientID,treatmentID,timeAdministered) values("67702","89644","95576","2014-01-02T07:21:29.000Z");
insert into Administers(treatmentGiverID,patientID,treatmentID,timeAdministered) values("6051","26144","47909","2014-01-06T06:51:16.000Z");
insert into Administers(treatmentGiverID,patientID,treatmentID,timeAdministered) values("6051","75888","94047","2014-01-16T05:06:28.000Z");
insert into Administers(treatmentGiverID,patientID,treatmentID,timeAdministered) values("72042","47037","99488","2016-12-26T23:22:55.000Z");
insert into Administers(treatmentGiverID,patientID,treatmentID,timeAdministered) values("41148","29760","82509","2014-01-22T23:22:19.000Z");
insert into Administers(treatmentGiverID,patientID,treatmentID,timeAdministered) values("40343","9689","90546","2016-02-05T11:01:44.000Z");
insert into Administers(treatmentGiverID,patientID,treatmentID,timeAdministered) values("83145","90746","35560","2015-07-24T23:01:17.000Z");
insert into Administers(treatmentGiverID,patientID,treatmentID,timeAdministered) values("67702","31402","72595","2014-01-23T02:43:45.000Z");
insert into Administers(treatmentGiverID,patientID,treatmentID,timeAdministered) values("12844","67869","94464","2015-02-23T16:37:05.000Z");
insert into Administers(treatmentGiverID,patientID,treatmentID,timeAdministered) values("23870","31773","90806","2015-11-06T15:32:05.000Z");
insert into Administers(treatmentGiverID,patientID,treatmentID,timeAdministered) values("41148","480","72882","2015-02-12T11:18:12.000Z");
insert into Administers(treatmentGiverID,patientID,treatmentID,timeAdministered) values("69224","47037","59580","2014-01-23T15:17:44.000Z");
insert into Administers(treatmentGiverID,patientID,treatmentID,timeAdministered) values("97774","88588","96357","2014-01-21T14:14:47.000Z");
insert into Administers(treatmentGiverID,patientID,treatmentID,timeAdministered) values("99220","96426","7629","2016-01-27T08:54:27.000Z");
insert into Administers(treatmentGiverID,patientID,treatmentID,timeAdministered) values("44441","2250","7629","2014-01-09T06:01:38.000Z");
insert into Administers(treatmentGiverID,patientID,treatmentID,timeAdministered) values("85120","31773","55359","2015-04-18T06:23:43.000Z");
insert into Administers(treatmentGiverID,patientID,treatmentID,timeAdministered) values("69454","81359","24506","2014-01-17T16:34:09.000Z");
insert into Administers(treatmentGiverID,patientID,treatmentID,timeAdministered) values("87242","73806","60633","2014-01-20T11:15:54.000Z");
insert into Administers(treatmentGiverID,patientID,treatmentID,timeAdministered) values("6051","23294","82053","2014-01-20T17:19:55.000Z");
insert into Administers(treatmentGiverID,patientID,treatmentID,timeAdministered) values("10910","16300","31545","2015-06-25T00:18:14.000Z");
insert into Orders(doctorID,patientID,treatmentGiverID,treatmentID,date) values("43501","39955","51539","94464","2016-01-06T23:45:25.000Z");
insert into Orders(doctorID,patientID,treatmentGiverID,treatmentID,date) values("12714","60911","51565","43785","2016-12-14T05:03:07.000Z");
insert into Orders(doctorID,patientID,treatmentGiverID,treatmentID,date) values("11224","47947","34206","72398","2016-08-13T05:35:32.000Z");
insert into Orders(doctorID,patientID,treatmentGiverID,treatmentID,date) values("89500","74270","20137","83941","2016-02-25T05:48:10.000Z");
insert into Orders(doctorID,patientID,treatmentGiverID,treatmentID,date) values("87013","90746","23870","41113","2016-09-24T11:07:22.000Z");
insert into Orders(doctorID,patientID,treatmentGiverID,treatmentID,date) values("84191","26476","44441","72398","2015-01-19T13:27:47.000Z");
insert into Orders(doctorID,patientID,treatmentGiverID,treatmentID,date) values("89500","21831","12844","72398","2016-06-15T04:08:24.000Z");
insert into Orders(doctorID,patientID,treatmentGiverID,treatmentID,date) values("98700","95965","69454","39847","2015-01-14T08:59:10.000Z");
insert into Orders(doctorID,patientID,treatmentGiverID,treatmentID,date) values("67193","41794","96787","39767","2016-04-26T05:06:08.000Z");
insert into Orders(doctorID,patientID,treatmentGiverID,treatmentID,date) values("11224","70192","69224","55359","2015-01-03T06:32:04.000Z");
insert into Orders(doctorID,patientID,treatmentGiverID,treatmentID,date) values("7290","16479","13000","99920","2016-09-05T23:28:21.000Z");
insert into Orders(doctorID,patientID,treatmentGiverID,treatmentID,date) values("72244","27036","10649","38138","2016-03-21T14:21:58.000Z");
insert into Orders(doctorID,patientID,treatmentGiverID,treatmentID,date) values("89500","10789","38125","96465","2016-03-26T00:34:48.000Z");
insert into Orders(doctorID,patientID,treatmentGiverID,treatmentID,date) values("97794","61512","59034","76469","2015-01-23T17:10:17.000Z");
insert into Orders(doctorID,patientID,treatmentGiverID,treatmentID,date) values("77360","75243","16584","76929","2016-06-21T15:19:09.000Z");
insert into Orders(doctorID,patientID,treatmentGiverID,treatmentID,date) values("43501","84809","6051","38138","2016-11-15T12:03:55.000Z");
insert into Orders(doctorID,patientID,treatmentGiverID,treatmentID,date) values("80533","88703","38642","24009","2015-01-01T12:55:16.000Z");
insert into Orders(doctorID,patientID,treatmentGiverID,treatmentID,date) values("10130","54468","78453","99488","2016-08-13T14:47:16.000Z");
insert into Orders(doctorID,patientID,treatmentGiverID,treatmentID,date) values("89500","31633","31299","76469","2016-02-02T15:53:27.000Z");
insert into Orders(doctorID,patientID,treatmentGiverID,treatmentID,date) values("89500","47037","10649","75619","2015-01-21T09:55:10.000Z");
insert into Orders(doctorID,patientID,treatmentGiverID,treatmentID,date) values("37843","4000","85120","49382","2016-03-24T09:05:43.000Z");
insert into Orders(doctorID,patientID,treatmentGiverID,treatmentID,date) values("98700","31633","51316","7000","2014-12-31T16:11:53.000Z");
insert into Orders(doctorID,patientID,treatmentGiverID,treatmentID,date) values("41730","13470","99130","94464","2016-11-06T14:43:39.000Z");
insert into Orders(doctorID,patientID,treatmentGiverID,treatmentID,date) values("47333","11678","83145","96465","2016-05-14T05:17:50.000Z");
insert into Orders(doctorID,patientID,treatmentGiverID,treatmentID,date) values("30119","54441","23870","23829","2015-01-25T04:53:36.000Z");
insert into Orders(doctorID,patientID,treatmentGiverID,treatmentID,date) values("98700","81359","6107","90806","2016-06-02T09:53:45.000Z");
insert into Orders(doctorID,patientID,treatmentGiverID,treatmentID,date) values("89500","31633","16584","84168","2015-01-22T07:01:26.000Z");
insert into Orders(doctorID,patientID,treatmentGiverID,treatmentID,date) values("41730","99502","720","16865","2016-04-08T02:53:54.000Z");
insert into Orders(doctorID,patientID,treatmentGiverID,treatmentID,date) values("85386","47037","77119","72398","2015-01-08T21:38:51.000Z");
insert into Orders(doctorID,patientID,treatmentGiverID,treatmentID,date) values("42588","95965","94325","21977","2015-01-21T22:48:12.000Z");
insert into Orders(doctorID,patientID,treatmentGiverID,treatmentID,date) values("67193","13470","10649","55359","2015-01-19T20:48:10.000Z");
insert into Orders(doctorID,patientID,treatmentGiverID,treatmentID,date) values("77360","87841","87242","24506","2015-01-07T04:57:36.000Z");
insert into Orders(doctorID,patientID,treatmentGiverID,treatmentID,date) values("89500","53912","720","75619","2016-03-23T16:32:24.000Z");
insert into Orders(doctorID,patientID,treatmentGiverID,treatmentID,date) values("7290","84809","10910","10881","2016-03-28T02:58:53.000Z");
insert into Orders(doctorID,patientID,treatmentGiverID,treatmentID,date) values("41730","73946","99130","43760","2015-01-19T07:05:03.000Z");
insert into Orders(doctorID,patientID,treatmentGiverID,treatmentID,date) values("67193","23294","44441","31545","2016-06-19T13:29:38.000Z");
insert into Orders(doctorID,patientID,treatmentGiverID,treatmentID,date) values("80533","75243","27387","24506","2016-12-14T03:17:59.000Z");
insert into Orders(doctorID,patientID,treatmentGiverID,treatmentID,date) values("65812","4000","10649","76469","2016-01-13T10:16:21.000Z");
insert into Orders(doctorID,patientID,treatmentGiverID,treatmentID,date) values("77360","81284","99220","99488","2016-12-25T07:30:56.000Z");
insert into Orders(doctorID,patientID,treatmentGiverID,treatmentID,date) values("41730","91690","40343","58422","2015-01-19T07:38:46.000Z");
insert into Orders(doctorID,patientID,treatmentGiverID,treatmentID,date) values("27634","73806","10649","58422","2016-08-14T07:52:23.000Z");
insert into Orders(doctorID,patientID,treatmentGiverID,treatmentID,date) values("27634","72792","77119","48089","2016-03-01T22:21:25.000Z");
insert into Orders(doctorID,patientID,treatmentGiverID,treatmentID,date) values("5299","80720","51316","87972","2015-01-11T07:51:48.000Z");
insert into Orders(doctorID,patientID,treatmentGiverID,treatmentID,date) values("67193","98164","9439","76469","2016-09-27T16:06:41.000Z");
insert into Orders(doctorID,patientID,treatmentGiverID,treatmentID,date) values("58450","21831","69454","11468","2015-01-28T01:19:18.000Z");
insert into Orders(doctorID,patientID,treatmentGiverID,treatmentID,date) values("67193","61494","24990","94047","2015-01-26T02:39:52.000Z");
insert into Orders(doctorID,patientID,treatmentGiverID,treatmentID,date) values("98700","480","98598","87972","2015-01-25T04:30:29.000Z");
insert into Orders(doctorID,patientID,treatmentGiverID,treatmentID,date) values("65812","53125","56736","33675","2015-01-15T00:48:05.000Z");
insert into Orders(doctorID,patientID,treatmentGiverID,treatmentID,date) values("76457","81359","98092","21682","2016-08-15T22:21:13.000Z");
insert into Orders(doctorID,patientID,treatmentGiverID,treatmentID,date) values("7409","11678","34206","10881","2016-07-16T02:20:13.000Z");
insert into Orders(doctorID,patientID,treatmentGiverID,treatmentID,date) values("75157","45365","38815","99488","2016-02-02T10:09:24.000Z");
insert into Orders(doctorID,patientID,treatmentGiverID,treatmentID,date) values("67193","78999","44441","24009","2015-01-26T16:37:03.000Z");
insert into Orders(doctorID,patientID,treatmentGiverID,treatmentID,date) values("75157","59930","99220","7629","2016-06-09T07:26:13.000Z");
insert into Orders(doctorID,patientID,treatmentGiverID,treatmentID,date) values("27634","10789","6107","80375","2015-01-01T13:37:21.000Z");
insert into Orders(doctorID,patientID,treatmentGiverID,treatmentID,date) values("99642","18216","51539","76929","2016-07-09T17:26:30.000Z");
insert into Orders(doctorID,patientID,treatmentGiverID,treatmentID,date) values("12714","29760","10649","73122","2015-01-10T04:50:40.000Z");
insert into Orders(doctorID,patientID,treatmentGiverID,treatmentID,date) values("67193","28943","45108","24506","2015-01-19T23:53:12.000Z");
insert into Orders(doctorID,patientID,treatmentGiverID,treatmentID,date) values("89746","47037","60892","24506","2016-02-25T04:54:25.000Z");
insert into Orders(doctorID,patientID,treatmentGiverID,treatmentID,date) values("58450","92674","20137","72882","2016-01-20T11:04:17.000Z");
insert into Orders(doctorID,patientID,treatmentGiverID,treatmentID,date) values("72244","36858","82787","15281","2016-03-09T20:39:04.000Z");
insert into Orders(doctorID,patientID,treatmentGiverID,treatmentID,date) values("84191","15555","32947","94464","2015-01-20T00:05:17.000Z");
insert into Orders(doctorID,patientID,treatmentGiverID,treatmentID,date) values("89746","61494","9008","39847","2015-01-27T03:36:24.000Z");
insert into Orders(doctorID,patientID,treatmentGiverID,treatmentID,date) values("38152","53125","41148","52797","2015-01-02T21:35:44.000Z");
insert into Orders(doctorID,patientID,treatmentGiverID,treatmentID,date) values("77360","75442","67702","15281","2016-06-23T02:19:03.000Z");
insert into Orders(doctorID,patientID,treatmentGiverID,treatmentID,date) values("97170","16479","99220","82509","2015-01-12T23:13:44.000Z");
insert into Orders(doctorID,patientID,treatmentGiverID,treatmentID,date) values("77360","1481","83455","82053","2015-01-27T19:28:39.000Z");
insert into Orders(doctorID,patientID,treatmentGiverID,treatmentID,date) values("65812","42872","8506","15281","2015-01-20T04:21:57.000Z");
insert into Orders(doctorID,patientID,treatmentGiverID,treatmentID,date) values("38152","73261","50676","87972","2015-01-23T13:58:45.000Z");
insert into Orders(doctorID,patientID,treatmentGiverID,treatmentID,date) values("13864","75243","85120","31564","2015-01-05T09:06:19.000Z");
insert into Orders(doctorID,patientID,treatmentGiverID,treatmentID,date) values("47333","1481","97774","64318","2016-03-23T00:17:06.000Z");
insert into Orders(doctorID,patientID,treatmentGiverID,treatmentID,date) values("98700","75943","96787","72398","2015-01-09T10:55:58.000Z");
insert into Orders(doctorID,patientID,treatmentGiverID,treatmentID,date) values("97170","23847","31740","7629","2016-02-11T19:02:41.000Z");
insert into Orders(doctorID,patientID,treatmentGiverID,treatmentID,date) values("87013","72517","17004","82509","2016-08-26T16:53:38.000Z");
insert into Orders(doctorID,patientID,treatmentGiverID,treatmentID,date) values("76457","59930","67702","10068","2015-01-10T21:38:04.000Z");
insert into Orders(doctorID,patientID,treatmentGiverID,treatmentID,date) values("76457","31633","27387","91486","2015-01-08T21:45:18.000Z");
insert into Orders(doctorID,patientID,treatmentGiverID,treatmentID,date) values("89500","95965","16584","49382","2015-01-14T11:18:22.000Z");
insert into Orders(doctorID,patientID,treatmentGiverID,treatmentID,date) values("80533","38511","37130","10881","2015-01-02T22:25:20.000Z");
insert into Orders(doctorID,patientID,treatmentGiverID,treatmentID,date) values("98700","82224","56432","7629","2016-10-01T23:38:37.000Z");
insert into Orders(doctorID,patientID,treatmentGiverID,treatmentID,date) values("37843","23294","51852","31545","2015-01-06T22:19:50.000Z");
insert into Orders(doctorID,patientID,treatmentGiverID,treatmentID,date) values("26322","95698","44441","84168","2016-07-15T18:15:00.000Z");
insert into Orders(doctorID,patientID,treatmentGiverID,treatmentID,date) values("27303","53403","38642","10068","2016-10-14T10:53:49.000Z");
insert into Orders(doctorID,patientID,treatmentGiverID,treatmentID,date) values("76457","31402","16584","47909","2015-01-25T11:19:19.000Z");
insert into Orders(doctorID,patientID,treatmentGiverID,treatmentID,date) values("11224","75943","8569","95576","2015-01-10T19:14:50.000Z");
insert into Orders(doctorID,patientID,treatmentGiverID,treatmentID,date) values("41601","10789","8506","57108","2016-09-13T22:11:29.000Z");
insert into Orders(doctorID,patientID,treatmentGiverID,treatmentID,date) values("87013","41794","37130","33675","2015-01-11T12:45:18.000Z");
insert into Orders(doctorID,patientID,treatmentGiverID,treatmentID,date) values("67193","61494","29285","99488","2015-01-10T01:37:51.000Z");
insert into Orders(doctorID,patientID,treatmentGiverID,treatmentID,date) values("84191","78999","51316","60633","2015-01-09T11:13:28.000Z");
insert into Orders(doctorID,patientID,treatmentGiverID,treatmentID,date) values("42588","45530","38125","43785","2015-01-23T20:14:32.000Z");
insert into Orders(doctorID,patientID,treatmentGiverID,treatmentID,date) values("42520","95961","38642","76469","2016-09-18T16:11:27.000Z");
insert into Orders(doctorID,patientID,treatmentGiverID,treatmentID,date) values("38152","60911","51852","99488","2015-01-06T05:37:34.000Z");
insert into Orders(doctorID,patientID,treatmentGiverID,treatmentID,date) values("43501","47037","8569","64969","2015-01-23T17:10:40.000Z");
insert into Orders(doctorID,patientID,treatmentGiverID,treatmentID,date) values("4258","63099","12844","11468","2014-12-31T22:06:23.000Z");
insert into Orders(doctorID,patientID,treatmentGiverID,treatmentID,date) values("98700","31633","59034","94464","2016-09-11T05:00:42.000Z");
insert into Orders(doctorID,patientID,treatmentGiverID,treatmentID,date) values("93402","78999","52143","27351","2015-01-19T00:30:37.000Z");
insert into Orders(doctorID,patientID,treatmentGiverID,treatmentID,date) values("11224","31633","69454","39767","2016-08-18T23:54:44.000Z");
insert into Orders(doctorID,patientID,treatmentGiverID,treatmentID,date) values("77342","10789","34263","47909","2016-03-31T14:20:51.000Z");
insert into Orders(doctorID,patientID,treatmentGiverID,treatmentID,date) values("47333","55673","8322","39767","2015-01-27T15:47:24.000Z");
insert into Orders(doctorID,patientID,treatmentGiverID,treatmentID,date) values("76457","72443","99220","76469","2016-10-08T08:23:11.000Z");
insert into Orders(doctorID,patientID,treatmentGiverID,treatmentID,date) values("75157","10789","34748","47909","2016-10-12T02:46:36.000Z");
insert into Orders(doctorID,patientID,treatmentGiverID,treatmentID,date) values("73994","93186","42443","94464","2015-01-14T17:14:35.000Z");
insert into Orders(doctorID,patientID,treatmentGiverID,treatmentID,date) values("4258","16479","5391","73122","2015-01-25T11:54:33.000Z");
insert into Orders(doctorID,patientID,treatmentGiverID,treatmentID,date) values("67193","2250","87242","47909","2015-01-02T21:40:58.000Z");
insert into Orders(doctorID,patientID,treatmentGiverID,treatmentID,date) values("13864","55673","83455","48089","2015-01-03T20:24:37.000Z");
insert into Orders(doctorID,patientID,treatmentGiverID,treatmentID,date) values("27303","59546","31575","30019","2015-01-25T05:24:26.000Z");
insert into Orders(doctorID,patientID,treatmentGiverID,treatmentID,date) values("85386","93186","60622","35560","2015-01-14T00:54:44.000Z");
insert into Orders(doctorID,patientID,treatmentGiverID,treatmentID,date) values("73994","47037","26148","91486","2015-01-17T12:34:58.000Z");
insert into Orders(doctorID,patientID,treatmentGiverID,treatmentID,date) values("66949","90746","8569","94047","2016-11-14T00:37:42.000Z");
insert into Orders(doctorID,patientID,treatmentGiverID,treatmentID,date) values("99642","39955","83455","82053","2015-01-11T15:22:30.000Z");
insert into Orders(doctorID,patientID,treatmentGiverID,treatmentID,date) values("12714","1481","56432","41113","2015-01-01T04:27:25.000Z");
insert into Orders(doctorID,patientID,treatmentGiverID,treatmentID,date) values("81156","65604","45108","84168","2016-08-11T02:38:42.000Z");
insert into Orders(doctorID,patientID,treatmentGiverID,treatmentID,date) values("66949","80720","12844","99488","2015-01-06T09:51:21.000Z");
insert into Orders(doctorID,patientID,treatmentGiverID,treatmentID,date) values("97794","39929","82787","33675","2016-07-15T17:12:57.000Z");
insert into Orders(doctorID,patientID,treatmentGiverID,treatmentID,date) values("5338","53912","99220","24506","2015-01-21T04:09:38.000Z");
insert into Orders(doctorID,patientID,treatmentGiverID,treatmentID,date) values("37843","47037","720","24009","2015-01-27T11:55:20.000Z");
insert into Orders(doctorID,patientID,treatmentGiverID,treatmentID,date) values("5338","26476","98598","73122","2015-01-23T23:26:35.000Z");
insert into Orders(doctorID,patientID,treatmentGiverID,treatmentID,date) values("73994","4000","38125","85624","2016-10-03T02:27:18.000Z");
insert into Orders(doctorID,patientID,treatmentGiverID,treatmentID,date) values("99642","50682","85120","21977","2016-03-02T22:02:50.000Z");
insert into Orders(doctorID,patientID,treatmentGiverID,treatmentID,date) values("33852","87841","38815","12359","2015-01-16T09:20:37.000Z");
insert into Orders(doctorID,patientID,treatmentGiverID,treatmentID,date) values("76457","78999","51565","87972","2016-03-21T18:24:20.000Z");
insert into Orders(doctorID,patientID,treatmentGiverID,treatmentID,date) values("41730","41794","78453","7629","2015-01-18T18:07:49.000Z");
insert into Orders(doctorID,patientID,treatmentGiverID,treatmentID,date) values("80533","92225","83455","60633","2015-01-17T18:57:17.000Z");
insert into Orders(doctorID,patientID,treatmentGiverID,treatmentID,date) values("11224","10789","31740","39847","2015-01-11T07:20:45.000Z");
insert into Orders(doctorID,patientID,treatmentGiverID,treatmentID,date) values("97794","16479","34768","23829","2015-01-26T20:22:33.000Z");
insert into Orders(doctorID,patientID,treatmentGiverID,treatmentID,date) values("26322","45365","32947","58422","2015-01-10T13:01:03.000Z");
insert into Orders(doctorID,patientID,treatmentGiverID,treatmentID,date) values("43501","28943","97774","72882","2016-10-04T08:57:47.000Z");
insert into Orders(doctorID,patientID,treatmentGiverID,treatmentID,date) values("85535","53403","720","41113","2016-12-19T10:09:32.000Z");
insert into Orders(doctorID,patientID,treatmentGiverID,treatmentID,date) values("99642","98759","73562","85518","2016-02-03T10:03:34.000Z");
insert into Orders(doctorID,patientID,treatmentGiverID,treatmentID,date) values("81156","47037","87242","24009","2015-01-08T11:33:10.000Z");
insert into Orders(doctorID,patientID,treatmentGiverID,treatmentID,date) values("5338","53125","51316","15281","2016-12-21T17:48:24.000Z");
insert into Orders(doctorID,patientID,treatmentGiverID,treatmentID,date) values("65812","91690","51539","73991","2015-01-14T02:22:28.000Z");
insert into Orders(doctorID,patientID,treatmentGiverID,treatmentID,date) values("12714","95965","97774","27351","2015-01-04T16:31:18.000Z");
insert into Orders(doctorID,patientID,treatmentGiverID,treatmentID,date) values("77360","98164","83455","96465","2016-03-06T15:14:23.000Z");
insert into Orders(doctorID,patientID,treatmentGiverID,treatmentID,date) values("7409","42872","8322","58422","2015-01-07T22:32:28.000Z");
insert into Orders(doctorID,patientID,treatmentGiverID,treatmentID,date) values("72244","72792","8569","30120","2015-01-25T16:24:53.000Z");
insert into Orders(doctorID,patientID,treatmentGiverID,treatmentID,date) values("91333","72792","10649","94047","2015-01-08T03:57:18.000Z");
insert into Orders(doctorID,patientID,treatmentGiverID,treatmentID,date) values("98700","53912","10276","23603","2015-01-01T06:55:39.000Z");
insert into Orders(doctorID,patientID,treatmentGiverID,treatmentID,date) values("84191","10789","12844","13121","2015-01-18T06:50:20.000Z");
insert into Orders(doctorID,patientID,treatmentGiverID,treatmentID,date) values("30119","28943","82787","75619","2016-05-20T10:15:04.000Z");
insert into Orders(doctorID,patientID,treatmentGiverID,treatmentID,date) values("22744","42872","73562","49382","2016-08-04T13:27:44.000Z");
insert into Orders(doctorID,patientID,treatmentGiverID,treatmentID,date) values("27634","26476","29285","12359","2016-03-03T07:09:49.000Z");
insert into Orders(doctorID,patientID,treatmentGiverID,treatmentID,date) values("98700","45530","5391","39847","2016-08-17T19:02:47.000Z");
insert into Orders(doctorID,patientID,treatmentGiverID,treatmentID,date) values("91333","11381","8506","31545","2016-12-23T04:49:55.000Z");
insert into Orders(doctorID,patientID,treatmentGiverID,treatmentID,date) values("27634","90746","20137","37648","2016-01-02T08:35:46.000Z");
insert into Orders(doctorID,patientID,treatmentGiverID,treatmentID,date) values("73994","28943","720","90546","2016-10-11T01:05:59.000Z");
insert into Orders(doctorID,patientID,treatmentGiverID,treatmentID,date) values("76457","98759","38642","21682","2016-10-19T07:28:58.000Z");
insert into Orders(doctorID,patientID,treatmentGiverID,treatmentID,date) values("77342","11381","41148","96465","2015-01-26T21:56:28.000Z");
insert into Orders(doctorID,patientID,treatmentGiverID,treatmentID,date) values("98189","53326","72042","10068","2016-11-25T10:00:18.000Z");
insert into Orders(doctorID,patientID,treatmentGiverID,treatmentID,date) values("7290","50682","98092","99488","2016-07-09T12:54:26.000Z");
insert into Orders(doctorID,patientID,treatmentGiverID,treatmentID,date) values("38152","95961","60622","58422","2015-01-27T03:21:08.000Z");
insert into Orders(doctorID,patientID,treatmentGiverID,treatmentID,date) values("77342","93186","31299","91486","2016-03-08T02:29:43.000Z");
insert into Orders(doctorID,patientID,treatmentGiverID,treatmentID,date) values("80533","49184","5391","46142","2016-08-20T05:16:34.000Z");
insert into Orders(doctorID,patientID,treatmentGiverID,treatmentID,date) values("97794","49714","45108","84034","2015-01-04T04:43:26.000Z");
insert into Orders(doctorID,patientID,treatmentGiverID,treatmentID,date) values("98700","10000","29285","39767","2015-01-07T18:39:32.000Z");
insert into Orders(doctorID,patientID,treatmentGiverID,treatmentID,date) values("13864","65604","99220","95807","2015-01-11T04:37:51.000Z");
insert into Orders(doctorID,patientID,treatmentGiverID,treatmentID,date) values("12714","31633","16584","82053","2015-01-14T22:06:01.000Z");
insert into Orders(doctorID,patientID,treatmentGiverID,treatmentID,date) values("97794","41794","10276","76929","2015-01-09T02:58:06.000Z");
insert into Orders(doctorID,patientID,treatmentGiverID,treatmentID,date) values("84191","78999","5391","89067","2016-11-22T11:25:59.000Z");
insert into Orders(doctorID,patientID,treatmentGiverID,treatmentID,date) values("80533","93186","98598","91666","2016-10-13T06:30:17.000Z");
insert into Orders(doctorID,patientID,treatmentGiverID,treatmentID,date) values("80533","42872","5391","73991","2016-04-10T19:28:15.000Z");
insert into Orders(doctorID,patientID,treatmentGiverID,treatmentID,date) values("7409","81359","73562","94464","2016-07-17T19:50:20.000Z");
insert into Orders(doctorID,patientID,treatmentGiverID,treatmentID,date) values("42588","80720","69224","30120","2015-01-17T03:06:33.000Z");
insert into Orders(doctorID,patientID,treatmentGiverID,treatmentID,date) values("77360","70192","8569","30120","2015-01-23T13:14:53.000Z");
insert into Orders(doctorID,patientID,treatmentGiverID,treatmentID,date) values("41730","78999","8569","60633","2015-01-05T01:25:35.000Z");
insert into Orders(doctorID,patientID,treatmentGiverID,treatmentID,date) values("33852","53912","51852","48089","2015-01-14T23:41:06.000Z");
insert into Orders(doctorID,patientID,treatmentGiverID,treatmentID,date) values("47333","61494","34263","21413","2016-02-06T13:37:03.000Z");
insert into Orders(doctorID,patientID,treatmentGiverID,treatmentID,date) values("12714","82224","16584","99920","2016-12-07T21:05:16.000Z");
insert into Orders(doctorID,patientID,treatmentGiverID,treatmentID,date) values("82745","31402","38642","96465","2015-01-24T20:38:05.000Z");
insert into Orders(doctorID,patientID,treatmentGiverID,treatmentID,date) values("5338","23847","10649","95807","2016-01-07T19:17:19.000Z");
insert into Orders(doctorID,patientID,treatmentGiverID,treatmentID,date) values("84191","45604","60622","94464","2016-04-11T21:13:45.000Z");
insert into Orders(doctorID,patientID,treatmentGiverID,treatmentID,date) values("47333","1415","82787","58422","2015-01-19T09:53:20.000Z");
insert into Orders(doctorID,patientID,treatmentGiverID,treatmentID,date) values("89500","21831","51316","24506","2015-01-04T21:11:29.000Z");
insert into Orders(doctorID,patientID,treatmentGiverID,treatmentID,date) values("97170","72792","51316","47909","2015-01-03T13:15:16.000Z");
insert into Orders(doctorID,patientID,treatmentGiverID,treatmentID,date) values("97794","29760","44441","23829","2015-01-05T12:23:51.000Z");
insert into Orders(doctorID,patientID,treatmentGiverID,treatmentID,date) values("43501","12041","1115","72882","2016-07-16T22:27:32.000Z");
insert into Orders(doctorID,patientID,treatmentGiverID,treatmentID,date) values("75157","6839","45629","86097","2016-03-05T02:45:57.000Z");
insert into Orders(doctorID,patientID,treatmentGiverID,treatmentID,date) values("81156","1515","16584","43785","2016-04-26T04:10:41.000Z");
insert into Orders(doctorID,patientID,treatmentGiverID,treatmentID,date) values("98189","70192","94325","96465","2016-07-22T16:20:40.000Z");
insert into Orders(doctorID,patientID,treatmentGiverID,treatmentID,date) values("12714","59546","10649","47909","2015-01-19T22:42:35.000Z");
insert into Orders(doctorID,patientID,treatmentGiverID,treatmentID,date) values("82745","75442","31740","47909","2016-04-20T19:31:23.000Z");
insert into Orders(doctorID,patientID,treatmentGiverID,treatmentID,date) values("45141","70192","24990","82053","2016-08-25T18:20:01.000Z");
insert into Orders(doctorID,patientID,treatmentGiverID,treatmentID,date) values("99642","96879","38125","43785","2015-01-20T12:37:44.000Z");
insert into Orders(doctorID,patientID,treatmentGiverID,treatmentID,date) values("41730","16925","98092","94047","2016-01-17T19:10:24.000Z");
insert into Orders(doctorID,patientID,treatmentGiverID,treatmentID,date) values("26322","89614","1115","37641","2016-01-02T20:49:18.000Z");
insert into Orders(doctorID,patientID,treatmentGiverID,treatmentID,date) values("75157","28943","77328","75619","2015-01-21T17:12:14.000Z");
insert into Orders(doctorID,patientID,treatmentGiverID,treatmentID,date) values("98189","95961","59034","10881","2016-09-27T00:30:53.000Z");
insert into Orders(doctorID,patientID,treatmentGiverID,treatmentID,date) values("75157","11381","69454","84168","2015-01-13T10:51:37.000Z");
insert into Orders(doctorID,patientID,treatmentGiverID,treatmentID,date) values("67193","28943","98092","72882","2015-01-11T11:19:22.000Z");
insert into Orders(doctorID,patientID,treatmentGiverID,treatmentID,date) values("98189","42872","38815","10068","2015-01-26T14:36:51.000Z");
insert into Orders(doctorID,patientID,treatmentGiverID,treatmentID,date) values("77360","84128","8506","96465","2016-09-04T20:55:42.000Z");
insert into Orders(doctorID,patientID,treatmentGiverID,treatmentID,date) values("84191","88703","56417","48089","2015-01-09T18:53:07.000Z");
insert into Orders(doctorID,patientID,treatmentGiverID,treatmentID,date) values("87013","4146","60622","89067","2016-08-21T06:59:59.000Z");
insert into Orders(doctorID,patientID,treatmentGiverID,treatmentID,date) values("38152","72792","720","10881","2015-01-03T21:29:10.000Z");
insert into Orders(doctorID,patientID,treatmentGiverID,treatmentID,date) values("98700","50682","87242","72398","2016-09-27T16:20:05.000Z");
insert into Orders(doctorID,patientID,treatmentGiverID,treatmentID,date) values("38152","47037","41148","76469","2016-04-21T15:00:22.000Z");
insert into Orders(doctorID,patientID,treatmentGiverID,treatmentID,date) values("22744","60911","20137","94047","2015-01-16T12:53:07.000Z");
insert into Orders(doctorID,patientID,treatmentGiverID,treatmentID,date) values("77360","72792","52143","23829","2015-01-02T18:32:06.000Z");
insert into Orders(doctorID,patientID,treatmentGiverID,treatmentID,date) values("12714","13470","41148","73991","2015-01-03T15:31:44.000Z");
insert into Orders(doctorID,patientID,treatmentGiverID,treatmentID,date) values("37843","45920","83145","90806","2016-06-07T14:53:05.000Z");
insert into Orders(doctorID,patientID,treatmentGiverID,treatmentID,date) values("84191","47037","9008","96465","2016-12-15T13:54:48.000Z");
insert into Orders(doctorID,patientID,treatmentGiverID,treatmentID,date) values("12714","75442","34748","83941","2014-12-31T15:03:24.000Z");
insert into Admin(employeeID) values("1118");
insert into Admin(employeeID) values("1796");
insert into Admin(employeeID) values("2351");
insert into Admin(employeeID) values("2590");
insert into Admin(employeeID) values("2647");
insert into Admin(employeeID) values("3782");
insert into Admin(employeeID) values("4258");
insert into Admin(employeeID) values("5299");
insert into Admin(employeeID) values("5338");
insert into Admin(employeeID) values("5595");
insert into Admin(employeeID) values("7290");
insert into Admin(employeeID) values("7409");
insert into Admin(employeeID) values("9417");
insert into Admin(employeeID) values("10108");
insert into Admin(employeeID) values("10130");
insert into Admin(employeeID) values("11224");
insert into Admin(employeeID) values("11716");
insert into Admin(employeeID) values("12157");
insert into Admin(employeeID) values("12714");
insert into Admin(employeeID) values("13864");
insert into Admin(employeeID) values("16140");
insert into Admin(employeeID) values("20759");
insert into Admin(employeeID) values("23662");
insert into Admin(employeeID) values("26322");
insert into Admin(employeeID) values("27303");
insert into Admin(employeeID) values("27634");
insert into Admin(employeeID) values("29696");
insert into Admin(employeeID) values("30119");
insert into Admin(employeeID) values("30657");
insert into Admin(employeeID) values("33660");
insert into Admin(employeeID) values("33852");
insert into Admin(employeeID) values("37123");
insert into Admin(employeeID) values("37760");
insert into Admin(employeeID) values("37843");
insert into Admin(employeeID) values("38152");
insert into Admin(employeeID) values("38377");
insert into Admin(employeeID) values("40027");
insert into Admin(employeeID) values("40203");
insert into Admin(employeeID) values("40517");
insert into Admin(employeeID) values("41601");
insert into Admin(employeeID) values("41730");
insert into Admin(employeeID) values("41930");
insert into Admin(employeeID) values("42520");
insert into Admin(employeeID) values("42588");
insert into Admin(employeeID) values("42966");
insert into Admin(employeeID) values("43501");
insert into Admin(employeeID) values("43825");
insert into Admin(employeeID) values("44604");
insert into Admin(employeeID) values("45141");
insert into Admin(employeeID) values("45648");
insert into Admin(employeeID) values("47333");
insert into Admin(employeeID) values("50880");
insert into Admin(employeeID) values("51640");
insert into Admin(employeeID) values("56009");
insert into Admin(employeeID) values("58450");
insert into Admin(employeeID) values("60221");
insert into Admin(employeeID) values("63111");
insert into Admin(employeeID) values("63883");
insert into Admin(employeeID) values("64468");
insert into Admin(employeeID) values("65812");
insert into Admin(employeeID) values("67193");
insert into Admin(employeeID) values("69575");
insert into Admin(employeeID) values("72244");
insert into Admin(employeeID) values("72247");
insert into Admin(employeeID) values("73994");
insert into Admin(employeeID) values("75157");
insert into Admin(employeeID) values("76457");
insert into Admin(employeeID) values("77342");
insert into Admin(employeeID) values("77360");
insert into Admin(employeeID) values("77999");
insert into Admin(employeeID) values("79631");
insert into Admin(employeeID) values("80533");
insert into Admin(employeeID) values("81156");
insert into Admin(employeeID) values("82745");
insert into Admin(employeeID) values("82767");
insert into Admin(employeeID) values("84191");
insert into Admin(employeeID) values("85535");
insert into Admin(employeeID) values("87013");
insert into Admin(employeeID) values("88450");
insert into Admin(employeeID) values("89500");
insert into Admin(employeeID) values("89746");
insert into Admin(employeeID) values("91333");
insert into Admin(employeeID) values("93402");
insert into Admin(employeeID) values("96744");
insert into Admin(employeeID) values("97128");
insert into Admin(employeeID) values("97170");
insert into Admin(employeeID) values("97794");
insert into Admin(employeeID) values("98189");
insert into Admin(employeeID) values("98700");
insert into Admin(employeeID) values("99642");
insert into Discharges(AdminID,patientID,date) values("7290","274","2014-01-22T08:48:48.000Z");
insert into Discharges(AdminID,patientID,date) values("79631","72792","2016-11-07T13:28:13.000Z");
insert into Discharges(AdminID,patientID,date) values("45141","10000","2016-09-28T02:58:18.000Z");
insert into Discharges(AdminID,patientID,date) values("98189","55673","2015-02-19T16:22:04.000Z");
insert into Discharges(AdminID,patientID,date) values("80533","72517","2016-06-05T07:05:07.000Z");
insert into Discharges(AdminID,patientID,date) values("10108","50537","2016-09-25T15:42:37.000Z");
insert into Discharges(AdminID,patientID,date) values("5595","75442","2016-11-18T05:37:52.000Z");
insert into Discharges(AdminID,patientID,date) values("1118","10789","2014-01-16T10:46:43.000Z");
insert into Discharges(AdminID,patientID,date) values("58450","95961","2016-03-21T22:08:34.000Z");
insert into Discharges(AdminID,patientID,date) values("42966","82224","2016-02-15T12:44:03.000Z");
insert into Discharges(AdminID,patientID,date) values("75157","53403","2016-02-10T12:04:31.000Z");
insert into Discharges(AdminID,patientID,date) values("97128","9689","2016-11-17T21:45:17.000Z");
insert into Discharges(AdminID,patientID,date) values("5595","15555","2014-01-19T04:21:28.000Z");
insert into Discharges(AdminID,patientID,date) values("40517","89644","2016-11-25T04:05:25.000Z");
insert into Discharges(AdminID,patientID,date) values("26322","31402","2016-11-19T09:33:26.000Z");
insert into Discharges(AdminID,patientID,date) values("38377","49544","2015-09-06T06:19:32.000Z");
insert into Discharges(AdminID,patientID,date) values("97128","42872","2015-11-27T14:04:00.000Z");
insert into Discharges(AdminID,patientID,date) values("37760","50801","2016-07-25T11:41:27.000Z");
insert into Discharges(AdminID,patientID,date) values("97794","31654","2015-03-21T15:59:49.000Z");
insert into Discharges(AdminID,patientID,date) values("72244","12041","2016-02-15T05:42:27.000Z");
insert into Discharges(AdminID,patientID,date) values("82745","47947","2016-09-22T04:06:37.000Z");
insert into Discharges(AdminID,patientID,date) values("91333","48237","2016-09-15T05:57:29.000Z");
insert into Discharges(AdminID,patientID,date) values("12157","27218","2016-06-04T09:14:58.000Z");
insert into Discharges(AdminID,patientID,date) values("42966","31402","2016-12-23T11:55:34.000Z");
insert into Discharges(AdminID,patientID,date) values("47333","84809","2015-12-08T13:41:56.000Z");
insert into Discharges(AdminID,patientID,date) values("1796","54468","2016-12-25T22:26:29.000Z");
insert into Discharges(AdminID,patientID,date) values("2351","13323","2016-09-19T22:13:23.000Z");
insert into Discharges(AdminID,patientID,date) values("67193","81284","2015-05-25T12:07:49.000Z");
insert into Discharges(AdminID,patientID,date) values("4258","54441","2015-09-21T17:53:27.000Z");
insert into Discharges(AdminID,patientID,date) values("58450","60687","2015-02-07T04:50:33.000Z");
insert into Discharges(AdminID,patientID,date) values("84191","79119","2016-07-20T14:54:16.000Z");
insert into Discharges(AdminID,patientID,date) values("81156","38511","2016-03-21T16:44:28.000Z");
insert into Discharges(AdminID,patientID,date) values("97794","8674","2015-09-18T14:37:54.000Z");
insert into Discharges(AdminID,patientID,date) values("64468","40274","2016-11-08T18:10:32.000Z");
insert into Discharges(AdminID,patientID,date) values("76457","89614","2015-11-27T12:46:50.000Z");
insert into Discharges(AdminID,patientID,date) values("63111","50537","2016-11-26T13:21:35.000Z");
insert into Discharges(AdminID,patientID,date) values("42966","13470","2016-08-03T05:59:08.000Z");
insert into Discharges(AdminID,patientID,date) values("12714","49714","2015-02-04T18:35:24.000Z");
insert into Discharges(AdminID,patientID,date) values("40203","92623","2016-08-14T12:31:17.000Z");
insert into Discharges(AdminID,patientID,date) values("84191","75442","2016-12-26T10:46:51.000Z");
insert into Discharges(AdminID,patientID,date) values("91333","54468","2016-12-27T16:26:40.000Z");
insert into Discharges(AdminID,patientID,date) values("73994","31633","2016-03-07T00:34:42.000Z");
insert into Discharges(AdminID,patientID,date) values("45141","75442","2016-12-28T01:50:32.000Z");
insert into Discharges(AdminID,patientID,date) values("10130","48699","2016-08-04T04:52:05.000Z");
insert into Discharges(AdminID,patientID,date) values("89746","75888","2015-06-23T07:48:36.000Z");
insert into Discharges(AdminID,patientID,date) values("5338","81359","2016-10-13T05:22:08.000Z");
insert into Discharges(AdminID,patientID,date) values("37123","75888","2016-11-04T01:22:29.000Z");
insert into Discharges(AdminID,patientID,date) values("87013","3275","2016-06-21T12:21:51.000Z");
insert into Discharges(AdminID,patientID,date) values("42966","75243","2016-10-21T07:17:56.000Z");
insert into Discharges(AdminID,patientID,date) values("40027","27218","2016-09-01T01:50:18.000Z");
insert into Discharges(AdminID,patientID,date) values("44604","50970","2016-12-26T17:16:09.000Z");
insert into Discharges(AdminID,patientID,date) values("44604","52137","2016-08-01T09:36:38.000Z");
insert into Discharges(AdminID,patientID,date) values("45648","23294","2015-09-22T14:34:05.000Z");
insert into Discharges(AdminID,patientID,date) values("97170","84809","2016-10-25T15:03:25.000Z");
insert into Discharges(AdminID,patientID,date) values("98700","95698","2014-01-12T13:12:22.000Z");
insert into Discharges(AdminID,patientID,date) values("37843","23294","2016-10-09T05:42:34.000Z");
insert into Discharges(AdminID,patientID,date) values("3782","43740","2016-03-15T21:47:53.000Z");
insert into Discharges(AdminID,patientID,date) values("11224","79119","2016-12-19T00:28:29.000Z");
insert into Discharges(AdminID,patientID,date) values("72247","55698","2016-02-14T23:09:30.000Z");
insert into Discharges(AdminID,patientID,date) values("38377","50801","2016-11-26T21:45:32.000Z");
insert into Discharges(AdminID,patientID,date) values("63883","75243","2016-12-13T11:36:07.000Z");
insert into Discharges(AdminID,patientID,date) values("42966","96426","2015-09-19T20:57:08.000Z");
insert into Discharges(AdminID,patientID,date) values("41601","31654","2016-12-23T08:24:09.000Z");
insert into Discharges(AdminID,patientID,date) values("37123","89614","2016-08-26T04:15:17.000Z");
insert into Discharges(AdminID,patientID,date) values("72244","53912","2015-09-08T03:18:30.000Z");
insert into Discharges(AdminID,patientID,date) values("43825","13323","2016-11-22T21:31:52.000Z");
insert into Discharges(AdminID,patientID,date) values("96744","13323","2016-12-01T16:48:24.000Z");
insert into Discharges(AdminID,patientID,date) values("85535","37679","2016-10-06T14:15:02.000Z");
insert into Discharges(AdminID,patientID,date) values("91333","29760","2016-11-05T11:57:14.000Z");
insert into Discharges(AdminID,patientID,date) values("4258","99502","2016-09-13T00:44:33.000Z");
insert into Discharges(AdminID,patientID,date) values("81156","45079","2016-10-13T23:11:53.000Z");
insert into Discharges(AdminID,patientID,date) values("42966","75442","2016-12-28T05:03:37.000Z");
insert into Discharges(AdminID,patientID,date) values("12714","67417","2014-01-23T15:27:32.000Z");
insert into Discharges(AdminID,patientID,date) values("30657","92225","2015-06-28T04:23:37.000Z");
insert into Discharges(AdminID,patientID,date) values("23662","72792","2016-12-14T17:22:47.000Z");
insert into Discharges(AdminID,patientID,date) values("43825","59546","2016-12-20T23:31:36.000Z");
insert into Discharges(AdminID,patientID,date) values("41930","50801","2016-12-16T14:20:37.000Z");
insert into Discharges(AdminID,patientID,date) values("37843","39929","2016-12-13T18:59:07.000Z");
insert into Discharges(AdminID,patientID,date) values("98700","10789","2016-12-03T08:23:18.000Z");
insert into Discharges(AdminID,patientID,date) values("65812","57086","2016-06-12T11:25:59.000Z");
insert into Discharges(AdminID,patientID,date) values("89500","75943","2016-05-22T22:48:50.000Z");
insert into Discharges(AdminID,patientID,date) values("51640","50970","2016-12-27T19:04:32.000Z");
insert into Discharges(AdminID,patientID,date) values("97128","43740","2016-04-16T19:19:20.000Z");
insert into Discharges(AdminID,patientID,date) values("81156","72037","2016-09-26T04:02:44.000Z");
insert into Discharges(AdminID,patientID,date) values("20759","72792","2016-12-21T02:28:01.000Z");
insert into Discharges(AdminID,patientID,date) values("7409","33929","2016-11-15T02:50:20.000Z");
insert into Discharges(AdminID,patientID,date) values("41601","37679","2016-12-20T19:07:41.000Z");
insert into Discharges(AdminID,patientID,date) values("63111","52137","2016-11-22T03:04:59.000Z");
insert into Discharges(AdminID,patientID,date) values("47333","85432","2016-08-03T11:09:55.000Z");
insert into Discharges(AdminID,patientID,date) values("43825","27218","2016-12-04T21:36:10.000Z");
insert into Discharges(AdminID,patientID,date) values("10130","54441","2016-07-27T07:59:52.000Z");
insert into Discharges(AdminID,patientID,date) values("47333","70192","2016-02-22T12:42:27.000Z");
insert into Discharges(AdminID,patientID,date) values("98700","75943","2016-11-15T10:37:23.000Z");
insert into Discharges(AdminID,patientID,date) values("5299","45604","2016-07-04T05:00:35.000Z");
insert into Discharges(AdminID,patientID,date) values("98189","13323","2016-12-18T00:00:00.000Z");
insert into Discharges(AdminID,patientID,date) values("82745","10000","2016-12-14T16:11:50.000Z");
insert into Discharges(AdminID,patientID,date) values("43501","97811","2016-08-18T19:42:50.000Z");
insert into Discharges(AdminID,patientID,date) values("67193","9689","2016-12-23T11:28:55.000Z");
insert into Discharges(AdminID,patientID,date) values("41601","97811","2016-12-11T00:15:48.000Z");
insert into Discharges(AdminID,patientID,date) values("87013","81359","2016-12-27T23:47:23.000Z");
insert into Discharges(AdminID,patientID,date) values("5338","31654","2016-12-27T15:45:04.000Z");
insert into Discharges(AdminID,patientID,date) values("45141","89498","2016-08-21T09:26:01.000Z");
insert into Discharges(AdminID,patientID,date) values("16140","54468","2016-12-28T05:20:58.000Z");
insert into Discharges(AdminID,patientID,date) values("1796","59546","2016-12-27T10:13:38.000Z");
insert into Discharges(AdminID,patientID,date) values("37843","27218","2016-12-28T02:58:01.000Z");
insert into Discharges(AdminID,patientID,date) values("29696","56697","2014-01-20T23:15:07.000Z");
insert into Discharges(AdminID,patientID,date) values("16140","83414","2016-02-07T12:21:06.000Z");
insert into Discharges(AdminID,patientID,date) values("30657","37091","2015-06-12T04:56:27.000Z");
insert into Discharges(AdminID,patientID,date) values("84191","37679","2016-12-28T00:19:01.000Z");
insert into Discharges(AdminID,patientID,date) values("44604","56851","2016-08-04T06:49:15.000Z");
insert into Discharges(AdminID,patientID,date) values("85535","50537","2016-12-27T10:22:37.000Z");
insert into Discharges(AdminID,patientID,date) values("89746","37679","2016-12-28T03:25:35.000Z");
insert into Discharges(AdminID,patientID,date) values("91333","92623","2016-10-13T13:48:34.000Z");
insert into Discharges(AdminID,patientID,date) values("64468","50801","2016-12-20T22:07:53.000Z");
insert into Discharges(AdminID,patientID,date) values("40517","39929","2016-12-19T08:12:45.000Z");
insert into Discharges(AdminID,patientID,date) values("38377","67417","2016-05-17T01:07:26.000Z");
insert into Discharges(AdminID,patientID,date) values("82745","26476","2016-12-06T10:43:45.000Z");
insert into Discharges(AdminID,patientID,date) values("73994","98164","2016-06-10T01:17:14.000Z");
insert into Discharges(AdminID,patientID,date) values("41730","53326","2016-06-19T11:16:07.000Z");
insert into Discharges(AdminID,patientID,date) values("10130","42872","2016-05-23T19:49:59.000Z");
insert into Discharges(AdminID,patientID,date) values("98189","70192","2016-10-11T19:45:15.000Z");
insert into Discharges(AdminID,patientID,date) values("3782","13323","2016-12-27T08:33:44.000Z");
insert into Discharges(AdminID,patientID,date) values("9417","89644","2016-12-19T07:13:25.000Z");
insert into Discharges(AdminID,patientID,date) values("7290","18216","2016-01-21T01:32:43.000Z");
insert into Discharges(AdminID,patientID,date) values("4258","13323","2016-12-28T02:20:23.000Z");
insert into Discharges(AdminID,patientID,date) values("29696","92225","2016-10-25T06:41:32.000Z");
insert into Discharges(AdminID,patientID,date) values("63111","59930","2015-09-03T14:43:59.000Z");
insert into Discharges(AdminID,patientID,date) values("10108","55698","2016-10-02T06:20:55.000Z");
insert into Discharges(AdminID,patientID,date) values("75157","18216","2016-10-26T22:39:35.000Z");
insert into Discharges(AdminID,patientID,date) values("30119","92225","2016-12-24T22:43:53.000Z");
insert into Discharges(AdminID,patientID,date) values("85535","38737","2016-12-16T10:05:28.000Z");
insert into Discharges(AdminID,patientID,date) values("26322","56851","2016-12-16T12:15:09.000Z");
insert into Discharges(AdminID,patientID,date) values("69575","6839","2016-07-17T21:08:20.000Z");
insert into Discharges(AdminID,patientID,date) values("97170","81359","2016-12-28T04:53:55.000Z");
insert into Discharges(AdminID,patientID,date) values("79631","97811","2016-12-22T14:50:18.000Z");
insert into Discharges(AdminID,patientID,date) values("60221","42872","2016-08-25T16:35:30.000Z");
insert into Discharges(AdminID,patientID,date) values("30657","99502","2016-11-20T04:10:00.000Z");
insert into Discharges(AdminID,patientID,date) values("4258","45079","2016-12-22T10:16:57.000Z");
insert into Discharges(AdminID,patientID,date) values("73994","92225","2016-12-27T09:14:04.000Z");
insert into Discharges(AdminID,patientID,date) values("50880","89644","2016-12-27T12:34:59.000Z");
insert into Discharges(AdminID,patientID,date) values("27634","37679","2016-12-28T05:57:49.000Z");
insert into Discharges(AdminID,patientID,date) values("33660","40274","2016-12-04T10:04:58.000Z");
insert into Discharges(AdminID,patientID,date) values("72247","48237","2016-11-22T21:38:01.000Z");
insert into Discharges(AdminID,patientID,date) values("63883","83414","2016-11-01T06:57:28.000Z");
insert into Discharges(AdminID,patientID,date) values("77360","72517","2016-11-27T06:50:24.000Z");
insert into Discharges(AdminID,patientID,date) values("43501","37869","2016-06-05T07:56:39.000Z");
insert into Discharges(AdminID,patientID,date) values("82745","39955","2015-12-11T14:56:44.000Z");
insert into Discharges(AdminID,patientID,date) values("81156","59930","2016-09-22T10:05:44.000Z");
insert into Discharges(AdminID,patientID,date) values("84191","45604","2016-11-05T08:54:08.000Z");
insert into Discharges(AdminID,patientID,date) values("38377","53403","2016-04-01T21:06:00.000Z");
insert into Discharges(AdminID,patientID,date) values("97128","45079","2016-12-27T01:05:28.000Z");
insert into Discharges(AdminID,patientID,date) values("77360","37869","2016-12-20T14:37:05.000Z");
insert into Discharges(AdminID,patientID,date) values("2590","93186","2015-07-17T18:37:05.000Z");
insert into Discharges(AdminID,patientID,date) values("5299","58347","2016-08-18T23:33:39.000Z");
insert into Discharges(AdminID,patientID,date) values("73994","74270","2016-06-10T08:11:33.000Z");
insert into Discharges(AdminID,patientID,date) values("98700","31633","2016-03-23T14:17:33.000Z");
insert into Discharges(AdminID,patientID,date) values("26322","31654","2016-12-28T04:17:41.000Z");
insert into Discharges(AdminID,patientID,date) values("87013","48237","2016-12-20T00:58:10.000Z");
insert into Discharges(AdminID,patientID,date) values("10108","74270","2016-10-15T20:11:48.000Z");
insert into Discharges(AdminID,patientID,date) values("99642","75888","2016-11-20T11:46:11.000Z");
insert into Discharges(AdminID,patientID,date) values("42588","54468","2016-12-28T05:43:38.000Z");
insert into Discharges(AdminID,patientID,date) values("45141","27218","2016-12-28T05:58:33.000Z");
insert into Discharges(AdminID,patientID,date) values("87013","56851","2016-12-25T17:55:11.000Z");
insert into Discharges(AdminID,patientID,date) values("7409","81414","2016-10-11T08:51:47.000Z");
insert into Discharges(AdminID,patientID,date) values("69575","53326","2016-12-25T16:59:45.000Z");
insert into Discharges(AdminID,patientID,date) values("9417","52137","2016-12-25T20:27:50.000Z");
insert into Discharges(AdminID,patientID,date) values("89500","26476","2016-12-26T00:24:50.000Z");
insert into Discharges(AdminID,patientID,date) values("77999","79119","2016-12-26T02:56:04.000Z");
insert into Discharges(AdminID,patientID,date) values("38152","72517","2016-12-23T14:13:10.000Z");
insert into Discharges(AdminID,patientID,date) values("11224","99502","2016-12-23T02:49:21.000Z");
insert into Discharges(AdminID,patientID,date) values("47333","93006","2016-11-12T11:01:57.000Z");
insert into Discharges(AdminID,patientID,date) values("51640","95961","2016-12-19T08:13:05.000Z");
insert into Discharges(AdminID,patientID,date) values("16140","92674","2016-09-04T08:52:34.000Z");
insert into Discharges(AdminID,patientID,date) values("81156","59930","2016-11-23T03:41:22.000Z");
insert into Discharges(AdminID,patientID,date) values("77360","8674","2016-05-01T07:30:26.000Z");
insert into Discharges(AdminID,patientID,date) values("97170","53912","2016-11-08T19:16:03.000Z");
insert into Discharges(AdminID,patientID,date) values("97170","55698","2016-10-27T21:49:10.000Z");
insert into Discharges(AdminID,patientID,date) values("33852","26476","2016-12-27T20:27:44.000Z");
insert into Discharges(AdminID,patientID,date) values("63111","8674","2016-12-26T02:49:53.000Z");
insert into Discharges(AdminID,patientID,date) values("42520","99502","2016-12-27T22:46:28.000Z");
insert into Discharges(AdminID,patientID,date) values("72244","72517","2016-12-27T09:51:57.000Z");
insert into Discharges(AdminID,patientID,date) values("98189","54441","2016-10-23T10:42:28.000Z");
insert into Discharges(AdminID,patientID,date) values("99642","13323","2016-12-28T04:09:53.000Z");
insert into Discharges(AdminID,patientID,date) values("77360","54441","2016-12-27T13:00:02.000Z");
insert into Discharges(AdminID,patientID,date) values("79631","59930","2016-12-23T16:40:46.000Z");
