insert into Worker(employeeID,firstName,lastName,hireDate,salary) values("13380","Saarinen","Gilligan","2013-07-02T07:28:18.000Z","49812");
insert into Worker(employeeID,firstName,lastName,hireDate,salary) values("4273","Osvaldo","plaza's","2012-01-05T03:11:32.000Z","11955");
insert into Worker(employeeID,firstName,lastName,hireDate,salary) values("92697","southeastward","Dracula","2014-10-25T16:04:04.000Z","47650");
insert into Worker(employeeID,firstName,lastName,hireDate,salary) values("19355","suckles","diffidence's","2014-12-17T23:44:28.000Z","17870");
insert into Worker(employeeID,firstName,lastName,hireDate,salary) values("63229","pawns","scoutmaster","2012-01-12T04:06:54.000Z","32690");
insert into Worker(employeeID,firstName,lastName,hireDate,salary) values("56069","concurs","fallibly","2013-10-26T08:26:49.000Z","14491");
insert into Worker(employeeID,firstName,lastName,hireDate,salary) values("25627","biracial","Lowenbrau","2014-11-05T20:45:05.000Z","59394");
insert into Worker(employeeID,firstName,lastName,hireDate,salary) values("97345","gables","Kanchenjunga","2013-06-01T18:40:39.000Z","33053");
insert into Worker(employeeID,firstName,lastName,hireDate,salary) values("7250","Carib's","Britons","2013-04-11T13:41:55.000Z","41116");
insert into Worker(employeeID,firstName,lastName,hireDate,salary) values("69085","iodine","batted","2012-01-02T22:52:30.000Z","26964");
insert into Worker(employeeID,firstName,lastName,hireDate,salary) values("52255","vacationer's","wellspring's","2013-03-09T10:02:51.000Z","59685");
insert into Worker(employeeID,firstName,lastName,hireDate,salary) values("8178","Banneker's","axe","2012-01-13T12:31:51.000Z","77311");
insert into Worker(employeeID,firstName,lastName,hireDate,salary) values("46365","Mandarin","Mir","2013-04-19T06:28:56.000Z","9208");
insert into Worker(employeeID,firstName,lastName,hireDate,salary) values("52335","hopscotches","Carib's","2012-01-02T19:02:43.000Z","80941");
insert into Worker(employeeID,firstName,lastName,hireDate,salary) values("24063","swirliest","biracial","2013-04-16T18:14:41.000Z","27296");
insert into Worker(employeeID,firstName,lastName,hireDate,salary) values("33888","Britons","axe","2013-11-27T07:27:20.000Z","24895");
insert into Worker(employeeID,firstName,lastName,hireDate,salary) values("70324","sequesters","vacationer's","2013-03-06T12:16:29.000Z","36569");
insert into Worker(employeeID,firstName,lastName,hireDate,salary) values("83512","consciences","batted","2013-01-08T10:33:23.000Z","30516");
insert into Worker(employeeID,firstName,lastName,hireDate,salary) values("1114","ballplayers","ultimate","2012-01-18T10:00:20.000Z","38743");
insert into Worker(employeeID,firstName,lastName,hireDate,salary) values("22996","Hayworth","Gilligan","2014-05-14T06:00:01.000Z","70954");
insert into Worker(employeeID,firstName,lastName,hireDate,salary) values("66966","disbanded","doubtful","2014-03-06T08:29:42.000Z","19940");
insert into Worker(employeeID,firstName,lastName,hireDate,salary) values("28120","Churriguera","goitre","2013-02-03T23:24:50.000Z","13889");
insert into Worker(employeeID,firstName,lastName,hireDate,salary) values("57793","goitre","Rick","2013-04-09T04:34:04.000Z","40683");
insert into Worker(employeeID,firstName,lastName,hireDate,salary) values("5046","convertible","equates","2013-05-12T23:25:51.000Z","28814");
insert into Worker(employeeID,firstName,lastName,hireDate,salary) values("67266","covenants","learning's","2012-01-03T12:35:58.000Z","59792");
insert into Worker(employeeID,firstName,lastName,hireDate,salary) values("89706","wellspring's","athlete","2013-01-03T03:22:08.000Z","91489");
insert into Worker(employeeID,firstName,lastName,hireDate,salary) values("34402","axe","commandeered","2012-01-17T14:03:11.000Z","71036");
insert into Worker(employeeID,firstName,lastName,hireDate,salary) values("16254","Mir","fallibly","2012-01-04T09:57:33.000Z","25123");
insert into Worker(employeeID,firstName,lastName,hireDate,salary) values("90559","commandeered","damask","2014-09-18T04:51:25.000Z","93756");
insert into Worker(employeeID,firstName,lastName,hireDate,salary) values("9079","diffidence's","Orion's","2013-08-25T23:50:00.000Z","26791");
insert into Worker(employeeID,firstName,lastName,hireDate,salary) values("81414","scampers","concurs","2013-08-23T13:57:23.000Z","20520");
insert into Worker(employeeID,firstName,lastName,hireDate,salary) values("30032","Giauque's","forebear","2014-11-15T17:12:01.000Z","95233");
insert into Worker(employeeID,firstName,lastName,hireDate,salary) values("31933","ballast","oddness's","2014-02-17T08:02:48.000Z","73881");
insert into Worker(employeeID,firstName,lastName,hireDate,salary) values("29850","concurs","ballplayers","2012-01-15T18:53:58.000Z","77276");
insert into Worker(employeeID,firstName,lastName,hireDate,salary) values("19114","Halliburton's","Churriguera","2014-09-16T01:58:54.000Z","78139");
insert into Worker(employeeID,firstName,lastName,hireDate,salary) values("11224","Korean","crosses","2014-07-21T06:27:32.000Z","92993");
insert into Worker(employeeID,firstName,lastName,hireDate,salary) values("70022","adverb","exact","2013-09-25T10:58:11.000Z","5188");
insert into Worker(employeeID,firstName,lastName,hireDate,salary) values("19239","batted","characterized","2012-01-26T08:55:55.000Z","1367");
insert into Worker(employeeID,firstName,lastName,hireDate,salary) values("94449","feathered","Dracula","2012-01-08T08:50:28.000Z","73614");
insert into Worker(employeeID,firstName,lastName,hireDate,salary) values("3439","Korean","inklings","2012-01-07T19:07:24.000Z","63768");
insert into Worker(employeeID,firstName,lastName,hireDate,salary) values("50848","redevelop","tarries","2012-01-01T13:18:45.000Z","40826");
insert into Worker(employeeID,firstName,lastName,hireDate,salary) values("88782","batted","flyleaf","2013-01-14T12:08:23.000Z","10860");
insert into Worker(employeeID,firstName,lastName,hireDate,salary) values("48889","Dracula","fiancée","2012-01-26T13:11:22.000Z","5970");
insert into Worker(employeeID,firstName,lastName,hireDate,salary) values("81639","Kanchenjunga","exaggerating","2012-01-10T04:52:20.000Z","57057");
insert into Worker(employeeID,firstName,lastName,hireDate,salary) values("43924","obedience's","southeastward","2012-01-13T02:08:25.000Z","45182");
insert into Worker(employeeID,firstName,lastName,hireDate,salary) values("5356","show","concurs","2012-01-26T23:36:29.000Z","24810");
insert into Worker(employeeID,firstName,lastName,hireDate,salary) values("94617","ballplayers","flamencos","2013-01-22T04:02:18.000Z","47207");
insert into Worker(employeeID,firstName,lastName,hireDate,salary) values("545","isthmuses","marinated","2014-11-25T01:50:44.000Z","60962");
insert into Worker(employeeID,firstName,lastName,hireDate,salary) values("79554","respectfully","biracial","2013-02-08T17:43:24.000Z","16662");
insert into Worker(employeeID,firstName,lastName,hireDate,salary) values("32773","equates","fiascoes","2014-11-14T15:04:04.000Z","14801");
insert into Worker(employeeID,firstName,lastName,hireDate,salary) values("21011","damask","pretentiousness","2013-02-22T15:50:25.000Z","98924");
insert into Worker(employeeID,firstName,lastName,hireDate,salary) values("970","pawl's","scoutmaster","2013-11-04T10:01:44.000Z","109");
insert into Worker(employeeID,firstName,lastName,hireDate,salary) values("29766","disbanded","plaza's","2014-05-01T10:00:20.000Z","20754");
insert into Worker(employeeID,firstName,lastName,hireDate,salary) values("30804","characterized","batted","2014-08-16T06:16:07.000Z","2425");
insert into Worker(employeeID,firstName,lastName,hireDate,salary) values("77957","inhalator","Carib's","2014-01-15T05:20:49.000Z","94153");
insert into Worker(employeeID,firstName,lastName,hireDate,salary) values("36602","goitre","tarries","2014-05-14T15:39:09.000Z","16584");
insert into Worker(employeeID,firstName,lastName,hireDate,salary) values("83703","stipulates","sequesters","2012-01-06T10:20:57.000Z","83024");
insert into Worker(employeeID,firstName,lastName,hireDate,salary) values("69697","convertible","mobility","2013-11-06T15:12:15.000Z","47688");
insert into Worker(employeeID,firstName,lastName,hireDate,salary) values("75645","southeastward","learning's","2014-08-24T22:18:42.000Z","42191");
insert into Worker(employeeID,firstName,lastName,hireDate,salary) values("88310","sequesters","ballplayers","2012-01-05T00:50:29.000Z","2629");
insert into Worker(employeeID,firstName,lastName,hireDate,salary) values("82190","biracial","diffidence's","2014-07-16T22:20:26.000Z","44123");
insert into Worker(employeeID,firstName,lastName,hireDate,salary) values("40871","Elbe's","exaggerating","2013-09-05T20:29:40.000Z","42121");
insert into Worker(employeeID,firstName,lastName,hireDate,salary) values("61797","pawns","subjugated","2013-06-24T00:06:23.000Z","222");
insert into Worker(employeeID,firstName,lastName,hireDate,salary) values("18360","Mbini's","Mandarin","2012-01-26T03:53:04.000Z","42809");
insert into Worker(employeeID,firstName,lastName,hireDate,salary) values("13782","wellspring's","mamas","2013-12-18T22:01:03.000Z","23071");
insert into Worker(employeeID,firstName,lastName,hireDate,salary) values("90629","goitre","taxiing","2014-07-09T07:23:13.000Z","23537");
insert into Worker(employeeID,firstName,lastName,hireDate,salary) values("49346","scoutmaster","ballast","2012-01-17T07:53:16.000Z","95323");
insert into Worker(employeeID,firstName,lastName,hireDate,salary) values("65063","Saarinen","consciences","2013-04-27T23:51:09.000Z","83404");
insert into Worker(employeeID,firstName,lastName,hireDate,salary) values("68732","pawns","obedience's","2014-04-02T20:31:04.000Z","96593");
insert into Worker(employeeID,firstName,lastName,hireDate,salary) values("63209","adverb","Orion's","2012-01-16T04:55:19.000Z","72582");
insert into Worker(employeeID,firstName,lastName,hireDate,salary) values("40970","doubtful","Mir","2014-06-12T01:00:07.000Z","7338");
insert into Worker(employeeID,firstName,lastName,hireDate,salary) values("86026","isthmuses","fanfare","2012-01-19T09:24:35.000Z","8129");
insert into Worker(employeeID,firstName,lastName,hireDate,salary) values("94314","vacationer's","suckles","2013-04-22T13:47:18.000Z","96883");
insert into Worker(employeeID,firstName,lastName,hireDate,salary) values("50207","mamas","perpetrating","2014-09-21T13:20:16.000Z","8874");
insert into Worker(employeeID,firstName,lastName,hireDate,salary) values("55828","Britons","Mandarin","2012-01-27T03:36:29.000Z","75433");
insert into Worker(employeeID,firstName,lastName,hireDate,salary) values("14082","sequesters","mamas","2013-12-07T17:44:29.000Z","44803");
insert into Worker(employeeID,firstName,lastName,hireDate,salary) values("75586","doubtful","commandeered","2012-01-26T22:16:25.000Z","13681");
insert into Worker(employeeID,firstName,lastName,hireDate,salary) values("11450","bouquets","boles","2013-02-18T20:39:01.000Z","72468");
insert into Worker(employeeID,firstName,lastName,hireDate,salary) values("66166","bouquets","consciences","2014-10-18T17:36:47.000Z","34245");
insert into Worker(employeeID,firstName,lastName,hireDate,salary) values("91895","Manchuria's","subjugated","2014-04-11T06:09:07.000Z","69525");
insert into Worker(employeeID,firstName,lastName,hireDate,salary) values("83014","exact","surroundings","2013-12-02T22:16:47.000Z","76315");
insert into Worker(employeeID,firstName,lastName,hireDate,salary) values("76050","Britons","exclamatory","2014-01-31T07:15:33.000Z","11004");
insert into Worker(employeeID,firstName,lastName,hireDate,salary) values("80466","batted","ballast","2013-11-20T15:13:05.000Z","19408");
insert into Worker(employeeID,firstName,lastName,hireDate,salary) values("76464","Britons","scoutmaster","2014-07-11T17:14:26.000Z","92510");
insert into Worker(employeeID,firstName,lastName,hireDate,salary) values("45367","isthmuses","bouquets","2014-10-17T09:53:05.000Z","71384");
insert into Worker(employeeID,firstName,lastName,hireDate,salary) values("1681","Saarinen","covenants","2012-01-21T19:21:59.000Z","31782");
insert into Worker(employeeID,firstName,lastName,hireDate,salary) values("24909","Dracula","Hayworth","2014-06-27T14:36:03.000Z","81032");
insert into Worker(employeeID,firstName,lastName,hireDate,salary) values("27786","pawl's","pawl's","2012-01-01T07:11:19.000Z","17753");
insert into Worker(employeeID,firstName,lastName,hireDate,salary) values("37313","suckles","covenants","2012-01-13T04:18:48.000Z","15715");
insert into Worker(employeeID,firstName,lastName,hireDate,salary) values("29731","suckles","vacationer's","2012-01-22T03:48:38.000Z","10524");
insert into Worker(employeeID,firstName,lastName,hireDate,salary) values("98639","mamas","isthmuses","2013-02-27T14:47:28.000Z","4204");
insert into Worker(employeeID,firstName,lastName,hireDate,salary) values("31740","Candice's","swirliest","2014-01-11T18:16:17.000Z","31991");
insert into Worker(employeeID,firstName,lastName,hireDate,salary) values("90641","scampers","characterized","2014-01-10T12:21:04.000Z","94596");
insert into Worker(employeeID,firstName,lastName,hireDate,salary) values("64491","flyleaf","Mandarin","2013-04-27T15:05:09.000Z","31847");
insert into Worker(employeeID,firstName,lastName,hireDate,salary) values("49873","batted","Mandarin","2013-06-01T19:38:49.000Z","94608");
insert into Worker(employeeID,firstName,lastName,hireDate,salary) values("77546","southeastward","Orion's","2013-11-22T01:52:19.000Z","56664");
insert into Worker(employeeID,firstName,lastName,hireDate,salary) values("21587","inured","fiancée","2012-01-02T07:05:47.000Z","28465");
insert into Worker(employeeID,firstName,lastName,hireDate,salary) values("14800","Kanchenjunga","Parkman","2014-02-03T08:55:11.000Z","49966");
insert into Worker(employeeID,firstName,lastName,hireDate,salary) values("22473","commandeered","equates","2014-01-09T22:48:58.000Z","20685");
insert into Worker(employeeID,firstName,lastName,hireDate,salary) values("75796","inured","ballplayers","2013-02-02T05:16:41.000Z","64161");
insert into Volunteer(employeeID) values("545");
insert into Volunteer(employeeID) values("970");
insert into Volunteer(employeeID) values("3439");
insert into Volunteer(employeeID) values("5046");
insert into Volunteer(employeeID) values("5356");
insert into Volunteer(employeeID) values("8178");
insert into Volunteer(employeeID) values("11224");
insert into Volunteer(employeeID) values("13380");
insert into Volunteer(employeeID) values("14800");
insert into Volunteer(employeeID) values("16254");
insert into Volunteer(employeeID) values("18360");
insert into Volunteer(employeeID) values("19239");
insert into Volunteer(employeeID) values("19355");
insert into Volunteer(employeeID) values("21011");
insert into Volunteer(employeeID) values("21587");
insert into Volunteer(employeeID) values("22473");
insert into Volunteer(employeeID) values("22996");
insert into Volunteer(employeeID) values("24063");
insert into Volunteer(employeeID) values("25627");
insert into Volunteer(employeeID) values("27786");
insert into Volunteer(employeeID) values("29731");
insert into Volunteer(employeeID) values("29766");
insert into Volunteer(employeeID) values("30032");
insert into Volunteer(employeeID) values("30804");
insert into Volunteer(employeeID) values("31740");
insert into Volunteer(employeeID) values("32773");
insert into Volunteer(employeeID) values("33888");
insert into Volunteer(employeeID) values("34402");
insert into Volunteer(employeeID) values("36602");
insert into Volunteer(employeeID) values("37313");
insert into Volunteer(employeeID) values("40871");
insert into Volunteer(employeeID) values("46365");
insert into Volunteer(employeeID) values("48889");
insert into Volunteer(employeeID) values("50207");
insert into Volunteer(employeeID) values("50848");
insert into Volunteer(employeeID) values("52255");
insert into Volunteer(employeeID) values("52335");
insert into Volunteer(employeeID) values("55828");
insert into Volunteer(employeeID) values("57793");
insert into Volunteer(employeeID) values("61797");
insert into Volunteer(employeeID) values("63209");
insert into Volunteer(employeeID) values("63229");
insert into Volunteer(employeeID) values("64491");
insert into Volunteer(employeeID) values("65063");
insert into Volunteer(employeeID) values("66166");
insert into Volunteer(employeeID) values("66966");
insert into Volunteer(employeeID) values("69697");
insert into Volunteer(employeeID) values("70022");
insert into Volunteer(employeeID) values("70324");
insert into Volunteer(employeeID) values("75586");
insert into Volunteer(employeeID) values("75645");
insert into Volunteer(employeeID) values("75796");
insert into Volunteer(employeeID) values("76050");
insert into Volunteer(employeeID) values("76464");
insert into Volunteer(employeeID) values("77546");
insert into Volunteer(employeeID) values("77957");
insert into Volunteer(employeeID) values("80466");
insert into Volunteer(employeeID) values("81414");
insert into Volunteer(employeeID) values("81639");
insert into Volunteer(employeeID) values("83014");
insert into Volunteer(employeeID) values("83512");
insert into Volunteer(employeeID) values("88310");
insert into Volunteer(employeeID) values("90641");
insert into Volunteer(employeeID) values("94617");
insert into Volunteer(employeeID) values("98639");
insert into TreatmentGiver(treatmentGiverID) values("697");
insert into TreatmentGiver(treatmentGiverID) values("1246");
insert into TreatmentGiver(treatmentGiverID) values("1703");
insert into TreatmentGiver(treatmentGiverID) values("2002");
insert into TreatmentGiver(treatmentGiverID) values("2275");
insert into TreatmentGiver(treatmentGiverID) values("2374");
insert into TreatmentGiver(treatmentGiverID) values("3500");
insert into TreatmentGiver(treatmentGiverID) values("5949");
insert into TreatmentGiver(treatmentGiverID) values("6388");
insert into TreatmentGiver(treatmentGiverID) values("7289");
insert into TreatmentGiver(treatmentGiverID) values("8412");
insert into TreatmentGiver(treatmentGiverID) values("11088");
insert into TreatmentGiver(treatmentGiverID) values("11205");
insert into TreatmentGiver(treatmentGiverID) values("11266");
insert into TreatmentGiver(treatmentGiverID) values("11629");
insert into TreatmentGiver(treatmentGiverID) values("11914");
insert into TreatmentGiver(treatmentGiverID) values("16058");
insert into TreatmentGiver(treatmentGiverID) values("16079");
insert into TreatmentGiver(treatmentGiverID) values("17525");
insert into TreatmentGiver(treatmentGiverID) values("18319");
insert into TreatmentGiver(treatmentGiverID) values("18944");
insert into TreatmentGiver(treatmentGiverID) values("20547");
insert into TreatmentGiver(treatmentGiverID) values("21128");
insert into TreatmentGiver(treatmentGiverID) values("21170");
insert into TreatmentGiver(treatmentGiverID) values("22440");
insert into TreatmentGiver(treatmentGiverID) values("24581");
insert into TreatmentGiver(treatmentGiverID) values("29475");
insert into TreatmentGiver(treatmentGiverID) values("30145");
insert into TreatmentGiver(treatmentGiverID) values("30227");
insert into TreatmentGiver(treatmentGiverID) values("31052");
insert into TreatmentGiver(treatmentGiverID) values("31362");
insert into TreatmentGiver(treatmentGiverID) values("32717");
insert into TreatmentGiver(treatmentGiverID) values("33197");
insert into TreatmentGiver(treatmentGiverID) values("33780");
insert into TreatmentGiver(treatmentGiverID) values("33971");
insert into TreatmentGiver(treatmentGiverID) values("34586");
insert into TreatmentGiver(treatmentGiverID) values("35521");
insert into TreatmentGiver(treatmentGiverID) values("36305");
insert into TreatmentGiver(treatmentGiverID) values("37246");
insert into TreatmentGiver(treatmentGiverID) values("37469");
insert into TreatmentGiver(treatmentGiverID) values("37538");
insert into TreatmentGiver(treatmentGiverID) values("39954");
insert into TreatmentGiver(treatmentGiverID) values("40471");
insert into TreatmentGiver(treatmentGiverID) values("41408");
insert into TreatmentGiver(treatmentGiverID) values("41974");
insert into TreatmentGiver(treatmentGiverID) values("42300");
insert into TreatmentGiver(treatmentGiverID) values("43908");
insert into TreatmentGiver(treatmentGiverID) values("44618");
insert into TreatmentGiver(treatmentGiverID) values("45920");
insert into TreatmentGiver(treatmentGiverID) values("45923");
insert into TreatmentGiver(treatmentGiverID) values("47710");
insert into TreatmentGiver(treatmentGiverID) values("48654");
insert into TreatmentGiver(treatmentGiverID) values("49778");
insert into TreatmentGiver(treatmentGiverID) values("51159");
insert into TreatmentGiver(treatmentGiverID) values("51224");
insert into TreatmentGiver(treatmentGiverID) values("51757");
insert into TreatmentGiver(treatmentGiverID) values("54143");
insert into TreatmentGiver(treatmentGiverID) values("55882");
insert into TreatmentGiver(treatmentGiverID) values("57690");
insert into TreatmentGiver(treatmentGiverID) values("58155");
insert into TreatmentGiver(treatmentGiverID) values("58399");
insert into TreatmentGiver(treatmentGiverID) values("60452");
insert into TreatmentGiver(treatmentGiverID) values("61250");
insert into TreatmentGiver(treatmentGiverID) values("61809");
insert into TreatmentGiver(treatmentGiverID) values("65971");
insert into TreatmentGiver(treatmentGiverID) values("67508");
insert into TreatmentGiver(treatmentGiverID) values("69230");
insert into TreatmentGiver(treatmentGiverID) values("70623");
insert into TreatmentGiver(treatmentGiverID) values("71441");
insert into TreatmentGiver(treatmentGiverID) values("71525");
insert into TreatmentGiver(treatmentGiverID) values("71792");
insert into TreatmentGiver(treatmentGiverID) values("72046");
insert into TreatmentGiver(treatmentGiverID) values("72201");
insert into TreatmentGiver(treatmentGiverID) values("74656");
insert into TreatmentGiver(treatmentGiverID) values("77133");
insert into TreatmentGiver(treatmentGiverID) values("78126");
insert into TreatmentGiver(treatmentGiverID) values("78519");
insert into TreatmentGiver(treatmentGiverID) values("79756");
insert into TreatmentGiver(treatmentGiverID) values("80755");
insert into TreatmentGiver(treatmentGiverID) values("81097");
insert into TreatmentGiver(treatmentGiverID) values("81230");
insert into TreatmentGiver(treatmentGiverID) values("82862");
insert into TreatmentGiver(treatmentGiverID) values("83261");
insert into TreatmentGiver(treatmentGiverID) values("83420");
insert into TreatmentGiver(treatmentGiverID) values("84792");
insert into TreatmentGiver(treatmentGiverID) values("85783");
insert into TreatmentGiver(treatmentGiverID) values("88230");
insert into TreatmentGiver(treatmentGiverID) values("88710");
insert into TreatmentGiver(treatmentGiverID) values("89046");
insert into TreatmentGiver(treatmentGiverID) values("89778");
insert into TreatmentGiver(treatmentGiverID) values("90720");
insert into TreatmentGiver(treatmentGiverID) values("91641");
insert into TreatmentGiver(treatmentGiverID) values("91791");
insert into TreatmentGiver(treatmentGiverID) values("91873");
insert into TreatmentGiver(treatmentGiverID) values("92910");
insert into TreatmentGiver(treatmentGiverID) values("96141");
insert into TreatmentGiver(treatmentGiverID) values("96855");
insert into TreatmentGiver(treatmentGiverID) values("97361");
insert into TreatmentGiver(treatmentGiverID) values("98882");
insert into TreatmentGiver(treatmentGiverID) values("99794");
insert into Treatment(treatmentID,name,isMedication) values("1","applejack","0");
insert into Treatment(treatmentID,name,isMedication) values("317","Giauque's","1");
insert into Treatment(treatmentID,name,isMedication) values("676","Osvaldo","1");
insert into Treatment(treatmentID,name,isMedication) values("1530","blubber's","1");
insert into Treatment(treatmentID,name,isMedication) values("2080","athlete","0");
insert into Treatment(treatmentID,name,isMedication) values("2607","Elbe's","1");
insert into Treatment(treatmentID,name,isMedication) values("2957","boles","1");
insert into Treatment(treatmentID,name,isMedication) values("3534","bouquets","0");
insert into Treatment(treatmentID,name,isMedication) values("3680","respectfully","1");
insert into Treatment(treatmentID,name,isMedication) values("5547","crosses","0");
insert into Treatment(treatmentID,name,isMedication) values("5634","Britons","1");
insert into Treatment(treatmentID,name,isMedication) values("5759","exclamatory","1");
insert into Treatment(treatmentID,name,isMedication) values("6539","commandeered","0");
insert into Treatment(treatmentID,name,isMedication) values("8890","batted","0");
insert into Treatment(treatmentID,name,isMedication) values("10592","boles","0");
insert into Treatment(treatmentID,name,isMedication) values("10896","marinated","1");
insert into Treatment(treatmentID,name,isMedication) values("13126","obedience's","1");
insert into Treatment(treatmentID,name,isMedication) values("13254","Halliburton's","1");
insert into Treatment(treatmentID,name,isMedication) values("13718","ballplayers","1");
insert into Treatment(treatmentID,name,isMedication) values("20367","exclamatory","0");
insert into Treatment(treatmentID,name,isMedication) values("21365","gables","0");
insert into Treatment(treatmentID,name,isMedication) values("21538","taxiing","1");
insert into Treatment(treatmentID,name,isMedication) values("22434","Parkman","1");
insert into Treatment(treatmentID,name,isMedication) values("25178","fiascoes","1");
insert into Treatment(treatmentID,name,isMedication) values("29680","swirliest","0");
insert into Treatment(treatmentID,name,isMedication) values("29780","sequesters","1");
insert into Treatment(treatmentID,name,isMedication) values("30333","blots","0");
insert into Treatment(treatmentID,name,isMedication) values("30517","Kanchenjunga","0");
insert into Treatment(treatmentID,name,isMedication) values("30928","exaggerating","1");
insert into Treatment(treatmentID,name,isMedication) values("31199","learning's","1");
insert into Treatment(treatmentID,name,isMedication) values("31344","inhalator","1");
insert into Treatment(treatmentID,name,isMedication) values("31538","redevelop","0");
insert into Treatment(treatmentID,name,isMedication) values("32344","fanfare","0");
insert into Treatment(treatmentID,name,isMedication) values("32573","southeastward","1");
insert into Treatment(treatmentID,name,isMedication) values("32884","commandeered","1");
insert into Treatment(treatmentID,name,isMedication) values("33214","Mandarin","1");
insert into Treatment(treatmentID,name,isMedication) values("34820","equates","1");
insert into Treatment(treatmentID,name,isMedication) values("35896","disbanded","0");
insert into Treatment(treatmentID,name,isMedication) values("38259","scoutmaster","0");
insert into Treatment(treatmentID,name,isMedication) values("38981","ballast","1");
insert into Treatment(treatmentID,name,isMedication) values("39828","axe","1");
insert into Treatment(treatmentID,name,isMedication) values("40443","Dracula","0");
insert into Treatment(treatmentID,name,isMedication) values("41870","taxiing","0");
insert into Treatment(treatmentID,name,isMedication) values("42865","biracial","1");
insert into Treatment(treatmentID,name,isMedication) values("44412","Banneker's","0");
insert into Treatment(treatmentID,name,isMedication) values("44926","Parkman","1");
insert into Treatment(treatmentID,name,isMedication) values("45912","Saarinen","1");
insert into Treatment(treatmentID,name,isMedication) values("46781","fiascoes","0");
insert into Treatment(treatmentID,name,isMedication) values("46816","meteoroids","0");
insert into Treatment(treatmentID,name,isMedication) values("47576","exact","1");
insert into Treatment(treatmentID,name,isMedication) values("48586","wellspring's","0");
insert into Treatment(treatmentID,name,isMedication) values("49695","taxiing","1");
insert into Treatment(treatmentID,name,isMedication) values("49850","consciences","1");
insert into Treatment(treatmentID,name,isMedication) values("50147","Dracula","1");
insert into Treatment(treatmentID,name,isMedication) values("50457","mamas","1");
insert into Treatment(treatmentID,name,isMedication) values("51793","axe","0");
insert into Treatment(treatmentID,name,isMedication) values("51881","Korean","0");
insert into Treatment(treatmentID,name,isMedication) values("51977","hopscotches","0");
insert into Treatment(treatmentID,name,isMedication) values("52096","ultimate","1");
insert into Treatment(treatmentID,name,isMedication) values("52766","surroundings","0");
insert into Treatment(treatmentID,name,isMedication) values("53731","Manchuria's","0");
insert into Treatment(treatmentID,name,isMedication) values("53772","Parkman","0");
insert into Treatment(treatmentID,name,isMedication) values("54711","Rick","1");
insert into Treatment(treatmentID,name,isMedication) values("54892","disbanded","1");
insert into Treatment(treatmentID,name,isMedication) values("55774","Murray's","0");
insert into Treatment(treatmentID,name,isMedication) values("57558","convertible","0");
insert into Treatment(treatmentID,name,isMedication) values("57746","Mennonite's","0");
insert into Treatment(treatmentID,name,isMedication) values("60695","marinated","0");
insert into Treatment(treatmentID,name,isMedication) values("62808","Churriguera","1");
insert into Treatment(treatmentID,name,isMedication) values("63113","blots","0");
insert into Treatment(treatmentID,name,isMedication) values("63891","Gilligan","1");
insert into Treatment(treatmentID,name,isMedication) values("64365","Mandarin","1");
insert into Treatment(treatmentID,name,isMedication) values("64775","damask","1");
insert into Treatment(treatmentID,name,isMedication) values("66075","Candice's","0");
insert into Treatment(treatmentID,name,isMedication) values("67766","surroundings","0");
insert into Treatment(treatmentID,name,isMedication) values("68015","Candice's","0");
insert into Treatment(treatmentID,name,isMedication) values("70097","exclamatory","0");
insert into Treatment(treatmentID,name,isMedication) values("74997","concurs","1");
insert into Treatment(treatmentID,name,isMedication) values("76524","inhalator","1");
insert into Treatment(treatmentID,name,isMedication) values("76796","show","1");
insert into Treatment(treatmentID,name,isMedication) values("76887","Parkman","1");
insert into Treatment(treatmentID,name,isMedication) values("77244","meteoroids","1");
insert into Treatment(treatmentID,name,isMedication) values("78284","Kanchenjunga","0");
insert into Treatment(treatmentID,name,isMedication) values("79632","suckles","0");
insert into Treatment(treatmentID,name,isMedication) values("80080","Giauque's","0");
insert into Treatment(treatmentID,name,isMedication) values("80597","applejack","0");
insert into Treatment(treatmentID,name,isMedication) values("82043","consciences","1");
insert into Treatment(treatmentID,name,isMedication) values("83590","ballast","0");
insert into Treatment(treatmentID,name,isMedication) values("83887","Murray's","1");
insert into Treatment(treatmentID,name,isMedication) values("84374","goitre","1");
insert into Treatment(treatmentID,name,isMedication) values("86424","biracial","1");
insert into Treatment(treatmentID,name,isMedication) values("87756","pretentiousness","1");
insert into Treatment(treatmentID,name,isMedication) values("87881","ballplayers","0");
insert into Treatment(treatmentID,name,isMedication) values("89201","redevelop","0");
insert into Treatment(treatmentID,name,isMedication) values("93100","ballplayers","1");
insert into Treatment(treatmentID,name,isMedication) values("94796","Hayworth","1");
insert into Treatment(treatmentID,name,isMedication) values("95710","learning's","0");
insert into Treatment(treatmentID,name,isMedication) values("99068","suckles","1");
insert into Treatment(treatmentID,name,isMedication) values("99242","doubtful","1");
insert into Treatment(treatmentID,name,isMedication) values("99983","Halliburton's","1");
insert into Technician(employeeID,treatmentGiverID) values("14800","1703");
insert into Technician(employeeID,treatmentGiverID) values("65063","2002");
insert into Technician(employeeID,treatmentGiverID) values("90641","2275");
insert into Technician(employeeID,treatmentGiverID) values("86026","2374");
insert into Technician(employeeID,treatmentGiverID) values("37313","5949");
insert into Technician(employeeID,treatmentGiverID) values("92697","7289");
insert into Technician(employeeID,treatmentGiverID) values("76050","11205");
insert into Technician(employeeID,treatmentGiverID) values("81639","11266");
insert into Technician(employeeID,treatmentGiverID) values("68732","11629");
insert into Technician(employeeID,treatmentGiverID) values("90629","18944");
insert into Technician(employeeID,treatmentGiverID) values("11224","20547");
insert into Technician(employeeID,treatmentGiverID) values("52255","22440");
insert into Technician(employeeID,treatmentGiverID) values("98639","24581");
insert into Technician(employeeID,treatmentGiverID) values("4273","29475");
insert into Technician(employeeID,treatmentGiverID) values("94617","30227");
insert into Technician(employeeID,treatmentGiverID) values("80466","31052");
insert into Technician(employeeID,treatmentGiverID) values("36602","31362");
insert into Technician(employeeID,treatmentGiverID) values("8178","32717");
insert into Technician(employeeID,treatmentGiverID) values("25627","33197");
insert into Technician(employeeID,treatmentGiverID) values("81414","33780");
insert into Technician(employeeID,treatmentGiverID) values("67266","37246");
insert into Technician(employeeID,treatmentGiverID) values("50848","37469");
insert into Technician(employeeID,treatmentGiverID) values("34402","39954");
insert into Technician(employeeID,treatmentGiverID) values("90559","40471");
insert into Technician(employeeID,treatmentGiverID) values("83512","41974");
insert into Technician(employeeID,treatmentGiverID) values("75586","45923");
insert into Technician(employeeID,treatmentGiverID) values("91895","47710");
insert into Technician(employeeID,treatmentGiverID) values("88310","48654");
insert into Technician(employeeID,treatmentGiverID) values("3439","51224");
insert into Technician(employeeID,treatmentGiverID) values("5046","55882");
insert into Technician(employeeID,treatmentGiverID) values("50207","57690");
insert into Technician(employeeID,treatmentGiverID) values("97345","58399");
insert into Technician(employeeID,treatmentGiverID) values("89706","60452");
insert into Technician(employeeID,treatmentGiverID) values("46365","61250");
insert into Technician(employeeID,treatmentGiverID) values("45367","61809");
insert into Technician(employeeID,treatmentGiverID) values("69697","69230");
insert into Technician(employeeID,treatmentGiverID) values("57793","71441");
insert into Technician(employeeID,treatmentGiverID) values("1681","71792");
insert into Technician(employeeID,treatmentGiverID) values("28120","72046");
insert into Technician(employeeID,treatmentGiverID) values("75645","79756");
insert into Technician(employeeID,treatmentGiverID) values("29731","81097");
insert into Technician(employeeID,treatmentGiverID) values("70324","81230");
insert into Technician(employeeID,treatmentGiverID) values("43924","82862");
insert into Technician(employeeID,treatmentGiverID) values("61797","83261");
insert into Technician(employeeID,treatmentGiverID) values("5356","83420");
insert into Technician(employeeID,treatmentGiverID) values("27786","84792");
insert into Technician(employeeID,treatmentGiverID) values("64491","85783");
insert into Technician(employeeID,treatmentGiverID) values("94314","88710");
insert into Technician(employeeID,treatmentGiverID) values("83014","89046");
insert into Technician(employeeID,treatmentGiverID) values("49873","90720");
insert into Technician(employeeID,treatmentGiverID) values("79554","91791");
insert into Technician(employeeID,treatmentGiverID) values("14082","96141");
insert into Technician(employeeID,treatmentGiverID) values("66166","97361");
insert into Technician(employeeID,treatmentGiverID) values("31740","98882");
insert into Technician(employeeID,treatmentGiverID) values("88782","99794");
insert into Staff(employeeID) values("545");
insert into Staff(employeeID) values("970");
insert into Staff(employeeID) values("1114");
insert into Staff(employeeID) values("1681");
insert into Staff(employeeID) values("3439");
insert into Staff(employeeID) values("5046");
insert into Staff(employeeID) values("5356");
insert into Staff(employeeID) values("7250");
insert into Staff(employeeID) values("8178");
insert into Staff(employeeID) values("11224");
insert into Staff(employeeID) values("13380");
insert into Staff(employeeID) values("13782");
insert into Staff(employeeID) values("14082");
insert into Staff(employeeID) values("16254");
insert into Staff(employeeID) values("19114");
insert into Staff(employeeID) values("19239");
insert into Staff(employeeID) values("19355");
insert into Staff(employeeID) values("21011");
insert into Staff(employeeID) values("21587");
insert into Staff(employeeID) values("22473");
insert into Staff(employeeID) values("22996");
insert into Staff(employeeID) values("24909");
insert into Staff(employeeID) values("27786");
insert into Staff(employeeID) values("28120");
insert into Staff(employeeID) values("29731");
insert into Staff(employeeID) values("29766");
insert into Staff(employeeID) values("29850");
insert into Staff(employeeID) values("30032");
insert into Staff(employeeID) values("30804");
insert into Staff(employeeID) values("31740");
insert into Staff(employeeID) values("31933");
insert into Staff(employeeID) values("33888");
insert into Staff(employeeID) values("34402");
insert into Staff(employeeID) values("36602");
insert into Staff(employeeID) values("37313");
insert into Staff(employeeID) values("40871");
insert into Staff(employeeID) values("40970");
insert into Staff(employeeID) values("43924");
insert into Staff(employeeID) values("45367");
insert into Staff(employeeID) values("46365");
insert into Staff(employeeID) values("49346");
insert into Staff(employeeID) values("49873");
insert into Staff(employeeID) values("50207");
insert into Staff(employeeID) values("50848");
insert into Staff(employeeID) values("52255");
insert into Staff(employeeID) values("52335");
insert into Staff(employeeID) values("55828");
insert into Staff(employeeID) values("56069");
insert into Staff(employeeID) values("57793");
insert into Staff(employeeID) values("61797");
insert into Staff(employeeID) values("63209");
insert into Staff(employeeID) values("63229");
insert into Staff(employeeID) values("65063");
insert into Staff(employeeID) values("66166");
insert into Staff(employeeID) values("67266");
insert into Staff(employeeID) values("68732");
insert into Staff(employeeID) values("69085");
insert into Staff(employeeID) values("69697");
insert into Staff(employeeID) values("70022");
insert into Staff(employeeID) values("70324");
insert into Staff(employeeID) values("75586");
insert into Staff(employeeID) values("76050");
insert into Staff(employeeID) values("77546");
insert into Staff(employeeID) values("77957");
insert into Staff(employeeID) values("79554");
insert into Staff(employeeID) values("80466");
insert into Staff(employeeID) values("81414");
insert into Staff(employeeID) values("82190");
insert into Staff(employeeID) values("83014");
insert into Staff(employeeID) values("83703");
insert into Staff(employeeID) values("86026");
insert into Staff(employeeID) values("88310");
insert into Staff(employeeID) values("88782");
insert into Staff(employeeID) values("89706");
insert into Staff(employeeID) values("90629");
insert into Staff(employeeID) values("90641");
insert into Staff(employeeID) values("91895");
insert into Staff(employeeID) values("92697");
insert into Staff(employeeID) values("94449");
insert into Staff(employeeID) values("94617");
insert into Staff(employeeID) values("98639");
insert into Room(roomNumber,employeeID,roomDescription) values("101","52335","Reading Cart");
insert into Room(roomNumber,employeeID,roomDescription) values("102","70022","Janitor Closet");
insert into Room(roomNumber,employeeID,roomDescription) values("103","48889","Info Desk");
insert into Room(roomNumber,employeeID,roomDescription) values("104","11224","Snack Cart");
insert into Room(roomNumber,employeeID,roomDescription) values("105","37313","Gift Shop");
insert into Room(roomNumber,employeeID,roomDescription) values("106","28120","Gift Shop");
insert into Room(roomNumber,employeeID,roomDescription) values("107","75586","Snack Cart");
insert into Room(roomNumber,employeeID,roomDescription) values("108","24909","Janitor Closet");
insert into Room(roomNumber,employeeID,roomDescription) values("109","90629","Snack Cart");
insert into Room(roomNumber,employeeID,roomDescription) values("110","3439","Reading Cart");
insert into Room(roomNumber,employeeID,roomDescription) values("111","30804","Cafeteria");
insert into Room(roomNumber,employeeID,roomDescription) values("112","83512","Info Desk");
insert into Room(roomNumber,employeeID,roomDescription) values("113","13782","Snack Cart");
insert into Room(roomNumber,employeeID,roomDescription) values("114","81639","Info Desk");
insert into Room(roomNumber,employeeID,roomDescription) values("115","1114","Janitor Closet");
insert into Room(roomNumber,employeeID,roomDescription) values("116","66166","Gift Shop");
insert into Room(roomNumber,employeeID,roomDescription) values("117","83512","Reading Cart");
insert into Room(roomNumber,employeeID,roomDescription) values("118","1681","Info Desk");
insert into Room(roomNumber,employeeID,roomDescription) values("119","29766","Reading Cart");
insert into Room(roomNumber,employeeID,roomDescription) values("120","83014","Reading Cart");
insert into Room(roomNumber,employeeID,roomDescription) values("121","49873","Snack Cart");
insert into Room(roomNumber,employeeID,roomDescription) values("122","88782","Gift Shop");
insert into Room(roomNumber,employeeID,roomDescription) values("123","94617","Info Desk");
insert into Room(roomNumber,employeeID,roomDescription) values("124","28120","Reading Cart");
insert into Room(roomNumber,employeeID,roomDescription) values("125","28120","Snack Cart");
insert into Room(roomNumber,employeeID,roomDescription) values("126","77546","Info Desk");
insert into Room(roomNumber,employeeID,roomDescription) values("127","32773","Cafeteria");
insert into Room(roomNumber,employeeID,roomDescription) values("128","19355","Cafeteria");
insert into Room(roomNumber,employeeID,roomDescription) values("129","11450","Gift Shop");
insert into Room(roomNumber,employeeID,roomDescription) values("130","4273","Reading Cart");
insert into Room(roomNumber,employeeID,roomDescription) values("131","65063","Snack Cart");
insert into Room(roomNumber,employeeID,roomDescription) values("132","9079","Snack Cart");
insert into Room(roomNumber,employeeID,roomDescription) values("133","18360","Janitor Closet");
insert into Room(roomNumber,employeeID,roomDescription) values("134","28120","Janitor Closet");
insert into Room(roomNumber,employeeID,roomDescription) values("135","69085","Reading Cart");
insert into Room(roomNumber,employeeID,roomDescription) values("136","13782","Snack Cart");
insert into Room(roomNumber,employeeID,roomDescription) values("137","30804","Reading Cart");
insert into Room(roomNumber,employeeID,roomDescription) values("138","29850","Cafeteria");
insert into Room(roomNumber,employeeID,roomDescription) values("139","89706","Janitor Closet");
insert into Room(roomNumber,employeeID,roomDescription) values("140","31740","Snack Cart");
insert into Room(roomNumber,employeeID,roomDescription) values("141","94617","Cafeteria");
insert into Room(roomNumber,employeeID,roomDescription) values("142","29766","Snack Cart");
insert into Room(roomNumber,employeeID,roomDescription) values("143","28120","Janitor Closet");
insert into Room(roomNumber,employeeID,roomDescription) values("144","94617","Janitor Closet");
insert into Room(roomNumber,employeeID,roomDescription) values("145","52335","Snack Cart");
insert into Room(roomNumber,employeeID,roomDescription) values("146","4273","Cafeteria");
insert into Room(roomNumber,employeeID,roomDescription) values("147","21587","Cafeteria");
insert into Room(roomNumber,employeeID,roomDescription) values("148","57793","Reading Cart");
insert into Room(roomNumber,employeeID,roomDescription) values("149","55828","Snack Cart");
insert into WorksIn(employeeID,roomNumber) values("52335","101");
insert into WorksIn(employeeID,roomNumber) values("86026","103");
insert into WorksIn(employeeID,roomNumber) values("91895","104");
insert into WorksIn(employeeID,roomNumber) values("90629","107");
insert into WorksIn(employeeID,roomNumber) values("77546","108");
insert into WorksIn(employeeID,roomNumber) values("90641","109");
insert into WorksIn(employeeID,roomNumber) values("80466","110");
insert into WorksIn(employeeID,roomNumber) values("49873","111");
insert into WorksIn(employeeID,roomNumber) values("89706","112");
insert into WorksIn(employeeID,roomNumber) values("75586","113");
insert into WorksIn(employeeID,roomNumber) values("45367","114");
insert into WorksIn(employeeID,roomNumber) values("88782","115");
insert into WorksIn(employeeID,roomNumber) values("92697","116");
insert into WorksIn(employeeID,roomNumber) values("69085","117");
insert into WorksIn(employeeID,roomNumber) values("29850","118");
insert into WorksIn(employeeID,roomNumber) values("19239","119");
insert into WorksIn(employeeID,roomNumber) values("37313","120");
insert into WorksIn(employeeID,roomNumber) values("43924","121");
insert into WorksIn(employeeID,roomNumber) values("65063","122");
insert into WorksIn(employeeID,roomNumber) values("77957","123");
insert into WorksIn(employeeID,roomNumber) values("70022","125");
insert into WorksIn(employeeID,roomNumber) values("88310","126");
insert into WorksIn(employeeID,roomNumber) values("63209","127");
insert into WorksIn(employeeID,roomNumber) values("13782","130");
insert into WorksIn(employeeID,roomNumber) values("79554","131");
insert into WorksIn(employeeID,roomNumber) values("94449","132");
insert into WorksIn(employeeID,roomNumber) values("50207","133");
insert into WorksIn(employeeID,roomNumber) values("21587","134");
insert into WorksIn(employeeID,roomNumber) values("82190","137");
insert into WorksIn(employeeID,roomNumber) values("40871","141");
insert into WorksIn(employeeID,roomNumber) values("31933","142");
insert into WorksIn(employeeID,roomNumber) values("70324","143");
insert into WorksIn(employeeID,roomNumber) values("81414","144");
insert into WorksIn(employeeID,roomNumber) values("94617","145");
insert into WorksIn(employeeID,roomNumber) values("83014","146");
insert into WorksIn(employeeID,roomNumber) values("61797","147");
insert into WorksIn(employeeID,roomNumber) values("14082","149");
insert into VolunteersIn(employeeID,roomNumber,dayOfWeek) values("65063","105","Sunday");
insert into VolunteersIn(employeeID,roomNumber,dayOfWeek) values("37313","106","Sunday");
insert into VolunteersIn(employeeID,roomNumber,dayOfWeek) values("16254","107","Sunday");
insert into VolunteersIn(employeeID,roomNumber,dayOfWeek) values("75586","108","Wednesday");
insert into VolunteersIn(employeeID,roomNumber,dayOfWeek) values("77546","109","Tuesday");
insert into VolunteersIn(employeeID,roomNumber,dayOfWeek) values("94617","110","Friday");
insert into VolunteersIn(employeeID,roomNumber,dayOfWeek) values("69697","112","Friday");
insert into VolunteersIn(employeeID,roomNumber,dayOfWeek) values("81414","114","Monday");
insert into VolunteersIn(employeeID,roomNumber,dayOfWeek) values("63209","115","Saturday");
insert into VolunteersIn(employeeID,roomNumber,dayOfWeek) values("83014","116","Tuesday");
insert into VolunteersIn(employeeID,roomNumber,dayOfWeek) values("29731","117","Wednesday");
insert into VolunteersIn(employeeID,roomNumber,dayOfWeek) values("90641","118","Friday");
insert into VolunteersIn(employeeID,roomNumber,dayOfWeek) values("36602","119","Monday");
insert into VolunteersIn(employeeID,roomNumber,dayOfWeek) values("50207","120","Saturday");
insert into VolunteersIn(employeeID,roomNumber,dayOfWeek) values("27786","121","Wednesday");
insert into VolunteersIn(employeeID,roomNumber,dayOfWeek) values("83512","122","Wednesday");
insert into VolunteersIn(employeeID,roomNumber,dayOfWeek) values("98639","123","Monday");
insert into VolunteersIn(employeeID,roomNumber,dayOfWeek) values("88310","124","Wednesday");
insert into VolunteersIn(employeeID,roomNumber,dayOfWeek) values("76464","125","Tuesday");
insert into VolunteersIn(employeeID,roomNumber,dayOfWeek) values("75645","127","Monday");
insert into VolunteersIn(employeeID,roomNumber,dayOfWeek) values("18360","130","Wednesday");
insert into VolunteersIn(employeeID,roomNumber,dayOfWeek) values("52255","131","Monday");
insert into VolunteersIn(employeeID,roomNumber,dayOfWeek) values("63229","132","Monday");
insert into VolunteersIn(employeeID,roomNumber,dayOfWeek) values("21587","133","Monday");
insert into VolunteersIn(employeeID,roomNumber,dayOfWeek) values("81639","134","Wednesday");
insert into VolunteersIn(employeeID,roomNumber,dayOfWeek) values("52335","135","Wednesday");
insert into VolunteersIn(employeeID,roomNumber,dayOfWeek) values("76050","136","Tuesday");
insert into VolunteersIn(employeeID,roomNumber,dayOfWeek) values("46365","137","Wednesday");
insert into VolunteersIn(employeeID,roomNumber,dayOfWeek) values("64491","139","Tuesday");
insert into VolunteersIn(employeeID,roomNumber,dayOfWeek) values("29766","140","Friday");
insert into VolunteersIn(employeeID,roomNumber,dayOfWeek) values("13380","141","Monday");
insert into VolunteersIn(employeeID,roomNumber,dayOfWeek) values("80466","142","Saturday");
insert into VolunteersIn(employeeID,roomNumber,dayOfWeek) values("48889","143","Wednesday");
insert into VolunteersIn(employeeID,roomNumber,dayOfWeek) values("66966","145","Tuesday");
insert into VolunteersIn(employeeID,roomNumber,dayOfWeek) values("55828","146","Monday");
insert into VolunteersIn(employeeID,roomNumber,dayOfWeek) values("77957","147","Friday");
insert into VolunteersIn(employeeID,roomNumber,dayOfWeek) values("70022","148","Wednesday");
insert into Patient(patientID,firstName,lastName,insurancePolicy,emergencyContact) values("51108","surroundings","exact","92559","Banneker's");
insert into Patient(patientID,firstName,lastName,insurancePolicy,emergencyContact) values("48588","pawl's","Kanchenjunga","86111","Giauque's");
insert into Patient(patientID,firstName,lastName,insurancePolicy,emergencyContact) values("24643","forebear","boles","24940","crosses");
insert into Patient(patientID,firstName,lastName,insurancePolicy,emergencyContact) values("64526","perpetrating","consciences","92714","Mennonite's");
insert into Patient(patientID,firstName,lastName,insurancePolicy,emergencyContact) values("46934","gables","southeastward","14054","show");
insert into Patient(patientID,firstName,lastName,insurancePolicy,emergencyContact) values("42975","Osvaldo","forebear","24429","ballast");
insert into Patient(patientID,firstName,lastName,insurancePolicy,emergencyContact) values("24884","scampers","inhalator","56027","Gilligan");
insert into Patient(patientID,firstName,lastName,insurancePolicy,emergencyContact) values("76096","Carib's","isthmuses","98315","applejack");
insert into Patient(patientID,firstName,lastName,insurancePolicy,emergencyContact) values("55034","doubtful","athlete","17457","hopscotches");
insert into Patient(patientID,firstName,lastName,insurancePolicy,emergencyContact) values("25646","inhalator","iodine","96141","fallibly");
insert into Patient(patientID,firstName,lastName,insurancePolicy,emergencyContact) values("86342","blubber's","Orion's","66479","scampers");
insert into Patient(patientID,firstName,lastName,insurancePolicy,emergencyContact) values("29308","redevelop","surroundings","18843","goitre");
insert into Patient(patientID,firstName,lastName,insurancePolicy,emergencyContact) values("65498","Manchuria's","fanfare","75665","commandeered");
insert into Patient(patientID,firstName,lastName,insurancePolicy,emergencyContact) values("99967","inured","exact","51403","stipulates");
insert into Patient(patientID,firstName,lastName,insurancePolicy,emergencyContact) values("49185","Mennonite's","batted","33496","Carib's");
insert into Patient(patientID,firstName,lastName,insurancePolicy,emergencyContact) values("65674","blubber's","Mbini's","14142","Mir");
insert into Patient(patientID,firstName,lastName,insurancePolicy,emergencyContact) values("78904","goitre","ballast","35643","convertible");
insert into Patient(patientID,firstName,lastName,insurancePolicy,emergencyContact) values("4920","axe","Halliburton's","36155","flamencos");
insert into Patient(patientID,firstName,lastName,insurancePolicy,emergencyContact) values("21822","biracial","stipulates","65439","pawns");
insert into Patient(patientID,firstName,lastName,insurancePolicy,emergencyContact) values("13971","goitre","Melanesian","55156","plaza's");
insert into Patient(patientID,firstName,lastName,insurancePolicy,emergencyContact) values("14992","adverb","mobility","41672","mobility");
insert into Patient(patientID,firstName,lastName,insurancePolicy,emergencyContact) values("69268","learning's","gables","68251","pretentiousness");
insert into Patient(patientID,firstName,lastName,insurancePolicy,emergencyContact) values("69990","Lowenbrau","Dracula","46202","southeastward");
insert into Patient(patientID,firstName,lastName,insurancePolicy,emergencyContact) values("12284","fiascoes","Hayworth","34860","marinated");
insert into Patient(patientID,firstName,lastName,insurancePolicy,emergencyContact) values("30336","consciences","Gilligan","33272","inklings");
insert into Patient(patientID,firstName,lastName,insurancePolicy,emergencyContact) values("27230","swirliest","Giauque's","13729","Churriguera");
insert into Patient(patientID,firstName,lastName,insurancePolicy,emergencyContact) values("44909","consciences","show","89604","exclamatory");
insert into Patient(patientID,firstName,lastName,insurancePolicy,emergencyContact) values("75951","taxiing","commandeered","81269","Candice's");
insert into Patient(patientID,firstName,lastName,insurancePolicy,emergencyContact) values("98550","misdirect","crosses","43770","swirliest");
insert into Patient(patientID,firstName,lastName,insurancePolicy,emergencyContact) values("64399","Keynesian","mobility","99764","fiancée");
insert into Patient(patientID,firstName,lastName,insurancePolicy,emergencyContact) values("74919","Kanchenjunga","taxiing","79424","Mandarin");
insert into Patient(patientID,firstName,lastName,insurancePolicy,emergencyContact) values("98162","Murray's","fanfare","54534","Churriguera");
insert into Patient(patientID,firstName,lastName,insurancePolicy,emergencyContact) values("78766","axe","biracial","86617","covenants");
insert into Patient(patientID,firstName,lastName,insurancePolicy,emergencyContact) values("36969","Candice's","Keynesian","86365","athlete");
insert into Patient(patientID,firstName,lastName,insurancePolicy,emergencyContact) values("45338","equates","Melanesian","55550","Gilligan");
insert into Patient(patientID,firstName,lastName,insurancePolicy,emergencyContact) values("71207","doubtful","boles","53896","obedience's");
insert into Patient(patientID,firstName,lastName,insurancePolicy,emergencyContact) values("9725","hopscotches","ballast","36716","Dracula");
insert into Patient(patientID,firstName,lastName,insurancePolicy,emergencyContact) values("4849","Korean","disbanded","71535","Kanchenjunga");
insert into Patient(patientID,firstName,lastName,insurancePolicy,emergencyContact) values("70180","adverb","Rick","82115","swirliest");
insert into Patient(patientID,firstName,lastName,insurancePolicy,emergencyContact) values("97838","batted","biracial","93981","exaggerating");
insert into Patient(patientID,firstName,lastName,insurancePolicy,emergencyContact) values("47090","Giauque's","characterized","26175","Mir");
insert into Patient(patientID,firstName,lastName,insurancePolicy,emergencyContact) values("74971","blubber's","learning's","34594","learning's");
insert into Patient(patientID,firstName,lastName,insurancePolicy,emergencyContact) values("9969","scampers","mamas","68381","fiancée");
insert into Patient(patientID,firstName,lastName,insurancePolicy,emergencyContact) values("32112","misdirect","Osvaldo","59284","doubtful");
insert into Patient(patientID,firstName,lastName,insurancePolicy,emergencyContact) values("66707","goitre","perpetrating","97861","iodine");
insert into Patient(patientID,firstName,lastName,insurancePolicy,emergencyContact) values("62260","concurs","blots","80426","redevelop");
insert into Patient(patientID,firstName,lastName,insurancePolicy,emergencyContact) values("20002","Mir","Banneker's","50157","flamencos");
insert into Patient(patientID,firstName,lastName,insurancePolicy,emergencyContact) values("40975","respectfully","mobility","56803","exact");
insert into Patient(patientID,firstName,lastName,insurancePolicy,emergencyContact) values("62011","respectfully","fallibly","90842","Churriguera");
insert into Patient(patientID,firstName,lastName,insurancePolicy,emergencyContact) values("27847","blubber's","Britons","6152","meteoroids");
insert into Patient(patientID,firstName,lastName,insurancePolicy,emergencyContact) values("31683","Gilligan","convertible","48526","crosses");
insert into Patient(patientID,firstName,lastName,insurancePolicy,emergencyContact) values("43219","Churriguera","flyleaf","91552","gables");
insert into Patient(patientID,firstName,lastName,insurancePolicy,emergencyContact) values("2094","blots","ballplayers","34486","biracial");
insert into Patient(patientID,firstName,lastName,insurancePolicy,emergencyContact) values("82150","flyleaf","show","60444","Keynesian");
insert into Patient(patientID,firstName,lastName,insurancePolicy,emergencyContact) values("30894","Mandarin","perpetrating","75178","flyleaf");
insert into Patient(patientID,firstName,lastName,insurancePolicy,emergencyContact) values("88750","meteoroids","fallibly","22823","isthmuses");
insert into Patient(patientID,firstName,lastName,insurancePolicy,emergencyContact) values("20293","iodine","feathered","42053","plaza's");
insert into Patient(patientID,firstName,lastName,insurancePolicy,emergencyContact) values("14062","Saarinen","damask","55419","pawl's");
insert into Patient(patientID,firstName,lastName,insurancePolicy,emergencyContact) values("21406","forebear","ballplayers","28907","flyleaf");
insert into Patient(patientID,firstName,lastName,insurancePolicy,emergencyContact) values("74351","scampers","suckles","78117","fallibly");
insert into Patient(patientID,firstName,lastName,insurancePolicy,emergencyContact) values("25983","Melanesian","subjugated","1561","Orion's");
insert into Patient(patientID,firstName,lastName,insurancePolicy,emergencyContact) values("44269","Hayworth","Mbini's","86744","taxiing");
insert into Patient(patientID,firstName,lastName,insurancePolicy,emergencyContact) values("48185","inklings","ballast","72965","show");
insert into Patient(patientID,firstName,lastName,insurancePolicy,emergencyContact) values("9931","swirliest","scoutmaster","37845","Elbe's");
insert into Patient(patientID,firstName,lastName,insurancePolicy,emergencyContact) values("17235","feathered","diffidence's","36940","Gilligan");
insert into Patient(patientID,firstName,lastName,insurancePolicy,emergencyContact) values("54803","Mandarin","Kanchenjunga","79163","Murray's");
insert into Patient(patientID,firstName,lastName,insurancePolicy,emergencyContact) values("89228","Churriguera","inklings","38109","convertible");
insert into Patient(patientID,firstName,lastName,insurancePolicy,emergencyContact) values("89111","gables","Giauque's","50439","Korean");
insert into Patient(patientID,firstName,lastName,insurancePolicy,emergencyContact) values("29216","applejack","doubtful","4913","inured");
insert into Patient(patientID,firstName,lastName,insurancePolicy,emergencyContact) values("58363","fanfare","inhalator","74566","Parkman");
insert into Patient(patientID,firstName,lastName,insurancePolicy,emergencyContact) values("10328","equates","oddness's","97475","Mandarin");
insert into Patient(patientID,firstName,lastName,insurancePolicy,emergencyContact) values("18073","tarries","pretentiousness","57749","doubtful");
insert into Patient(patientID,firstName,lastName,insurancePolicy,emergencyContact) values("54640","isthmuses","oddness's","2173","Mir");
insert into Patient(patientID,firstName,lastName,insurancePolicy,emergencyContact) values("76022","gables","diffidence's","70449","biracial");
insert into Patient(patientID,firstName,lastName,insurancePolicy,emergencyContact) values("75079","subjugated","biracial","36502","tarries");
insert into Patient(patientID,firstName,lastName,insurancePolicy,emergencyContact) values("60034","Hayworth","Mir","856","mobility");
insert into Patient(patientID,firstName,lastName,insurancePolicy,emergencyContact) values("30789","pawl's","Parkman","90356","iodine");
insert into Patient(patientID,firstName,lastName,insurancePolicy,emergencyContact) values("44686","Halliburton's","gables","43637","fiascoes");
insert into Patient(patientID,firstName,lastName,insurancePolicy,emergencyContact) values("58811","axe","biracial","35855","subjugated");
insert into Patient(patientID,firstName,lastName,insurancePolicy,emergencyContact) values("80872","covenants","plaza's","5084","ballplayers");
insert into Patient(patientID,firstName,lastName,insurancePolicy,emergencyContact) values("71126","pretentiousness","crosses","79270","athlete");
insert into Patient(patientID,firstName,lastName,insurancePolicy,emergencyContact) values("46561","fiascoes","suckles","68667","isthmuses");
insert into Patient(patientID,firstName,lastName,insurancePolicy,emergencyContact) values("82113","Murray's","Mir","53296","hopscotches");
insert into Patient(patientID,firstName,lastName,insurancePolicy,emergencyContact) values("45946","characterized","exclamatory","27824","Giauque's");
insert into Patient(patientID,firstName,lastName,insurancePolicy,emergencyContact) values("54318","goitre","ballast","73904","scampers");
insert into Patient(patientID,firstName,lastName,insurancePolicy,emergencyContact) values("5753","show","mamas","50168","wellspring's");
insert into Patient(patientID,firstName,lastName,insurancePolicy,emergencyContact) values("42957","diffidence's","forebear","79465","inured");
insert into Patient(patientID,firstName,lastName,insurancePolicy,emergencyContact) values("90290","iodine","Hayworth","16295","covenants");
insert into Patient(patientID,firstName,lastName,insurancePolicy,emergencyContact) values("5978","learning's","sequesters","52871","exaggerating");
insert into Patient(patientID,firstName,lastName,insurancePolicy,emergencyContact) values("53588","concurs","covenants","47931","redevelop");
insert into Patient(patientID,firstName,lastName,insurancePolicy,emergencyContact) values("93475","commandeered","Mbini's","63784","commandeered");
insert into Patient(patientID,firstName,lastName,insurancePolicy,emergencyContact) values("86923","suckles","biracial","55551","show");
insert into Patient(patientID,firstName,lastName,insurancePolicy,emergencyContact) values("75092","exact","scampers","80762","axe");
insert into Patient(patientID,firstName,lastName,insurancePolicy,emergencyContact) values("2411","Orion's","Mandarin","39976","learning's");
insert into Patient(patientID,firstName,lastName,insurancePolicy,emergencyContact) values("77565","hopscotches","scoutmaster","47311","disbanded");
insert into Patient(patientID,firstName,lastName,insurancePolicy,emergencyContact) values("55600","Carib's","marinated","38851","fallibly");
insert into Patient(patientID,firstName,lastName,insurancePolicy,emergencyContact) values("82947","Rick","gables","57171","covenants");
insert into Patient(patientID,firstName,lastName,insurancePolicy,emergencyContact) values("9788","goitre","applejack","63808","swirliest");
insert into Patient(patientID,firstName,lastName,insurancePolicy,emergencyContact) values("167","meteoroids","Murray's","69188","tarries");
insert into Patient(patientID,firstName,lastName,insurancePolicy,emergencyContact) values("5437","marinated","Murray's","46146","exact");
insert into Patient(patientID,firstName,lastName,insurancePolicy,emergencyContact) values("11036","swirliest","covenants","15329","learning's");
insert into Patient(patientID,firstName,lastName,insurancePolicy,emergencyContact) values("22814","crosses","characterized","57768","inhalator");
insert into Patient(patientID,firstName,lastName,insurancePolicy,emergencyContact) values("3836","oddness's","biracial","14081","fallibly");
insert into Patient(patientID,firstName,lastName,insurancePolicy,emergencyContact) values("48177","suckles","pawns","12082","Parkman");
insert into Patient(patientID,firstName,lastName,insurancePolicy,emergencyContact) values("69641","feathered","taxiing","72870","exclamatory");
insert into Patient(patientID,firstName,lastName,insurancePolicy,emergencyContact) values("26388","pretentiousness","isthmuses","16781","flyleaf");
insert into Patient(patientID,firstName,lastName,insurancePolicy,emergencyContact) values("79731","ultimate","flamencos","42072","concurs");
insert into Patient(patientID,firstName,lastName,insurancePolicy,emergencyContact) values("79021","diffidence's","show","95921","scampers");
insert into Patient(patientID,firstName,lastName,insurancePolicy,emergencyContact) values("21475","Murray's","mamas","34480","mobility");
insert into Patient(patientID,firstName,lastName,insurancePolicy,emergencyContact) values("29986","feathered","gables","1950","adverb");
insert into Patient(patientID,firstName,lastName,insurancePolicy,emergencyContact) values("11","learning's","Lowenbrau","15026","inured");
insert into Patient(patientID,firstName,lastName,insurancePolicy,emergencyContact) values("5942","axe","equates","68621","Kanchenjunga");
insert into Patient(patientID,firstName,lastName,insurancePolicy,emergencyContact) values("40657","Gilligan","feathered","10915","respectfully");
insert into Patient(patientID,firstName,lastName,insurancePolicy,emergencyContact) values("98620","Halliburton's","ballplayers","21436","Banneker's");
insert into Patient(patientID,firstName,lastName,insurancePolicy,emergencyContact) values("63652","subjugated","consciences","40272","perpetrating");
insert into Patient(patientID,firstName,lastName,insurancePolicy,emergencyContact) values("92681","concurs","show","30158","taxiing");
insert into Patient(patientID,firstName,lastName,insurancePolicy,emergencyContact) values("81208","inhalator","damask","38811","consciences");
insert into Patient(patientID,firstName,lastName,insurancePolicy,emergencyContact) values("51349","athlete","plaza's","67132","Carib's");
insert into Patient(patientID,firstName,lastName,insurancePolicy,emergencyContact) values("23589","sequesters","blubber's","24885","Elbe's");
insert into Patient(patientID,firstName,lastName,insurancePolicy,emergencyContact) values("76178","perpetrating","bouquets","82429","inhalator");
insert into Patient(patientID,firstName,lastName,insurancePolicy,emergencyContact) values("82835","Lowenbrau","blots","27322","sequesters");
insert into Patient(patientID,firstName,lastName,insurancePolicy,emergencyContact) values("76571","meteoroids","boles","26457","Mbini's");
insert into Patient(patientID,firstName,lastName,insurancePolicy,emergencyContact) values("81661","boles","equates","23954","biracial");
insert into Patient(patientID,firstName,lastName,insurancePolicy,emergencyContact) values("66940","Giauque's","Lowenbrau","45222","Osvaldo");
insert into Patient(patientID,firstName,lastName,insurancePolicy,emergencyContact) values("4548","fiascoes","batted","36490","exclamatory");
insert into Patient(patientID,firstName,lastName,insurancePolicy,emergencyContact) values("27630","Halliburton's","Elbe's","69901","perpetrating");
insert into Patient(patientID,firstName,lastName,insurancePolicy,emergencyContact) values("55597","meteoroids","scampers","59541","oddness's");
insert into Patient(patientID,firstName,lastName,insurancePolicy,emergencyContact) values("33635","Dracula","subjugated","7827","plaza's");
insert into Patient(patientID,firstName,lastName,insurancePolicy,emergencyContact) values("83006","doubtful","fiancée","88902","bouquets");
insert into Patient(patientID,firstName,lastName,insurancePolicy,emergencyContact) values("86240","Banneker's","Banneker's","70117","flamencos");
insert into Patient(patientID,firstName,lastName,insurancePolicy,emergencyContact) values("51785","pawl's","blubber's","58515","diffidence's");
insert into Patient(patientID,firstName,lastName,insurancePolicy,emergencyContact) values("98057","Elbe's","bouquets","97914","Kanchenjunga");
insert into Patient(patientID,firstName,lastName,insurancePolicy,emergencyContact) values("19113","hopscotches","surroundings","89543","taxiing");
insert into Patient(patientID,firstName,lastName,insurancePolicy,emergencyContact) values("49880","exclamatory","Hayworth","22009","feathered");
insert into Patient(patientID,firstName,lastName,insurancePolicy,emergencyContact) values("80631","mobility","scoutmaster","49140","flyleaf");
insert into Patient(patientID,firstName,lastName,insurancePolicy,emergencyContact) values("15079","flamencos","athlete","50204","Orion's");
insert into Patient(patientID,firstName,lastName,insurancePolicy,emergencyContact) values("46066","pawns","Candice's","21423","Murray's");
insert into Patient(patientID,firstName,lastName,insurancePolicy,emergencyContact) values("33323","goitre","covenants","81708","Mir");
insert into Patient(patientID,firstName,lastName,insurancePolicy,emergencyContact) values("99208","Giauque's","fiancée","62280","fanfare");
insert into Patient(patientID,firstName,lastName,insurancePolicy,emergencyContact) values("95629","Mandarin","covenants","18044","goitre");
insert into Patient(patientID,firstName,lastName,insurancePolicy,emergencyContact) values("30332","ballplayers","Banneker's","3413","bouquets");
insert into Patient(patientID,firstName,lastName,insurancePolicy,emergencyContact) values("22723","Gilligan","hopscotches","22914","scoutmaster");
insert into Patient(patientID,firstName,lastName,insurancePolicy,emergencyContact) values("32978","boles","iodine","9622","vacationer's");
insert into Patient(patientID,firstName,lastName,insurancePolicy,emergencyContact) values("95116","convertible","taxiing","90029","swirliest");
insert into Patient(patientID,firstName,lastName,insurancePolicy,emergencyContact) values("62862","suckles","Gilligan","65589","axe");
insert into Patient(patientID,firstName,lastName,insurancePolicy,emergencyContact) values("99951","damask","fiascoes","42111","Carib's");
insert into Patient(patientID,firstName,lastName,insurancePolicy,emergencyContact) values("32397","Mbini's","redevelop","43071","convertible");
insert into Patient(patientID,firstName,lastName,insurancePolicy,emergencyContact) values("45998","diffidence's","Giauque's","63466","commandeered");
insert into Patient(patientID,firstName,lastName,insurancePolicy,emergencyContact) values("83863","Hayworth","Giauque's","30978","Osvaldo");
insert into Patient(patientID,firstName,lastName,insurancePolicy,emergencyContact) values("82015","goitre","misdirect","1457","pawl's");
insert into Patient(patientID,firstName,lastName,insurancePolicy,emergencyContact) values("54273","consciences","Mennonite's","95425","concurs");
insert into Patient(patientID,firstName,lastName,insurancePolicy,emergencyContact) values("42099","athlete","Osvaldo","54310","exact");
insert into Patient(patientID,firstName,lastName,insurancePolicy,emergencyContact) values("81279","Keynesian","exaggerating","55998","batted");
insert into Patient(patientID,firstName,lastName,insurancePolicy,emergencyContact) values("31421","Britons","biracial","1948","subjugated");
insert into Patient(patientID,firstName,lastName,insurancePolicy,emergencyContact) values("86562","convertible","covenants","65506","athlete");
insert into Patient(patientID,firstName,lastName,insurancePolicy,emergencyContact) values("72327","misdirect","fiancée","64752","adverb");
insert into Patient(patientID,firstName,lastName,insurancePolicy,emergencyContact) values("84543","Mir","forebear","40197","forebear");
insert into Patient(patientID,firstName,lastName,insurancePolicy,emergencyContact) values("1599","sequesters","inklings","74860","misdirect");
insert into Patient(patientID,firstName,lastName,insurancePolicy,emergencyContact) values("80907","suckles","Korean","60982","disbanded");
insert into Patient(patientID,firstName,lastName,insurancePolicy,emergencyContact) values("87581","Giauque's","adverb","23808","Murray's");
insert into Patient(patientID,firstName,lastName,insurancePolicy,emergencyContact) values("60162","plaza's","Giauque's","16747","axe");
insert into Patient(patientID,firstName,lastName,insurancePolicy,emergencyContact) values("97455","flyleaf","Mennonite's","67716","Dracula");
insert into Patient(patientID,firstName,lastName,insurancePolicy,emergencyContact) values("38821","biracial","bouquets","96856","flamencos");
insert into Patient(patientID,firstName,lastName,insurancePolicy,emergencyContact) values("64115","flyleaf","vacationer's","84884","exclamatory");
insert into Patient(patientID,firstName,lastName,insurancePolicy,emergencyContact) values("55418","Mennonite's","Kanchenjunga","83348","Melanesian");
insert into Patient(patientID,firstName,lastName,insurancePolicy,emergencyContact) values("52146","inured","convertible","36179","ultimate");
insert into Patient(patientID,firstName,lastName,insurancePolicy,emergencyContact) values("35111","vacationer's","Melanesian","47142","scampers");
insert into Patient(patientID,firstName,lastName,insurancePolicy,emergencyContact) values("75600","adverb","Parkman","58058","blots");
insert into Patient(patientID,firstName,lastName,insurancePolicy,emergencyContact) values("12559","vacationer's","equates","72805","characterized");
insert into Patient(patientID,firstName,lastName,insurancePolicy,emergencyContact) values("16877","subjugated","convertible","77341","Keynesian");
insert into Patient(patientID,firstName,lastName,insurancePolicy,emergencyContact) values("52922","flamencos","exact","58704","southeastward");
insert into Patient(patientID,firstName,lastName,insurancePolicy,emergencyContact) values("12909","Saarinen","bouquets","53046","Saarinen");
insert into Patient(patientID,firstName,lastName,insurancePolicy,emergencyContact) values("71138","Gilligan","inhalator","37202","Korean");
insert into Patient(patientID,firstName,lastName,insurancePolicy,emergencyContact) values("67758","boles","hopscotches","50557","blubber's");
insert into Patient(patientID,firstName,lastName,insurancePolicy,emergencyContact) values("60420","Elbe's","ultimate","24650","sequesters");
insert into Patient(patientID,firstName,lastName,insurancePolicy,emergencyContact) values("98019","flamencos","blubber's","32145","hopscotches");
insert into Patient(patientID,firstName,lastName,insurancePolicy,emergencyContact) values("76958","obedience's","stipulates","47592","learning's");
insert into Patient(patientID,firstName,lastName,insurancePolicy,emergencyContact) values("48754","stipulates","vacationer's","90844","wellspring's");
insert into Patient(patientID,firstName,lastName,insurancePolicy,emergencyContact) values("22841","fiancée","fiancée","63817","Keynesian");
insert into Patient(patientID,firstName,lastName,insurancePolicy,emergencyContact) values("25988","fiancée","Mennonite's","18717","stipulates");
insert into Patient(patientID,firstName,lastName,insurancePolicy,emergencyContact) values("47565","ballplayers","swirliest","51093","hopscotches");
insert into Patient(patientID,firstName,lastName,insurancePolicy,emergencyContact) values("29050","bouquets","Korean","62851","fiancée");
insert into Patient(patientID,firstName,lastName,insurancePolicy,emergencyContact) values("6520","diffidence's","iodine","60732","stipulates");
insert into Patient(patientID,firstName,lastName,insurancePolicy,emergencyContact) values("99812","fanfare","damask","45572","Gilligan");
insert into Patient(patientID,firstName,lastName,insurancePolicy,emergencyContact) values("7562","disbanded","fiascoes","13487","athlete");
insert into Patient(patientID,firstName,lastName,insurancePolicy,emergencyContact) values("93299","concurs","Murray's","74773","blubber's");
insert into Patient(patientID,firstName,lastName,insurancePolicy,emergencyContact) values("79089","fallibly","Korean","62875","taxiing");
insert into Patient(patientID,firstName,lastName,insurancePolicy,emergencyContact) values("79688","disbanded","boles","28070","boles");
insert into Patient(patientID,firstName,lastName,insurancePolicy,emergencyContact) values("62323","show","southeastward","11644","iodine");
insert into Patient(patientID,firstName,lastName,insurancePolicy,emergencyContact) values("54023","Murray's","southeastward","22895","fallibly");
insert into Patient(patientID,firstName,lastName,insurancePolicy,emergencyContact) values("84031","Britons","obedience's","22914","Manchuria's");
insert into Patient(patientID,firstName,lastName,insurancePolicy,emergencyContact) values("73098","damask","Churriguera","54361","learning's");
insert into Patient(patientID,firstName,lastName,insurancePolicy,emergencyContact) values("93944","taxiing","athlete","93033","suckles");
insert into Patient(patientID,firstName,lastName,insurancePolicy,emergencyContact) values("54399","gables","Osvaldo","17467","vacationer's");
insert into Patient(patientID,firstName,lastName,insurancePolicy,emergencyContact) values("198","marinated","Churriguera","1304","concurs");
insert into Patient(patientID,firstName,lastName,insurancePolicy,emergencyContact) values("10740","plaza's","Parkman","23007","inklings");
insert into Patient(patientID,firstName,lastName,insurancePolicy,emergencyContact) values("11961","pawl's","hopscotches","16148","learning's");
insert into Patient(patientID,firstName,lastName,insurancePolicy,emergencyContact) values("80227","pretentiousness","Dracula","76063","damask");
insert into Patient(patientID,firstName,lastName,insurancePolicy,emergencyContact) values("29588","mobility","taxiing","20350","Parkman");
insert into Patient(patientID,firstName,lastName,insurancePolicy,emergencyContact) values("42184","vacationer's","flyleaf","95425","show");
insert into PatientRoom(roomNumber,patientID) values("0","44909");
insert into PatientRoom(roomNumber,patientID) values("1","22814");
insert into PatientRoom(roomNumber,patientID) values("2","29216");
insert into PatientRoom(roomNumber,patientID) values("3","93944");
insert into PatientRoom(roomNumber,patientID) values("4","63652");
insert into PatientRoom(roomNumber,patientID) values("5","30789");
insert into PatientRoom(roomNumber,patientID) values("6","42975");
insert into PatientRoom(roomNumber,patientID) values("9","9725");
insert into PatientRoom(roomNumber,patientID) values("10","93944");
insert into PatientRoom(roomNumber,patientID) values("11","60420");
insert into PatientRoom(roomNumber,patientID) values("12","23589");
insert into PatientRoom(roomNumber,patientID) values("13","25646");
insert into PatientRoom(roomNumber,patientID) values("14","48177");
insert into PatientRoom(roomNumber,patientID) values("15","79731");
insert into PatientRoom(roomNumber,patientID) values("17","60420");
insert into PatientRoom(roomNumber,patientID) values("19","81208");
insert into PatientRoom(roomNumber,patientID) values("20","70180");
insert into PatientRoom(roomNumber,patientID) values("21","32112");
insert into PatientRoom(roomNumber,patientID) values("22","48754");
insert into PatientRoom(roomNumber,patientID) values("23","54640");
insert into PatientRoom(roomNumber,patientID) values("24","65498");
insert into PatientRoom(roomNumber,patientID) values("25","87581");
insert into PatientRoom(roomNumber,patientID) values("26","63652");
insert into PatientRoom(roomNumber,patientID) values("27","29588");
insert into PatientRoom(roomNumber,patientID) values("28","4548");
insert into PatientRoom(roomNumber,patientID) values("29","58363");
insert into PatientRoom(roomNumber,patientID) values("30","18073");
insert into PatientRoom(roomNumber,patientID) values("32","51108");
insert into PatientRoom(roomNumber,patientID) values("33","69268");
insert into PatientRoom(roomNumber,patientID) values("34","45998");
insert into PatientRoom(roomNumber,patientID) values("35","55034");
insert into PatientRoom(roomNumber,patientID) values("36","76958");
insert into PatientRoom(roomNumber,patientID) values("37","42975");
insert into PatientRoom(roomNumber,patientID) values("39","21822");
insert into PatientRoom(roomNumber,patientID) values("40","62323");
insert into PatientRoom(roomNumber,patientID) values("41","29050");
insert into PatientRoom(roomNumber,patientID) values("43","97455");
insert into PatientRoom(roomNumber,patientID) values("44","98057");
insert into PatientRoom(roomNumber,patientID) values("45","12284");
insert into PatientRoom(roomNumber,patientID) values("46","31683");
insert into PatientRoom(roomNumber,patientID) values("49","99208");
insert into PatientRoom(roomNumber,patientID) values("50","84031");
insert into PatientRoom(roomNumber,patientID) values("51","12559");
insert into PatientRoom(roomNumber,patientID) values("52","27230");
insert into PatientRoom(roomNumber,patientID) values("53","83863");
insert into PatientRoom(roomNumber,patientID) values("54","38821");
insert into PatientRoom(roomNumber,patientID) values("55","93944");
insert into PatientRoom(roomNumber,patientID) values("56","76096");
insert into PatientRoom(roomNumber,patientID) values("57","67758");
insert into PatientRoom(roomNumber,patientID) values("58","55418");
insert into PatientRoom(roomNumber,patientID) values("59","80631");
insert into PatientRoom(roomNumber,patientID) values("60","30789");
insert into PatientRoom(roomNumber,patientID) values("61","38821");
insert into PatientRoom(roomNumber,patientID) values("62","62323");
insert into PatientRoom(roomNumber,patientID) values("64","25988");
insert into PatientRoom(roomNumber,patientID) values("65","5437");
insert into PatientRoom(roomNumber,patientID) values("66","167");
insert into PatientRoom(roomNumber,patientID) values("67","95116");
insert into PatientRoom(roomNumber,patientID) values("69","9969");
insert into PatientRoom(roomNumber,patientID) values("70","24643");
insert into PatientRoom(roomNumber,patientID) values("71","77565");
insert into PatientRoom(roomNumber,patientID) values("72","60162");
insert into PatientRoom(roomNumber,patientID) values("73","77565");
insert into PatientRoom(roomNumber,patientID) values("74","54273");
insert into PatientRoom(roomNumber,patientID) values("75","13971");
insert into PatientRoom(roomNumber,patientID) values("76","7562");
insert into PatientRoom(roomNumber,patientID) values("77","51108");
insert into PatientRoom(roomNumber,patientID) values("78","29986");
insert into PatientRoom(roomNumber,patientID) values("79","99812");
insert into PatientRoom(roomNumber,patientID) values("80","75951");
insert into PatientRoom(roomNumber,patientID) values("81","99951");
insert into PatientRoom(roomNumber,patientID) values("82","5978");
insert into PatientRoom(roomNumber,patientID) values("84","5978");
insert into PatientRoom(roomNumber,patientID) values("85","44909");
insert into PatientRoom(roomNumber,patientID) values("86","10740");
insert into PatientRoom(roomNumber,patientID) values("87","89111");
insert into PatientRoom(roomNumber,patientID) values("88","71207");
insert into PatientRoom(roomNumber,patientID) values("89","76958");
insert into PatientRoom(roomNumber,patientID) values("90","13971");
insert into PatientRoom(roomNumber,patientID) values("91","25983");
insert into PatientRoom(roomNumber,patientID) values("92","72327");
insert into PatientRoom(roomNumber,patientID) values("94","24643");
insert into PatientRoom(roomNumber,patientID) values("95","95629");
insert into PatientRoom(roomNumber,patientID) values("96","67758");
insert into PatientRoom(roomNumber,patientID) values("97","24643");
insert into PatientRoom(roomNumber,patientID) values("99","167");
insert into OutPatient(patientID) values("167");
insert into OutPatient(patientID) values("198");
insert into OutPatient(patientID) values("1599");
insert into OutPatient(patientID) values("2094");
insert into OutPatient(patientID) values("2411");
insert into OutPatient(patientID) values("3836");
insert into OutPatient(patientID) values("4548");
insert into OutPatient(patientID) values("4849");
insert into OutPatient(patientID) values("4920");
insert into OutPatient(patientID) values("5437");
insert into OutPatient(patientID) values("5753");
insert into OutPatient(patientID) values("5942");
insert into OutPatient(patientID) values("5978");
insert into OutPatient(patientID) values("6520");
insert into OutPatient(patientID) values("7562");
insert into OutPatient(patientID) values("9725");
insert into OutPatient(patientID) values("9788");
insert into OutPatient(patientID) values("9931");
insert into OutPatient(patientID) values("10328");
insert into OutPatient(patientID) values("10740");
insert into OutPatient(patientID) values("11961");
insert into OutPatient(patientID) values("12284");
insert into OutPatient(patientID) values("12559");
insert into OutPatient(patientID) values("12909");
insert into OutPatient(patientID) values("13971");
insert into OutPatient(patientID) values("14062");
insert into OutPatient(patientID) values("14992");
insert into OutPatient(patientID) values("19113");
insert into OutPatient(patientID) values("21406");
insert into OutPatient(patientID) values("21475");
insert into OutPatient(patientID) values("22841");
insert into OutPatient(patientID) values("24643");
insert into OutPatient(patientID) values("25646");
insert into OutPatient(patientID) values("25983");
insert into OutPatient(patientID) values("25988");
insert into OutPatient(patientID) values("27230");
insert into OutPatient(patientID) values("27630");
insert into OutPatient(patientID) values("27847");
insert into OutPatient(patientID) values("29050");
insert into OutPatient(patientID) values("29216");
insert into OutPatient(patientID) values("29308");
insert into OutPatient(patientID) values("30332");
insert into OutPatient(patientID) values("30336");
insert into OutPatient(patientID) values("30894");
insert into OutPatient(patientID) values("31421");
insert into OutPatient(patientID) values("31683");
insert into OutPatient(patientID) values("32978");
insert into OutPatient(patientID) values("33635");
insert into OutPatient(patientID) values("38821");
insert into OutPatient(patientID) values("42099");
insert into OutPatient(patientID) values("42957");
insert into OutPatient(patientID) values("42975");
insert into OutPatient(patientID) values("43219");
insert into OutPatient(patientID) values("44686");
insert into OutPatient(patientID) values("45998");
insert into OutPatient(patientID) values("46561");
insert into OutPatient(patientID) values("46934");
insert into OutPatient(patientID) values("47090");
insert into OutPatient(patientID) values("47565");
insert into OutPatient(patientID) values("48185");
insert into OutPatient(patientID) values("48754");
insert into OutPatient(patientID) values("49185");
insert into OutPatient(patientID) values("49880");
insert into OutPatient(patientID) values("51108");
insert into OutPatient(patientID) values("51349");
insert into OutPatient(patientID) values("51785");
insert into OutPatient(patientID) values("52146");
insert into OutPatient(patientID) values("53588");
insert into OutPatient(patientID) values("54023");
insert into OutPatient(patientID) values("54318");
insert into OutPatient(patientID) values("54640");
insert into OutPatient(patientID) values("54803");
insert into OutPatient(patientID) values("55418");
insert into OutPatient(patientID) values("55597");
insert into OutPatient(patientID) values("55600");
insert into OutPatient(patientID) values("58363");
insert into OutPatient(patientID) values("60034");
insert into OutPatient(patientID) values("60162");
insert into OutPatient(patientID) values("62323");
insert into OutPatient(patientID) values("64399");
insert into OutPatient(patientID) values("64526");
insert into OutPatient(patientID) values("65498");
insert into OutPatient(patientID) values("65674");
insert into OutPatient(patientID) values("66940");
insert into OutPatient(patientID) values("67758");
insert into OutPatient(patientID) values("69268");
insert into OutPatient(patientID) values("69641");
insert into OutPatient(patientID) values("69990");
insert into OutPatient(patientID) values("71207");
insert into OutPatient(patientID) values("72327");
insert into OutPatient(patientID) values("73098");
insert into OutPatient(patientID) values("74919");
insert into OutPatient(patientID) values("74971");
insert into OutPatient(patientID) values("75079");
insert into OutPatient(patientID) values("75092");
insert into OutPatient(patientID) values("76022");
insert into OutPatient(patientID) values("76096");
insert into OutPatient(patientID) values("76178");
insert into OutPatient(patientID) values("76571");
insert into OutPatient(patientID) values("77565");
insert into OutPatient(patientID) values("78766");
insert into OutPatient(patientID) values("78904");
insert into OutPatient(patientID) values("79021");
insert into OutPatient(patientID) values("79688");
insert into OutPatient(patientID) values("80631");
insert into OutPatient(patientID) values("80872");
insert into OutPatient(patientID) values("81208");
insert into OutPatient(patientID) values("81661");
insert into OutPatient(patientID) values("82015");
insert into OutPatient(patientID) values("82947");
insert into OutPatient(patientID) values("83006");
insert into OutPatient(patientID) values("83863");
insert into OutPatient(patientID) values("86342");
insert into OutPatient(patientID) values("87581");
insert into OutPatient(patientID) values("89111");
insert into OutPatient(patientID) values("90290");
insert into OutPatient(patientID) values("92681");
insert into OutPatient(patientID) values("93475");
insert into OutPatient(patientID) values("95116");
insert into OutPatient(patientID) values("95629");
insert into OutPatient(patientID) values("97455");
insert into OutPatient(patientID) values("98019");
insert into OutPatient(patientID) values("98057");
insert into OutPatient(patientID) values("99812");
insert into OutPatient(patientID) values("99951");
insert into OutPatient(patientID) values("99967");
insert into Nurse(employeeID,treatmentGiverID) values("29766","697");
insert into Nurse(employeeID,treatmentGiverID) values("64491","6388");
insert into Nurse(employeeID,treatmentGiverID) values("50848","8412");
insert into Nurse(employeeID,treatmentGiverID) values("75586","11088");
insert into Nurse(employeeID,treatmentGiverID) values("13782","11266");
insert into Nurse(employeeID,treatmentGiverID) values("90629","11629");
insert into Nurse(employeeID,treatmentGiverID) values("56069","11914");
insert into Nurse(employeeID,treatmentGiverID) values("40970","16058");
insert into Nurse(employeeID,treatmentGiverID) values("77957","18944");
insert into Nurse(employeeID,treatmentGiverID) values("81639","20547");
insert into Nurse(employeeID,treatmentGiverID) values("83014","21170");
insert into Nurse(employeeID,treatmentGiverID) values("83512","22440");
insert into Nurse(employeeID,treatmentGiverID) values("48889","24581");
insert into Nurse(employeeID,treatmentGiverID) values("88310","30227");
insert into Nurse(employeeID,treatmentGiverID) values("82190","31052");
insert into Nurse(employeeID,treatmentGiverID) values("91895","32717");
insert into Nurse(employeeID,treatmentGiverID) values("83703","33971");
insert into Nurse(employeeID,treatmentGiverID) values("30032","34586");
insert into Nurse(employeeID,treatmentGiverID) values("75796","35521");
insert into Nurse(employeeID,treatmentGiverID) values("45367","37246");
insert into Nurse(employeeID,treatmentGiverID) values("52255","37469");
insert into Nurse(employeeID,treatmentGiverID) values("94449","37538");
insert into Nurse(employeeID,treatmentGiverID) values("29850","39954");
insert into Nurse(employeeID,treatmentGiverID) values("66966","40471");
insert into Nurse(employeeID,treatmentGiverID) values("13380","41408");
insert into Nurse(employeeID,treatmentGiverID) values("27786","42300");
insert into Nurse(employeeID,treatmentGiverID) values("24909","43908");
insert into Nurse(employeeID,treatmentGiverID) values("94314","45923");
insert into Nurse(employeeID,treatmentGiverID) values("66166","47710");
insert into Nurse(employeeID,treatmentGiverID) values("63229","48654");
insert into Nurse(employeeID,treatmentGiverID) values("57793","51159");
insert into Nurse(employeeID,treatmentGiverID) values("49873","54143");
insert into Nurse(employeeID,treatmentGiverID) values("90559","55882");
insert into Nurse(employeeID,treatmentGiverID) values("65063","57690");
insert into Nurse(employeeID,treatmentGiverID) values("24063","60452");
insert into Nurse(employeeID,treatmentGiverID) values("67266","61250");
insert into Nurse(employeeID,treatmentGiverID) values("70324","61809");
insert into Nurse(employeeID,treatmentGiverID) values("94617","67508");
insert into Nurse(employeeID,treatmentGiverID) values("89706","69230");
insert into Nurse(employeeID,treatmentGiverID) values("11450","71441");
insert into Nurse(employeeID,treatmentGiverID) values("68732","71525");
insert into Nurse(employeeID,treatmentGiverID) values("31933","71792");
insert into Nurse(employeeID,treatmentGiverID) values("80466","72046");
insert into Nurse(employeeID,treatmentGiverID) values("86026","72201");
insert into Nurse(employeeID,treatmentGiverID) values("75645","78126");
insert into Nurse(employeeID,treatmentGiverID) values("30804","79756");
insert into Nurse(employeeID,treatmentGiverID) values("70022","80755");
insert into Nurse(employeeID,treatmentGiverID) values("9079","81230");
insert into Nurse(employeeID,treatmentGiverID) values("79554","82862");
insert into Nurse(employeeID,treatmentGiverID) values("77546","83261");
insert into Nurse(employeeID,treatmentGiverID) values("90641","83420");
insert into Nurse(employeeID,treatmentGiverID) values("81414","88710");
insert into Nurse(employeeID,treatmentGiverID) values("49346","89778");
insert into Nurse(employeeID,treatmentGiverID) values("46365","91873");
insert into Nurse(employeeID,treatmentGiverID) values("69697","97361");
insert into Nurse(employeeID,treatmentGiverID) values("98639","99794");
insert into InPatient(patientID) values("198");
insert into InPatient(patientID) values("2094");
insert into InPatient(patientID) values("3836");
insert into InPatient(patientID) values("4548");
insert into InPatient(patientID) values("4849");
insert into InPatient(patientID) values("4920");
insert into InPatient(patientID) values("5437");
insert into InPatient(patientID) values("5753");
insert into InPatient(patientID) values("9788");
insert into InPatient(patientID) values("10740");
insert into InPatient(patientID) values("11036");
insert into InPatient(patientID) values("11961");
insert into InPatient(patientID) values("12559");
insert into InPatient(patientID) values("12909");
insert into InPatient(patientID) values("14062");
insert into InPatient(patientID) values("16877");
insert into InPatient(patientID) values("17235");
insert into InPatient(patientID) values("19113");
insert into InPatient(patientID) values("20002");
insert into InPatient(patientID) values("21475");
insert into InPatient(patientID) values("21822");
insert into InPatient(patientID) values("22723");
insert into InPatient(patientID) values("22814");
insert into InPatient(patientID) values("23589");
insert into InPatient(patientID) values("24884");
insert into InPatient(patientID) values("25983");
insert into InPatient(patientID) values("27230");
insert into InPatient(patientID) values("27630");
insert into InPatient(patientID) values("27847");
insert into InPatient(patientID) values("29216");
insert into InPatient(patientID) values("29588");
insert into InPatient(patientID) values("29986");
insert into InPatient(patientID) values("30336");
insert into InPatient(patientID) values("30789");
insert into InPatient(patientID) values("31683");
insert into InPatient(patientID) values("32112");
insert into InPatient(patientID) values("32397");
insert into InPatient(patientID) values("33635");
insert into InPatient(patientID) values("36969");
insert into InPatient(patientID) values("38821");
insert into InPatient(patientID) values("42099");
insert into InPatient(patientID) values("42957");
insert into InPatient(patientID) values("42975");
insert into InPatient(patientID) values("43219");
insert into InPatient(patientID) values("44686");
insert into InPatient(patientID) values("44909");
insert into InPatient(patientID) values("45338");
insert into InPatient(patientID) values("45946");
insert into InPatient(patientID) values("45998");
insert into InPatient(patientID) values("46066");
insert into InPatient(patientID) values("46561");
insert into InPatient(patientID) values("46934");
insert into InPatient(patientID) values("47090");
insert into InPatient(patientID) values("47565");
insert into InPatient(patientID) values("48177");
insert into InPatient(patientID) values("48185");
insert into InPatient(patientID) values("48754");
insert into InPatient(patientID) values("49880");
insert into InPatient(patientID) values("51349");
insert into InPatient(patientID) values("51785");
insert into InPatient(patientID) values("52146");
insert into InPatient(patientID) values("53588");
insert into InPatient(patientID) values("54023");
insert into InPatient(patientID) values("54318");
insert into InPatient(patientID) values("54399");
insert into InPatient(patientID) values("54640");
insert into InPatient(patientID) values("55418");
insert into InPatient(patientID) values("55597");
insert into InPatient(patientID) values("58363");
insert into InPatient(patientID) values("58811");
insert into InPatient(patientID) values("60162");
insert into InPatient(patientID) values("60420");
insert into InPatient(patientID) values("62862");
insert into InPatient(patientID) values("64399");
insert into InPatient(patientID) values("64526");
insert into InPatient(patientID) values("65674");
insert into InPatient(patientID) values("66707");
insert into InPatient(patientID) values("67758");
insert into InPatient(patientID) values("70180");
insert into InPatient(patientID) values("71126");
insert into InPatient(patientID) values("71138");
insert into InPatient(patientID) values("71207");
insert into InPatient(patientID) values("72327");
insert into InPatient(patientID) values("74919");
insert into InPatient(patientID) values("74971");
insert into InPatient(patientID) values("75600");
insert into InPatient(patientID) values("75951");
insert into InPatient(patientID) values("76022");
insert into InPatient(patientID) values("76178");
insert into InPatient(patientID) values("76571");
insert into InPatient(patientID) values("76958");
insert into InPatient(patientID) values("78766");
insert into InPatient(patientID) values("79089");
insert into InPatient(patientID) values("79688");
insert into InPatient(patientID) values("79731");
insert into InPatient(patientID) values("80227");
insert into InPatient(patientID) values("80631");
insert into InPatient(patientID) values("80872");
insert into InPatient(patientID) values("80907");
insert into InPatient(patientID) values("81208");
insert into InPatient(patientID) values("81279");
insert into InPatient(patientID) values("82015");
insert into InPatient(patientID) values("82150");
insert into InPatient(patientID) values("82835");
insert into InPatient(patientID) values("82947");
insert into InPatient(patientID) values("83006");
insert into InPatient(patientID) values("84031");
insert into InPatient(patientID) values("86342");
insert into InPatient(patientID) values("86923");
insert into InPatient(patientID) values("87581");
insert into InPatient(patientID) values("89228");
insert into InPatient(patientID) values("90290");
insert into InPatient(patientID) values("93299");
insert into InPatient(patientID) values("93475");
insert into InPatient(patientID) values("93944");
insert into InPatient(patientID) values("95116");
insert into InPatient(patientID) values("95629");
insert into InPatient(patientID) values("98057");
insert into InPatient(patientID) values("98550");
insert into InPatient(patientID) values("99208");
insert into IsVolunteerRoom(roomDescription) values("Gift Shop");
insert into IsVolunteerRoom(roomDescription) values("Reading Cart");
insert into IsVolunteerRoom(roomDescription) values("Snack Cart");
insert into IsVolunteerRoom(roomDescription) values("Info Desk");
insert into Doctor(employeeID,treatmentGiverID) values("36602","1703");
insert into Doctor(employeeID,treatmentGiverID) values("82190","2002");
insert into Doctor(employeeID,treatmentGiverID) values("45367","2374");
insert into Doctor(employeeID,treatmentGiverID) values("24909","3500");
insert into Doctor(employeeID,treatmentGiverID) values("64491","5949");
insert into Doctor(employeeID,treatmentGiverID) values("98639","6388");
insert into Doctor(employeeID,treatmentGiverID) values("49346","11205");
insert into Doctor(employeeID,treatmentGiverID) values("22473","11266");
insert into Doctor(employeeID,treatmentGiverID) values("32773","16058");
insert into Doctor(employeeID,treatmentGiverID) values("57793","17525");
insert into Doctor(employeeID,treatmentGiverID) values("66166","18319");
insert into Doctor(employeeID,treatmentGiverID) values("7250","20547");
insert into Doctor(employeeID,treatmentGiverID) values("56069","21128");
insert into Doctor(employeeID,treatmentGiverID) values("81639","22440");
insert into Doctor(employeeID,treatmentGiverID) values("52335","24581");
insert into Doctor(employeeID,treatmentGiverID) values("31933","30145");
insert into Doctor(employeeID,treatmentGiverID) values("50848","30227");
insert into Doctor(employeeID,treatmentGiverID) values("97345","32717");
insert into Doctor(employeeID,treatmentGiverID) values("29731","33197");
insert into Doctor(employeeID,treatmentGiverID) values("3439","33780");
insert into Doctor(employeeID,treatmentGiverID) values("48889","34586");
insert into Doctor(employeeID,treatmentGiverID) values("91895","36305");
insert into Doctor(employeeID,treatmentGiverID) values("13380","37246");
insert into Doctor(employeeID,treatmentGiverID) values("94617","39954");
insert into Doctor(employeeID,treatmentGiverID) values("81414","40471");
insert into Doctor(employeeID,treatmentGiverID) values("34402","41974");
insert into Doctor(employeeID,treatmentGiverID) values("50207","42300");
insert into Doctor(employeeID,treatmentGiverID) values("83703","43908");
insert into Doctor(employeeID,treatmentGiverID) values("83014","44618");
insert into Doctor(employeeID,treatmentGiverID) values("94449","47710");
insert into Doctor(employeeID,treatmentGiverID) values("40970","48654");
insert into Doctor(employeeID,treatmentGiverID) values("11450","49778");
insert into Doctor(employeeID,treatmentGiverID) values("90641","51159");
insert into Doctor(employeeID,treatmentGiverID) values("67266","51224");
insert into Doctor(employeeID,treatmentGiverID) values("75796","55882");
insert into Doctor(employeeID,treatmentGiverID) values("63209","57690");
insert into Doctor(employeeID,treatmentGiverID) values("92697","58155");
insert into Doctor(employeeID,treatmentGiverID) values("79554","60452");
insert into Doctor(employeeID,treatmentGiverID) values("68732","65971");
insert into Doctor(employeeID,treatmentGiverID) values("69697","71441");
insert into Doctor(employeeID,treatmentGiverID) values("4273","71792");
insert into Doctor(employeeID,treatmentGiverID) values("88782","72046");
insert into Doctor(employeeID,treatmentGiverID) values("14800","72201");
insert into Doctor(employeeID,treatmentGiverID) values("77957","74656");
insert into Doctor(employeeID,treatmentGiverID) values("25627","77133");
insert into Doctor(employeeID,treatmentGiverID) values("66966","78126");
insert into Doctor(employeeID,treatmentGiverID) values("49873","79756");
insert into Doctor(employeeID,treatmentGiverID) values("75586","80755");
insert into Doctor(employeeID,treatmentGiverID) values("69085","81097");
insert into Doctor(employeeID,treatmentGiverID) values("70022","81230");
insert into Doctor(employeeID,treatmentGiverID) values("21011","83261");
insert into Doctor(employeeID,treatmentGiverID) values("86026","84792");
insert into Doctor(employeeID,treatmentGiverID) values("11224","85783");
insert into Doctor(employeeID,treatmentGiverID) values("90629","88710");
insert into Doctor(employeeID,treatmentGiverID) values("89706","90720");
insert into Doctor(employeeID,treatmentGiverID) values("65063","91791");
insert into Doctor(employeeID,treatmentGiverID) values("55828","97361");
insert into Doctor(employeeID,treatmentGiverID) values("83512","98882");
insert into Doctor(employeeID,treatmentGiverID) values("88310","99794");
insert into diagnoses(doctorID,patientID,diagnosisID,name) values("40970","99812","4116","scampers");
insert into diagnoses(doctorID,patientID,diagnosisID,name) values("70022","79021","573","scoutmaster");
insert into diagnoses(doctorID,patientID,diagnosisID,name) values("11224","71207","3415","plaza's");
insert into diagnoses(doctorID,patientID,diagnosisID,name) values("25627","76022","5389","taxiing");
insert into diagnoses(doctorID,patientID,diagnosisID,name) values("52335","27847","2779","fanfare");
insert into diagnoses(doctorID,patientID,diagnosisID,name) values("50207","29216","4129","Korean");
insert into diagnoses(doctorID,patientID,diagnosisID,name) values("66966","1599","1074","isthmuses");
insert into diagnoses(doctorID,patientID,diagnosisID,name) values("69697","81661","6371","consciences");
insert into diagnoses(doctorID,patientID,diagnosisID,name) values("69085","25988","1909","Dracula");
insert into diagnoses(doctorID,patientID,diagnosisID,name) values("31933","44686","6792","covenants");
insert into diagnoses(doctorID,patientID,diagnosisID,name) values("67266","49185","5535","pretentiousness");
insert into diagnoses(doctorID,patientID,diagnosisID,name) values("92697","80631","4023","hopscotches");
insert into diagnoses(doctorID,patientID,diagnosisID,name) values("7250","64399","6405","suckles");
insert into diagnoses(doctorID,patientID,diagnosisID,name) values("34402","75079","2875","learning's");
insert into diagnoses(doctorID,patientID,diagnosisID,name) values("34402","24643","2562","exclamatory");
insert into diagnoses(doctorID,patientID,diagnosisID,name) values("79554","46561","6522","batted");
insert into diagnoses(doctorID,patientID,diagnosisID,name) values("32773","58363","2531","Dracula");
insert into diagnoses(doctorID,patientID,diagnosisID,name) values("81414","90290","4060","doubtful");
insert into diagnoses(doctorID,patientID,diagnosisID,name) values("50848","2094","7900","marinated");
insert into diagnoses(doctorID,patientID,diagnosisID,name) values("91895","48185","3645","feathered");
insert into diagnoses(doctorID,patientID,diagnosisID,name) values("88782","22841","2640","doubtful");
insert into diagnoses(doctorID,patientID,diagnosisID,name) values("66166","27847","398","Korean");
insert into diagnoses(doctorID,patientID,diagnosisID,name) values("92697","54803","1201","athlete");
insert into diagnoses(doctorID,patientID,diagnosisID,name) values("79554","9931","7806","characterized");
insert into diagnoses(doctorID,patientID,diagnosisID,name) values("75586","93475","7300","exact");
insert into diagnoses(doctorID,patientID,diagnosisID,name) values("24909","33635","1576","diffidence's");
insert into diagnoses(doctorID,patientID,diagnosisID,name) values("69697","31421","8467","axe");
insert into diagnoses(doctorID,patientID,diagnosisID,name) values("14800","198","9724","Mbini's");
insert into diagnoses(doctorID,patientID,diagnosisID,name) values("36602","25988","904","Mbini's");
insert into diagnoses(doctorID,patientID,diagnosisID,name) values("49873","82015","6009","Banneker's");
insert into diagnoses(doctorID,patientID,diagnosisID,name) values("83512","69268","4991","redevelop");
insert into diagnoses(doctorID,patientID,diagnosisID,name) values("22473","5942","479","fanfare");
insert into diagnoses(doctorID,patientID,diagnosisID,name) values("83014","44686","5919","swirliest");
insert into diagnoses(doctorID,patientID,diagnosisID,name) values("97345","13971","1715","fanfare");
insert into diagnoses(doctorID,patientID,diagnosisID,name) values("52335","49880","8473","exclamatory");
insert into diagnoses(doctorID,patientID,diagnosisID,name) values("90629","49880","8920","gables");
insert into diagnoses(doctorID,patientID,diagnosisID,name) values("88310","60162","7273","Elbe's");
insert into diagnoses(doctorID,patientID,diagnosisID,name) values("25627","10740","396","Gilligan");
insert into diagnoses(doctorID,patientID,diagnosisID,name) values("7250","99967","5690","feathered");
insert into diagnoses(doctorID,patientID,diagnosisID,name) values("31933","98019","784","Carib's");
insert into diagnoses(doctorID,patientID,diagnosisID,name) values("83014","29216","5058","stipulates");
insert into diagnoses(doctorID,patientID,diagnosisID,name) values("68732","42099","7313","Parkman");
insert into diagnoses(doctorID,patientID,diagnosisID,name) values("11224","4920","1215","Dracula");
insert into diagnoses(doctorID,patientID,diagnosisID,name) values("83014","45998","5712","blubber's");
insert into diagnoses(doctorID,patientID,diagnosisID,name) values("88310","27630","9171","concurs");
insert into diagnoses(doctorID,patientID,diagnosisID,name) values("55828","13971","8269","biracial");
insert into diagnoses(doctorID,patientID,diagnosisID,name) values("45367","29308","8813","subjugated");
insert into diagnoses(doctorID,patientID,diagnosisID,name) values("11224","99951","1445","inhalator");
insert into diagnoses(doctorID,patientID,diagnosisID,name) values("49873","42099","6983","bouquets");
insert into diagnoses(doctorID,patientID,diagnosisID,name) values("94617","78904","7459","taxiing");
insert into diagnoses(doctorID,patientID,diagnosisID,name) values("36602","42099","6143","applejack");
insert into diagnoses(doctorID,patientID,diagnosisID,name) values("67266","46934","3684","Banneker's");
insert into diagnoses(doctorID,patientID,diagnosisID,name) values("64491","55418","7089","taxiing");
insert into diagnoses(doctorID,patientID,diagnosisID,name) values("48889","99812","1433","doubtful");
insert into diagnoses(doctorID,patientID,diagnosisID,name) values("29731","95116","6759","Britons");
insert into diagnoses(doctorID,patientID,diagnosisID,name) values("92697","80631","4886","damask");
insert into diagnoses(doctorID,patientID,diagnosisID,name) values("14800","33635","1058","tarries");
insert into diagnoses(doctorID,patientID,diagnosisID,name) values("11450","76022","8613","applejack");
insert into diagnoses(doctorID,patientID,diagnosisID,name) values("66166","52146","3088","Gilligan");
insert into diagnoses(doctorID,patientID,diagnosisID,name) values("83512","51349","5831","convertible");
insert into diagnoses(doctorID,patientID,diagnosisID,name) values("94617","86342","1342","adverb");
insert into diagnoses(doctorID,patientID,diagnosisID,name) values("50848","29308","7958","batted");
insert into diagnoses(doctorID,patientID,diagnosisID,name) values("83014","98057","1762","forebear");
insert into diagnoses(doctorID,patientID,diagnosisID,name) values("56069","80631","1835","Churriguera");
insert into diagnoses(doctorID,patientID,diagnosisID,name) values("83512","66940","8560","fanfare");
insert into diagnoses(doctorID,patientID,diagnosisID,name) values("90641","64399","3079","redevelop");
insert into diagnoses(doctorID,patientID,diagnosisID,name) values("75586","5753","2771","Churriguera");
insert into diagnoses(doctorID,patientID,diagnosisID,name) values("77957","55600","8821","tarries");
insert into diagnoses(doctorID,patientID,diagnosisID,name) values("75796","64399","5400","show");
insert into diagnoses(doctorID,patientID,diagnosisID,name) values("21011","43219","2473","Manchuria's");
insert into diagnoses(doctorID,patientID,diagnosisID,name) values("82190","52146","1134","Banneker's");
insert into diagnoses(doctorID,patientID,diagnosisID,name) values("65063","82015","1287","blots");
insert into diagnoses(doctorID,patientID,diagnosisID,name) values("4273","4920","6893","biracial");
insert into diagnoses(doctorID,patientID,diagnosisID,name) values("13380","98057","1932","equates");
insert into diagnoses(doctorID,patientID,diagnosisID,name) values("79554","77565","7091","tarries");
insert into diagnoses(doctorID,patientID,diagnosisID,name) values("89706","42975","4041","Mandarin");
insert into diagnoses(doctorID,patientID,diagnosisID,name) values("70022","83863","6196","taxiing");
insert into diagnoses(doctorID,patientID,diagnosisID,name) values("4273","52146","1468","flamencos");
insert into diagnoses(doctorID,patientID,diagnosisID,name) values("69697","43219","3287","mamas");
insert into diagnoses(doctorID,patientID,diagnosisID,name) values("14800","76571","47","characterized");
insert into diagnoses(doctorID,patientID,diagnosisID,name) values("40970","44686","1997","Halliburton's");
insert into diagnoses(doctorID,patientID,diagnosisID,name) values("36602","19113","6587","scampers");
insert into diagnoses(doctorID,patientID,diagnosisID,name) values("56069","5753","3815","vacationer's");
insert into diagnoses(doctorID,patientID,diagnosisID,name) values("83014","95116","384","pawns");
insert into diagnoses(doctorID,patientID,diagnosisID,name) values("75586","82015","6813","meteoroids");
insert into diagnoses(doctorID,patientID,diagnosisID,name) values("90641","54318","209","Murray's");
insert into diagnoses(doctorID,patientID,diagnosisID,name) values("68732","14992","5315","iodine");
insert into diagnoses(doctorID,patientID,diagnosisID,name) values("82190","38821","2609","Gilligan");
insert into diagnoses(doctorID,patientID,diagnosisID,name) values("91895","4920","7908","perpetrating");
insert into diagnoses(doctorID,patientID,diagnosisID,name) values("63209","2411","4855","crosses");
insert into diagnoses(doctorID,patientID,diagnosisID,name) values("34402","1599","3006","ballast");
insert into diagnoses(doctorID,patientID,diagnosisID,name) values("56069","81208","2179","Parkman");
insert into diagnoses(doctorID,patientID,diagnosisID,name) values("88782","55597","6490","ballast");
insert into diagnoses(doctorID,patientID,diagnosisID,name) values("83512","60162","6750","obedience's");
insert into diagnoses(doctorID,patientID,diagnosisID,name) values("52335","64526","9844","pawl's");
insert into diagnoses(doctorID,patientID,diagnosisID,name) values("31933","81208","5509","wellspring's");
insert into diagnoses(doctorID,patientID,diagnosisID,name) values("34402","47565","3347","southeastward");
insert into diagnoses(doctorID,patientID,diagnosisID,name) values("94449","76022","949","surroundings");
insert into diagnoses(doctorID,patientID,diagnosisID,name) values("94449","10740","9575","blubber's");
insert into diagnoses(doctorID,patientID,diagnosisID,name) values("29731","54023","4996","damask");
insert into diagnoses(doctorID,patientID,diagnosisID,name) values("94617","66940","1786","Britons");
insert into diagnoses(doctorID,patientID,diagnosisID,name) values("29731","79688","9439","scampers");
insert into diagnoses(doctorID,patientID,diagnosisID,name) values("45367","33635","9878","consciences");
insert into diagnoses(doctorID,patientID,diagnosisID,name) values("89706","99951","1737","mobility");
insert into diagnoses(doctorID,patientID,diagnosisID,name) values("94617","29216","4842","Britons");
insert into diagnoses(doctorID,patientID,diagnosisID,name) values("49346","78904","5299","exact");
insert into diagnoses(doctorID,patientID,diagnosisID,name) values("79554","33635","7768","consciences");
insert into diagnoses(doctorID,patientID,diagnosisID,name) values("90641","54640","3013","Banneker's");
insert into diagnoses(doctorID,patientID,diagnosisID,name) values("97345","53588","4037","obedience's");
insert into diagnoses(doctorID,patientID,diagnosisID,name) values("70022","51349","3019","Banneker's");
insert into diagnoses(doctorID,patientID,diagnosisID,name) values("81414","19113","623","gables");
insert into diagnoses(doctorID,patientID,diagnosisID,name) values("83703","4920","2231","fiascoes");
insert into diagnoses(doctorID,patientID,diagnosisID,name) values("49346","12284","4052","consciences");
insert into diagnoses(doctorID,patientID,diagnosisID,name) values("68732","79688","4693","batted");
insert into diagnoses(doctorID,patientID,diagnosisID,name) values("63209","5978","3030","applejack");
insert into diagnoses(doctorID,patientID,diagnosisID,name) values("77957","82947","9072","biracial");
insert into diagnoses(doctorID,patientID,diagnosisID,name) values("29731","27630","9773","perpetrating");
insert into diagnoses(doctorID,patientID,diagnosisID,name) values("34402","13971","1780","stipulates");
insert into diagnoses(doctorID,patientID,diagnosisID,name) values("11224","97455","6677","southeastward");
insert into diagnoses(doctorID,patientID,diagnosisID,name) values("77957","81208","6546","Gilligan");
insert into diagnoses(doctorID,patientID,diagnosisID,name) values("92697","32978","1712","vacationer's");
insert into diagnoses(doctorID,patientID,diagnosisID,name) values("91895","46934","2863","fanfare");
insert into diagnoses(doctorID,patientID,diagnosisID,name) values("98639","10328","9037","Lowenbrau");
insert into diagnoses(doctorID,patientID,diagnosisID,name) values("89706","2411","6302","consciences");
insert into diagnoses(doctorID,patientID,diagnosisID,name) values("13380","9788","5716","boles");
insert into diagnoses(doctorID,patientID,diagnosisID,name) values("49346","60162","3940","blubber's");
insert into diagnoses(doctorID,patientID,diagnosisID,name) values("97345","14992","9773","Britons");
insert into diagnoses(doctorID,patientID,diagnosisID,name) values("66166","78904","1549","diffidence's");
insert into diagnoses(doctorID,patientID,diagnosisID,name) values("49346","46561","1381","Rick");
insert into diagnoses(doctorID,patientID,diagnosisID,name) values("14800","64399","4346","inhalator");
insert into diagnoses(doctorID,patientID,diagnosisID,name) values("92697","42957","3917","applejack");
insert into diagnoses(doctorID,patientID,diagnosisID,name) values("69085","92681","1462","Melanesian");
insert into diagnoses(doctorID,patientID,diagnosisID,name) values("88310","42099","2577","concurs");
insert into diagnoses(doctorID,patientID,diagnosisID,name) values("36602","4920","9772","stipulates");
insert into diagnoses(doctorID,patientID,diagnosisID,name) values("11224","30894","3353","sequesters");
insert into diagnoses(doctorID,patientID,diagnosisID,name) values("45367","48185","3897","Mandarin");
insert into diagnoses(doctorID,patientID,diagnosisID,name) values("83014","31421","8391","hopscotches");
insert into diagnoses(doctorID,patientID,diagnosisID,name) values("83512","5753","6622","equates");
insert into diagnoses(doctorID,patientID,diagnosisID,name) values("86026","2411","5840","Mandarin");
insert into diagnoses(doctorID,patientID,diagnosisID,name) values("83014","65498","3912","scampers");
insert into diagnoses(doctorID,patientID,diagnosisID,name) values("94449","77565","2836","exact");
insert into diagnoses(doctorID,patientID,diagnosisID,name) values("90641","4548","9773","diffidence's");
insert into diagnoses(doctorID,patientID,diagnosisID,name) values("90629","69641","2522","Keynesian");
insert into diagnoses(doctorID,patientID,diagnosisID,name) values("92697","69268","6952","flyleaf");
insert into diagnoses(doctorID,patientID,diagnosisID,name) values("97345","49880","7651","Manchuria's");
insert into diagnoses(doctorID,patientID,diagnosisID,name) values("98639","55600","1113","Lowenbrau");
insert into diagnoses(doctorID,patientID,diagnosisID,name) values("22473","99812","6847","redevelop");
insert into diagnoses(doctorID,patientID,diagnosisID,name) values("7250","46934","2295","batted");
insert into diagnoses(doctorID,patientID,diagnosisID,name) values("66966","83006","9957","ballast");
insert into diagnoses(doctorID,patientID,diagnosisID,name) values("4273","29308","3184","fallibly");
insert into diagnoses(doctorID,patientID,diagnosisID,name) values("52335","5942","8059","disbanded");
insert into diagnoses(doctorID,patientID,diagnosisID,name) values("79554","24643","2469","Gilligan");
insert into diagnoses(doctorID,patientID,diagnosisID,name) values("22473","10328","737","exact");
insert into diagnoses(doctorID,patientID,diagnosisID,name) values("90629","10328","4704","respectfully");
insert into diagnoses(doctorID,patientID,diagnosisID,name) values("63209","12559","2222","inured");
insert into diagnoses(doctorID,patientID,diagnosisID,name) values("83703","30894","3876","Britons");
insert into diagnoses(doctorID,patientID,diagnosisID,name) values("94449","25983","1082","ballplayers");
insert into diagnoses(doctorID,patientID,diagnosisID,name) values("7250","14992","519","surroundings");
insert into diagnoses(doctorID,patientID,diagnosisID,name) values("3439","43219","2016","sequesters");
insert into diagnoses(doctorID,patientID,diagnosisID,name) values("81414","198","4844","obedience's");
insert into diagnoses(doctorID,patientID,diagnosisID,name) values("91895","4548","9178","pawl's");
insert into diagnoses(doctorID,patientID,diagnosisID,name) values("89706","30336","1152","fanfare");
insert into diagnoses(doctorID,patientID,diagnosisID,name) values("3439","27847","6810","Rick");
insert into diagnoses(doctorID,patientID,diagnosisID,name) values("92697","19113","4812","oddness's");
insert into diagnoses(doctorID,patientID,diagnosisID,name) values("57793","82015","4303","Keynesian");
insert into diagnoses(doctorID,patientID,diagnosisID,name) values("50207","64399","2823","Elbe's");
insert into diagnoses(doctorID,patientID,diagnosisID,name) values("36602","89111","7685","inklings");
insert into diagnoses(doctorID,patientID,diagnosisID,name) values("32773","78766","5889","Parkman");
insert into diagnoses(doctorID,patientID,diagnosisID,name) values("79554","9931","4842","swirliest");
insert into diagnoses(doctorID,patientID,diagnosisID,name) values("75796","78766","5415","Mennonite's");
insert into diagnoses(doctorID,patientID,diagnosisID,name) values("79554","25646","4301","marinated");
insert into diagnoses(doctorID,patientID,diagnosisID,name) values("50848","75079","4210","Hayworth");
insert into diagnoses(doctorID,patientID,diagnosisID,name) values("69697","54318","1639","pawns");
insert into diagnoses(doctorID,patientID,diagnosisID,name) values("3439","5753","9091","adverb");
insert into diagnoses(doctorID,patientID,diagnosisID,name) values("50207","55597","9965","scampers");
insert into diagnoses(doctorID,patientID,diagnosisID,name) values("83014","43219","16","Churriguera");
insert into diagnoses(doctorID,patientID,diagnosisID,name) values("34402","9725","6930","Keynesian");
insert into diagnoses(doctorID,patientID,diagnosisID,name) values("45367","76022","6825","flyleaf");
insert into diagnoses(doctorID,patientID,diagnosisID,name) values("24909","42957","6618","perpetrating");
insert into diagnoses(doctorID,patientID,diagnosisID,name) values("14800","58363","2112","pretentiousness");
insert into diagnoses(doctorID,patientID,diagnosisID,name) values("63209","95116","9098","Carib's");
insert into diagnoses(doctorID,patientID,diagnosisID,name) values("40970","9788","5181","Keynesian");
insert into diagnoses(doctorID,patientID,diagnosisID,name) values("75586","31683","8380","marinated");
insert into diagnoses(doctorID,patientID,diagnosisID,name) values("24909","81661","4312","doubtful");
insert into diagnoses(doctorID,patientID,diagnosisID,name) values("81639","43219","8871","characterized");
insert into diagnoses(doctorID,patientID,diagnosisID,name) values("45367","1599","8306","concurs");
insert into diagnoses(doctorID,patientID,diagnosisID,name) values("55828","81661","3941","vacationer's");
insert into diagnoses(doctorID,patientID,diagnosisID,name) values("14800","42099","8919","inhalator");
insert into diagnoses(doctorID,patientID,diagnosisID,name) values("81414","69268","5771","commandeered");
insert into diagnoses(doctorID,patientID,diagnosisID,name) values("55828","71207","3882","Dracula");
insert into diagnoses(doctorID,patientID,diagnosisID,name) values("3439","55597","9224","oddness's");
insert into diagnoses(doctorID,patientID,diagnosisID,name) values("67266","64399","7612","adverb");
insert into diagnoses(doctorID,patientID,diagnosisID,name) values("79554","10328","4587","gables");
insert into diagnoses(doctorID,patientID,diagnosisID,name) values("91895","49880","8277","Candice's");
insert into diagnoses(doctorID,patientID,diagnosisID,name) values("77957","48185","34","Gilligan");
insert into diagnoses(doctorID,patientID,diagnosisID,name) values("82190","6520","4614","batted");
insert into diagnoses(doctorID,patientID,diagnosisID,name) values("52335","60162","5036","scampers");
insert into diagnoses(doctorID,patientID,diagnosisID,name) values("25627","76178","4829","scampers");
insert into diagnoses(doctorID,patientID,diagnosisID,name) values("88310","60162","3193","Mir");
insert into diagnoses(doctorID,patientID,diagnosisID,name) values("4273","4548","6654","Korean");
insert into AssignedTo(doctorID,patientID) values("66966","11");
insert into AssignedTo(doctorID,patientID) values("40970","198");
insert into AssignedTo(doctorID,patientID) values("29731","9931");
insert into AssignedTo(doctorID,patientID) values("31933","4849");
insert into AssignedTo(doctorID,patientID) values("32773","5753");
insert into AssignedTo(doctorID,patientID) values("3439","48185");
insert into AssignedTo(doctorID,patientID) values("40970","5978");
insert into AssignedTo(doctorID,patientID) values("4273","42099");
insert into AssignedTo(doctorID,patientID) values("4273","54318");
insert into AssignedTo(doctorID,patientID) values("4273","71207");
insert into AssignedTo(doctorID,patientID) values("4273","74351");
insert into AssignedTo(doctorID,patientID) values("4273","84031");
insert into AssignedTo(doctorID,patientID) values("4273","98162");
insert into AssignedTo(doctorID,patientID) values("48889","3836");
insert into AssignedTo(doctorID,patientID) values("49873","6520");
insert into AssignedTo(doctorID,patientID) values("66966","2094");
insert into AssignedTo(doctorID,patientID) values("67266","2094");
insert into AssignedTo(doctorID,patientID) values("7250","19113");
insert into AssignedTo(doctorID,patientID) values("7250","43219");
insert into AssignedTo(doctorID,patientID) values("7250","54640");
insert into AssignedTo(doctorID,patientID) values("7250","83006");
insert into AssignedTo(doctorID,patientID) values("7250","87581");
insert into AssignedTo(doctorID,patientID) values("79554","9725");
insert into AssignedTo(doctorID,patientID) values("82190","1599");
insert into AssignedTo(doctorID,patientID) values("83512","4920");
insert into AssignedTo(doctorID,patientID) values("83512","7562");
insert into AssignedTo(doctorID,patientID) values("83703","2411");
insert into AssignedTo(doctorID,patientID) values("83703","9725");
insert into AssignedTo(doctorID,patientID) values("86026","3836");
insert into AssignedTo(doctorID,patientID) values("89706","4920");
insert into AssignedTo(doctorID,patientID) values("91895","9931");
insert into AssignedTo(doctorID,patientID) values("97345","4548");
insert into AssignedTo(doctorID,patientID) values("11224","62862");
insert into AssignedTo(doctorID,patientID) values("13380","12909");
insert into AssignedTo(doctorID,patientID) values("13380","23589");
insert into AssignedTo(doctorID,patientID) values("14800","40975");
insert into AssignedTo(doctorID,patientID) values("14800","69990");
insert into AssignedTo(doctorID,patientID) values("14800","90290");
insert into AssignedTo(doctorID,patientID) values("21011","26388");
insert into AssignedTo(doctorID,patientID) values("21011","52146");
insert into AssignedTo(doctorID,patientID) values("21011","66707");
insert into AssignedTo(doctorID,patientID) values("21011","69268");
insert into AssignedTo(doctorID,patientID) values("21011","76096");
insert into AssignedTo(doctorID,patientID) values("21011","82113");
insert into AssignedTo(doctorID,patientID) values("21011","89111");
insert into AssignedTo(doctorID,patientID) values("22473","14062");
insert into AssignedTo(doctorID,patientID) values("22473","19113");
insert into AssignedTo(doctorID,patientID) values("24909","12284");
insert into AssignedTo(doctorID,patientID) values("24909","27847");
insert into AssignedTo(doctorID,patientID) values("24909","79089");
insert into AssignedTo(doctorID,patientID) values("25627","20293");
insert into AssignedTo(doctorID,patientID) values("25627","40975");
insert into AssignedTo(doctorID,patientID) values("25627","46934");
insert into AssignedTo(doctorID,patientID) values("25627","62862");
insert into AssignedTo(doctorID,patientID) values("25627","76571");
insert into AssignedTo(doctorID,patientID) values("29731","76958");
insert into AssignedTo(doctorID,patientID) values("31933","55597");
insert into AssignedTo(doctorID,patientID) values("31933","98162");
insert into AssignedTo(doctorID,patientID) values("32773","42099");
insert into AssignedTo(doctorID,patientID) values("34402","65674");
insert into AssignedTo(doctorID,patientID) values("34402","92681");
insert into AssignedTo(doctorID,patientID) values("36602","30332");
insert into AssignedTo(doctorID,patientID) values("36602","60162");
insert into AssignedTo(doctorID,patientID) values("36602","69641");
insert into AssignedTo(doctorID,patientID) values("36602","76096");
insert into AssignedTo(doctorID,patientID) values("36602","82835");
insert into AssignedTo(doctorID,patientID) values("36602","97838");
insert into AssignedTo(doctorID,patientID) values("40970","14062");
insert into AssignedTo(doctorID,patientID) values("40970","40657");
insert into AssignedTo(doctorID,patientID) values("40970","75600");
insert into AssignedTo(doctorID,patientID) values("40970","98550");
insert into AssignedTo(doctorID,patientID) values("75586","27230");
insert into AssignedTo(doctorID,patientID) values("75586","29588");
insert into AssignedTo(doctorID,patientID) values("65063","29308");
insert into AssignedTo(doctorID,patientID) values("81414","84031");
insert into AssignedTo(doctorID,patientID) values("94449","47090");
insert into AssignedTo(doctorID,patientID) values("98639","81661");
insert into AssignedTo(doctorID,patientID) values("81414","27230");
insert into AssignedTo(doctorID,patientID) values("81414","46066");
insert into AssignedTo(doctorID,patientID) values("94449","72327");
insert into AssignedTo(doctorID,patientID) values("56069","86342");
insert into AssignedTo(doctorID,patientID) values("83512","62862");
insert into AssignedTo(doctorID,patientID) values("50207","74971");
insert into AssignedTo(doctorID,patientID) values("48889","65498");
insert into AssignedTo(doctorID,patientID) values("50207","63652");
insert into AssignedTo(doctorID,patientID) values("56069","29588");
insert into AssignedTo(doctorID,patientID) values("70022","76022");
insert into AssignedTo(doctorID,patientID) values("79554","16877");
insert into AssignedTo(doctorID,patientID) values("83703","46934");
insert into AssignedTo(doctorID,patientID) values("67266","10740");
insert into AssignedTo(doctorID,patientID) values("69697","36969");
insert into AssignedTo(doctorID,patientID) values("75796","35111");
insert into AssignedTo(doctorID,patientID) values("83703","45338");
insert into AssignedTo(doctorID,patientID) values("57793","35111");
insert into AssignedTo(doctorID,patientID) values("86026","21822");
insert into AssignedTo(doctorID,patientID) values("45367","55600");
insert into AssignedTo(doctorID,patientID) values("75586","83863");
insert into AssignedTo(doctorID,patientID) values("83703","66940");
insert into AssignedTo(doctorID,patientID) values("83014","71126");
insert into AssignedTo(doctorID,patientID) values("94617","79688");
insert into AssignedTo(doctorID,patientID) values("48889","55597");
insert into AssignedTo(doctorID,patientID) values("88310","12909");
insert into AssignedTo(doctorID,patientID) values("83512","65498");
insert into AssignedTo(doctorID,patientID) values("55828","75600");
insert into AssignedTo(doctorID,patientID) values("98639","40657");
insert into AssignedTo(doctorID,patientID) values("65063","80907");
insert into AssignedTo(doctorID,patientID) values("97345","95116");
insert into AssignedTo(doctorID,patientID) values("90629","54318");
insert into AssignedTo(doctorID,patientID) values("55828","17235");
insert into AssignedTo(doctorID,patientID) values("91895","93944");
insert into AssignedTo(doctorID,patientID) values("75586","75092");
insert into AssignedTo(doctorID,patientID) values("63209","74919");
insert into AssignedTo(doctorID,patientID) values("88782","46561");
insert into AssignedTo(doctorID,patientID) values("75586","24884");
insert into AssignedTo(doctorID,patientID) values("55828","30332");
insert into AssignedTo(doctorID,patientID) values("52335","48754");
insert into AssignedTo(doctorID,patientID) values("66166","10328");
insert into AssignedTo(doctorID,patientID) values("55828","83863");
insert into AssignedTo(doctorID,patientID) values("56069","75951");
insert into AssignedTo(doctorID,patientID) values("92697","35111");
insert into AssignedTo(doctorID,patientID) values("94617","55600");
insert into AssignedTo(doctorID,patientID) values("91895","75079");
insert into AssignedTo(doctorID,patientID) values("82190","63652");
insert into AssignedTo(doctorID,patientID) values("83703","82947");
insert into AssignedTo(doctorID,patientID) values("77957","73098");
insert into AssignedTo(doctorID,patientID) values("90629","54023");
insert into AssignedTo(doctorID,patientID) values("63209","29308");
insert into AssignedTo(doctorID,patientID) values("45367","81208");
insert into AssignedTo(doctorID,patientID) values("83512","63652");
insert into AssignedTo(doctorID,patientID) values("97345","88750");
insert into AssignedTo(doctorID,patientID) values("86026","81661");
insert into AssignedTo(doctorID,patientID) values("50848","45338");
insert into AssignedTo(doctorID,patientID) values("77957","55600");
insert into AssignedTo(doctorID,patientID) values("48889","76096");
insert into AssignedTo(doctorID,patientID) values("83512","80227");
insert into AssignedTo(doctorID,patientID) values("94617","13971");
insert into AssignedTo(doctorID,patientID) values("50207","82835");
insert into AssignedTo(doctorID,patientID) values("88310","17235");
insert into AssignedTo(doctorID,patientID) values("55828","62260");
insert into AssignedTo(doctorID,patientID) values("90629","81661");
insert into AssignedTo(doctorID,patientID) values("45367","42975");
insert into AssignedTo(doctorID,patientID) values("67266","13971");
insert into AssignedTo(doctorID,patientID) values("48889","16877");
insert into AssignedTo(doctorID,patientID) values("79554","25988");
insert into AssignedTo(doctorID,patientID) values("49873","79021");
insert into AssignedTo(doctorID,patientID) values("94449","51108");
insert into AssignedTo(doctorID,patientID) values("92697","86240");
insert into AssignedTo(doctorID,patientID) values("94617","58811");
insert into AssignedTo(doctorID,patientID) values("94617","79021");
insert into AssignedTo(doctorID,patientID) values("90629","86923");
insert into AssignedTo(doctorID,patientID) values("83703","29588");
insert into AssignedTo(doctorID,patientID) values("49346","44686");
insert into AssignedTo(doctorID,patientID) values("67266","82015");
insert into AssignedTo(doctorID,patientID) values("65063","74351");
insert into AssignedTo(doctorID,patientID) values("70022","27630");
insert into AssignedTo(doctorID,patientID) values("52335","60420");
insert into AssignedTo(doctorID,patientID) values("66166","83863");
insert into AssignedTo(doctorID,patientID) values("50207","30789");
insert into AssignedTo(doctorID,patientID) values("57793","22841");
insert into AssignedTo(doctorID,patientID) values("94449","52146");
insert into AssignedTo(doctorID,patientID) values("70022","55600");
insert into AssignedTo(doctorID,patientID) values("82190","98550");
insert into AssignedTo(doctorID,patientID) values("88782","17235");
insert into AssignedTo(doctorID,patientID) values("45367","30332");
insert into AssignedTo(doctorID,patientID) values("79554","80907");
insert into AssignedTo(doctorID,patientID) values("66166","98620");
insert into AssignedTo(doctorID,patientID) values("94617","17235");
insert into AssignedTo(doctorID,patientID) values("69697","69641");
insert into AssignedTo(doctorID,patientID) values("45367","67758");
insert into AssignedTo(doctorID,patientID) values("77957","45946");
insert into AssignedTo(doctorID,patientID) values("66966","55034");
insert into AssignedTo(doctorID,patientID) values("75796","81661");
insert into AssignedTo(doctorID,patientID) values("98639","82015");
insert into AssignedTo(doctorID,patientID) values("83512","24884");
insert into AssignedTo(doctorID,patientID) values("49873","95629");
insert into AssignedTo(doctorID,patientID) values("50848","60420");
insert into AssignedTo(doctorID,patientID) values("67266","90290");
insert into AssignedTo(doctorID,patientID) values("91895","95629");
insert into AssignedTo(doctorID,patientID) values("50848","97455");
insert into AssignedTo(doctorID,patientID) values("79554","75600");
insert into AssignedTo(doctorID,patientID) values("97345","54803");
insert into AssignedTo(doctorID,patientID) values("88310","81208");
insert into AssignedTo(doctorID,patientID) values("75586","69990");
insert into AssignedTo(doctorID,patientID) values("50207","14992");
insert into AssignedTo(doctorID,patientID) values("68732","66707");
insert into AssignedTo(doctorID,patientID) values("86026","84031");
insert into AssignedTo(doctorID,patientID) values("49873","25988");
insert into AssignedTo(doctorID,patientID) values("88310","29588");
insert into AssignedTo(doctorID,patientID) values("55828","63652");
insert into AssignedTo(doctorID,patientID) values("70022","48177");
insert into AssignedTo(doctorID,patientID) values("94449","29986");
insert into AssignedTo(doctorID,patientID) values("50848","51108");
insert into AssignedTo(doctorID,patientID) values("92697","73098");
insert into AssignedTo(doctorID,patientID) values("83014","48177");
insert into AssignedTo(doctorID,patientID) values("49346","10328");
insert into AssignedTo(doctorID,patientID) values("50207","79731");
insert into AssignedTo(doctorID,patientID) values("66166","97838");
insert into AdmittingDoctor(employeeID) values("11224");
insert into AdmittingDoctor(employeeID) values("11450");
insert into AdmittingDoctor(employeeID) values("13380");
insert into AdmittingDoctor(employeeID) values("21011");
insert into AdmittingDoctor(employeeID) values("24909");
insert into AdmittingDoctor(employeeID) values("29731");
insert into AdmittingDoctor(employeeID) values("32773");
insert into AdmittingDoctor(employeeID) values("36602");
insert into AdmittingDoctor(employeeID) values("40970");
insert into AdmittingDoctor(employeeID) values("48889");
insert into AdmittingDoctor(employeeID) values("49873");
insert into AdmittingDoctor(employeeID) values("52335");
insert into AdmittingDoctor(employeeID) values("56069");
insert into AdmittingDoctor(employeeID) values("57793");
insert into AdmittingDoctor(employeeID) values("63209");
insert into AdmittingDoctor(employeeID) values("64491");
insert into AdmittingDoctor(employeeID) values("65063");
insert into AdmittingDoctor(employeeID) values("66166");
insert into AdmittingDoctor(employeeID) values("67266");
insert into AdmittingDoctor(employeeID) values("69085");
insert into AdmittingDoctor(employeeID) values("70022");
insert into AdmittingDoctor(employeeID) values("75586");
insert into AdmittingDoctor(employeeID) values("75796");
insert into AdmittingDoctor(employeeID) values("81414");
insert into AdmittingDoctor(employeeID) values("81639");
insert into AdmittingDoctor(employeeID) values("82190");
insert into AdmittingDoctor(employeeID) values("83703");
insert into AdmittingDoctor(employeeID) values("86026");
insert into AdmittingDoctor(employeeID) values("88310");
insert into AdmittingDoctor(employeeID) values("89706");
insert into AdmittingDoctor(employeeID) values("92697");
insert into AdmittingDoctor(employeeID) values("94449");
insert into AdmittingDoctor(employeeID) values("94617");
insert into AdmittingDoctor(employeeID) values("97345");
insert into Admits_temp(employeeID,patientID) values("81639","16877");
insert into Admits_temp(employeeID,patientID) values("13380","79731");
insert into Admits_temp(employeeID,patientID) values("49873","48177");
insert into Admits_temp(employeeID,patientID) values("75586","76022");
insert into Admits_temp(employeeID,patientID) values("66166","45946");
insert into Admits_temp(employeeID,patientID) values("82190","45338");
insert into Admits_temp(employeeID,patientID) values("29731","84031");
insert into Admits_temp(employeeID,patientID) values("21011","24884");
insert into Admits_temp(employeeID,patientID) values("75796","3836");
insert into Admits_temp(employeeID,patientID) values("11450","27630");
insert into Admits_temp(employeeID,patientID) values("67266","98550");
insert into Admits_temp(employeeID,patientID) values("67266","44686");
insert into Admits_temp(employeeID,patientID) values("70022","32397");
insert into Admits_temp(employeeID,patientID) values("81414","71207");
insert into Admits_temp(employeeID,patientID) values("57793","17235");
insert into Admits_temp(employeeID,patientID) values("81639","55597");
insert into Admits_temp(employeeID,patientID) values("75586","71126");
insert into Admits_temp(employeeID,patientID) values("97345","86342");
insert into Admits_temp(employeeID,patientID) values("70022","42975");
insert into Admits_temp(employeeID,patientID) values("65063","82835");
insert into Admits_temp(employeeID,patientID) values("94617","89228");
insert into Admits_temp(employeeID,patientID) values("88310","95629");
insert into Admits_temp(employeeID,patientID) values("97345","89228");
insert into Admits_temp(employeeID,patientID) values("49873","4920");
insert into Admits_temp(employeeID,patientID) values("21011","93475");
insert into Admits_temp(employeeID,patientID) values("49873","29588");
insert into Admits_temp(employeeID,patientID) values("48889","42099");
insert into Admits_temp(employeeID,patientID) values("86026","27230");
insert into Admits_temp(employeeID,patientID) values("83703","44686");
insert into Admits_temp(employeeID,patientID) values("70022","4849");
insert into Admits_temp(employeeID,patientID) values("92697","48177");
insert into Admits_temp(employeeID,patientID) values("52335","54318");
insert into Admits_temp(employeeID,patientID) values("48889","58811");
insert into Admits_temp(employeeID,patientID) values("29731","83006");
insert into Admits_temp(employeeID,patientID) values("56069","93299");
insert into Admits_temp(employeeID,patientID) values("69085","89228");
insert into Admits_temp(employeeID,patientID) values("69085","16877");
insert into Admits_temp(employeeID,patientID) values("92697","55418");
insert into Admits_temp(employeeID,patientID) values("83703","54023");
insert into Admits_temp(employeeID,patientID) values("11224","25983");
insert into Admits_temp(employeeID,patientID) values("29731","31683");
insert into Admits_temp(employeeID,patientID) values("88310","76571");
insert into Admits_temp(employeeID,patientID) values("81414","98057");
insert into Admits_temp(employeeID,patientID) values("32773","76958");
insert into Admits_temp(employeeID,patientID) values("52335","48177");
insert into Admits_temp(employeeID,patientID) values("11224","29216");
insert into Admits_temp(employeeID,patientID) values("56069","11961");
insert into Admits_temp(employeeID,patientID) values("11224","46066");
insert into Admits_temp(employeeID,patientID) values("69085","32112");
insert into Admits_temp(employeeID,patientID) values("29731","5753");
insert into Admits_temp(employeeID,patientID) values("88310","21822");
insert into Admits_temp(employeeID,patientID) values("83703","20002");
insert into Admits_temp(employeeID,patientID) values("40970","33635");
insert into Admits_temp(employeeID,patientID) values("29731","19113");
insert into Admits_temp(employeeID,patientID) values("75586","51349");
insert into Admits_temp(employeeID,patientID) values("52335","4548");
insert into Admits_temp(employeeID,patientID) values("89706","81279");
insert into Admits_temp(employeeID,patientID) values("70022","72327");
insert into Admits_temp(employeeID,patientID) values("69085","29986");
insert into Admits_temp(employeeID,patientID) values("83703","14062");
insert into Admits_temp(employeeID,patientID) values("49873","29986");
insert into Admits_temp(employeeID,patientID) values("11224","32397");
insert into Admits_temp(employeeID,patientID) values("56069","86342");
insert into Admits_temp(employeeID,patientID) values("75586","42099");
insert into Admits_temp(employeeID,patientID) values("75796","87581");
insert into Admits_temp(employeeID,patientID) values("11450","42099");
insert into Admits_temp(employeeID,patientID) values("49873","47090");
insert into Admits_temp(employeeID,patientID) values("56069","78766");
insert into Admits_temp(employeeID,patientID) values("11224","80907");
insert into Admits_temp(employeeID,patientID) values("57793","72327");
insert into Admits_temp(employeeID,patientID) values("89706","30336");
insert into Admits_temp(employeeID,patientID) values("24909","46066");
insert into Admits_temp(employeeID,patientID) values("86026","22723");
insert into Admits_temp(employeeID,patientID) values("32773","80872");
insert into Admits_temp(employeeID,patientID) values("86026","82947");
insert into Admits_temp(employeeID,patientID) values("86026","64399");
insert into Admits_temp(employeeID,patientID) values("88310","82015");
insert into Admits_temp(employeeID,patientID) values("81414","198");
insert into Admits_temp(employeeID,patientID) values("83703","54023");
insert into Admits_temp(employeeID,patientID) values("56069","48185");
insert into Admits_temp(employeeID,patientID) values("64491","75600");
insert into Admits_temp(employeeID,patientID) values("97345","75600");
insert into Admits_temp(employeeID,patientID) values("86026","71138");
insert into Admits_temp(employeeID,patientID) values("81639","79731");
insert into Admits_temp(employeeID,patientID) values("63209","82835");
insert into Admits_temp(employeeID,patientID) values("36602","80631");
insert into Admits_temp(employeeID,patientID) values("29731","11036");
insert into Admits_temp(employeeID,patientID) values("92697","98550");
insert into Admits_temp(employeeID,patientID) values("94449","80872");
insert into Admits_temp(employeeID,patientID) values("65063","10740");
insert into Admits_temp(employeeID,patientID) values("66166","54318");
insert into Admits_temp(employeeID,patientID) values("94617","65674");
insert into Admits_temp(employeeID,patientID) values("69085","4920");
insert into Admits_temp(employeeID,patientID) values("69085","46066");
insert into Admits_temp(employeeID,patientID) values("75796","16877");
insert into Admits_temp(employeeID,patientID) values("64491","10740");
insert into Admits_temp(employeeID,patientID) values("92697","2094");
insert into Admits_temp(employeeID,patientID) values("57793","45946");
insert into Admits_temp(employeeID,patientID) values("11224","198");
insert into Admits_temp(employeeID,patientID) values("64491","19113");
insert into Admits_temp(employeeID,patientID) values("13380","65674");
insert into Admits_temp(employeeID,patientID) values("75586","17235");
insert into Admits_temp(employeeID,patientID) values("82190","82015");
insert into Admits_temp(employeeID,patientID) values("24909","27847");
insert into Admits_temp(employeeID,patientID) values("69085","25983");
insert into Admits_temp(employeeID,patientID) values("29731","76178");
insert into Admits_temp(employeeID,patientID) values("11224","30336");
insert into Admits_temp(employeeID,patientID) values("11224","65674");
insert into Admits_temp(employeeID,patientID) values("65063","64526");
insert into Admits_temp(employeeID,patientID) values("21011","27847");
insert into Admits_temp(employeeID,patientID) values("56069","75951");
insert into Admits_temp(employeeID,patientID) values("63209","71138");
insert into Admits_temp(employeeID,patientID) values("92697","19113");
insert into Admits_temp(employeeID,patientID) values("24909","10740");
insert into Admits_temp(employeeID,patientID) values("29731","79089");
insert into Admits_temp(employeeID,patientID) values("94617","17235");
insert into Admits_temp(employeeID,patientID) values("75586","52146");
insert into Admits_temp(employeeID,patientID) values("94449","64399");
insert into Admits_temp(employeeID,patientID) values("69085","46066");
insert into Admits_temp(employeeID,patientID) values("29731","74919");
insert into Admits_temp(employeeID,patientID) values("94617","4548");
insert into Admits_temp(employeeID,patientID) values("92697","29216");
insert into Admits_temp(employeeID,patientID) values("11450","27847");
insert into Admits_temp(employeeID,patientID) values("75586","71138");
insert into Admits_temp(employeeID,patientID) values("88310","55418");
insert into Admits_temp(employeeID,patientID) values("81414","80227");
insert into Admits_temp(employeeID,patientID) values("94617","82947");
insert into Admits_temp(employeeID,patientID) values("13380","46934");
insert into Admits_temp(employeeID,patientID) values("56069","54318");
insert into Admits_temp(employeeID,patientID) values("63209","55418");
insert into Admits_temp(employeeID,patientID) values("66166","10740");
insert into Admits_temp(employeeID,patientID) values("83703","89228");
insert into Admits_temp(employeeID,patientID) values("69085","45998");
insert into Admits_temp(employeeID,patientID) values("63209","70180");
insert into Admits_temp(employeeID,patientID) values("32773","4920");
insert into Admits_temp(employeeID,patientID) values("49873","80631");
insert into Admits_temp(employeeID,patientID) values("83703","54318");
insert into Admits_temp(employeeID,patientID) values("94449","79688");
insert into Admits_temp(employeeID,patientID) values("29731","33635");
insert into Admits_temp(employeeID,patientID) values("29731","80227");
insert into Admits_temp(employeeID,patientID) values("63209","52146");
insert into Admits_temp(employeeID,patientID) values("67266","52146");
insert into Admits_temp(employeeID,patientID) values("40970","22814");
insert into Admits_temp(employeeID,patientID) values("94617","54399");
insert into Admits_temp(employeeID,patientID) values("11450","11036");
insert into Admits_temp(employeeID,patientID) values("92697","76571");
insert into Admits_temp(employeeID,patientID) values("48889","51785");
insert into Admits_temp(employeeID,patientID) values("64491","45338");
insert into Admits_temp(employeeID,patientID) values("21011","23589");
insert into Admits_temp(employeeID,patientID) values("97345","71207");
insert into Admits_temp(employeeID,patientID) values("83703","64526");
insert into Admits_temp(employeeID,patientID) values("94449","54399");
insert into Admits_temp(employeeID,patientID) values("75796","82015");
insert into Admits_temp(employeeID,patientID) values("57793","3836");
insert into Admits_temp(employeeID,patientID) values("92697","19113");
insert into Admits_temp(employeeID,patientID) values("92697","55597");
insert into Admits_temp(employeeID,patientID) values("52335","4849");
insert into Admits_temp(employeeID,patientID) values("29731","42099");
insert into Admits_temp(employeeID,patientID) values("49873","81279");
insert into Admits_temp(employeeID,patientID) values("86026","14062");
insert into Admits_temp(employeeID,patientID) values("40970","47565");
insert into Admits_temp(employeeID,patientID) values("69085","4548");
insert into Admits_temp(employeeID,patientID) values("21011","9788");
insert into Admits_temp(employeeID,patientID) values("11450","25983");
insert into Admits_temp(employeeID,patientID) values("49873","12909");
insert into Admits_temp(employeeID,patientID) values("83703","21475");
insert into Admits_temp(employeeID,patientID) values("86026","65674");
insert into Admits_temp(employeeID,patientID) values("88310","76022");
insert into Admits_temp(employeeID,patientID) values("86026","31683");
insert into Admits_temp(employeeID,patientID) values("29731","84031");
insert into Admits_temp(employeeID,patientID) values("82190","42975");
insert into Admits_temp(employeeID,patientID) values("56069","76571");
insert into Admits_temp(employeeID,patientID) values("36602","5437");
insert into Admits_temp(employeeID,patientID) values("89706","27230");
insert into Admits_temp(employeeID,patientID) values("81414","80907");
insert into Admits_temp(employeeID,patientID) values("66166","51349");
insert into Admits_temp(employeeID,patientID) values("92697","98057");
insert into Admits_temp(employeeID,patientID) values("92697","12909");
insert into Admits_temp(employeeID,patientID) values("94449","45338");
insert into Admits_temp(employeeID,patientID) values("75796","47565");
insert into Admits_temp(employeeID,patientID) values("40970","51349");
insert into Admits_temp(employeeID,patientID) values("49873","79089");
insert into Admits_temp(employeeID,patientID) values("13380","74971");
insert into Admits_temp(employeeID,patientID) values("88310","21475");
insert into Admits_temp(employeeID,patientID) values("11450","82150");
insert into Admits_temp(employeeID,patientID) values("29731","71126");
insert into Admits_temp(employeeID,patientID) values("83703","48185");
insert into Admits_temp(employeeID,patientID) values("81639","64526");
insert into Admits_temp(employeeID,patientID) values("94449","43219");
insert into Admits_temp(employeeID,patientID) values("82190","21475");
insert into Admits_temp(employeeID,patientID) values("69085","79688");
insert into Admits_temp(employeeID,patientID) values("75586","66707");
insert into Admits_temp(employeeID,patientID) values("32773","75951");
insert into Admits_temp(employeeID,patientID) values("67266","95629");
insert into Admits_temp(employeeID,patientID) values("13380","21822");
insert into Admits_temp(employeeID,patientID) values("56069","80907");
insert into Admits_temp(employeeID,patientID) values("75796","60420");
insert into Admits_temp(employeeID,patientID) values("66166","60420");
insert into Admits_temp(employeeID,patientID) values("57793","27847");
insert into Admits_temp(employeeID,patientID) values("36602","30789");
insert into Diagnoses(doctorID,patientID,diagnosisID,name) values("36602","30789","7925","obedience's");
insert into Diagnoses(doctorID,patientID,diagnosisID,name) values("57793","27847","9971","commandeered");
insert into Diagnoses(doctorID,patientID,diagnosisID,name) values("66166","60420","3129","flamencos");
insert into Diagnoses(doctorID,patientID,diagnosisID,name) values("75796","60420","7033","isthmuses");
insert into Diagnoses(doctorID,patientID,diagnosisID,name) values("56069","80907","7952","Dracula");
insert into Diagnoses(doctorID,patientID,diagnosisID,name) values("13380","21822","1658","Saarinen");
insert into Diagnoses(doctorID,patientID,diagnosisID,name) values("67266","95629","9965","sequesters");
insert into Diagnoses(doctorID,patientID,diagnosisID,name) values("32773","75951","343","learning's");
insert into Diagnoses(doctorID,patientID,diagnosisID,name) values("75586","66707","8606","hopscotches");
insert into Diagnoses(doctorID,patientID,diagnosisID,name) values("69085","79688","7932","consciences");
insert into Diagnoses(doctorID,patientID,diagnosisID,name) values("82190","21475","1530","concurs");
insert into Diagnoses(doctorID,patientID,diagnosisID,name) values("94449","43219","2257","isthmuses");
insert into Diagnoses(doctorID,patientID,diagnosisID,name) values("81639","64526","2730","oddness's");
insert into Diagnoses(doctorID,patientID,diagnosisID,name) values("83703","48185","7780","blots");
insert into Diagnoses(doctorID,patientID,diagnosisID,name) values("29731","71126","5210","consciences");
insert into Diagnoses(doctorID,patientID,diagnosisID,name) values("11450","82150","1664","Banneker's");
insert into Diagnoses(doctorID,patientID,diagnosisID,name) values("88310","21475","1343","respectfully");
insert into Diagnoses(doctorID,patientID,diagnosisID,name) values("13380","74971","6923","Dracula");
insert into Diagnoses(doctorID,patientID,diagnosisID,name) values("49873","79089","13","taxiing");
insert into Diagnoses(doctorID,patientID,diagnosisID,name) values("40970","51349","5400","Banneker's");
insert into Diagnoses(doctorID,patientID,diagnosisID,name) values("75796","47565","3092","Elbe's");
insert into Diagnoses(doctorID,patientID,diagnosisID,name) values("94449","45338","7946","blots");
insert into Diagnoses(doctorID,patientID,diagnosisID,name) values("92697","12909","2820","athlete");
insert into Diagnoses(doctorID,patientID,diagnosisID,name) values("92697","98057","5557","ballplayers");
insert into Diagnoses(doctorID,patientID,diagnosisID,name) values("66166","51349","4822","consciences");
insert into Diagnoses(doctorID,patientID,diagnosisID,name) values("81414","80907","5990","Mennonite's");
insert into Diagnoses(doctorID,patientID,diagnosisID,name) values("89706","27230","7328","doubtful");
insert into Diagnoses(doctorID,patientID,diagnosisID,name) values("36602","5437","1340","swirliest");
insert into Diagnoses(doctorID,patientID,diagnosisID,name) values("56069","76571","7332","Elbe's");
insert into Diagnoses(doctorID,patientID,diagnosisID,name) values("82190","42975","2837","convertible");
insert into Diagnoses(doctorID,patientID,diagnosisID,name) values("29731","84031","8118","subjugated");
insert into Diagnoses(doctorID,patientID,diagnosisID,name) values("86026","31683","6739","swirliest");
insert into Diagnoses(doctorID,patientID,diagnosisID,name) values("88310","76022","4070","blubber's");
insert into Diagnoses(doctorID,patientID,diagnosisID,name) values("86026","65674","2447","Melanesian");
insert into Diagnoses(doctorID,patientID,diagnosisID,name) values("83703","21475","1938","blubber's");
insert into Diagnoses(doctorID,patientID,diagnosisID,name) values("49873","12909","5327","applejack");
insert into Diagnoses(doctorID,patientID,diagnosisID,name) values("11450","25983","9944","misdirect");
insert into Diagnoses(doctorID,patientID,diagnosisID,name) values("21011","9788","5620","learning's");
insert into Diagnoses(doctorID,patientID,diagnosisID,name) values("69085","4548","4577","damask");
insert into Diagnoses(doctorID,patientID,diagnosisID,name) values("40970","47565","225","gables");
insert into Diagnoses(doctorID,patientID,diagnosisID,name) values("86026","14062","2023","vacationer's");
insert into Diagnoses(doctorID,patientID,diagnosisID,name) values("49873","81279","4240","Mennonite's");
insert into Diagnoses(doctorID,patientID,diagnosisID,name) values("29731","42099","5870","equates");
insert into Diagnoses(doctorID,patientID,diagnosisID,name) values("52335","4849","7494","blots");
insert into Diagnoses(doctorID,patientID,diagnosisID,name) values("92697","55597","2121","Saarinen");
insert into Diagnoses(doctorID,patientID,diagnosisID,name) values("92697","19113","9851","flyleaf");
insert into Diagnoses(doctorID,patientID,diagnosisID,name) values("57793","3836","7108","covenants");
insert into Diagnoses(doctorID,patientID,diagnosisID,name) values("75796","82015","5911","Mennonite's");
insert into Diagnoses(doctorID,patientID,diagnosisID,name) values("94449","54399","8453","Carib's");
insert into Diagnoses(doctorID,patientID,diagnosisID,name) values("83703","64526","7328","diffidence's");
insert into Diagnoses(doctorID,patientID,diagnosisID,name) values("97345","71207","7363","southeastward");
insert into Diagnoses(doctorID,patientID,diagnosisID,name) values("21011","23589","8345","iodine");
insert into Diagnoses(doctorID,patientID,diagnosisID,name) values("64491","45338","6021","plaza's");
insert into Diagnoses(doctorID,patientID,diagnosisID,name) values("48889","51785","1469","Elbe's");
insert into Diagnoses(doctorID,patientID,diagnosisID,name) values("92697","76571","7077","bouquets");
insert into Diagnoses(doctorID,patientID,diagnosisID,name) values("11450","11036","3742","misdirect");
insert into Diagnoses(doctorID,patientID,diagnosisID,name) values("94617","54399","4804","pretentiousness");
insert into Diagnoses(doctorID,patientID,diagnosisID,name) values("40970","22814","8580","tarries");
insert into Diagnoses(doctorID,patientID,diagnosisID,name) values("67266","52146","5664","fanfare");
insert into Diagnoses(doctorID,patientID,diagnosisID,name) values("63209","52146","2944","misdirect");
insert into Diagnoses(doctorID,patientID,diagnosisID,name) values("29731","80227","3546","fiascoes");
insert into Diagnoses(doctorID,patientID,diagnosisID,name) values("29731","33635","9575","inklings");
insert into Diagnoses(doctorID,patientID,diagnosisID,name) values("94449","79688","1315","convertible");
insert into Diagnoses(doctorID,patientID,diagnosisID,name) values("83703","54318","1610","biracial");
insert into Diagnoses(doctorID,patientID,diagnosisID,name) values("49873","80631","6311","swirliest");
insert into Diagnoses(doctorID,patientID,diagnosisID,name) values("32773","4920","9550","hopscotches");
insert into Diagnoses(doctorID,patientID,diagnosisID,name) values("63209","70180","589","obedience's");
insert into Diagnoses(doctorID,patientID,diagnosisID,name) values("69085","45998","4433","Saarinen");
insert into Diagnoses(doctorID,patientID,diagnosisID,name) values("83703","89228","1820","tarries");
insert into Diagnoses(doctorID,patientID,diagnosisID,name) values("66166","10740","7267","Rick");
insert into Diagnoses(doctorID,patientID,diagnosisID,name) values("63209","55418","6868","marinated");
insert into Diagnoses(doctorID,patientID,diagnosisID,name) values("56069","54318","4364","axe");
insert into Diagnoses(doctorID,patientID,diagnosisID,name) values("13380","46934","1906","meteoroids");
insert into Diagnoses(doctorID,patientID,diagnosisID,name) values("94617","82947","6192","Mandarin");
insert into Diagnoses(doctorID,patientID,diagnosisID,name) values("81414","80227","4759","pretentiousness");
insert into Diagnoses(doctorID,patientID,diagnosisID,name) values("88310","55418","7721","plaza's");
insert into Diagnoses(doctorID,patientID,diagnosisID,name) values("75586","71138","4897","commandeered");
insert into Diagnoses(doctorID,patientID,diagnosisID,name) values("11450","27847","5866","crosses");
insert into Diagnoses(doctorID,patientID,diagnosisID,name) values("92697","29216","7866","Gilligan");
insert into Diagnoses(doctorID,patientID,diagnosisID,name) values("94617","4548","6354","boles");
insert into Diagnoses(doctorID,patientID,diagnosisID,name) values("29731","74919","1669","fiancée");
insert into Diagnoses(doctorID,patientID,diagnosisID,name) values("69085","46066","8336","blubber's");
insert into Diagnoses(doctorID,patientID,diagnosisID,name) values("94449","64399","5591","pawns");
insert into Diagnoses(doctorID,patientID,diagnosisID,name) values("75586","52146","4546","Osvaldo");
insert into Diagnoses(doctorID,patientID,diagnosisID,name) values("94617","17235","3621","Melanesian");
insert into Diagnoses(doctorID,patientID,diagnosisID,name) values("29731","79089","5763","Elbe's");
insert into Diagnoses(doctorID,patientID,diagnosisID,name) values("24909","10740","5919","crosses");
insert into Diagnoses(doctorID,patientID,diagnosisID,name) values("92697","19113","3463","Churriguera");
insert into Diagnoses(doctorID,patientID,diagnosisID,name) values("63209","71138","4481","Murray's");
insert into Diagnoses(doctorID,patientID,diagnosisID,name) values("56069","75951","5426","pretentiousness");
insert into Diagnoses(doctorID,patientID,diagnosisID,name) values("21011","27847","4824","equates");
insert into Diagnoses(doctorID,patientID,diagnosisID,name) values("65063","64526","4532","Melanesian");
insert into Diagnoses(doctorID,patientID,diagnosisID,name) values("11224","65674","1412","crosses");
insert into Diagnoses(doctorID,patientID,diagnosisID,name) values("11224","30336","2546","subjugated");
insert into Diagnoses(doctorID,patientID,diagnosisID,name) values("29731","76178","960","plaza's");
insert into Diagnoses(doctorID,patientID,diagnosisID,name) values("69085","25983","8997","fiancée");
insert into Diagnoses(doctorID,patientID,diagnosisID,name) values("24909","27847","2975","scampers");
insert into Diagnoses(doctorID,patientID,diagnosisID,name) values("82190","82015","9382","axe");
insert into Diagnoses(doctorID,patientID,diagnosisID,name) values("75586","17235","9296","Gilligan");
insert into Diagnoses(doctorID,patientID,diagnosisID,name) values("13380","65674","8778","inklings");
insert into Diagnoses(doctorID,patientID,diagnosisID,name) values("64491","19113","1800","plaza's");
insert into Diagnoses(doctorID,patientID,diagnosisID,name) values("11224","198","7773","Osvaldo");
insert into Diagnoses(doctorID,patientID,diagnosisID,name) values("57793","45946","546","iodine");
insert into Diagnoses(doctorID,patientID,diagnosisID,name) values("92697","2094","7130","vacationer's");
insert into Diagnoses(doctorID,patientID,diagnosisID,name) values("64491","10740","6035","commandeered");
insert into Diagnoses(doctorID,patientID,diagnosisID,name) values("75796","16877","1310","bouquets");
insert into Diagnoses(doctorID,patientID,diagnosisID,name) values("69085","46066","1372","covenants");
insert into Diagnoses(doctorID,patientID,diagnosisID,name) values("69085","4920","4076","Orion's");
insert into Diagnoses(doctorID,patientID,diagnosisID,name) values("94617","65674","8687","iodine");
insert into Diagnoses(doctorID,patientID,diagnosisID,name) values("66166","54318","9930","pawns");
insert into Diagnoses(doctorID,patientID,diagnosisID,name) values("65063","10740","8751","feathered");
insert into Diagnoses(doctorID,patientID,diagnosisID,name) values("94449","80872","724","applejack");
insert into Diagnoses(doctorID,patientID,diagnosisID,name) values("92697","98550","8709","scampers");
insert into Diagnoses(doctorID,patientID,diagnosisID,name) values("29731","11036","6795","batted");
insert into Diagnoses(doctorID,patientID,diagnosisID,name) values("36602","80631","9400","Melanesian");
insert into Diagnoses(doctorID,patientID,diagnosisID,name) values("63209","82835","5919","exaggerating");
insert into Diagnoses(doctorID,patientID,diagnosisID,name) values("81639","79731","8010","tarries");
insert into Diagnoses(doctorID,patientID,diagnosisID,name) values("86026","71138","1925","exclamatory");
insert into Diagnoses(doctorID,patientID,diagnosisID,name) values("97345","75600","5194","feathered");
insert into Diagnoses(doctorID,patientID,diagnosisID,name) values("64491","75600","450","Mir");
insert into Diagnoses(doctorID,patientID,diagnosisID,name) values("56069","48185","6076","iodine");
insert into Diagnoses(doctorID,patientID,diagnosisID,name) values("83703","54023","7296","plaza's");
insert into Diagnoses(doctorID,patientID,diagnosisID,name) values("81414","198","6136","marinated");
insert into Diagnoses(doctorID,patientID,diagnosisID,name) values("88310","82015","2910","exaggerating");
insert into Diagnoses(doctorID,patientID,diagnosisID,name) values("86026","64399","7716","Manchuria's");
insert into Diagnoses(doctorID,patientID,diagnosisID,name) values("86026","82947","8414","exclamatory");
insert into Diagnoses(doctorID,patientID,diagnosisID,name) values("32773","80872","1508","Mandarin");
insert into Diagnoses(doctorID,patientID,diagnosisID,name) values("86026","22723","2648","athlete");
insert into Diagnoses(doctorID,patientID,diagnosisID,name) values("24909","46066","5225","taxiing");
insert into Diagnoses(doctorID,patientID,diagnosisID,name) values("89706","30336","8966","Gilligan");
insert into Diagnoses(doctorID,patientID,diagnosisID,name) values("57793","72327","4020","misdirect");
insert into Diagnoses(doctorID,patientID,diagnosisID,name) values("11224","80907","9863","feathered");
insert into Diagnoses(doctorID,patientID,diagnosisID,name) values("56069","78766","4401","pretentiousness");
insert into Diagnoses(doctorID,patientID,diagnosisID,name) values("49873","47090","43","flamencos");
insert into Diagnoses(doctorID,patientID,diagnosisID,name) values("11450","42099","1434","characterized");
insert into Diagnoses(doctorID,patientID,diagnosisID,name) values("75796","87581","1151","Mandarin");
insert into Diagnoses(doctorID,patientID,diagnosisID,name) values("75586","42099","4936","Murray's");
insert into Diagnoses(doctorID,patientID,diagnosisID,name) values("56069","86342","3585","forebear");
insert into Diagnoses(doctorID,patientID,diagnosisID,name) values("11224","32397","1056","misdirect");
insert into Diagnoses(doctorID,patientID,diagnosisID,name) values("49873","29986","3720","taxiing");
insert into Diagnoses(doctorID,patientID,diagnosisID,name) values("83703","14062","2540","Mir");
insert into Diagnoses(doctorID,patientID,diagnosisID,name) values("69085","29986","1947","fiascoes");
insert into Diagnoses(doctorID,patientID,diagnosisID,name) values("70022","72327","8754","Candice's");
insert into Diagnoses(doctorID,patientID,diagnosisID,name) values("89706","81279","3759","mamas");
insert into Diagnoses(doctorID,patientID,diagnosisID,name) values("52335","4548","6561","misdirect");
insert into Diagnoses(doctorID,patientID,diagnosisID,name) values("75586","51349","4883","inured");
insert into Diagnoses(doctorID,patientID,diagnosisID,name) values("29731","19113","792","mobility");
insert into Diagnoses(doctorID,patientID,diagnosisID,name) values("40970","33635","5939","hopscotches");
insert into Diagnoses(doctorID,patientID,diagnosisID,name) values("83703","20002","6560","Mennonite's");
insert into Diagnoses(doctorID,patientID,diagnosisID,name) values("88310","21822","7780","Saarinen");
insert into Diagnoses(doctorID,patientID,diagnosisID,name) values("29731","5753","3534","Mbini's");
insert into Diagnoses(doctorID,patientID,diagnosisID,name) values("69085","32112","8877","Gilligan");
insert into Diagnoses(doctorID,patientID,diagnosisID,name) values("11224","46066","7924","ultimate");
insert into Diagnoses(doctorID,patientID,diagnosisID,name) values("56069","11961","6106","feathered");
insert into Diagnoses(doctorID,patientID,diagnosisID,name) values("11224","29216","8428","perpetrating");
insert into Diagnoses(doctorID,patientID,diagnosisID,name) values("52335","48177","7353","scoutmaster");
insert into Diagnoses(doctorID,patientID,diagnosisID,name) values("32773","76958","4617","exclamatory");
insert into Diagnoses(doctorID,patientID,diagnosisID,name) values("81414","98057","2483","commandeered");
insert into Diagnoses(doctorID,patientID,diagnosisID,name) values("88310","76571","8191","Melanesian");
insert into Diagnoses(doctorID,patientID,diagnosisID,name) values("29731","31683","8119","fanfare");
insert into Diagnoses(doctorID,patientID,diagnosisID,name) values("11224","25983","7296","forebear");
insert into Diagnoses(doctorID,patientID,diagnosisID,name) values("83703","54023","1389","Melanesian");
insert into Diagnoses(doctorID,patientID,diagnosisID,name) values("92697","55418","6903","forebear");
insert into Diagnoses(doctorID,patientID,diagnosisID,name) values("69085","16877","6628","commandeered");
insert into Diagnoses(doctorID,patientID,diagnosisID,name) values("69085","89228","7245","fanfare");
insert into Diagnoses(doctorID,patientID,diagnosisID,name) values("56069","93299","3881","gables");
insert into Diagnoses(doctorID,patientID,diagnosisID,name) values("29731","83006","7835","gables");
insert into Diagnoses(doctorID,patientID,diagnosisID,name) values("48889","58811","6096","Mennonite's");
insert into Diagnoses(doctorID,patientID,diagnosisID,name) values("52335","54318","8205","pawns");
insert into Diagnoses(doctorID,patientID,diagnosisID,name) values("92697","48177","7543","Giauque's");
insert into Diagnoses(doctorID,patientID,diagnosisID,name) values("70022","4849","9263","athlete");
insert into Diagnoses(doctorID,patientID,diagnosisID,name) values("83703","44686","4457","Parkman");
insert into Diagnoses(doctorID,patientID,diagnosisID,name) values("86026","27230","8656","commandeered");
insert into Diagnoses(doctorID,patientID,diagnosisID,name) values("48889","42099","1645","Orion's");
insert into Diagnoses(doctorID,patientID,diagnosisID,name) values("49873","29588","2792","iodine");
insert into Diagnoses(doctorID,patientID,diagnosisID,name) values("21011","93475","1014","inklings");
insert into Diagnoses(doctorID,patientID,diagnosisID,name) values("49873","4920","3297","Churriguera");
insert into Diagnoses(doctorID,patientID,diagnosisID,name) values("97345","89228","1298","Mir");
insert into Diagnoses(doctorID,patientID,diagnosisID,name) values("88310","95629","5868","isthmuses");
insert into Diagnoses(doctorID,patientID,diagnosisID,name) values("94617","89228","3756","equates");
insert into Diagnoses(doctorID,patientID,diagnosisID,name) values("65063","82835","566","Murray's");
insert into Diagnoses(doctorID,patientID,diagnosisID,name) values("70022","42975","1849","forebear");
insert into Diagnoses(doctorID,patientID,diagnosisID,name) values("97345","86342","618","tarries");
insert into Diagnoses(doctorID,patientID,diagnosisID,name) values("75586","71126","4274","gables");
insert into Diagnoses(doctorID,patientID,diagnosisID,name) values("81639","55597","4879","Saarinen");
insert into Diagnoses(doctorID,patientID,diagnosisID,name) values("57793","17235","8737","hopscotches");
insert into Diagnoses(doctorID,patientID,diagnosisID,name) values("81414","71207","7546","taxiing");
insert into Diagnoses(doctorID,patientID,diagnosisID,name) values("70022","32397","3182","southeastward");
insert into Diagnoses(doctorID,patientID,diagnosisID,name) values("67266","44686","4682","Mennonite's");
insert into Diagnoses(doctorID,patientID,diagnosisID,name) values("67266","98550","6053","Hayworth");
insert into Diagnoses(doctorID,patientID,diagnosisID,name) values("11450","27630","8634","mobility");
insert into Diagnoses(doctorID,patientID,diagnosisID,name) values("75796","3836","7269","damask");
insert into Diagnoses(doctorID,patientID,diagnosisID,name) values("21011","24884","9398","Saarinen");
insert into Diagnoses(doctorID,patientID,diagnosisID,name) values("29731","84031","6439","exact");
insert into Diagnoses(doctorID,patientID,diagnosisID,name) values("82190","45338","9575","respectfully");
insert into Diagnoses(doctorID,patientID,diagnosisID,name) values("66166","45946","2435","biracial");
insert into Diagnoses(doctorID,patientID,diagnosisID,name) values("75586","76022","9610","Mbini's");
insert into Diagnoses(doctorID,patientID,diagnosisID,name) values("49873","48177","348","pawl's");
insert into Diagnoses(doctorID,patientID,diagnosisID,name) values("13380","79731","6966","damask");
insert into Diagnoses(doctorID,patientID,diagnosisID,name) values("81639","16877","3307","batted");
insert into Admits(employeeID,patientID,diagnosisID,timeAdmitted) values("36602","30789","7925","2015-11-08T08:35:46.000Z");
insert into Admits(employeeID,patientID,diagnosisID,timeAdmitted) values("57793","27847","9971","2016-08-14T21:31:06.000Z");
insert into Admits(employeeID,patientID,diagnosisID,timeAdmitted) values("66166","60420","3129","2015-08-01T09:06:49.000Z");
insert into Admits(employeeID,patientID,diagnosisID,timeAdmitted) values("75796","60420","7033","2016-11-26T11:01:57.000Z");
insert into Admits(employeeID,patientID,diagnosisID,timeAdmitted) values("56069","80907","7952","2015-07-22T05:37:25.000Z");
insert into Admits(employeeID,patientID,diagnosisID,timeAdmitted) values("13380","21822","1658","2016-10-01T02:57:46.000Z");
insert into Admits(employeeID,patientID,diagnosisID,timeAdmitted) values("67266","95629","9965","2014-01-17T10:31:02.000Z");
insert into Admits(employeeID,patientID,diagnosisID,timeAdmitted) values("32773","75951","343","2014-01-12T17:39:30.000Z");
insert into Admits(employeeID,patientID,diagnosisID,timeAdmitted) values("75586","66707","8606","2015-07-20T22:41:22.000Z");
insert into Admits(employeeID,patientID,diagnosisID,timeAdmitted) values("69085","79688","7932","2015-04-08T02:07:10.000Z");
insert into Admits(employeeID,patientID,diagnosisID,timeAdmitted) values("82190","21475","1530","2016-10-04T08:33:20.000Z");
insert into Admits(employeeID,patientID,diagnosisID,timeAdmitted) values("94449","43219","2257","2015-05-17T02:26:20.000Z");
insert into Admits(employeeID,patientID,diagnosisID,timeAdmitted) values("81639","64526","2730","2015-12-09T14:14:12.000Z");
insert into Admits(employeeID,patientID,diagnosisID,timeAdmitted) values("83703","48185","7780","2015-06-15T18:35:07.000Z");
insert into Admits(employeeID,patientID,diagnosisID,timeAdmitted) values("29731","71126","5210","2014-01-27T20:06:02.000Z");
insert into Admits(employeeID,patientID,diagnosisID,timeAdmitted) values("11450","82150","1664","2015-10-03T06:22:42.000Z");
insert into Admits(employeeID,patientID,diagnosisID,timeAdmitted) values("88310","21475","1343","2016-12-28T01:11:19.000Z");
insert into Admits(employeeID,patientID,diagnosisID,timeAdmitted) values("13380","74971","6923","2015-05-11T23:30:59.000Z");
insert into Admits(employeeID,patientID,diagnosisID,timeAdmitted) values("49873","79089","13","2014-01-17T00:20:31.000Z");
insert into Admits(employeeID,patientID,diagnosisID,timeAdmitted) values("40970","51349","5400","2016-05-09T19:29:50.000Z");
insert into Admits(employeeID,patientID,diagnosisID,timeAdmitted) values("75796","47565","3092","2016-07-04T21:45:26.000Z");
insert into Admits(employeeID,patientID,diagnosisID,timeAdmitted) values("94449","45338","7946","2015-12-04T12:33:46.000Z");
insert into Admits(employeeID,patientID,diagnosisID,timeAdmitted) values("92697","12909","2820","2015-06-27T23:40:34.000Z");
insert into Admits(employeeID,patientID,diagnosisID,timeAdmitted) values("92697","98057","5557","2016-03-16T06:34:55.000Z");
insert into Admits(employeeID,patientID,diagnosisID,timeAdmitted) values("66166","51349","4822","2016-11-01T04:10:50.000Z");
insert into Admits(employeeID,patientID,diagnosisID,timeAdmitted) values("81414","80907","5990","2016-09-23T21:42:59.000Z");
insert into Admits(employeeID,patientID,diagnosisID,timeAdmitted) values("89706","27230","7328","2015-11-17T13:31:07.000Z");
insert into Admits(employeeID,patientID,diagnosisID,timeAdmitted) values("36602","5437","1340","2015-07-16T22:04:47.000Z");
insert into Admits(employeeID,patientID,diagnosisID,timeAdmitted) values("56069","76571","7332","2014-01-24T07:54:54.000Z");
insert into Admits(employeeID,patientID,diagnosisID,timeAdmitted) values("82190","42975","2837","2016-05-20T00:10:47.000Z");
insert into Admits(employeeID,patientID,diagnosisID,timeAdmitted) values("29731","84031","8118","2016-11-27T17:19:07.000Z");
insert into Admits(employeeID,patientID,diagnosisID,timeAdmitted) values("86026","31683","6739","2014-01-19T18:16:45.000Z");
insert into Admits(employeeID,patientID,diagnosisID,timeAdmitted) values("88310","76022","4070","2015-05-31T05:54:30.000Z");
insert into Admits(employeeID,patientID,diagnosisID,timeAdmitted) values("86026","65674","2447","2015-04-21T10:02:29.000Z");
insert into Admits(employeeID,patientID,diagnosisID,timeAdmitted) values("83703","21475","1938","2016-12-28T05:44:57.000Z");
insert into Admits(employeeID,patientID,diagnosisID,timeAdmitted) values("49873","12909","5327","2016-08-16T12:37:35.000Z");
insert into Admits(employeeID,patientID,diagnosisID,timeAdmitted) values("11450","25983","9944","2014-01-21T00:30:11.000Z");
insert into Admits(employeeID,patientID,diagnosisID,timeAdmitted) values("21011","9788","5620","2016-01-20T11:14:01.000Z");
insert into Admits(employeeID,patientID,diagnosisID,timeAdmitted) values("69085","4548","4577","2015-04-13T18:54:08.000Z");
insert into Admits(employeeID,patientID,diagnosisID,timeAdmitted) values("40970","47565","225","2016-10-25T13:58:38.000Z");
insert into Admits(employeeID,patientID,diagnosisID,timeAdmitted) values("86026","14062","2023","2014-01-12T18:38:14.000Z");
insert into Admits(employeeID,patientID,diagnosisID,timeAdmitted) values("49873","81279","4240","2016-04-23T06:30:40.000Z");
insert into Admits(employeeID,patientID,diagnosisID,timeAdmitted) values("29731","42099","5870","2014-01-12T02:35:05.000Z");
insert into Admits(employeeID,patientID,diagnosisID,timeAdmitted) values("52335","4849","7494","2015-02-28T04:06:26.000Z");
insert into Admits(employeeID,patientID,diagnosisID,timeAdmitted) values("92697","55597","2121","2014-01-14T22:53:10.000Z");
insert into Admits(employeeID,patientID,diagnosisID,timeAdmitted) values("92697","19113","9851","2016-06-03T02:54:19.000Z");
insert into Admits(employeeID,patientID,diagnosisID,timeAdmitted) values("57793","3836","7108","2015-11-05T06:05:36.000Z");
insert into Admits(employeeID,patientID,diagnosisID,timeAdmitted) values("75796","82015","5911","2016-01-20T18:24:23.000Z");
insert into Admits(employeeID,patientID,diagnosisID,timeAdmitted) values("94449","54399","8453","2014-01-16T09:21:44.000Z");
insert into Admits(employeeID,patientID,diagnosisID,timeAdmitted) values("83703","64526","7328","2016-12-27T12:11:53.000Z");
insert into Admits(employeeID,patientID,diagnosisID,timeAdmitted) values("97345","71207","7363","2014-01-08T02:28:32.000Z");
insert into Admits(employeeID,patientID,diagnosisID,timeAdmitted) values("21011","23589","8345","2016-09-09T12:20:05.000Z");
insert into Admits(employeeID,patientID,diagnosisID,timeAdmitted) values("64491","45338","6021","2016-11-14T08:19:34.000Z");
insert into Admits(employeeID,patientID,diagnosisID,timeAdmitted) values("48889","51785","1469","2014-01-26T19:08:37.000Z");
insert into Admits(employeeID,patientID,diagnosisID,timeAdmitted) values("92697","76571","7077","2016-05-27T22:04:23.000Z");
insert into Admits(employeeID,patientID,diagnosisID,timeAdmitted) values("11450","11036","3742","2014-01-05T16:05:52.000Z");
insert into Admits(employeeID,patientID,diagnosisID,timeAdmitted) values("94617","54399","4804","2016-02-17T00:13:57.000Z");
insert into Admits(employeeID,patientID,diagnosisID,timeAdmitted) values("40970","22814","8580","2015-03-13T19:21:20.000Z");
insert into Admits(employeeID,patientID,diagnosisID,timeAdmitted) values("67266","52146","5664","2015-12-26T15:09:00.000Z");
insert into Admits(employeeID,patientID,diagnosisID,timeAdmitted) values("63209","52146","2944","2016-09-21T02:11:30.000Z");
insert into Admits(employeeID,patientID,diagnosisID,timeAdmitted) values("29731","80227","3546","2014-01-07T14:53:04.000Z");
insert into Admits(employeeID,patientID,diagnosisID,timeAdmitted) values("29731","33635","9575","2013-12-31T15:09:00.000Z");
insert into Admits(employeeID,patientID,diagnosisID,timeAdmitted) values("94449","79688","1315","2016-11-18T18:55:24.000Z");
insert into Admits(employeeID,patientID,diagnosisID,timeAdmitted) values("83703","54318","1610","2014-01-23T18:57:39.000Z");
insert into Admits(employeeID,patientID,diagnosisID,timeAdmitted) values("49873","80631","6311","2014-01-25T06:21:08.000Z");
insert into Admits(employeeID,patientID,diagnosisID,timeAdmitted) values("32773","4920","9550","2015-12-15T12:57:47.000Z");
insert into Admits(employeeID,patientID,diagnosisID,timeAdmitted) values("63209","70180","589","2014-01-13T05:38:35.000Z");
insert into Admits(employeeID,patientID,diagnosisID,timeAdmitted) values("69085","45998","4433","2016-01-22T08:26:41.000Z");
insert into Admits(employeeID,patientID,diagnosisID,timeAdmitted) values("83703","89228","1820","2014-01-04T10:28:59.000Z");
insert into Admits(employeeID,patientID,diagnosisID,timeAdmitted) values("66166","10740","7267","2014-01-05T15:09:03.000Z");
insert into Admits(employeeID,patientID,diagnosisID,timeAdmitted) values("63209","55418","6868","2016-05-16T21:22:35.000Z");
insert into Admits(employeeID,patientID,diagnosisID,timeAdmitted) values("56069","54318","4364","2016-04-22T07:49:45.000Z");
insert into Admits(employeeID,patientID,diagnosisID,timeAdmitted) values("13380","46934","1906","2016-09-12T12:21:41.000Z");
insert into Admits(employeeID,patientID,diagnosisID,timeAdmitted) values("94617","82947","6192","2015-07-24T22:37:07.000Z");
insert into Admits(employeeID,patientID,diagnosisID,timeAdmitted) values("81414","80227","4759","2016-10-23T13:11:26.000Z");
insert into Admits(employeeID,patientID,diagnosisID,timeAdmitted) values("88310","55418","7721","2016-12-27T18:52:16.000Z");
insert into Admits(employeeID,patientID,diagnosisID,timeAdmitted) values("75586","71138","4897","2015-02-23T17:09:56.000Z");
insert into Admits(employeeID,patientID,diagnosisID,timeAdmitted) values("11450","27847","5866","2016-12-07T19:22:44.000Z");
insert into Admits(employeeID,patientID,diagnosisID,timeAdmitted) values("92697","29216","7866","2016-07-13T13:16:24.000Z");
insert into Admits(employeeID,patientID,diagnosisID,timeAdmitted) values("94617","4548","6354","2016-10-06T18:59:55.000Z");
insert into Admits(employeeID,patientID,diagnosisID,timeAdmitted) values("29731","74919","1669","2014-01-24T04:32:56.000Z");
insert into Admits(employeeID,patientID,diagnosisID,timeAdmitted) values("69085","46066","8336","2013-12-31T21:46:11.000Z");
insert into Admits(employeeID,patientID,diagnosisID,timeAdmitted) values("94449","64399","5591","2014-01-15T01:55:15.000Z");
insert into Admits(employeeID,patientID,diagnosisID,timeAdmitted) values("75586","52146","4546","2016-11-24T05:02:20.000Z");
insert into Admits(employeeID,patientID,diagnosisID,timeAdmitted) values("94617","17235","3621","2015-11-11T10:33:05.000Z");
insert into Admits(employeeID,patientID,diagnosisID,timeAdmitted) values("29731","79089","5763","2016-11-15T08:41:21.000Z");
insert into Admits(employeeID,patientID,diagnosisID,timeAdmitted) values("24909","10740","5919","2016-10-13T16:47:45.000Z");
insert into Admits(employeeID,patientID,diagnosisID,timeAdmitted) values("92697","19113","9851","2016-10-12T08:29:21.000Z");
insert into Admits(employeeID,patientID,diagnosisID,timeAdmitted) values("63209","71138","4481","2016-12-13T11:12:46.000Z");
insert into Admits(employeeID,patientID,diagnosisID,timeAdmitted) values("56069","75951","5426","2015-12-06T19:18:11.000Z");
insert into Admits(employeeID,patientID,diagnosisID,timeAdmitted) values("21011","27847","4824","2016-12-22T22:27:11.000Z");
insert into Admits(employeeID,patientID,diagnosisID,timeAdmitted) values("65063","64526","4532","2016-12-27T22:39:47.000Z");
insert into Admits(employeeID,patientID,diagnosisID,timeAdmitted) values("11224","65674","1412","2016-06-13T13:16:39.000Z");
insert into Admits(employeeID,patientID,diagnosisID,timeAdmitted) values("11224","30336","2546","2014-01-12T16:50:07.000Z");
insert into Admits(employeeID,patientID,diagnosisID,timeAdmitted) values("29731","76178","960","2015-09-17T13:36:55.000Z");
insert into Admits(employeeID,patientID,diagnosisID,timeAdmitted) values("69085","25983","8997","2016-12-17T02:11:27.000Z");
insert into Admits(employeeID,patientID,diagnosisID,timeAdmitted) values("24909","27847","2975","2016-12-26T13:38:56.000Z");
insert into Admits(employeeID,patientID,diagnosisID,timeAdmitted) values("82190","82015","9382","2016-12-02T14:07:51.000Z");
insert into Admits(employeeID,patientID,diagnosisID,timeAdmitted) values("75586","17235","9296","2016-12-24T15:22:31.000Z");
insert into Admits(employeeID,patientID,diagnosisID,timeAdmitted) values("13380","65674","8778","2016-11-24T10:34:59.000Z");
insert into Admits(employeeID,patientID,diagnosisID,timeAdmitted) values("64491","19113","1800","2016-12-12T13:31:14.000Z");
insert into Admits(employeeID,patientID,diagnosisID,timeAdmitted) values("11224","198","7773","2014-01-13T20:48:05.000Z");
insert into Admits(employeeID,patientID,diagnosisID,timeAdmitted) values("57793","45946","546","2015-06-15T03:21:33.000Z");
insert into Admits(employeeID,patientID,diagnosisID,timeAdmitted) values("92697","2094","7130","2015-03-20T10:59:10.000Z");
insert into Admits(employeeID,patientID,diagnosisID,timeAdmitted) values("64491","10740","6035","2016-12-08T02:24:53.000Z");
insert into Admits(employeeID,patientID,diagnosisID,timeAdmitted) values("75796","16877","1310","2014-01-02T21:59:04.000Z");
insert into Admits(employeeID,patientID,diagnosisID,timeAdmitted) values("69085","46066","8336","2016-04-25T16:54:48.000Z");
insert into Admits(employeeID,patientID,diagnosisID,timeAdmitted) values("69085","4920","4076","2016-10-23T03:44:15.000Z");
insert into Admits(employeeID,patientID,diagnosisID,timeAdmitted) values("94617","65674","8687","2016-12-15T23:12:17.000Z");
insert into Admits(employeeID,patientID,diagnosisID,timeAdmitted) values("66166","54318","9930","2016-09-13T02:39:36.000Z");
insert into Admits(employeeID,patientID,diagnosisID,timeAdmitted) values("65063","10740","8751","2016-12-18T10:04:34.000Z");
insert into Admits(employeeID,patientID,diagnosisID,timeAdmitted) values("94449","80872","724","2015-12-20T20:04:04.000Z");
insert into Admits(employeeID,patientID,diagnosisID,timeAdmitted) values("92697","98550","8709","2014-01-26T10:39:52.000Z");
insert into Admits(employeeID,patientID,diagnosisID,timeAdmitted) values("29731","11036","6795","2016-01-13T18:38:27.000Z");
insert into Admits(employeeID,patientID,diagnosisID,timeAdmitted) values("36602","80631","9400","2015-08-26T18:28:26.000Z");
insert into Admits(employeeID,patientID,diagnosisID,timeAdmitted) values("63209","82835","5919","2016-02-24T19:14:36.000Z");
insert into Admits(employeeID,patientID,diagnosisID,timeAdmitted) values("81639","79731","8010","2015-03-22T09:48:45.000Z");
insert into Admits(employeeID,patientID,diagnosisID,timeAdmitted) values("86026","71138","1925","2016-12-17T05:41:24.000Z");
insert into Admits(employeeID,patientID,diagnosisID,timeAdmitted) values("97345","75600","5194","2016-07-26T03:10:50.000Z");
insert into Admits(employeeID,patientID,diagnosisID,timeAdmitted) values("64491","75600","450","2016-12-23T13:31:32.000Z");
insert into Admits(employeeID,patientID,diagnosisID,timeAdmitted) values("56069","48185","6076","2016-08-20T13:25:27.000Z");
insert into Admits(employeeID,patientID,diagnosisID,timeAdmitted) values("83703","54023","7296","2014-01-01T21:44:27.000Z");
insert into Admits(employeeID,patientID,diagnosisID,timeAdmitted) values("81414","198","6136","2016-04-15T12:20:53.000Z");
insert into Admits(employeeID,patientID,diagnosisID,timeAdmitted) values("88310","82015","2910","2016-12-25T11:13:31.000Z");
insert into Admits(employeeID,patientID,diagnosisID,timeAdmitted) values("86026","64399","7716","2016-09-15T01:50:12.000Z");
insert into Admits(employeeID,patientID,diagnosisID,timeAdmitted) values("86026","82947","8414","2015-12-04T13:34:35.000Z");
insert into Admits(employeeID,patientID,diagnosisID,timeAdmitted) values("32773","80872","1508","2016-11-16T22:37:44.000Z");
insert into Admits(employeeID,patientID,diagnosisID,timeAdmitted) values("86026","22723","2648","2014-01-08T04:59:54.000Z");
insert into Admits(employeeID,patientID,diagnosisID,timeAdmitted) values("24909","46066","5225","2016-09-22T14:38:08.000Z");
insert into Admits(employeeID,patientID,diagnosisID,timeAdmitted) values("89706","30336","8966","2015-02-10T04:08:50.000Z");
insert into Admits(employeeID,patientID,diagnosisID,timeAdmitted) values("57793","72327","4020","2015-05-19T15:05:50.000Z");
insert into Admits(employeeID,patientID,diagnosisID,timeAdmitted) values("11224","80907","9863","2016-11-26T22:12:05.000Z");
insert into Admits(employeeID,patientID,diagnosisID,timeAdmitted) values("56069","78766","4401","2014-01-10T23:40:00.000Z");
insert into Admits(employeeID,patientID,diagnosisID,timeAdmitted) values("49873","47090","43","2016-11-11T18:46:53.000Z");
insert into Admits(employeeID,patientID,diagnosisID,timeAdmitted) values("11450","42099","1434","2016-07-18T22:12:29.000Z");
insert into Admits(employeeID,patientID,diagnosisID,timeAdmitted) values("75796","87581","1151","2016-10-10T05:03:49.000Z");
insert into Admits(employeeID,patientID,diagnosisID,timeAdmitted) values("75586","42099","4936","2016-10-23T11:29:17.000Z");
insert into Admits(employeeID,patientID,diagnosisID,timeAdmitted) values("56069","86342","3585","2016-02-14T16:43:51.000Z");
insert into Admits(employeeID,patientID,diagnosisID,timeAdmitted) values("11224","32397","1056","2016-10-04T21:26:29.000Z");
insert into Admits(employeeID,patientID,diagnosisID,timeAdmitted) values("49873","29986","3720","2016-09-12T15:06:39.000Z");
insert into Admits(employeeID,patientID,diagnosisID,timeAdmitted) values("83703","14062","2540","2016-12-24T11:08:20.000Z");
insert into Admits(employeeID,patientID,diagnosisID,timeAdmitted) values("69085","29986","1947","2016-10-03T15:13:23.000Z");
insert into Admits(employeeID,patientID,diagnosisID,timeAdmitted) values("70022","72327","8754","2016-03-14T11:44:27.000Z");
insert into Admits(employeeID,patientID,diagnosisID,timeAdmitted) values("89706","81279","3759","2016-09-20T03:06:48.000Z");
insert into Admits(employeeID,patientID,diagnosisID,timeAdmitted) values("52335","4548","6561","2016-12-15T17:58:05.000Z");
insert into Admits(employeeID,patientID,diagnosisID,timeAdmitted) values("75586","51349","4883","2016-12-28T05:44:33.000Z");
insert into Admits(employeeID,patientID,diagnosisID,timeAdmitted) values("29731","19113","792","2016-12-28T03:47:29.000Z");
insert into Admits(employeeID,patientID,diagnosisID,timeAdmitted) values("40970","33635","5939","2016-10-09T05:07:39.000Z");
insert into Admits(employeeID,patientID,diagnosisID,timeAdmitted) values("83703","20002","6560","2014-01-21T16:22:34.000Z");
insert into Admits(employeeID,patientID,diagnosisID,timeAdmitted) values("88310","21822","7780","2016-10-21T03:30:00.000Z");
insert into Admits(employeeID,patientID,diagnosisID,timeAdmitted) values("29731","5753","3534","2016-05-08T14:35:44.000Z");
insert into Admits(employeeID,patientID,diagnosisID,timeAdmitted) values("69085","32112","8877","2015-03-08T15:15:29.000Z");
insert into Admits(employeeID,patientID,diagnosisID,timeAdmitted) values("11224","46066","7924","2016-10-24T00:45:56.000Z");
insert into Admits(employeeID,patientID,diagnosisID,timeAdmitted) values("56069","11961","6106","2015-03-19T03:21:44.000Z");
insert into Admits(employeeID,patientID,diagnosisID,timeAdmitted) values("11224","29216","8428","2016-12-15T20:51:59.000Z");
insert into Admits(employeeID,patientID,diagnosisID,timeAdmitted) values("52335","48177","7353","2016-03-18T13:23:07.000Z");
insert into Admits(employeeID,patientID,diagnosisID,timeAdmitted) values("32773","76958","4617","2015-06-15T06:32:38.000Z");
insert into Admits(employeeID,patientID,diagnosisID,timeAdmitted) values("81414","98057","2483","2016-11-26T19:47:26.000Z");
insert into Admits(employeeID,patientID,diagnosisID,timeAdmitted) values("88310","76571","8191","2016-12-23T23:23:00.000Z");
insert into Admits(employeeID,patientID,diagnosisID,timeAdmitted) values("29731","31683","8119","2016-11-18T09:46:01.000Z");
insert into Admits(employeeID,patientID,diagnosisID,timeAdmitted) values("11224","25983","7296","2016-12-24T23:23:56.000Z");
insert into Admits(employeeID,patientID,diagnosisID,timeAdmitted) values("83703","54023","7296","2016-09-26T03:05:25.000Z");
insert into Admits(employeeID,patientID,diagnosisID,timeAdmitted) values("92697","55418","6903","2016-12-27T23:01:14.000Z");
insert into Admits(employeeID,patientID,diagnosisID,timeAdmitted) values("69085","16877","6628","2016-06-09T18:20:33.000Z");
insert into Admits(employeeID,patientID,diagnosisID,timeAdmitted) values("69085","89228","7245","2015-06-09T17:38:58.000Z");
insert into Admits(employeeID,patientID,diagnosisID,timeAdmitted) values("56069","93299","3881","2016-08-02T02:57:58.000Z");
insert into Admits(employeeID,patientID,diagnosisID,timeAdmitted) values("29731","83006","7835","2015-01-14T18:09:10.000Z");
insert into Admits(employeeID,patientID,diagnosisID,timeAdmitted) values("48889","58811","6096","2016-03-06T06:42:06.000Z");
insert into Admits(employeeID,patientID,diagnosisID,timeAdmitted) values("52335","54318","8205","2016-12-15T14:16:26.000Z");
insert into Admits(employeeID,patientID,diagnosisID,timeAdmitted) values("92697","48177","7543","2016-12-09T21:31:42.000Z");
insert into Admits(employeeID,patientID,diagnosisID,timeAdmitted) values("70022","4849","9263","2016-02-22T05:42:30.000Z");
insert into Admits(employeeID,patientID,diagnosisID,timeAdmitted) values("83703","44686","4457","2014-01-22T06:11:57.000Z");
insert into Admits(employeeID,patientID,diagnosisID,timeAdmitted) values("86026","27230","8656","2016-09-17T18:53:16.000Z");
insert into Admits(employeeID,patientID,diagnosisID,timeAdmitted) values("48889","42099","1645","2016-12-25T11:01:36.000Z");
insert into Admits(employeeID,patientID,diagnosisID,timeAdmitted) values("49873","29588","2792","2015-02-09T04:06:28.000Z");
insert into Admits(employeeID,patientID,diagnosisID,timeAdmitted) values("21011","93475","1014","2014-01-18T19:42:12.000Z");
insert into Admits(employeeID,patientID,diagnosisID,timeAdmitted) values("49873","4920","3297","2016-12-20T15:56:42.000Z");
insert into Admits(employeeID,patientID,diagnosisID,timeAdmitted) values("97345","89228","1298","2016-12-04T23:27:24.000Z");
insert into Admits(employeeID,patientID,diagnosisID,timeAdmitted) values("88310","95629","5868","2016-02-19T08:37:42.000Z");
insert into Admits(employeeID,patientID,diagnosisID,timeAdmitted) values("94617","89228","3756","2016-12-26T20:15:00.000Z");
insert into Admits(employeeID,patientID,diagnosisID,timeAdmitted) values("65063","82835","566","2016-12-24T20:56:09.000Z");
insert into Admits(employeeID,patientID,diagnosisID,timeAdmitted) values("70022","42975","1849","2016-11-22T12:23:27.000Z");
insert into Admits(employeeID,patientID,diagnosisID,timeAdmitted) values("97345","86342","618","2016-12-24T19:42:31.000Z");
insert into Admits(employeeID,patientID,diagnosisID,timeAdmitted) values("75586","71126","4274","2016-12-01T00:58:02.000Z");
insert into Admits(employeeID,patientID,diagnosisID,timeAdmitted) values("81639","55597","4879","2016-10-21T10:38:43.000Z");
insert into Admits(employeeID,patientID,diagnosisID,timeAdmitted) values("57793","17235","8737","2016-12-28T00:17:18.000Z");
insert into Admits(employeeID,patientID,diagnosisID,timeAdmitted) values("81414","71207","7546","2015-07-16T18:56:59.000Z");
insert into Admits(employeeID,patientID,diagnosisID,timeAdmitted) values("70022","32397","3182","2016-11-23T10:57:47.000Z");
insert into Admits(employeeID,patientID,diagnosisID,timeAdmitted) values("67266","44686","4682","2016-11-03T17:33:34.000Z");
insert into Admits(employeeID,patientID,diagnosisID,timeAdmitted) values("67266","98550","6053","2016-10-17T02:24:35.000Z");
insert into Admits(employeeID,patientID,diagnosisID,timeAdmitted) values("11450","27630","8634","2014-01-04T06:56:14.000Z");
insert into Admits(employeeID,patientID,diagnosisID,timeAdmitted) values("75796","3836","7269","2016-08-11T04:17:39.000Z");
insert into Admits(employeeID,patientID,diagnosisID,timeAdmitted) values("21011","24884","9398","2016-10-21T14:01:21.000Z");
insert into Admits(employeeID,patientID,diagnosisID,timeAdmitted) values("29731","84031","8118","2016-12-15T06:50:58.000Z");
insert into Admits(employeeID,patientID,diagnosisID,timeAdmitted) values("82190","45338","9575","2016-12-26T01:29:13.000Z");
insert into Admits(employeeID,patientID,diagnosisID,timeAdmitted) values("66166","45946","2435","2016-12-11T22:37:24.000Z");
insert into Admits(employeeID,patientID,diagnosisID,timeAdmitted) values("75586","76022","9610","2016-08-10T10:06:24.000Z");
insert into Admits(employeeID,patientID,diagnosisID,timeAdmitted) values("49873","48177","348","2016-12-20T18:56:29.000Z");
insert into Admits(employeeID,patientID,diagnosisID,timeAdmitted) values("13380","79731","6966","2016-09-22T17:17:57.000Z");
insert into Admits(employeeID,patientID,diagnosisID,timeAdmitted) values("81639","16877","3307","2016-12-21T20:48:46.000Z");
insert into Administers(treatmentGiverID,patientID,treatmentID,timeAdministered) values("6388","24884","52766","2015-11-12T11:16:10.000Z");
insert into Administers(treatmentGiverID,patientID,treatmentID,timeAdministered) values("71792","32978","76524","2014-01-15T00:57:23.000Z");
insert into Administers(treatmentGiverID,patientID,treatmentID,timeAdministered) values("37469","95629","21365","2015-05-26T04:56:14.000Z");
insert into Administers(treatmentGiverID,patientID,treatmentID,timeAdministered) values("5949","84543","84374","2014-01-09T06:12:21.000Z");
insert into Administers(treatmentGiverID,patientID,treatmentID,timeAdministered) values("47710","74351","53731","2013-12-31T17:20:20.000Z");
insert into Administers(treatmentGiverID,patientID,treatmentID,timeAdministered) values("58155","18073","70097","2015-12-03T15:11:09.000Z");
insert into Administers(treatmentGiverID,patientID,treatmentID,timeAdministered) values("31362","54803","53731","2016-06-03T12:25:40.000Z");
insert into Administers(treatmentGiverID,patientID,treatmentID,timeAdministered) values("30145","80907","76796","2015-01-12T10:11:06.000Z");
insert into Administers(treatmentGiverID,patientID,treatmentID,timeAdministered) values("35521","69641","8890","2015-12-05T03:22:20.000Z");
insert into Administers(treatmentGiverID,patientID,treatmentID,timeAdministered) values("51757","49880","94796","2014-01-26T13:52:07.000Z");
insert into Administers(treatmentGiverID,patientID,treatmentID,timeAdministered) values("11266","52922","25178","2014-01-01T00:58:31.000Z");
insert into Administers(treatmentGiverID,patientID,treatmentID,timeAdministered) values("17525","69268","79632","2016-09-30T05:52:41.000Z");
insert into Administers(treatmentGiverID,patientID,treatmentID,timeAdministered) values("51159","54318","47576","2014-01-22T14:55:48.000Z");
insert into Administers(treatmentGiverID,patientID,treatmentID,timeAdministered) values("11205","5753","25178","2016-04-06T09:34:15.000Z");
insert into Administers(treatmentGiverID,patientID,treatmentID,timeAdministered) values("2002","45338","83590","2015-01-14T08:12:19.000Z");
insert into Administers(treatmentGiverID,patientID,treatmentID,timeAdministered) values("99794","98057","83590","2014-01-20T21:12:51.000Z");
insert into Administers(treatmentGiverID,patientID,treatmentID,timeAdministered) values("30145","86240","21538","2014-01-05T11:21:19.000Z");
insert into Administers(treatmentGiverID,patientID,treatmentID,timeAdministered) values("39954","79731","3680","2014-01-26T02:12:41.000Z");
insert into Administers(treatmentGiverID,patientID,treatmentID,timeAdministered) values("74656","9969","41870","2016-06-13T01:26:39.000Z");
insert into Administers(treatmentGiverID,patientID,treatmentID,timeAdministered) values("2374","64526","95710","2014-01-10T23:20:46.000Z");
insert into Administers(treatmentGiverID,patientID,treatmentID,timeAdministered) values("11914","48177","50147","2016-09-30T08:29:49.000Z");
insert into Administers(treatmentGiverID,patientID,treatmentID,timeAdministered) values("40471","5753","62808","2014-01-04T21:59:11.000Z");
insert into Administers(treatmentGiverID,patientID,treatmentID,timeAdministered) values("11629","98162","2080","2014-01-15T02:03:45.000Z");
insert into Administers(treatmentGiverID,patientID,treatmentID,timeAdministered) values("32717","32112","25178","2014-01-11T02:48:45.000Z");
insert into Administers(treatmentGiverID,patientID,treatmentID,timeAdministered) values("6388","78766","10592","2015-09-12T05:41:52.000Z");
insert into Administers(treatmentGiverID,patientID,treatmentID,timeAdministered) values("72046","12559","35896","2014-01-10T01:27:28.000Z");
insert into Administers(treatmentGiverID,patientID,treatmentID,timeAdministered) values("47710","14062","13254","2015-04-23T14:05:35.000Z");
insert into Administers(treatmentGiverID,patientID,treatmentID,timeAdministered) values("30145","79021","52096","2015-01-28T02:31:32.000Z");
insert into Administers(treatmentGiverID,patientID,treatmentID,timeAdministered) values("55882","76178","13126","2016-09-19T12:23:36.000Z");
insert into Administers(treatmentGiverID,patientID,treatmentID,timeAdministered) values("71525","2411","74997","2014-01-12T00:35:09.000Z");
insert into Administers(treatmentGiverID,patientID,treatmentID,timeAdministered) values("40471","54023","31538","2014-01-20T09:51:11.000Z");
insert into Administers(treatmentGiverID,patientID,treatmentID,timeAdministered) values("77133","4920","51977","2016-08-15T08:57:22.000Z");
insert into Administers(treatmentGiverID,patientID,treatmentID,timeAdministered) values("43908","86562","34820","2015-06-23T09:23:21.000Z");
insert into Administers(treatmentGiverID,patientID,treatmentID,timeAdministered) values("81230","99208","51977","2015-09-19T16:32:46.000Z");
insert into Administers(treatmentGiverID,patientID,treatmentID,timeAdministered) values("11629","9931","87881","2015-10-19T19:28:32.000Z");
insert into Administers(treatmentGiverID,patientID,treatmentID,timeAdministered) values("20547","25983","63113","2015-03-20T17:29:07.000Z");
insert into Administers(treatmentGiverID,patientID,treatmentID,timeAdministered) values("2275","71126","95710","2016-02-02T22:28:33.000Z");
insert into Administers(treatmentGiverID,patientID,treatmentID,timeAdministered) values("30145","11961","53772","2015-10-26T02:19:41.000Z");
insert into Administers(treatmentGiverID,patientID,treatmentID,timeAdministered) values("31052","48177","13718","2016-05-23T18:53:47.000Z");
insert into Administers(treatmentGiverID,patientID,treatmentID,timeAdministered) values("81230","21406","94796","2016-10-08T15:51:11.000Z");
insert into Administers(treatmentGiverID,patientID,treatmentID,timeAdministered) values("67508","78904","40443","2016-03-23T01:00:53.000Z");
insert into Administers(treatmentGiverID,patientID,treatmentID,timeAdministered) values("70623","71138","2957","2016-07-09T04:49:58.000Z");
insert into Administers(treatmentGiverID,patientID,treatmentID,timeAdministered) values("71792","84031","5547","2016-12-27T22:23:52.000Z");
insert into Administers(treatmentGiverID,patientID,treatmentID,timeAdministered) values("33197","70180","3680","2014-01-20T03:56:57.000Z");
insert into Administers(treatmentGiverID,patientID,treatmentID,timeAdministered) values("36305","9788","6539","2015-07-11T15:07:54.000Z");
insert into Administers(treatmentGiverID,patientID,treatmentID,timeAdministered) values("43908","79731","30928","2014-01-04T00:17:30.000Z");
insert into Administers(treatmentGiverID,patientID,treatmentID,timeAdministered) values("7289","46561","70097","2015-08-31T19:26:09.000Z");
insert into Administers(treatmentGiverID,patientID,treatmentID,timeAdministered) values("34586","82113","52766","2016-11-07T00:40:45.000Z");
insert into Administers(treatmentGiverID,patientID,treatmentID,timeAdministered) values("65971","86562","1530","2016-10-08T07:23:41.000Z");
insert into Administers(treatmentGiverID,patientID,treatmentID,timeAdministered) values("697","77565","53772","2015-01-02T19:05:26.000Z");
insert into Administers(treatmentGiverID,patientID,treatmentID,timeAdministered) values("2275","82113","13126","2016-05-24T04:14:17.000Z");
insert into Administers(treatmentGiverID,patientID,treatmentID,timeAdministered) values("51159","63652","21365","2016-10-18T16:50:03.000Z");
insert into Administers(treatmentGiverID,patientID,treatmentID,timeAdministered) values("41974","79021","63113","2015-12-26T05:19:32.000Z");
insert into Administers(treatmentGiverID,patientID,treatmentID,timeAdministered) values("82862","9931","2957","2014-01-23T16:49:24.000Z");
insert into Administers(treatmentGiverID,patientID,treatmentID,timeAdministered) values("77133","81661","25178","2014-01-04T20:07:22.000Z");
insert into Administers(treatmentGiverID,patientID,treatmentID,timeAdministered) values("58399","54399","25178","2014-01-09T01:27:07.000Z");
insert into Administers(treatmentGiverID,patientID,treatmentID,timeAdministered) values("11914","80872","13718","2015-12-20T22:54:14.000Z");
insert into Administers(treatmentGiverID,patientID,treatmentID,timeAdministered) values("91873","30894","8890","2015-12-25T20:32:41.000Z");
insert into Administers(treatmentGiverID,patientID,treatmentID,timeAdministered) values("32717","80907","84374","2014-01-09T23:59:03.000Z");
insert into Administers(treatmentGiverID,patientID,treatmentID,timeAdministered) values("91641","44269","84374","2015-09-12T20:37:10.000Z");
insert into Administers(treatmentGiverID,patientID,treatmentID,timeAdministered) values("21128","49880","80080","2014-01-11T00:57:18.000Z");
insert into Administers(treatmentGiverID,patientID,treatmentID,timeAdministered) values("39954","62323","47576","2014-01-03T10:37:39.000Z");
insert into Administers(treatmentGiverID,patientID,treatmentID,timeAdministered) values("1246","60162","44926","2015-10-23T15:22:19.000Z");
insert into Administers(treatmentGiverID,patientID,treatmentID,timeAdministered) values("2002","78766","13254","2016-01-01T03:25:14.000Z");
insert into Administers(treatmentGiverID,patientID,treatmentID,timeAdministered) values("16079","14062","50457","2016-03-20T14:05:43.000Z");
insert into Administers(treatmentGiverID,patientID,treatmentID,timeAdministered) values("91641","75092","53731","2016-09-19T08:38:10.000Z");
insert into Administers(treatmentGiverID,patientID,treatmentID,timeAdministered) values("74656","79089","41870","2015-05-15T23:56:38.000Z");
insert into Administers(treatmentGiverID,patientID,treatmentID,timeAdministered) values("83261","49185","80080","2016-08-27T03:33:19.000Z");
insert into Administers(treatmentGiverID,patientID,treatmentID,timeAdministered) values("80755","86562","79632","2016-03-28T02:04:24.000Z");
insert into Administers(treatmentGiverID,patientID,treatmentID,timeAdministered) values("31362","11961","54711","2016-11-27T12:47:17.000Z");
insert into Administers(treatmentGiverID,patientID,treatmentID,timeAdministered) values("69230","81208","63113","2016-08-22T04:56:32.000Z");
insert into Administers(treatmentGiverID,patientID,treatmentID,timeAdministered) values("61809","42184","30517","2016-05-18T09:41:53.000Z");
insert into Administers(treatmentGiverID,patientID,treatmentID,timeAdministered) values("16058","76096","39828","2015-01-08T17:43:24.000Z");
insert into Administers(treatmentGiverID,patientID,treatmentID,timeAdministered) values("18319","86923","2607","2016-02-03T13:44:52.000Z");
insert into Administers(treatmentGiverID,patientID,treatmentID,timeAdministered) values("33197","4920","31344","2016-12-06T01:40:40.000Z");
insert into Administers(treatmentGiverID,patientID,treatmentID,timeAdministered) values("30145","78766","32344","2016-11-10T13:13:12.000Z");
insert into Administers(treatmentGiverID,patientID,treatmentID,timeAdministered) values("82862","74971","46816","2014-01-28T02:13:50.000Z");
insert into Administers(treatmentGiverID,patientID,treatmentID,timeAdministered) values("90720","54318","87756","2015-02-08T05:22:46.000Z");
insert into Administers(treatmentGiverID,patientID,treatmentID,timeAdministered) values("67508","42975","21365","2015-08-22T03:02:24.000Z");
insert into Administers(treatmentGiverID,patientID,treatmentID,timeAdministered) values("29475","82015","2080","2016-03-27T08:43:32.000Z");
insert into Administers(treatmentGiverID,patientID,treatmentID,timeAdministered) values("47710","75092","1530","2016-12-07T20:58:39.000Z");
insert into Administers(treatmentGiverID,patientID,treatmentID,timeAdministered) values("37246","55600","38981","2015-04-07T04:12:29.000Z");
insert into Administers(treatmentGiverID,patientID,treatmentID,timeAdministered) values("45920","40975","80597","2016-10-16T05:19:07.000Z");
insert into Administers(treatmentGiverID,patientID,treatmentID,timeAdministered) values("21170","82113","54711","2014-01-10T14:09:16.000Z");
insert into Administers(treatmentGiverID,patientID,treatmentID,timeAdministered) values("18944","62011","2080","2016-11-02T19:30:05.000Z");
insert into Administers(treatmentGiverID,patientID,treatmentID,timeAdministered) values("65971","40657","52096","2015-08-08T07:46:59.000Z");
insert into Administers(treatmentGiverID,patientID,treatmentID,timeAdministered) values("54143","40657","86424","2014-01-08T01:58:13.000Z");
insert into Administers(treatmentGiverID,patientID,treatmentID,timeAdministered) values("33780","32112","2957","2016-11-05T14:22:37.000Z");
insert into Administers(treatmentGiverID,patientID,treatmentID,timeAdministered) values("54143","79688","64775","2015-01-11T18:51:44.000Z");
insert into Administers(treatmentGiverID,patientID,treatmentID,timeAdministered) values("34586","98550","34820","2015-12-25T15:42:11.000Z");
insert into Administers(treatmentGiverID,patientID,treatmentID,timeAdministered) values("35521","20293","51977","2014-01-27T18:40:59.000Z");
insert into Administers(treatmentGiverID,patientID,treatmentID,timeAdministered) values("51224","29588","87881","2016-08-12T00:35:25.000Z");
insert into Administers(treatmentGiverID,patientID,treatmentID,timeAdministered) values("96855","12559","64365","2016-05-11T00:37:48.000Z");
insert into Administers(treatmentGiverID,patientID,treatmentID,timeAdministered) values("36305","82835","99983","2014-01-06T12:21:20.000Z");
insert into Administers(treatmentGiverID,patientID,treatmentID,timeAdministered) values("97361","30336","53731","2015-02-04T07:09:12.000Z");
insert into Administers(treatmentGiverID,patientID,treatmentID,timeAdministered) values("85783","74351","82043","2014-01-07T22:27:10.000Z");
insert into Administers(treatmentGiverID,patientID,treatmentID,timeAdministered) values("92910","22841","54892","2015-10-19T22:35:15.000Z");
insert into Administers(treatmentGiverID,patientID,treatmentID,timeAdministered) values("16058","74971","45912","2016-04-25T17:06:57.000Z");
insert into Administers(treatmentGiverID,patientID,treatmentID,timeAdministered) values("84792","30789","84374","2014-01-22T18:59:53.000Z");
insert into Administers(treatmentGiverID,patientID,treatmentID,timeAdministered) values("29475","64526","54892","2014-01-16T11:10:24.000Z");
insert into Administers(treatmentGiverID,patientID,treatmentID,timeAdministered) values("44618","74351","6539","2014-01-05T07:23:52.000Z");
insert into Administers(treatmentGiverID,patientID,treatmentID,timeAdministered) values("51159","26388","76796","2015-02-01T14:23:21.000Z");
insert into Administers(treatmentGiverID,patientID,treatmentID,timeAdministered) values("96141","43219","74997","2014-01-11T20:23:08.000Z");
insert into Administers(treatmentGiverID,patientID,treatmentID,timeAdministered) values("37469","21822","31199","2015-09-13T21:20:49.000Z");
insert into Administers(treatmentGiverID,patientID,treatmentID,timeAdministered) values("78519","86562","79632","2015-08-03T03:50:15.000Z");
insert into Administers(treatmentGiverID,patientID,treatmentID,timeAdministered) values("89046","27630","67766","2015-12-21T22:52:42.000Z");
insert into Administers(treatmentGiverID,patientID,treatmentID,timeAdministered) values("88230","60420","42865","2015-06-24T21:50:33.000Z");
insert into Administers(treatmentGiverID,patientID,treatmentID,timeAdministered) values("81097","92681","35896","2014-01-01T10:13:14.000Z");
insert into Administers(treatmentGiverID,patientID,treatmentID,timeAdministered) values("54143","81208","3534","2014-01-21T17:32:22.000Z");
insert into Administers(treatmentGiverID,patientID,treatmentID,timeAdministered) values("77133","20293","50457","2014-01-04T15:43:20.000Z");
insert into Administers(treatmentGiverID,patientID,treatmentID,timeAdministered) values("97361","24884","49695","2016-04-02T06:14:01.000Z");
insert into Administers(treatmentGiverID,patientID,treatmentID,timeAdministered) values("44618","49880","39828","2015-10-19T08:45:52.000Z");
insert into Administers(treatmentGiverID,patientID,treatmentID,timeAdministered) values("20547","86562","60695","2016-05-31T20:41:05.000Z");
insert into Administers(treatmentGiverID,patientID,treatmentID,timeAdministered) values("21128","92681","20367","2014-01-10T10:16:26.000Z");
insert into Administers(treatmentGiverID,patientID,treatmentID,timeAdministered) values("57690","42184","48586","2016-07-26T08:22:04.000Z");
insert into Administers(treatmentGiverID,patientID,treatmentID,timeAdministered) values("65971","54640","83887","2014-01-11T16:01:26.000Z");
insert into Administers(treatmentGiverID,patientID,treatmentID,timeAdministered) values("18944","46066","10592","2015-01-17T22:55:26.000Z");
insert into Administers(treatmentGiverID,patientID,treatmentID,timeAdministered) values("51757","5753","80080","2016-11-19T12:44:27.000Z");
insert into Administers(treatmentGiverID,patientID,treatmentID,timeAdministered) values("43908","67758","64365","2016-04-15T11:20:31.000Z");
insert into Administers(treatmentGiverID,patientID,treatmentID,timeAdministered) values("78519","47565","52766","2014-01-24T01:28:39.000Z");
insert into Administers(treatmentGiverID,patientID,treatmentID,timeAdministered) values("49778","46934","66075","2014-01-07T16:06:53.000Z");
insert into Administers(treatmentGiverID,patientID,treatmentID,timeAdministered) values("91791","79731","44412","2014-01-22T16:07:00.000Z");
insert into Administers(treatmentGiverID,patientID,treatmentID,timeAdministered) values("39954","51785","1530","2016-11-02T17:21:06.000Z");
insert into Administers(treatmentGiverID,patientID,treatmentID,timeAdministered) values("48654","74971","41870","2014-01-19T14:27:32.000Z");
insert into Administers(treatmentGiverID,patientID,treatmentID,timeAdministered) values("39954","49880","32344","2014-01-26T18:59:03.000Z");
insert into Administers(treatmentGiverID,patientID,treatmentID,timeAdministered) values("71525","16877","51793","2015-01-27T03:22:50.000Z");
insert into Administers(treatmentGiverID,patientID,treatmentID,timeAdministered) values("18944","24884","76524","2016-08-01T02:48:05.000Z");
insert into Administers(treatmentGiverID,patientID,treatmentID,timeAdministered) values("31362","64115","2607","2016-12-24T14:20:09.000Z");
insert into Administers(treatmentGiverID,patientID,treatmentID,timeAdministered) values("58399","9725","40443","2016-06-05T18:38:32.000Z");
insert into Administers(treatmentGiverID,patientID,treatmentID,timeAdministered) values("78126","55418","80597","2014-01-02T03:56:27.000Z");
insert into Administers(treatmentGiverID,patientID,treatmentID,timeAdministered) values("2374","67758","50457","2015-08-05T22:33:56.000Z");
insert into Administers(treatmentGiverID,patientID,treatmentID,timeAdministered) values("91641","89228","25178","2014-01-03T15:47:05.000Z");
insert into Administers(treatmentGiverID,patientID,treatmentID,timeAdministered) values("41408","63652","32884","2015-03-14T16:19:59.000Z");
insert into Administers(treatmentGiverID,patientID,treatmentID,timeAdministered) values("2275","5942","29680","2015-09-05T17:18:31.000Z");
insert into Administers(treatmentGiverID,patientID,treatmentID,timeAdministered) values("21128","9725","32884","2016-06-15T05:50:01.000Z");
insert into Administers(treatmentGiverID,patientID,treatmentID,timeAdministered) values("70623","12284","89201","2014-01-24T11:11:19.000Z");
insert into Administers(treatmentGiverID,patientID,treatmentID,timeAdministered) values("70623","69641","86424","2016-06-17T15:38:37.000Z");
insert into Administers(treatmentGiverID,patientID,treatmentID,timeAdministered) values("21128","47090","1530","2015-05-27T21:10:33.000Z");
insert into Administers(treatmentGiverID,patientID,treatmentID,timeAdministered) values("2275","30336","60695","2016-12-03T14:11:24.000Z");
insert into Administers(treatmentGiverID,patientID,treatmentID,timeAdministered) values("32717","14062","79632","2014-01-09T12:26:37.000Z");
insert into Administers(treatmentGiverID,patientID,treatmentID,timeAdministered) values("96855","78766","42865","2016-04-09T05:56:21.000Z");
insert into Administers(treatmentGiverID,patientID,treatmentID,timeAdministered) values("37246","25988","34820","2014-01-17T00:11:40.000Z");
insert into Administers(treatmentGiverID,patientID,treatmentID,timeAdministered) values("2374","15079","1530","2015-02-25T00:01:58.000Z");
insert into Administers(treatmentGiverID,patientID,treatmentID,timeAdministered) values("72046","55034","57558","2016-09-18T03:30:19.000Z");
insert into Administers(treatmentGiverID,patientID,treatmentID,timeAdministered) values("34586","2411","78284","2015-11-09T10:27:34.000Z");
insert into Administers(treatmentGiverID,patientID,treatmentID,timeAdministered) values("78519","12559","10896","2015-09-02T10:13:05.000Z");
insert into Administers(treatmentGiverID,patientID,treatmentID,timeAdministered) values("90720","29986","70097","2016-05-02T23:28:06.000Z");
insert into Administers(treatmentGiverID,patientID,treatmentID,timeAdministered) values("37469","29588","33214","2016-11-14T09:27:24.000Z");
insert into Administers(treatmentGiverID,patientID,treatmentID,timeAdministered) values("83261","62260","64365","2015-06-04T02:51:17.000Z");
insert into Administers(treatmentGiverID,patientID,treatmentID,timeAdministered) values("78519","67758","52766","2016-08-20T13:00:45.000Z");
insert into Administers(treatmentGiverID,patientID,treatmentID,timeAdministered) values("74656","26388","51881","2014-01-15T07:51:43.000Z");
insert into Administers(treatmentGiverID,patientID,treatmentID,timeAdministered) values("89778","4548","25178","2015-07-31T09:28:23.000Z");
insert into Administers(treatmentGiverID,patientID,treatmentID,timeAdministered) values("43908","80631","25178","2014-01-19T00:43:20.000Z");
insert into Administers(treatmentGiverID,patientID,treatmentID,timeAdministered) values("24581","72327","676","2014-01-19T08:53:30.000Z");
insert into Administers(treatmentGiverID,patientID,treatmentID,timeAdministered) values("89046","54803","53772","2014-01-15T02:20:40.000Z");
insert into Administers(treatmentGiverID,patientID,treatmentID,timeAdministered) values("6388","44909","83590","2014-01-17T13:02:19.000Z");
insert into Administers(treatmentGiverID,patientID,treatmentID,timeAdministered) values("96141","25988","676","2013-12-31T14:41:51.000Z");
insert into Administers(treatmentGiverID,patientID,treatmentID,timeAdministered) values("83261","9969","21365","2016-02-25T07:11:20.000Z");
insert into Administers(treatmentGiverID,patientID,treatmentID,timeAdministered) values("17525","30336","70097","2016-07-02T23:06:24.000Z");
insert into Administers(treatmentGiverID,patientID,treatmentID,timeAdministered) values("98882","66940","5547","2015-01-15T06:54:06.000Z");
insert into Administers(treatmentGiverID,patientID,treatmentID,timeAdministered) values("11914","69641","78284","2014-01-06T20:23:14.000Z");
insert into Administers(treatmentGiverID,patientID,treatmentID,timeAdministered) values("30145","86240","53731","2014-01-24T23:29:23.000Z");
insert into Administers(treatmentGiverID,patientID,treatmentID,timeAdministered) values("55882","69990","83887","2014-01-24T16:53:29.000Z");
insert into Administers(treatmentGiverID,patientID,treatmentID,timeAdministered) values("33971","81208","45912","2016-08-17T23:45:23.000Z");
insert into Administers(treatmentGiverID,patientID,treatmentID,timeAdministered) values("18319","38821","77244","2014-01-03T15:36:00.000Z");
insert into Administers(treatmentGiverID,patientID,treatmentID,timeAdministered) values("44618","55597","2607","2016-09-27T07:23:35.000Z");
insert into Administers(treatmentGiverID,patientID,treatmentID,timeAdministered) values("61250","19113","49850","2015-09-01T08:22:42.000Z");
insert into Administers(treatmentGiverID,patientID,treatmentID,timeAdministered) values("41408","71138","50147","2016-03-13T17:43:35.000Z");
insert into Administers(treatmentGiverID,patientID,treatmentID,timeAdministered) values("96855","3836","53772","2016-08-27T03:17:53.000Z");
insert into Administers(treatmentGiverID,patientID,treatmentID,timeAdministered) values("2002","25646","80597","2015-01-14T17:43:20.000Z");
insert into Administers(treatmentGiverID,patientID,treatmentID,timeAdministered) values("49778","32112","63113","2016-01-10T16:08:17.000Z");
insert into Administers(treatmentGiverID,patientID,treatmentID,timeAdministered) values("8412","42184","2080","2016-05-16T13:28:58.000Z");
insert into Administers(treatmentGiverID,patientID,treatmentID,timeAdministered) values("47710","29050","76796","2016-10-31T12:11:34.000Z");
insert into Administers(treatmentGiverID,patientID,treatmentID,timeAdministered) values("39954","4548","40443","2014-01-09T00:25:57.000Z");
insert into Administers(treatmentGiverID,patientID,treatmentID,timeAdministered) values("97361","63652","80080","2014-01-28T04:55:34.000Z");
insert into Administers(treatmentGiverID,patientID,treatmentID,timeAdministered) values("89046","54399","31344","2016-03-24T06:34:50.000Z");
insert into Administers(treatmentGiverID,patientID,treatmentID,timeAdministered) values("41408","3836","30333","2015-07-18T19:59:19.000Z");
insert into Administers(treatmentGiverID,patientID,treatmentID,timeAdministered) values("6388","24643","54892","2015-06-24T19:07:32.000Z");
insert into Administers(treatmentGiverID,patientID,treatmentID,timeAdministered) values("72046","33323","51977","2015-05-01T23:58:52.000Z");
insert into Administers(treatmentGiverID,patientID,treatmentID,timeAdministered) values("16079","54318","44412","2015-01-12T23:37:57.000Z");
insert into Administers(treatmentGiverID,patientID,treatmentID,timeAdministered) values("17525","24884","21538","2015-07-07T07:23:13.000Z");
insert into Administers(treatmentGiverID,patientID,treatmentID,timeAdministered) values("98882","51108","51881","2014-01-13T08:52:18.000Z");
insert into Administers(treatmentGiverID,patientID,treatmentID,timeAdministered) values("83420","22841","31538","2014-01-11T21:57:44.000Z");
insert into Administers(treatmentGiverID,patientID,treatmentID,timeAdministered) values("42300","55034","89201","2016-01-06T20:06:45.000Z");
insert into Administers(treatmentGiverID,patientID,treatmentID,timeAdministered) values("30227","64399","2957","2015-03-04T15:03:39.000Z");
insert into Administers(treatmentGiverID,patientID,treatmentID,timeAdministered) values("69230","75951","93100","2016-04-07T01:37:21.000Z");
insert into Administers(treatmentGiverID,patientID,treatmentID,timeAdministered) values("61250","75079","30333","2016-06-07T05:11:48.000Z");
insert into Administers(treatmentGiverID,patientID,treatmentID,timeAdministered) values("2275","55597","10592","2016-01-25T16:10:58.000Z");
insert into Administers(treatmentGiverID,patientID,treatmentID,timeAdministered) values("20547","62011","29680","2014-01-15T21:32:12.000Z");
insert into Administers(treatmentGiverID,patientID,treatmentID,timeAdministered) values("61809","60034","5547","2014-01-07T04:53:02.000Z");
insert into Administers(treatmentGiverID,patientID,treatmentID,timeAdministered) values("33780","95116","60695","2014-01-15T07:08:16.000Z");
insert into Administers(treatmentGiverID,patientID,treatmentID,timeAdministered) values("67508","99967","51881","2014-01-09T09:46:06.000Z");
insert into Administers(treatmentGiverID,patientID,treatmentID,timeAdministered) values("30227","48177","50147","2014-01-05T08:06:25.000Z");
insert into Administers(treatmentGiverID,patientID,treatmentID,timeAdministered) values("22440","29308","29780","2016-12-05T05:18:39.000Z");
insert into Administers(treatmentGiverID,patientID,treatmentID,timeAdministered) values("69230","95116","79632","2015-08-22T11:12:15.000Z");
insert into Administers(treatmentGiverID,patientID,treatmentID,timeAdministered) values("88710","27230","1530","2014-01-07T06:48:47.000Z");
insert into Administers(treatmentGiverID,patientID,treatmentID,timeAdministered) values("21170","64526","32573","2015-11-06T23:18:53.000Z");
insert into Administers(treatmentGiverID,patientID,treatmentID,timeAdministered) values("97361","78904","80080","2016-10-12T11:40:47.000Z");
insert into Administers(treatmentGiverID,patientID,treatmentID,timeAdministered) values("3500","65674","32344","2016-07-19T08:59:50.000Z");
insert into Administers(treatmentGiverID,patientID,treatmentID,timeAdministered) values("24581","93475","99242","2015-03-11T15:54:48.000Z");
insert into Orders(doctorID,patientID,treatmentGiverID,treatmentID,date) values("48889","26388","7289","48586","2016-04-18T00:01:12.000Z");
insert into Orders(doctorID,patientID,treatmentGiverID,treatmentID,date) values("75586","10328","82862","80080","2015-01-25T09:06:18.000Z");
insert into Orders(doctorID,patientID,treatmentGiverID,treatmentID,date) values("83014","97838","39954","60695","2015-01-04T08:57:36.000Z");
insert into Orders(doctorID,patientID,treatmentGiverID,treatmentID,date) values("50207","48185","58155","53731","2016-08-09T16:34:55.000Z");
insert into Orders(doctorID,patientID,treatmentGiverID,treatmentID,date) values("4273","45338","80755","52766","2016-11-17T09:37:47.000Z");
insert into Orders(doctorID,patientID,treatmentGiverID,treatmentID,date) values("89706","4849","41408","83887","2015-01-02T23:02:16.000Z");
insert into Orders(doctorID,patientID,treatmentGiverID,treatmentID,date) values("83512","3836","91641","44412","2015-01-03T05:43:14.000Z");
insert into Orders(doctorID,patientID,treatmentGiverID,treatmentID,date) values("49346","10328","43908","2080","2015-01-22T16:15:14.000Z");
insert into Orders(doctorID,patientID,treatmentGiverID,treatmentID,date) values("82190","69990","21170","53731","2015-01-19T21:19:02.000Z");
insert into Orders(doctorID,patientID,treatmentGiverID,treatmentID,date) values("94449","83863","34586","1530","2016-11-20T09:50:06.000Z");
insert into Orders(doctorID,patientID,treatmentGiverID,treatmentID,date) values("56069","6520","35521","52766","2016-11-21T17:10:24.000Z");
insert into Orders(doctorID,patientID,treatmentGiverID,treatmentID,date) values("21011","89111","98882","57558","2015-01-24T20:42:10.000Z");
insert into Orders(doctorID,patientID,treatmentGiverID,treatmentID,date) values("88782","82835","97361","66075","2016-06-22T02:05:23.000Z");
insert into Orders(doctorID,patientID,treatmentGiverID,treatmentID,date) values("50848","35111","2275","39828","2016-04-26T09:08:20.000Z");
insert into Orders(doctorID,patientID,treatmentGiverID,treatmentID,date) values("66166","83863","31052","79632","2015-01-09T11:52:34.000Z");
insert into Orders(doctorID,patientID,treatmentGiverID,treatmentID,date) values("83512","29588","98882","3534","2015-01-03T23:37:36.000Z");
insert into Orders(doctorID,patientID,treatmentGiverID,treatmentID,date) values("25627","69641","96141","1530","2015-01-27T01:52:03.000Z");
insert into Orders(doctorID,patientID,treatmentGiverID,treatmentID,date) values("77957","86342","51159","74997","2015-01-15T07:32:12.000Z");
insert into Orders(doctorID,patientID,treatmentGiverID,treatmentID,date) values("65063","13971","34586","94796","2016-04-05T13:47:54.000Z");
insert into Orders(doctorID,patientID,treatmentGiverID,treatmentID,date) values("49873","55600","11914","52766","2015-01-06T19:54:57.000Z");
insert into Orders(doctorID,patientID,treatmentGiverID,treatmentID,date) values("31933","42975","84792","83887","2016-01-15T18:35:41.000Z");
insert into Orders(doctorID,patientID,treatmentGiverID,treatmentID,date) values("57793","47090","51757","32344","2015-01-19T02:13:17.000Z");
insert into Orders(doctorID,patientID,treatmentGiverID,treatmentID,date) values("57793","19113","16058","1530","2016-10-10T16:57:41.000Z");
insert into Orders(doctorID,patientID,treatmentGiverID,treatmentID,date) values("94617","42099","21128","70097","2015-01-01T04:43:46.000Z");
insert into Orders(doctorID,patientID,treatmentGiverID,treatmentID,date) values("75586","86923","74656","1530","2016-03-10T05:03:25.000Z");
insert into Orders(doctorID,patientID,treatmentGiverID,treatmentID,date) values("21011","80907","33780","89201","2016-07-15T13:18:50.000Z");
insert into Orders(doctorID,patientID,treatmentGiverID,treatmentID,date) values("70022","75092","31362","25178","2016-11-18T23:25:09.000Z");
insert into Orders(doctorID,patientID,treatmentGiverID,treatmentID,date) values("21011","63652","44618","2607","2015-01-27T05:44:56.000Z");
insert into Orders(doctorID,patientID,treatmentGiverID,treatmentID,date) values("21011","10328","51757","35896","2015-01-18T03:22:43.000Z");
insert into Orders(doctorID,patientID,treatmentGiverID,treatmentID,date) values("14800","69641","2374","47576","2015-01-20T11:53:20.000Z");
insert into Orders(doctorID,patientID,treatmentGiverID,treatmentID,date) values("86026","88750","51757","10896","2015-01-11T14:07:36.000Z");
insert into Orders(doctorID,patientID,treatmentGiverID,treatmentID,date) values("79554","21822","43908","54892","2015-01-16T16:40:48.000Z");
insert into Orders(doctorID,patientID,treatmentGiverID,treatmentID,date) values("83512","9725","58399","50457","2016-10-05T17:22:44.000Z");
insert into Orders(doctorID,patientID,treatmentGiverID,treatmentID,date) values("34402","67758","71525","25178","2016-01-08T03:00:18.000Z");
insert into Orders(doctorID,patientID,treatmentGiverID,treatmentID,date) values("66966","79731","31052","35896","2016-12-21T07:14:26.000Z");
insert into Orders(doctorID,patientID,treatmentGiverID,treatmentID,date) values("25627","84031","97361","63113","2015-01-24T06:15:41.000Z");
insert into Orders(doctorID,patientID,treatmentGiverID,treatmentID,date) values("32773","54803","11205","60695","2016-07-19T05:27:49.000Z");
insert into Orders(doctorID,patientID,treatmentGiverID,treatmentID,date) values("32773","79089","1246","53772","2016-07-17T09:16:14.000Z");
insert into Orders(doctorID,patientID,treatmentGiverID,treatmentID,date) values("56069","27230","65971","3680","2016-06-17T03:00:08.000Z");
insert into Orders(doctorID,patientID,treatmentGiverID,treatmentID,date) values("3439","21822","30227","80080","2016-05-18T19:32:17.000Z");
insert into Orders(doctorID,patientID,treatmentGiverID,treatmentID,date) values("52335","24884","89778","94796","2015-01-01T13:45:45.000Z");
insert into Orders(doctorID,patientID,treatmentGiverID,treatmentID,date) values("79554","75600","21128","32344","2016-01-17T16:00:25.000Z");
insert into Orders(doctorID,patientID,treatmentGiverID,treatmentID,date) values("55828","55600","17525","5547","2015-01-08T03:42:45.000Z");
insert into Orders(doctorID,patientID,treatmentGiverID,treatmentID,date) values("69697","2094","90720","52766","2015-01-09T00:17:54.000Z");
insert into Orders(doctorID,patientID,treatmentGiverID,treatmentID,date) values("24909","82947","11914","53731","2016-03-18T21:38:29.000Z");
insert into Orders(doctorID,patientID,treatmentGiverID,treatmentID,date) values("56069","9931","18944","66075","2016-10-24T09:07:30.000Z");
insert into Orders(doctorID,patientID,treatmentGiverID,treatmentID,date) values("63209","95116","41408","2957","2015-01-03T11:25:49.000Z");
insert into Orders(doctorID,patientID,treatmentGiverID,treatmentID,date) values("83512","11","31362","38981","2014-12-31T14:46:59.000Z");
insert into Orders(doctorID,patientID,treatmentGiverID,treatmentID,date) values("7250","5753","37469","87756","2016-06-01T09:31:41.000Z");
insert into Orders(doctorID,patientID,treatmentGiverID,treatmentID,date) values("88310","40975","89046","95710","2016-11-12T08:44:41.000Z");
insert into Orders(doctorID,patientID,treatmentGiverID,treatmentID,date) values("89706","46934","90720","51881","2016-06-20T17:10:49.000Z");
insert into Orders(doctorID,patientID,treatmentGiverID,treatmentID,date) values("4273","52146","85783","82043","2015-01-21T23:25:40.000Z");
insert into Orders(doctorID,patientID,treatmentGiverID,treatmentID,date) values("21011","4920","37246","79632","2016-07-10T19:18:42.000Z");
insert into Orders(doctorID,patientID,treatmentGiverID,treatmentID,date) values("21011","23589","30145","80080","2015-01-04T09:59:44.000Z");
insert into Orders(doctorID,patientID,treatmentGiverID,treatmentID,date) values("67266","63652","83261","99983","2016-12-06T11:27:00.000Z");
insert into Orders(doctorID,patientID,treatmentGiverID,treatmentID,date) values("31933","55597","61250","6539","2016-06-20T07:00:52.000Z");
insert into Orders(doctorID,patientID,treatmentGiverID,treatmentID,date) values("4273","54640","89778","8890","2015-01-12T16:53:09.000Z");
insert into Orders(doctorID,patientID,treatmentGiverID,treatmentID,date) values("56069","71126","69230","25178","2015-01-19T15:07:08.000Z");
insert into Orders(doctorID,patientID,treatmentGiverID,treatmentID,date) values("70022","46561","83261","79632","2016-07-13T07:41:05.000Z");
insert into Orders(doctorID,patientID,treatmentGiverID,treatmentID,date) values("55828","22841","17525","45912","2015-01-02T05:45:32.000Z");
insert into Orders(doctorID,patientID,treatmentGiverID,treatmentID,date) values("98639","46934","16058","31199","2016-10-20T14:13:41.000Z");
insert into Orders(doctorID,patientID,treatmentGiverID,treatmentID,date) values("7250","9725","30227","99983","2016-07-07T18:47:04.000Z");
insert into Orders(doctorID,patientID,treatmentGiverID,treatmentID,date) values("83703","81208","20547","80597","2015-01-27T07:00:33.000Z");
insert into Orders(doctorID,patientID,treatmentGiverID,treatmentID,date) values("45367","46934","65971","82043","2016-03-21T00:53:05.000Z");
insert into Orders(doctorID,patientID,treatmentGiverID,treatmentID,date) values("97345","52146","44618","83887","2015-01-17T02:46:29.000Z");
insert into Orders(doctorID,patientID,treatmentGiverID,treatmentID,date) values("79554","74919","88230","2957","2016-01-20T14:16:09.000Z");
insert into Orders(doctorID,patientID,treatmentGiverID,treatmentID,date) values("90629","46561","20547","35896","2016-06-20T19:31:42.000Z");
insert into Orders(doctorID,patientID,treatmentGiverID,treatmentID,date) values("83512","52146","39954","50147","2015-01-22T19:41:18.000Z");
insert into Orders(doctorID,patientID,treatmentGiverID,treatmentID,date) values("14800","7562","1246","29780","2015-01-07T11:04:59.000Z");
insert into Orders(doctorID,patientID,treatmentGiverID,treatmentID,date) values("40970","62862","30145","3680","2015-01-12T07:16:00.000Z");
insert into Orders(doctorID,patientID,treatmentGiverID,treatmentID,date) values("83512","51108","83261","83887","2016-03-15T15:00:54.000Z");
insert into Orders(doctorID,patientID,treatmentGiverID,treatmentID,date) values("67266","3836","43908","6539","2016-11-09T01:55:22.000Z");
insert into Orders(doctorID,patientID,treatmentGiverID,treatmentID,date) values("21011","69641","3500","5547","2016-01-25T03:44:36.000Z");
insert into Orders(doctorID,patientID,treatmentGiverID,treatmentID,date) values("66166","35111","61250","84374","2015-01-01T12:32:18.000Z");
insert into Orders(doctorID,patientID,treatmentGiverID,treatmentID,date) values("49873","75951","88710","47576","2015-01-12T03:18:08.000Z");
insert into Orders(doctorID,patientID,treatmentGiverID,treatmentID,date) values("48889","24884","2275","99242","2016-05-11T06:12:54.000Z");
insert into Orders(doctorID,patientID,treatmentGiverID,treatmentID,date) values("45367","86342","96855","2607","2016-04-01T09:36:53.000Z");
insert into Orders(doctorID,patientID,treatmentGiverID,treatmentID,date) values("98639","23589","51757","52096","2015-01-25T16:39:59.000Z");
insert into Orders(doctorID,patientID,treatmentGiverID,treatmentID,date) values("94617","17235","41974","35896","2016-03-04T07:13:49.000Z");
insert into Orders(doctorID,patientID,treatmentGiverID,treatmentID,date) values("56069","71207","39954","34820","2016-05-25T17:12:39.000Z");
insert into Orders(doctorID,patientID,treatmentGiverID,treatmentID,date) values("83512","4548","39954","54892","2015-01-27T22:45:20.000Z");
insert into Orders(doctorID,patientID,treatmentGiverID,treatmentID,date) values("7250","86342","70623","54892","2016-03-12T11:40:11.000Z");
insert into Orders(doctorID,patientID,treatmentGiverID,treatmentID,date) values("48889","80227","30145","6539","2016-08-21T13:03:24.000Z");
insert into Orders(doctorID,patientID,treatmentGiverID,treatmentID,date) values("55828","11","30145","51881","2015-01-23T17:53:33.000Z");
insert into Orders(doctorID,patientID,treatmentGiverID,treatmentID,date) values("68732","42099","65971","54892","2015-01-11T07:50:43.000Z");
insert into Orders(doctorID,patientID,treatmentGiverID,treatmentID,date) values("77957","81661","81230","74997","2015-01-11T11:14:39.000Z");
insert into Orders(doctorID,patientID,treatmentGiverID,treatmentID,date) values("94449","17235","35521","25178","2015-01-24T07:13:45.000Z");
insert into Orders(doctorID,patientID,treatmentGiverID,treatmentID,date) values("94449","79021","17525","95710","2015-01-05T23:23:41.000Z");
insert into Orders(doctorID,patientID,treatmentGiverID,treatmentID,date) values("48889","81208","37469","51881","2016-12-27T08:31:29.000Z");
insert into Orders(doctorID,patientID,treatmentGiverID,treatmentID,date) values("81414","26388","24581","80080","2015-01-13T16:35:34.000Z");
insert into Orders(doctorID,patientID,treatmentGiverID,treatmentID,date) values("79554","29588","16079","21365","2015-01-04T11:25:42.000Z");
insert into Orders(doctorID,patientID,treatmentGiverID,treatmentID,date) values("91895","14062","65971","5547","2015-01-10T13:34:52.000Z");
insert into Orders(doctorID,patientID,treatmentGiverID,treatmentID,date) values("14800","48177","65971","64365","2015-01-12T16:20:17.000Z");
insert into Orders(doctorID,patientID,treatmentGiverID,treatmentID,date) values("81414","62260","21170","35896","2016-08-20T04:50:05.000Z");
insert into Orders(doctorID,patientID,treatmentGiverID,treatmentID,date) values("97345","98550","43908","54711","2015-01-17T15:43:27.000Z");
insert into Orders(doctorID,patientID,treatmentGiverID,treatmentID,date) values("90629","35111","90720","13718","2015-01-16T14:45:35.000Z");
insert into Orders(doctorID,patientID,treatmentGiverID,treatmentID,date) values("81414","47090","24581","79632","2015-01-06T22:25:28.000Z");
insert into Orders(doctorID,patientID,treatmentGiverID,treatmentID,date) values("66166","40657","2374","51977","2016-03-11T00:49:23.000Z");
insert into Orders(doctorID,patientID,treatmentGiverID,treatmentID,date) values("50207","54318","91873","41870","2015-01-27T04:08:49.000Z");
insert into Orders(doctorID,patientID,treatmentGiverID,treatmentID,date) values("83703","69990","71525","41870","2014-12-31T13:17:11.000Z");
insert into Orders(doctorID,patientID,treatmentGiverID,treatmentID,date) values("34402","48177","40471","50147","2016-02-01T12:16:06.000Z");
insert into Orders(doctorID,patientID,treatmentGiverID,treatmentID,date) values("4273","30332","67508","53731","2016-12-05T01:04:40.000Z");
insert into Orders(doctorID,patientID,treatmentGiverID,treatmentID,date) values("25627","4849","11629","50457","2015-01-05T22:03:49.000Z");
insert into Orders(doctorID,patientID,treatmentGiverID,treatmentID,date) values("83512","76096","82862","53772","2016-11-17T15:44:47.000Z");
insert into Orders(doctorID,patientID,treatmentGiverID,treatmentID,date) values("55828","63652","96855","70097","2015-01-14T15:16:47.000Z");
insert into Orders(doctorID,patientID,treatmentGiverID,treatmentID,date) values("32773","3836","47710","3680","2015-01-21T17:49:22.000Z");
insert into Orders(doctorID,patientID,treatmentGiverID,treatmentID,date) values("83703","98620","96141","10592","2015-01-16T03:46:02.000Z");
insert into Orders(doctorID,patientID,treatmentGiverID,treatmentID,date) values("94617","54318","82862","99983","2015-01-14T15:01:21.000Z");
insert into Orders(doctorID,patientID,treatmentGiverID,treatmentID,date) values("69697","3836","697","53731","2015-01-23T16:07:42.000Z");
insert into Orders(doctorID,patientID,treatmentGiverID,treatmentID,date) values("97345","42099","51224","13718","2015-01-24T11:58:29.000Z");
insert into Orders(doctorID,patientID,treatmentGiverID,treatmentID,date) values("65063","73098","21170","79632","2015-01-11T03:05:08.000Z");
insert into Orders(doctorID,patientID,treatmentGiverID,treatmentID,date) values("48889","12284","89046","25178","2016-01-23T14:12:27.000Z");
insert into Orders(doctorID,patientID,treatmentGiverID,treatmentID,date) values("66966","74351","89046","2080","2015-01-13T06:10:35.000Z");
insert into Orders(doctorID,patientID,treatmentGiverID,treatmentID,date) values("70022","80907","21170","2607","2015-01-01T03:12:10.000Z");
insert into Orders(doctorID,patientID,treatmentGiverID,treatmentID,date) values("83512","66707","18319","53772","2015-01-25T18:32:03.000Z");
insert into Orders(doctorID,patientID,treatmentGiverID,treatmentID,date) values("75586","62862","97361","80080","2016-04-24T20:57:52.000Z");
insert into Orders(doctorID,patientID,treatmentGiverID,treatmentID,date) values("36602","2411","91791","54711","2016-04-22T09:39:08.000Z");
insert into Orders(doctorID,patientID,treatmentGiverID,treatmentID,date) values("7250","10740","2002","41870","2015-01-03T09:14:21.000Z");
insert into Orders(doctorID,patientID,treatmentGiverID,treatmentID,date) values("25627","98550","90720","3534","2016-01-01T09:59:20.000Z");
insert into Orders(doctorID,patientID,treatmentGiverID,treatmentID,date) values("94449","27230","97361","30928","2015-01-07T09:06:59.000Z");
insert into Orders(doctorID,patientID,treatmentGiverID,treatmentID,date) values("55828","75600","96855","44412","2015-01-26T06:06:32.000Z");
insert into Orders(doctorID,patientID,treatmentGiverID,treatmentID,date) values("50207","69990","30145","78284","2014-12-31T21:54:26.000Z");
insert into Orders(doctorID,patientID,treatmentGiverID,treatmentID,date) values("40970","14992","30145","99983","2015-01-22T04:52:46.000Z");
insert into Orders(doctorID,patientID,treatmentGiverID,treatmentID,date) values("13380","12909","16079","93100","2016-10-17T03:32:19.000Z");
insert into Orders(doctorID,patientID,treatmentGiverID,treatmentID,date) values("21011","82015","17525","51881","2015-01-16T19:19:47.000Z");
insert into Orders(doctorID,patientID,treatmentGiverID,treatmentID,date) values("92697","54803","34586","63113","2016-01-05T02:45:59.000Z");
insert into Orders(doctorID,patientID,treatmentGiverID,treatmentID,date) values("65063","35111","37246","47576","2015-01-24T14:59:29.000Z");
insert into Orders(doctorID,patientID,treatmentGiverID,treatmentID,date) values("31933","86342","71525","50147","2016-01-22T03:31:44.000Z");
insert into Orders(doctorID,patientID,treatmentGiverID,treatmentID,date) values("14800","79021","57690","41870","2015-01-05T17:26:49.000Z");
insert into Orders(doctorID,patientID,treatmentGiverID,treatmentID,date) values("52335","80907","99794","53731","2015-01-22T01:54:42.000Z");
insert into Orders(doctorID,patientID,treatmentGiverID,treatmentID,date) values("50848","75079","11629","676","2016-03-11T18:01:51.000Z");
insert into Orders(doctorID,patientID,treatmentGiverID,treatmentID,date) values("49346","19113","81097","51881","2016-05-08T15:38:56.000Z");
insert into Orders(doctorID,patientID,treatmentGiverID,treatmentID,date) values("83703","10328","91641","79632","2015-01-14T11:24:43.000Z");
insert into Orders(doctorID,patientID,treatmentGiverID,treatmentID,date) values("56069","3836","18944","41870","2016-11-14T03:47:46.000Z");
insert into Orders(doctorID,patientID,treatmentGiverID,treatmentID,date) values("50848","97455","44618","84374","2016-07-21T15:39:20.000Z");
insert into Orders(doctorID,patientID,treatmentGiverID,treatmentID,date) values("66166","40975","16058","31538","2015-01-04T17:24:01.000Z");
insert into Orders(doctorID,patientID,treatmentGiverID,treatmentID,date) values("7250","55600","2374","52096","2015-01-28T04:58:35.000Z");
insert into Orders(doctorID,patientID,treatmentGiverID,treatmentID,date) values("7250","75951","54143","32344","2016-09-23T23:30:40.000Z");
insert into Orders(doctorID,patientID,treatmentGiverID,treatmentID,date) values("67266","48185","31362","2607","2015-01-01T20:39:37.000Z");
insert into Orders(doctorID,patientID,treatmentGiverID,treatmentID,date) values("79554","73098","37246","47576","2016-03-18T23:46:17.000Z");
insert into Orders(doctorID,patientID,treatmentGiverID,treatmentID,date) values("55828","76096","39954","80597","2016-09-09T23:05:50.000Z");
insert into Orders(doctorID,patientID,treatmentGiverID,treatmentID,date) values("63209","42099","44618","53731","2015-01-05T13:02:38.000Z");
insert into Orders(doctorID,patientID,treatmentGiverID,treatmentID,date) values("89706","82947","78519","95710","2015-01-26T22:51:43.000Z");
insert into Orders(doctorID,patientID,treatmentGiverID,treatmentID,date) values("89706","4548","57690","64365","2015-01-17T11:14:50.000Z");
insert into Orders(doctorID,patientID,treatmentGiverID,treatmentID,date) values("13380","14992","16058","35896","2015-01-22T12:14:56.000Z");
insert into Orders(doctorID,patientID,treatmentGiverID,treatmentID,date) values("36602","24884","16058","6539","2016-03-14T16:59:00.000Z");
insert into Orders(doctorID,patientID,treatmentGiverID,treatmentID,date) values("49873","9725","47710","45912","2016-05-03T06:05:09.000Z");
insert into Orders(doctorID,patientID,treatmentGiverID,treatmentID,date) values("55828","60162","17525","6539","2015-01-10T11:01:26.000Z");
insert into Orders(doctorID,patientID,treatmentGiverID,treatmentID,date) values("25627","71207","71525","32884","2016-03-11T21:34:08.000Z");
insert into Orders(doctorID,patientID,treatmentGiverID,treatmentID,date) values("77957","25988","30145","1530","2015-01-25T05:06:26.000Z");
insert into Orders(doctorID,patientID,treatmentGiverID,treatmentID,date) values("83703","63652","20547","32344","2015-01-18T16:19:51.000Z");
insert into Orders(doctorID,patientID,treatmentGiverID,treatmentID,date) values("75586","98162","61809","51881","2015-01-10T17:28:48.000Z");
insert into Orders(doctorID,patientID,treatmentGiverID,treatmentID,date) values("4273","21822","54143","76524","2015-01-11T01:34:12.000Z");
insert into Orders(doctorID,patientID,treatmentGiverID,treatmentID,date) values("40970","52146","30145","2607","2016-01-21T10:14:45.000Z");
insert into Orders(doctorID,patientID,treatmentGiverID,treatmentID,date) values("40970","81661","43908","31344","2015-01-01T18:00:21.000Z");
insert into Orders(doctorID,patientID,treatmentGiverID,treatmentID,date) values("49346","95629","18944","51977","2016-11-01T10:28:09.000Z");
insert into Orders(doctorID,patientID,treatmentGiverID,treatmentID,date) values("55828","89111","77133","66075","2015-01-26T23:50:16.000Z");
insert into Orders(doctorID,patientID,treatmentGiverID,treatmentID,date) values("55828","83863","91641","53772","2016-03-24T02:14:36.000Z");
insert into Orders(doctorID,patientID,treatmentGiverID,treatmentID,date) values("55828","65674","44618","2080","2015-01-19T08:41:09.000Z");
insert into Orders(doctorID,patientID,treatmentGiverID,treatmentID,date) values("83703","10328","39954","95710","2015-01-05T03:18:28.000Z");
insert into Orders(doctorID,patientID,treatmentGiverID,treatmentID,date) values("97345","4849","33971","64775","2016-02-12T19:36:40.000Z");
insert into Orders(doctorID,patientID,treatmentGiverID,treatmentID,date) values("88782","30789","90720","70097","2015-01-08T09:11:04.000Z");
insert into Orders(doctorID,patientID,treatmentGiverID,treatmentID,date) values("65063","60162","51757","84374","2015-01-20T22:59:32.000Z");
insert into Orders(doctorID,patientID,treatmentGiverID,treatmentID,date) values("22473","75951","69230","34820","2016-10-13T17:49:50.000Z");
insert into Orders(doctorID,patientID,treatmentGiverID,treatmentID,date) values("22473","63652","71525","30333","2016-11-23T03:24:01.000Z");
insert into Orders(doctorID,patientID,treatmentGiverID,treatmentID,date) values("31933","67758","67508","13254","2016-05-10T11:49:59.000Z");
insert into Orders(doctorID,patientID,treatmentGiverID,treatmentID,date) values("50848","79731","30227","42865","2016-07-31T16:08:25.000Z");
insert into Orders(doctorID,patientID,treatmentGiverID,treatmentID,date) values("90629","76096","11205","67766","2015-01-12T02:16:39.000Z");
insert into Orders(doctorID,patientID,treatmentGiverID,treatmentID,date) values("86026","95629","41408","84374","2015-01-02T15:44:41.000Z");
insert into Orders(doctorID,patientID,treatmentGiverID,treatmentID,date) values("7250","76096","83261","60695","2016-07-06T20:20:08.000Z");
insert into Orders(doctorID,patientID,treatmentGiverID,treatmentID,date) values("40970","6520","31362","76796","2016-12-22T06:50:03.000Z");
insert into Orders(doctorID,patientID,treatmentGiverID,treatmentID,date) values("88310","17235","30145","8890","2016-12-20T01:44:13.000Z");
insert into Orders(doctorID,patientID,treatmentGiverID,treatmentID,date) values("45367","63652","34586","70097","2015-01-01T02:07:22.000Z");
insert into Orders(doctorID,patientID,treatmentGiverID,treatmentID,date) values("49873","22841","21128","44412","2015-01-07T10:43:39.000Z");
insert into Orders(doctorID,patientID,treatmentGiverID,treatmentID,date) values("79554","97838","30227","93100","2015-01-22T23:53:46.000Z");
insert into Orders(doctorID,patientID,treatmentGiverID,treatmentID,date) values("21011","43219","32717","64365","2016-06-24T22:56:03.000Z");
insert into Orders(doctorID,patientID,treatmentGiverID,treatmentID,date) values("66966","43219","54143","83590","2015-01-18T09:40:52.000Z");
insert into Orders(doctorID,patientID,treatmentGiverID,treatmentID,date) values("83014","19113","37469","13254","2016-03-11T18:53:38.000Z");
insert into Orders(doctorID,patientID,treatmentGiverID,treatmentID,date) values("75586","71207","72046","2607","2016-08-13T17:58:09.000Z");
insert into Orders(doctorID,patientID,treatmentGiverID,treatmentID,date) values("32773","52146","21128","21538","2015-01-24T18:02:55.000Z");
insert into Orders(doctorID,patientID,treatmentGiverID,treatmentID,date) values("94617","79731","96855","57558","2016-10-12T02:01:09.000Z");
insert into Orders(doctorID,patientID,treatmentGiverID,treatmentID,date) values("75586","69990","61250","57558","2015-01-02T12:03:27.000Z");
insert into Orders(doctorID,patientID,treatmentGiverID,treatmentID,date) values("4273","9725","81097","80080","2015-01-13T08:42:10.000Z");
insert into Orders(doctorID,patientID,treatmentGiverID,treatmentID,date) values("94617","89111","24581","2607","2016-08-10T08:26:06.000Z");
insert into Orders(doctorID,patientID,treatmentGiverID,treatmentID,date) values("82190","69990","37469","50147","2016-02-26T21:32:33.000Z");
insert into Orders(doctorID,patientID,treatmentGiverID,treatmentID,date) values("40970","2411","31362","51977","2015-01-13T14:43:22.000Z");
insert into Orders(doctorID,patientID,treatmentGiverID,treatmentID,date) values("66966","74971","91641","87881","2015-01-18T14:58:20.000Z");
insert into Orders(doctorID,patientID,treatmentGiverID,treatmentID,date) values("55828","58811","89046","35896","2016-07-03T19:19:03.000Z");
insert into Orders(doctorID,patientID,treatmentGiverID,treatmentID,date) values("88310","21822","61250","40443","2016-11-14T18:31:55.000Z");
insert into Orders(doctorID,patientID,treatmentGiverID,treatmentID,date) values("97345","75951","11914","13126","2015-01-22T09:03:15.000Z");
insert into Orders(doctorID,patientID,treatmentGiverID,treatmentID,date) values("21011","2411","72046","80080","2016-03-04T05:09:31.000Z");
insert into Orders(doctorID,patientID,treatmentGiverID,treatmentID,date) values("94617","90290","51757","32884","2015-01-18T07:49:35.000Z");
insert into Orders(doctorID,patientID,treatmentGiverID,treatmentID,date) values("49873","97455","24581","30517","2016-07-07T08:16:45.000Z");
insert into Orders(doctorID,patientID,treatmentGiverID,treatmentID,date) values("90629","69990","65971","25178","2016-06-03T12:41:26.000Z");
insert into Orders(doctorID,patientID,treatmentGiverID,treatmentID,date) values("86026","17235","33780","67766","2016-09-07T13:27:13.000Z");
insert into Orders(doctorID,patientID,treatmentGiverID,treatmentID,date) values("36602","54640","72046","54892","2015-01-02T01:01:21.000Z");
insert into Orders(doctorID,patientID,treatmentGiverID,treatmentID,date) values("83512","27847","39954","62808","2016-08-25T19:11:38.000Z");
insert into Orders(doctorID,patientID,treatmentGiverID,treatmentID,date) values("48889","60162","74656","54892","2016-08-01T05:06:16.000Z");
insert into Orders(doctorID,patientID,treatmentGiverID,treatmentID,date) values("70022","48185","41974","44926","2016-02-14T17:59:51.000Z");
insert into Orders(doctorID,patientID,treatmentGiverID,treatmentID,date) values("31933","84031","81097","13254","2016-09-14T03:57:18.000Z");
insert into Admin(employeeID) values("970");
insert into Admin(employeeID) values("1114");
insert into Admin(employeeID) values("1681");
insert into Admin(employeeID) values("3439");
insert into Admin(employeeID) values("4273");
insert into Admin(employeeID) values("5046");
insert into Admin(employeeID) values("5356");
insert into Admin(employeeID) values("7250");
insert into Admin(employeeID) values("8178");
insert into Admin(employeeID) values("9079");
insert into Admin(employeeID) values("11450");
insert into Admin(employeeID) values("13380");
insert into Admin(employeeID) values("13782");
insert into Admin(employeeID) values("14082");
insert into Admin(employeeID) values("18360");
insert into Admin(employeeID) values("19239");
insert into Admin(employeeID) values("19355");
insert into Admin(employeeID) values("21011");
insert into Admin(employeeID) values("21587");
insert into Admin(employeeID) values("22473");
insert into Admin(employeeID) values("22996");
insert into Admin(employeeID) values("24909");
insert into Admin(employeeID) values("25627");
insert into Admin(employeeID) values("27786");
insert into Admin(employeeID) values("28120");
insert into Admin(employeeID) values("29731");
insert into Admin(employeeID) values("29766");
insert into Admin(employeeID) values("29850");
insert into Admin(employeeID) values("30032");
insert into Admin(employeeID) values("30804");
insert into Admin(employeeID) values("31740");
insert into Admin(employeeID) values("31933");
insert into Admin(employeeID) values("33888");
insert into Admin(employeeID) values("34402");
insert into Admin(employeeID) values("36602");
insert into Admin(employeeID) values("37313");
insert into Admin(employeeID) values("40871");
insert into Admin(employeeID) values("40970");
insert into Admin(employeeID) values("45367");
insert into Admin(employeeID) values("46365");
insert into Admin(employeeID) values("48889");
insert into Admin(employeeID) values("49346");
insert into Admin(employeeID) values("49873");
insert into Admin(employeeID) values("50207");
insert into Admin(employeeID) values("50848");
insert into Admin(employeeID) values("52255");
insert into Admin(employeeID) values("52335");
insert into Admin(employeeID) values("55828");
insert into Admin(employeeID) values("56069");
insert into Admin(employeeID) values("57793");
insert into Admin(employeeID) values("61797");
insert into Admin(employeeID) values("63209");
insert into Admin(employeeID) values("63229");
insert into Admin(employeeID) values("64491");
insert into Admin(employeeID) values("66966");
insert into Admin(employeeID) values("67266");
insert into Admin(employeeID) values("68732");
insert into Admin(employeeID) values("69085");
insert into Admin(employeeID) values("69697");
insert into Admin(employeeID) values("70022");
insert into Admin(employeeID) values("70324");
insert into Admin(employeeID) values("75586");
insert into Admin(employeeID) values("75645");
insert into Admin(employeeID) values("76050");
insert into Admin(employeeID) values("76464");
insert into Admin(employeeID) values("77546");
insert into Admin(employeeID) values("77957");
insert into Admin(employeeID) values("80466");
insert into Admin(employeeID) values("81414");
insert into Admin(employeeID) values("81639");
insert into Admin(employeeID) values("82190");
insert into Admin(employeeID) values("83014");
insert into Admin(employeeID) values("83512");
insert into Admin(employeeID) values("83703");
insert into Admin(employeeID) values("86026");
insert into Admin(employeeID) values("88310");
insert into Admin(employeeID) values("88782");
insert into Admin(employeeID) values("89706");
insert into Admin(employeeID) values("90629");
insert into Admin(employeeID) values("91895");
insert into Admin(employeeID) values("92697");
insert into Admin(employeeID) values("94314");
insert into Admin(employeeID) values("94449");
insert into Admin(employeeID) values("94617");
insert into Admin(employeeID) values("97345");
insert into Admin(employeeID) values("98639");
insert into Discharges(AdminID,patientID,date) values("27786","30789","2016-05-22T04:57:04.000Z");
insert into Discharges(AdminID,patientID,date) values("56069","27847","2016-10-22T21:45:08.000Z");
insert into Discharges(AdminID,patientID,date) values("52335","60420","2016-02-20T23:59:24.000Z");
insert into Discharges(AdminID,patientID,date) values("31933","60420","2016-12-02T08:03:45.000Z");
insert into Discharges(AdminID,patientID,date) values("31933","80907","2016-09-16T17:05:30.000Z");
insert into Discharges(AdminID,patientID,date) values("94617","21822","2016-10-09T08:50:24.000Z");
insert into Discharges(AdminID,patientID,date) values("13782","95629","2016-01-27T13:46:46.000Z");
insert into Discharges(AdminID,patientID,date) values("63229","75951","2014-01-20T00:48:44.000Z");
insert into Discharges(AdminID,patientID,date) values("94314","66707","2016-02-18T16:35:43.000Z");
insert into Discharges(AdminID,patientID,date) values("57793","79688","2016-09-20T15:44:03.000Z");
insert into Discharges(AdminID,patientID,date) values("94617","21475","2016-12-28T00:20:16.000Z");
insert into Discharges(AdminID,patientID,date) values("5046","43219","2016-03-22T23:25:50.000Z");
insert into Discharges(AdminID,patientID,date) values("75645","64526","2016-12-09T06:17:54.000Z");
insert into Discharges(AdminID,patientID,date) values("64491","48185","2015-08-26T08:38:34.000Z");
insert into Discharges(AdminID,patientID,date) values("81639","71126","2016-07-09T22:43:38.000Z");
insert into Discharges(AdminID,patientID,date) values("98639","82150","2016-11-30T16:53:44.000Z");
insert into Discharges(AdminID,patientID,date) values("55828","21475","2016-12-28T05:33:23.000Z");
insert into Discharges(AdminID,patientID,date) values("22473","74971","2016-05-31T20:37:28.000Z");
insert into Discharges(AdminID,patientID,date) values("88310","79089","2016-11-05T12:31:16.000Z");
insert into Discharges(AdminID,patientID,date) values("63229","51349","2016-08-04T13:01:32.000Z");
insert into Discharges(AdminID,patientID,date) values("52335","47565","2016-10-15T21:38:17.000Z");
insert into Discharges(AdminID,patientID,date) values("25627","45338","2016-03-20T20:44:45.000Z");
insert into Discharges(AdminID,patientID,date) values("75645","12909","2016-08-12T08:32:12.000Z");
insert into Discharges(AdminID,patientID,date) values("90629","98057","2016-07-27T23:15:54.000Z");
insert into Discharges(AdminID,patientID,date) values("13380","51349","2016-12-28T05:24:48.000Z");
insert into Discharges(AdminID,patientID,date) values("27786","80907","2016-11-04T03:13:32.000Z");
insert into Discharges(AdminID,patientID,date) values("52255","27230","2016-01-17T12:03:41.000Z");
insert into Discharges(AdminID,patientID,date) values("94617","5437","2016-01-03T17:19:22.000Z");
insert into Discharges(AdminID,patientID,date) values("31933","76571","2016-02-10T20:12:50.000Z");
insert into Discharges(AdminID,patientID,date) values("52255","42975","2016-10-10T17:33:05.000Z");
insert into Discharges(AdminID,patientID,date) values("67266","84031","2016-12-13T10:41:41.000Z");
insert into Discharges(AdminID,patientID,date) values("70324","31683","2016-09-21T23:26:36.000Z");
insert into Discharges(AdminID,patientID,date) values("69085","76022","2016-01-16T16:20:16.000Z");
insert into Discharges(AdminID,patientID,date) values("77957","65674","2015-08-23T19:14:31.000Z");
insert into Discharges(AdminID,patientID,date) values("40970","21475","2016-12-28T05:46:10.000Z");
insert into Discharges(AdminID,patientID,date) values("13380","12909","2016-09-18T02:00:28.000Z");
insert into Discharges(AdminID,patientID,date) values("94617","25983","2016-11-01T21:56:12.000Z");
insert into Discharges(AdminID,patientID,date) values("50848","9788","2016-10-06T08:34:08.000Z");
insert into Discharges(AdminID,patientID,date) values("69085","4548","2015-10-09T08:12:40.000Z");
insert into Discharges(AdminID,patientID,date) values("34402","47565","2016-11-18T07:03:14.000Z");
insert into Discharges(AdminID,patientID,date) values("69697","14062","2016-12-13T11:01:07.000Z");
insert into Discharges(AdminID,patientID,date) values("11450","81279","2016-05-08T11:21:22.000Z");
insert into Discharges(AdminID,patientID,date) values("52255","42099","2016-05-22T04:03:59.000Z");
insert into Discharges(AdminID,patientID,date) values("81639","4849","2015-11-15T03:16:36.000Z");
insert into Discharges(AdminID,patientID,date) values("69085","55597","2015-03-25T17:12:18.000Z");
insert into Discharges(AdminID,patientID,date) values("24909","19113","2016-08-12T20:25:37.000Z");
insert into Discharges(AdminID,patientID,date) values("4273","3836","2016-05-19T14:54:37.000Z");
insert into Discharges(AdminID,patientID,date) values("80466","82015","2016-04-08T10:47:54.000Z");
insert into Discharges(AdminID,patientID,date) values("1114","54399","2015-11-27T02:35:00.000Z");
insert into Discharges(AdminID,patientID,date) values("82190","64526","2016-12-27T21:09:42.000Z");
insert into Discharges(AdminID,patientID,date) values("30804","71207","2014-01-11T05:17:53.000Z");
insert into Discharges(AdminID,patientID,date) values("75586","23589","2016-11-25T03:49:31.000Z");
insert into Discharges(AdminID,patientID,date) values("7250","45338","2016-12-10T19:09:21.000Z");
insert into Discharges(AdminID,patientID,date) values("3439","51785","2016-05-08T09:49:09.000Z");
insert into Discharges(AdminID,patientID,date) values("21587","76571","2016-12-17T18:40:01.000Z");
insert into Discharges(AdminID,patientID,date) values("29731","11036","2015-09-01T06:27:24.000Z");
insert into Discharges(AdminID,patientID,date) values("66966","54399","2016-09-04T11:20:47.000Z");
insert into Discharges(AdminID,patientID,date) values("5046","22814","2016-04-02T14:49:09.000Z");
insert into Discharges(AdminID,patientID,date) values("14082","52146","2016-06-19T17:26:03.000Z");
insert into Discharges(AdminID,patientID,date) values("45367","52146","2016-11-06T22:29:17.000Z");
insert into Discharges(AdminID,patientID,date) values("3439","80227","2016-09-23T04:27:06.000Z");
insert into Discharges(AdminID,patientID,date) values("1681","33635","2016-07-16T06:43:45.000Z");
insert into Discharges(AdminID,patientID,date) values("94314","79688","2016-12-25T04:16:39.000Z");
insert into Discharges(AdminID,patientID,date) values("83014","54318","2015-12-08T16:56:23.000Z");
insert into Discharges(AdminID,patientID,date) values("94314","80631","2015-08-12T18:57:59.000Z");
insert into Discharges(AdminID,patientID,date) values("13782","4920","2016-05-31T15:58:01.000Z");
insert into Discharges(AdminID,patientID,date) values("25627","70180","2016-11-27T13:33:00.000Z");
insert into Discharges(AdminID,patientID,date) values("63209","45998","2016-04-11T05:04:45.000Z");
insert into Discharges(AdminID,patientID,date) values("64491","89228","2015-02-12T18:56:20.000Z");
insert into Discharges(AdminID,patientID,date) values("92697","10740","2016-04-03T01:36:50.000Z");
insert into Discharges(AdminID,patientID,date) values("30032","55418","2016-08-11T08:49:40.000Z");
insert into Discharges(AdminID,patientID,date) values("83512","54318","2016-05-23T10:11:07.000Z");
insert into Discharges(AdminID,patientID,date) values("69697","46934","2016-12-17T13:07:20.000Z");
insert into Discharges(AdminID,patientID,date) values("13782","82947","2015-09-09T19:40:07.000Z");
insert into Discharges(AdminID,patientID,date) values("19239","80227","2016-12-25T04:30:43.000Z");
insert into Discharges(AdminID,patientID,date) values("40871","55418","2016-12-27T20:45:10.000Z");
insert into Discharges(AdminID,patientID,date) values("25627","71138","2016-12-10T04:18:59.000Z");
insert into Discharges(AdminID,patientID,date) values("19355","27847","2016-12-09T11:37:50.000Z");
insert into Discharges(AdminID,patientID,date) values("64491","29216","2016-12-09T03:09:25.000Z");
insert into Discharges(AdminID,patientID,date) values("49873","4548","2016-11-24T15:43:39.000Z");
insert into Discharges(AdminID,patientID,date) values("86026","74919","2016-02-03T07:34:41.000Z");
insert into Discharges(AdminID,patientID,date) values("37313","46066","2015-05-14T13:08:46.000Z");
insert into Discharges(AdminID,patientID,date) values("61797","64399","2015-09-04T09:25:35.000Z");
insert into Discharges(AdminID,patientID,date) values("22996","52146","2016-12-08T14:29:02.000Z");
insert into Discharges(AdminID,patientID,date) values("89706","17235","2016-12-24T11:35:52.000Z");
insert into Discharges(AdminID,patientID,date) values("45367","79089","2016-11-23T05:24:57.000Z");
insert into Discharges(AdminID,patientID,date) values("56069","10740","2016-12-01T23:39:05.000Z");
insert into Discharges(AdminID,patientID,date) values("31933","19113","2016-11-08T13:16:09.000Z");
insert into Discharges(AdminID,patientID,date) values("88782","71138","2016-12-14T13:50:18.000Z");
insert into Discharges(AdminID,patientID,date) values("3439","75951","2016-03-04T17:38:00.000Z");
insert into Discharges(AdminID,patientID,date) values("33888","27847","2016-12-25T08:03:45.000Z");
insert into Discharges(AdminID,patientID,date) values("50207","64526","2016-12-28T05:19:57.000Z");
insert into Discharges(AdminID,patientID,date) values("81414","65674","2016-10-21T23:47:45.000Z");
insert into Discharges(AdminID,patientID,date) values("64491","30336","2014-01-27T21:57:26.000Z");
insert into Discharges(AdminID,patientID,date) values("61797","76178","2016-11-13T03:09:46.000Z");
insert into Discharges(AdminID,patientID,date) values("7250","25983","2016-12-20T14:52:09.000Z");
insert into Discharges(AdminID,patientID,date) values("27786","27847","2016-12-26T19:16:39.000Z");
insert into Discharges(AdminID,patientID,date) values("52255","82015","2016-12-21T09:29:02.000Z");
insert into Discharges(AdminID,patientID,date) values("56069","17235","2016-12-27T16:51:21.000Z");
insert into Discharges(AdminID,patientID,date) values("92697","65674","2016-12-15T08:44:49.000Z");
insert into Discharges(AdminID,patientID,date) values("69085","19113","2016-12-27T12:14:35.000Z");
insert into Discharges(AdminID,patientID,date) values("50848","198","2016-01-01T03:25:48.000Z");
insert into Discharges(AdminID,patientID,date) values("40970","45946","2016-12-04T01:32:57.000Z");
insert into Discharges(AdminID,patientID,date) values("37313","2094","2015-08-21T17:21:59.000Z");
insert into Discharges(AdminID,patientID,date) values("50848","10740","2016-12-18T02:36:08.000Z");
insert into Discharges(AdminID,patientID,date) values("33888","16877","2014-01-14T21:26:39.000Z");
insert into Discharges(AdminID,patientID,date) values("52255","46066","2016-06-21T06:29:45.000Z");
insert into Discharges(AdminID,patientID,date) values("40970","4920","2016-11-15T09:21:06.000Z");
insert into Discharges(AdminID,patientID,date) values("5356","65674","2016-12-24T11:48:09.000Z");
insert into Discharges(AdminID,patientID,date) values("33888","54318","2016-11-22T06:31:24.000Z");
insert into Discharges(AdminID,patientID,date) values("37313","10740","2016-12-21T12:03:13.000Z");
insert into Discharges(AdminID,patientID,date) values("70324","80872","2016-10-21T23:29:56.000Z");
insert into Discharges(AdminID,patientID,date) values("77957","98550","2016-05-25T14:42:24.000Z");
insert into Discharges(AdminID,patientID,date) values("66966","11036","2016-09-28T01:46:46.000Z");
insert into Discharges(AdminID,patientID,date) values("70022","80631","2015-10-25T03:38:39.000Z");
insert into Discharges(AdminID,patientID,date) values("1681","82835","2016-12-08T20:53:10.000Z");
insert into Discharges(AdminID,patientID,date) values("31933","79731","2016-08-27T06:48:16.000Z");
insert into Discharges(AdminID,patientID,date) values("50848","71138","2016-12-19T13:27:12.000Z");
insert into Discharges(AdminID,patientID,date) values("45367","75600","2016-12-23T10:25:00.000Z");
insert into Discharges(AdminID,patientID,date) values("66966","75600","2016-12-27T07:12:39.000Z");
insert into Discharges(AdminID,patientID,date) values("63229","48185","2016-11-15T20:00:21.000Z");
insert into Discharges(AdminID,patientID,date) values("50848","54023","2015-03-24T23:21:20.000Z");
insert into Discharges(AdminID,patientID,date) values("970","198","2016-05-04T01:26:44.000Z");
insert into Discharges(AdminID,patientID,date) values("11450","82015","2016-12-27T08:16:01.000Z");
insert into Discharges(AdminID,patientID,date) values("24909","64399","2016-09-16T11:18:37.000Z");
insert into Discharges(AdminID,patientID,date) values("69085","82947","2016-07-02T22:42:26.000Z");
insert into Discharges(AdminID,patientID,date) values("4273","80872","2016-12-10T13:30:24.000Z");
insert into Discharges(AdminID,patientID,date) values("76464","22723","2016-06-10T18:59:22.000Z");
insert into Discharges(AdminID,patientID,date) values("56069","46066","2016-09-23T10:09:39.000Z");
insert into Discharges(AdminID,patientID,date) values("40970","30336","2016-05-24T12:16:50.000Z");
insert into Discharges(AdminID,patientID,date) values("40871","72327","2015-12-31T12:20:57.000Z");
insert into Discharges(AdminID,patientID,date) values("61797","80907","2016-12-12T18:02:41.000Z");
insert into Discharges(AdminID,patientID,date) values("94449","78766","2014-01-19T15:23:50.000Z");
insert into Discharges(AdminID,patientID,date) values("83512","47090","2016-12-04T09:21:30.000Z");
insert into Discharges(AdminID,patientID,date) values("52335","42099","2016-09-10T13:27:15.000Z");
insert into Discharges(AdminID,patientID,date) values("8178","87581","2016-11-21T20:28:06.000Z");
insert into Discharges(AdminID,patientID,date) values("40871","42099","2016-12-23T09:38:52.000Z");
insert into Discharges(AdminID,patientID,date) values("83014","86342","2016-06-18T19:55:00.000Z");
insert into Discharges(AdminID,patientID,date) values("22473","32397","2016-11-20T04:24:16.000Z");
insert into Discharges(AdminID,patientID,date) values("55828","29986","2016-09-19T17:50:12.000Z");
insert into Discharges(AdminID,patientID,date) values("50848","14062","2016-12-27T08:17:52.000Z");
insert into Discharges(AdminID,patientID,date) values("70022","29986","2016-12-10T16:26:28.000Z");
insert into Discharges(AdminID,patientID,date) values("77957","72327","2016-12-19T15:32:12.000Z");
insert into Discharges(AdminID,patientID,date) values("50207","81279","2016-12-27T06:08:18.000Z");
insert into Discharges(AdminID,patientID,date) values("25627","4548","2016-12-22T00:34:31.000Z");
insert into Discharges(AdminID,patientID,date) values("28120","51349","2016-12-28T05:57:48.000Z");
insert into Discharges(AdminID,patientID,date) values("11450","19113","2016-12-28T05:53:10.000Z");
insert into Discharges(AdminID,patientID,date) values("82190","33635","2016-11-17T18:10:58.000Z");
insert into Discharges(AdminID,patientID,date) values("90629","20002","2014-01-25T10:33:23.000Z");
insert into Discharges(AdminID,patientID,date) values("89706","21822","2016-12-05T13:55:16.000Z");
insert into Discharges(AdminID,patientID,date) values("61797","5753","2016-11-27T00:45:45.000Z");
insert into Discharges(AdminID,patientID,date) values("88310","32112","2015-09-16T16:52:58.000Z");
insert into Discharges(AdminID,patientID,date) values("86026","46066","2016-11-25T14:42:45.000Z");
insert into Discharges(AdminID,patientID,date) values("9079","11961","2016-05-26T19:32:11.000Z");
insert into Discharges(AdminID,patientID,date) values("5046","29216","2016-12-25T09:34:25.000Z");
insert into Discharges(AdminID,patientID,date) values("52255","48177","2016-04-05T08:26:54.000Z");
insert into Discharges(AdminID,patientID,date) values("75645","76958","2016-06-19T21:15:37.000Z");
insert into Discharges(AdminID,patientID,date) values("76050","98057","2016-12-03T06:31:57.000Z");
insert into Discharges(AdminID,patientID,date) values("19355","76571","2016-12-26T06:33:30.000Z");
insert into Discharges(AdminID,patientID,date) values("83512","31683","2016-12-26T06:59:03.000Z");
insert into Discharges(AdminID,patientID,date) values("13380","25983","2016-12-28T05:30:04.000Z");
insert into Discharges(AdminID,patientID,date) values("64491","54023","2016-12-21T10:24:51.000Z");
insert into Discharges(AdminID,patientID,date) values("83512","55418","2016-12-28T05:38:04.000Z");
insert into Discharges(AdminID,patientID,date) values("4273","16877","2016-08-15T08:03:34.000Z");
insert into Discharges(AdminID,patientID,date) values("11450","89228","2016-02-18T16:10:43.000Z");
insert into Discharges(AdminID,patientID,date) values("50207","93299","2016-11-22T17:56:20.000Z");
insert into Discharges(AdminID,patientID,date) values("63229","83006","2015-11-21T06:26:38.000Z");
insert into Discharges(AdminID,patientID,date) values("75586","58811","2016-05-18T19:44:10.000Z");
insert into Discharges(AdminID,patientID,date) values("98639","54318","2016-12-17T22:14:07.000Z");
insert into Discharges(AdminID,patientID,date) values("63209","48177","2016-12-12T13:29:02.000Z");
insert into Discharges(AdminID,patientID,date) values("28120","4849","2016-10-11T00:03:31.000Z");
insert into Discharges(AdminID,patientID,date) values("1681","44686","2016-07-11T22:08:08.000Z");
insert into Discharges(AdminID,patientID,date) values("27786","27230","2016-11-20T00:31:59.000Z");
insert into Discharges(AdminID,patientID,date) values("4273","42099","2016-12-26T04:17:43.000Z");
insert into Discharges(AdminID,patientID,date) values("80466","29588","2015-06-12T18:31:48.000Z");
insert into Discharges(AdminID,patientID,date) values("86026","93475","2015-07-03T18:16:16.000Z");
insert into Discharges(AdminID,patientID,date) values("94449","4920","2016-12-20T16:21:10.000Z");
insert into Discharges(AdminID,patientID,date) values("70022","89228","2016-12-10T16:14:56.000Z");
insert into Discharges(AdminID,patientID,date) values("21011","95629","2016-03-05T11:49:02.000Z");
insert into Discharges(AdminID,patientID,date) values("75586","89228","2016-12-27T18:55:53.000Z");
insert into Discharges(AdminID,patientID,date) values("88782","82835","2016-12-27T03:50:18.000Z");
insert into Discharges(AdminID,patientID,date) values("4273","42975","2016-12-08T16:46:36.000Z");
insert into Discharges(AdminID,patientID,date) values("36602","86342","2016-12-27T10:58:10.000Z");
insert into Discharges(AdminID,patientID,date) values("33888","71126","2016-12-03T06:12:48.000Z");
insert into Discharges(AdminID,patientID,date) values("88782","55597","2016-11-06T10:48:00.000Z");
