insert into Treatment(treatmentID,name,isMedication) values("1854","phonic","1");
insert into Treatment(treatmentID,name,isMedication) values("1891","curative","0");
insert into Treatment(treatmentID,name,isMedication) values("3442","workaholic's","0");
insert into Treatment(treatmentID,name,isMedication) values("5460","detox","0");
insert into Treatment(treatmentID,name,isMedication) values("6307","monicker's","1");
insert into Treatment(treatmentID,name,isMedication) values("6526","curative","0");
insert into Treatment(treatmentID,name,isMedication) values("6784","nonsensical","1");
insert into Treatment(treatmentID,name,isMedication) values("7021","workaholic's","0");
insert into Treatment(treatmentID,name,isMedication) values("8705","sensibility","1");
insert into Treatment(treatmentID,name,isMedication) values("10539","nonsensical","1");
insert into Treatment(treatmentID,name,isMedication) values("11600","Prussia","0");
insert into Treatment(treatmentID,name,isMedication) values("12087","czar's","1");
insert into Treatment(treatmentID,name,isMedication) values("12208","Togo's","1");
insert into Treatment(treatmentID,name,isMedication) values("12711","Tracie's","0");
insert into Treatment(treatmentID,name,isMedication) values("13916","Camelot's","1");
insert into Treatment(treatmentID,name,isMedication) values("16585","Candice's","0");
insert into Treatment(treatmentID,name,isMedication) values("19282","podiatrist's","0");
insert into Treatment(treatmentID,name,isMedication) values("22132","sledgehammering","0");
insert into Treatment(treatmentID,name,isMedication) values("22696","defacing","0");
insert into Treatment(treatmentID,name,isMedication) values("24171","abdications","1");
insert into Treatment(treatmentID,name,isMedication) values("24804","pussiest","1");
insert into Treatment(treatmentID,name,isMedication) values("24887","artery's","0");
insert into Treatment(treatmentID,name,isMedication) values("25005","backer","0");
insert into Treatment(treatmentID,name,isMedication) values("25043","artery's","0");
insert into Treatment(treatmentID,name,isMedication) values("26597","molasses","0");
insert into Treatment(treatmentID,name,isMedication) values("27205","lynching's","1");
insert into Treatment(treatmentID,name,isMedication) values("27593","horns","0");
insert into Treatment(treatmentID,name,isMedication) values("28562","spindle","1");
insert into Treatment(treatmentID,name,isMedication) values("28586","secularization's","0");
insert into Treatment(treatmentID,name,isMedication) values("30422","glen","1");
insert into Treatment(treatmentID,name,isMedication) values("30489","prudently","1");
insert into Treatment(treatmentID,name,isMedication) values("31197","concessionaires","0");
insert into Treatment(treatmentID,name,isMedication) values("32042","lassos","0");
insert into Treatment(treatmentID,name,isMedication) values("32531","expense's","1");
insert into Treatment(treatmentID,name,isMedication) values("32787","caretaker","0");
insert into Treatment(treatmentID,name,isMedication) values("32891","deposit's","1");
insert into Treatment(treatmentID,name,isMedication) values("33191","checkerboard's","1");
insert into Treatment(treatmentID,name,isMedication) values("34205","abdications","0");
insert into Treatment(treatmentID,name,isMedication) values("36682","sledgehammering","1");
insert into Treatment(treatmentID,name,isMedication) values("36966","nonsensical","0");
insert into Treatment(treatmentID,name,isMedication) values("37837","molasses","0");
insert into Treatment(treatmentID,name,isMedication) values("38234","newsflash","1");
insert into Treatment(treatmentID,name,isMedication) values("38976","beached","0");
insert into Treatment(treatmentID,name,isMedication) values("39240","Rhineland's","0");
insert into Treatment(treatmentID,name,isMedication) values("39572","schoolteacher's","1");
insert into Treatment(treatmentID,name,isMedication) values("40132","caretaker","0");
insert into Treatment(treatmentID,name,isMedication) values("41393","parishioner's","0");
insert into Treatment(treatmentID,name,isMedication) values("42406","doping","1");
insert into Treatment(treatmentID,name,isMedication) values("43524","masseur's","1");
insert into Treatment(treatmentID,name,isMedication) values("44295","muffler","1");
insert into Treatment(treatmentID,name,isMedication) values("44662","Rhineland's","1");
insert into Treatment(treatmentID,name,isMedication) values("46054","backer","1");
insert into Treatment(treatmentID,name,isMedication) values("46730","sensibility","0");
insert into Treatment(treatmentID,name,isMedication) values("49772","cueing","1");
insert into Treatment(treatmentID,name,isMedication) values("51460","accelerating","0");
insert into Treatment(treatmentID,name,isMedication) values("55134","earthlier","0");
insert into Treatment(treatmentID,name,isMedication) values("55685","czar's","0");
insert into Treatment(treatmentID,name,isMedication) values("56175","thralldom's","0");
insert into Treatment(treatmentID,name,isMedication) values("56572","Candice's","0");
insert into Treatment(treatmentID,name,isMedication) values("56961","liquor","0");
insert into Treatment(treatmentID,name,isMedication) values("56993","foggiest","1");
insert into Treatment(treatmentID,name,isMedication) values("57405","cueing","0");
insert into Treatment(treatmentID,name,isMedication) values("57721","employes","1");
insert into Treatment(treatmentID,name,isMedication) values("57995","schlepp's","0");
insert into Treatment(treatmentID,name,isMedication) values("58728","pussiest","0");
insert into Treatment(treatmentID,name,isMedication) values("58940","reel's","1");
insert into Treatment(treatmentID,name,isMedication) values("60714","lynching's","1");
insert into Treatment(treatmentID,name,isMedication) values("60925","energizers","1");
insert into Treatment(treatmentID,name,isMedication) values("62078","Rhineland's","0");
insert into Treatment(treatmentID,name,isMedication) values("62805","Watergate","0");
insert into Treatment(treatmentID,name,isMedication) values("63004","podiatrist's","0");
insert into Treatment(treatmentID,name,isMedication) values("63244","logbooks","0");
insert into Treatment(treatmentID,name,isMedication) values("65267","monicker's","1");
insert into Treatment(treatmentID,name,isMedication) values("66546","defacing","0");
insert into Treatment(treatmentID,name,isMedication) values("66584","whittled","1");
insert into Treatment(treatmentID,name,isMedication) values("72405","eastern","0");
insert into Treatment(treatmentID,name,isMedication) values("73797","resplendence's","1");
insert into Treatment(treatmentID,name,isMedication) values("74682","checkerboard's","0");
insert into Treatment(treatmentID,name,isMedication) values("78261","machetes","1");
insert into Treatment(treatmentID,name,isMedication) values("79764","shrink","0");
insert into Treatment(treatmentID,name,isMedication) values("81021","backer","1");
insert into Treatment(treatmentID,name,isMedication) values("81467","lassos","1");
insert into Treatment(treatmentID,name,isMedication) values("81512","Togo's","1");
insert into Treatment(treatmentID,name,isMedication) values("81961","gashing","1");
insert into Treatment(treatmentID,name,isMedication) values("82702","dieresis's","1");
insert into Treatment(treatmentID,name,isMedication) values("82926","lassos","1");
insert into Treatment(treatmentID,name,isMedication) values("83585","masseur's","1");
insert into Treatment(treatmentID,name,isMedication) values("84115","carats","0");
insert into Treatment(treatmentID,name,isMedication) values("84904","physiotherapy's","0");
insert into Treatment(treatmentID,name,isMedication) values("86093","resplendence's","0");
insert into Treatment(treatmentID,name,isMedication) values("88159","pungency","1");
insert into Treatment(treatmentID,name,isMedication) values("88524","carafe's","1");
insert into Treatment(treatmentID,name,isMedication) values("92953","expense's","0");
insert into Treatment(treatmentID,name,isMedication) values("95374","thralldom's","1");
insert into Treatment(treatmentID,name,isMedication) values("95432","jitteriest","0");
insert into Treatment(treatmentID,name,isMedication) values("96088","sneaked","1");
insert into Treatment(treatmentID,name,isMedication) values("96948","phonic","1");
insert into Treatment(treatmentID,name,isMedication) values("97897","molasses","0");
insert into Treatment(treatmentID,name,isMedication) values("98616","resplendence's","1");
insert into Treatment(treatmentID,name,isMedication) values("99545","machetes","1");
insert into Room(roomNumber,employeeID,roomDescription,volunteerRoom) values("101","98997","Janitor Closet","true");
insert into Room(roomNumber,employeeID,roomDescription,volunteerRoom) values("102","25970","Gift Shop","true");
insert into Room(roomNumber,employeeID,roomDescription,volunteerRoom) values("103","43498","Info Desk","true");
insert into Room(roomNumber,employeeID,roomDescription,volunteerRoom) values("104","14983","Gift Shop","true");
insert into Room(roomNumber,employeeID,roomDescription,volunteerRoom) values("105","54324","Info Desk","false");
insert into Room(roomNumber,employeeID,roomDescription,volunteerRoom) values("106","44022","Cafeteria","false");
insert into Room(roomNumber,employeeID,roomDescription,volunteerRoom) values("107","71086","Gift Shop","true");
insert into Room(roomNumber,employeeID,roomDescription,volunteerRoom) values("108","56671","Cafeteria","true");
insert into Room(roomNumber,employeeID,roomDescription,volunteerRoom) values("109","43538","Gift Shop","true");
insert into Room(roomNumber,employeeID,roomDescription,volunteerRoom) values("110","59379","Cafeteria","false");
insert into Room(roomNumber,employeeID,roomDescription,volunteerRoom) values("111","26317","Gift Shop","false");
insert into Room(roomNumber,employeeID,roomDescription,volunteerRoom) values("112","25265","Cafeteria","false");
insert into Room(roomNumber,employeeID,roomDescription,volunteerRoom) values("113","74546","Cafeteria","true");
insert into Room(roomNumber,employeeID,roomDescription,volunteerRoom) values("114","83074","Cafeteria","false");
insert into Room(roomNumber,employeeID,roomDescription,volunteerRoom) values("115","59379","Cafeteria","false");
insert into Room(roomNumber,employeeID,roomDescription,volunteerRoom) values("116","78587","Info Desk","false");
insert into Room(roomNumber,employeeID,roomDescription,volunteerRoom) values("117","50693","Gift Shop","false");
insert into Room(roomNumber,employeeID,roomDescription,volunteerRoom) values("118","38385","Info Desk","true");
insert into Room(roomNumber,employeeID,roomDescription,volunteerRoom) values("119","17358","Cafeteria","true");
insert into Room(roomNumber,employeeID,roomDescription,volunteerRoom) values("120","10435","Cafeteria","false");
insert into Room(roomNumber,employeeID,roomDescription,volunteerRoom) values("121","98854","Gift Shop","false");
insert into Room(roomNumber,employeeID,roomDescription,volunteerRoom) values("122","31351","Gift Shop","true");
insert into Room(roomNumber,employeeID,roomDescription,volunteerRoom) values("123","40425","Gift Shop","true");
insert into Room(roomNumber,employeeID,roomDescription,volunteerRoom) values("124","67237","Cafeteria","false");
insert into Room(roomNumber,employeeID,roomDescription,volunteerRoom) values("125","14983","Gift Shop","true");
insert into Room(roomNumber,employeeID,roomDescription,volunteerRoom) values("126","14479","Gift Shop","false");
insert into Room(roomNumber,employeeID,roomDescription,volunteerRoom) values("127","44022","Cafeteria","false");
insert into Room(roomNumber,employeeID,roomDescription,volunteerRoom) values("128","35892","Info Desk","true");
insert into Room(roomNumber,employeeID,roomDescription,volunteerRoom) values("129","79674","Janitor Closet","false");
insert into Room(roomNumber,employeeID,roomDescription,volunteerRoom) values("130","35892","Info Desk","false");
insert into Room(roomNumber,employeeID,roomDescription,volunteerRoom) values("131","20830","Gift Shop","true");
insert into Room(roomNumber,employeeID,roomDescription,volunteerRoom) values("132","14479","Gift Shop","false");
insert into Room(roomNumber,employeeID,roomDescription,volunteerRoom) values("133","26656","Info Desk","false");
insert into Room(roomNumber,employeeID,roomDescription,volunteerRoom) values("134","53761","Info Desk","true");
insert into Room(roomNumber,employeeID,roomDescription,volunteerRoom) values("135","10435","Gift Shop","true");
insert into Room(roomNumber,employeeID,roomDescription,volunteerRoom) values("136","38385","Cafeteria","true");
insert into Room(roomNumber,employeeID,roomDescription,volunteerRoom) values("137","89868","Info Desk","false");
insert into Room(roomNumber,employeeID,roomDescription,volunteerRoom) values("138","36320","Gift Shop","true");
insert into Room(roomNumber,employeeID,roomDescription,volunteerRoom) values("139","2334","Info Desk","false");
insert into Room(roomNumber,employeeID,roomDescription,volunteerRoom) values("140","31351","Gift Shop","false");
insert into Room(roomNumber,employeeID,roomDescription,volunteerRoom) values("141","87496","Info Desk","true");
insert into Room(roomNumber,employeeID,roomDescription,volunteerRoom) values("142","10435","Cafeteria","true");
insert into Room(roomNumber,employeeID,roomDescription,volunteerRoom) values("143","27030","Cafeteria","false");
insert into Room(roomNumber,employeeID,roomDescription,volunteerRoom) values("144","25265","Janitor Closet","false");
insert into Room(roomNumber,employeeID,roomDescription,volunteerRoom) values("145","93800","Gift Shop","true");
insert into Room(roomNumber,employeeID,roomDescription,volunteerRoom) values("146","14983","Janitor Closet","true");
insert into Room(roomNumber,employeeID,roomDescription,volunteerRoom) values("147","89868","Janitor Closet","true");
insert into Room(roomNumber,employeeID,roomDescription,volunteerRoom) values("148","13882","Info Desk","false");
insert into Room(roomNumber,employeeID,roomDescription,volunteerRoom) values("149","29163","Janitor Closet","true");
insert into Staff(employeeID) values("485");
insert into Staff(employeeID) values("1143");
insert into Staff(employeeID) values("1469");
insert into Staff(employeeID) values("2227");
insert into Staff(employeeID) values("2334");
insert into Staff(employeeID) values("2837");
insert into Staff(employeeID) values("4666");
insert into Staff(employeeID) values("8089");
insert into Staff(employeeID) values("9476");
insert into Staff(employeeID) values("9886");
insert into Staff(employeeID) values("10435");
insert into Staff(employeeID) values("11382");
insert into Staff(employeeID) values("13468");
insert into Staff(employeeID) values("13738");
insert into Staff(employeeID) values("13882");
insert into Staff(employeeID) values("14479");
insert into Staff(employeeID) values("14983");
insert into Staff(employeeID) values("17358");
insert into Staff(employeeID) values("17585");
insert into Staff(employeeID) values("20085");
insert into Staff(employeeID) values("20830");
insert into Staff(employeeID) values("25970");
insert into Staff(employeeID) values("26317");
insert into Staff(employeeID) values("26656");
insert into Staff(employeeID) values("27030");
insert into Staff(employeeID) values("28993");
insert into Staff(employeeID) values("29163");
insert into Staff(employeeID) values("29889");
insert into Staff(employeeID) values("30492");
insert into Staff(employeeID) values("31135");
insert into Staff(employeeID) values("31351");
insert into Staff(employeeID) values("31395");
insert into Staff(employeeID) values("32529");
insert into Staff(employeeID) values("32761");
insert into Staff(employeeID) values("34380");
insert into Staff(employeeID) values("35412");
insert into Staff(employeeID) values("35892");
insert into Staff(employeeID) values("36320");
insert into Staff(employeeID) values("37631");
insert into Staff(employeeID) values("38385");
insert into Staff(employeeID) values("40107");
insert into Staff(employeeID) values("40425");
insert into Staff(employeeID) values("43498");
insert into Staff(employeeID) values("43517");
insert into Staff(employeeID) values("43538");
insert into Staff(employeeID) values("44022");
insert into Staff(employeeID) values("44809");
insert into Staff(employeeID) values("47632");
insert into Staff(employeeID) values("48155");
insert into Staff(employeeID) values("50693");
insert into Staff(employeeID) values("53761");
insert into Staff(employeeID) values("54324");
insert into Staff(employeeID) values("54412");
insert into Staff(employeeID) values("56671");
insert into Staff(employeeID) values("58096");
insert into Staff(employeeID) values("58555");
insert into Staff(employeeID) values("59379");
insert into Staff(employeeID) values("59608");
insert into Staff(employeeID) values("60616");
insert into Staff(employeeID) values("63354");
insert into Staff(employeeID) values("64085");
insert into Staff(employeeID) values("66396");
insert into Staff(employeeID) values("67082");
insert into Staff(employeeID) values("67237");
insert into Staff(employeeID) values("68258");
insert into Staff(employeeID) values("68839");
insert into Staff(employeeID) values("70557");
insert into Staff(employeeID) values("71086");
insert into Staff(employeeID) values("72057");
insert into Staff(employeeID) values("72103");
insert into Staff(employeeID) values("72450");
insert into Staff(employeeID) values("74333");
insert into Staff(employeeID) values("74546");
insert into Staff(employeeID) values("75668");
insert into Staff(employeeID) values("77196");
insert into Staff(employeeID) values("78587");
insert into Staff(employeeID) values("79674");
insert into Staff(employeeID) values("80051");
insert into Staff(employeeID) values("80606");
insert into Staff(employeeID) values("80899");
insert into Staff(employeeID) values("82722");
insert into Staff(employeeID) values("83074");
insert into Staff(employeeID) values("83534");
insert into Staff(employeeID) values("87496");
insert into Staff(employeeID) values("89184");
insert into Staff(employeeID) values("89667");
insert into Staff(employeeID) values("89868");
insert into Staff(employeeID) values("93578");
insert into Staff(employeeID) values("93800");
insert into Staff(employeeID) values("93943");
insert into Staff(employeeID) values("94575");
insert into Staff(employeeID) values("96933");
insert into Staff(employeeID) values("98123");
insert into Staff(employeeID) values("98313");
insert into Staff(employeeID) values("98854");
insert into Technician(employeeID,treatmentGiverID) values("36320","1237");
insert into Technician(employeeID,treatmentGiverID) values("77196","1587");
insert into Technician(employeeID,treatmentGiverID) values("98854","3814");
insert into Technician(employeeID,treatmentGiverID) values("32529","6190");
insert into Technician(employeeID,treatmentGiverID) values("44809","7375");
insert into Technician(employeeID,treatmentGiverID) values("98997","9945");
insert into Technician(employeeID,treatmentGiverID) values("17358","11567");
insert into Technician(employeeID,treatmentGiverID) values("64085","11893");
insert into Technician(employeeID,treatmentGiverID) values("40107","15705");
insert into Technician(employeeID,treatmentGiverID) values("1143","22942");
insert into Technician(employeeID,treatmentGiverID) values("83534","24160");
insert into Technician(employeeID,treatmentGiverID) values("53761","26648");
insert into Technician(employeeID,treatmentGiverID) values("67237","27406");
insert into Technician(employeeID,treatmentGiverID) values("20085","30054");
insert into Technician(employeeID,treatmentGiverID) values("29889","30476");
insert into Technician(employeeID,treatmentGiverID) values("48155","34296");
insert into Technician(employeeID,treatmentGiverID) values("98313","34518");
insert into Technician(employeeID,treatmentGiverID) values("13738","35328");
insert into Technician(employeeID,treatmentGiverID) values("72450","38059");
insert into Technician(employeeID,treatmentGiverID) values("14479","38316");
insert into Technician(employeeID,treatmentGiverID) values("80051","41779");
insert into Technician(employeeID,treatmentGiverID) values("79674","42649");
insert into Technician(employeeID,treatmentGiverID) values("60616","47836");
insert into Technician(employeeID,treatmentGiverID) values("75947","48760");
insert into Technician(employeeID,treatmentGiverID) values("93800","49227");
insert into Technician(employeeID,treatmentGiverID) values("2837","49526");
insert into Technician(employeeID,treatmentGiverID) values("96933","49745");
insert into Technician(employeeID,treatmentGiverID) values("72057","51609");
insert into Technician(employeeID,treatmentGiverID) values("485","53912");
insert into Technician(employeeID,treatmentGiverID) values("54324","53945");
insert into Technician(employeeID,treatmentGiverID) values("20830","56219");
insert into Technician(employeeID,treatmentGiverID) values("43538","56324");
insert into Technician(employeeID,treatmentGiverID) values("44022","61381");
insert into Technician(employeeID,treatmentGiverID) values("35892","62540");
insert into Technician(employeeID,treatmentGiverID) values("37631","62620");
insert into Technician(employeeID,treatmentGiverID) values("72103","64178");
insert into Technician(employeeID,treatmentGiverID) values("29163","65058");
insert into Technician(employeeID,treatmentGiverID) values("82722","67791");
insert into Technician(employeeID,treatmentGiverID) values("71086","68508");
insert into Technician(employeeID,treatmentGiverID) values("10435","69348");
insert into Technician(employeeID,treatmentGiverID) values("40425","69907");
insert into Technician(employeeID,treatmentGiverID) values("75668","70748");
insert into Technician(employeeID,treatmentGiverID) values("66396","71454");
insert into Technician(employeeID,treatmentGiverID) values("87496","73024");
insert into Technician(employeeID,treatmentGiverID) values("67082","73691");
insert into Technician(employeeID,treatmentGiverID) values("59608","74988");
insert into Technician(employeeID,treatmentGiverID) values("68839","76412");
insert into Technician(employeeID,treatmentGiverID) values("93578","77933");
insert into Technician(employeeID,treatmentGiverID) values("14983","80808");
insert into Technician(employeeID,treatmentGiverID) values("26317","81663");
insert into Technician(employeeID,treatmentGiverID) values("58096","82144");
insert into Technician(employeeID,treatmentGiverID) values("58555","83009");
insert into Technician(employeeID,treatmentGiverID) values("11382","83260");
insert into Technician(employeeID,treatmentGiverID) values("9886","84263");
insert into Technician(employeeID,treatmentGiverID) values("78587","84525");
insert into Technician(employeeID,treatmentGiverID) values("83074","84536");
insert into Technician(employeeID,treatmentGiverID) values("70557","86055");
insert into Technician(employeeID,treatmentGiverID) values("94575","86829");
insert into Technician(employeeID,treatmentGiverID) values("31351","89921");
insert into Technician(employeeID,treatmentGiverID) values("74546","92287");
insert into Technician(employeeID,treatmentGiverID) values("56671","94125");
insert into Technician(employeeID,treatmentGiverID) values("89667","94957");
insert into Patient(patientID,firstName,lastName,insurancePolicy,emergencyContact) values("6000","piggy","doping","86376","accelerating");
insert into Patient(patientID,firstName,lastName,insurancePolicy,emergencyContact) values("49793","horns","liquor","15156","bishop");
insert into Patient(patientID,firstName,lastName,insurancePolicy,emergencyContact) values("58949","machetes","abdications","92324","accelerating");
insert into Patient(patientID,firstName,lastName,insurancePolicy,emergencyContact) values("2987","thralldom's","Neil's","53848","lassos");
insert into Patient(patientID,firstName,lastName,insurancePolicy,emergencyContact) values("42015","celibate","piggy","31713","earthlier");
insert into Patient(patientID,firstName,lastName,insurancePolicy,emergencyContact) values("17071","pompons","pledge's","2500","physiotherapy's");
insert into Patient(patientID,firstName,lastName,insurancePolicy,emergencyContact) values("15153","hoarser","liquor","36413","thralldom's");
insert into Patient(patientID,firstName,lastName,insurancePolicy,emergencyContact) values("12686","concessionaires","dwarf","3286","workaholic's");
insert into Patient(patientID,firstName,lastName,insurancePolicy,emergencyContact) values("66505","Breckenridge's","newsflash","16956","checkerboard's");
insert into Patient(patientID,firstName,lastName,insurancePolicy,emergencyContact) values("986","machetes","jitteriest","58476","dwarf");
insert into Patient(patientID,firstName,lastName,insurancePolicy,emergencyContact) values("32517","Cathy","employes","42630","monicker's");
insert into Patient(patientID,firstName,lastName,insurancePolicy,emergencyContact) values("37752","schlepp's","horns","49209","sensibility");
insert into Patient(patientID,firstName,lastName,insurancePolicy,emergencyContact) values("17779","doping","Breckenridge's","17487","curative");
insert into Patient(patientID,firstName,lastName,insurancePolicy,emergencyContact) values("6322","deposit's","masseur's","93882","beached");
insert into Patient(patientID,firstName,lastName,insurancePolicy,emergencyContact) values("41475","czar's","Shockley","65246","fingerprinted");
insert into Patient(patientID,firstName,lastName,insurancePolicy,emergencyContact) values("25710","secularization's","horns","85643","Rhineland's");
insert into Patient(patientID,firstName,lastName,insurancePolicy,emergencyContact) values("36977","reel's","cameos","48020","Camelot's");
insert into Patient(patientID,firstName,lastName,insurancePolicy,emergencyContact) values("84431","deposit's","cameos","99665","pungency");
insert into Patient(patientID,firstName,lastName,insurancePolicy,emergencyContact) values("10025","Prussia","bishop","91234","caretaker");
insert into Patient(patientID,firstName,lastName,insurancePolicy,emergencyContact) values("56106","Camelot's","czar's","74417","defacing");
insert into Patient(patientID,firstName,lastName,insurancePolicy,emergencyContact) values("47471","Prussia","gashing","97547","reentries");
insert into Patient(patientID,firstName,lastName,insurancePolicy,emergencyContact) values("23393","reel's","hoarser","18041","monicker's");
insert into Patient(patientID,firstName,lastName,insurancePolicy,emergencyContact) values("79792","molasses","macro's","17990","letter");
insert into Patient(patientID,firstName,lastName,insurancePolicy,emergencyContact) values("38674","curative","geneticists","5964","macro's");
insert into Patient(patientID,firstName,lastName,insurancePolicy,emergencyContact) values("90253","masseur's","phonic","60196","candelabrum's");
insert into Patient(patientID,firstName,lastName,insurancePolicy,emergencyContact) values("32488","Breckenridge's","Breckenridge's","11440","pussiest");
insert into Patient(patientID,firstName,lastName,insurancePolicy,emergencyContact) values("56500","resplendence's","expense's","58449","pussiest");
insert into Patient(patientID,firstName,lastName,insurancePolicy,emergencyContact) values("60204","pledge's","foggiest","97446","doping");
insert into Patient(patientID,firstName,lastName,insurancePolicy,emergencyContact) values("56239","Togo's","leveler","44067","backer");
insert into Patient(patientID,firstName,lastName,insurancePolicy,emergencyContact) values("89527","Breckenridge's","secularization's","85400","newsflash");
insert into Patient(patientID,firstName,lastName,insurancePolicy,emergencyContact) values("82377","workaholic's","doping","51647","reentries");
insert into Patient(patientID,firstName,lastName,insurancePolicy,emergencyContact) values("65325","deposit's","leveler","7462","Shockley");
insert into Patient(patientID,firstName,lastName,insurancePolicy,emergencyContact) values("31254","dwelt","pommel's","5536","shrink");
insert into Patient(patientID,firstName,lastName,insurancePolicy,emergencyContact) values("35334","relevancy","gashing","88078","defacing");
insert into Patient(patientID,firstName,lastName,insurancePolicy,emergencyContact) values("44223","foggiest","spindle","20076","lassos");
insert into Patient(patientID,firstName,lastName,insurancePolicy,emergencyContact) values("89739","carats","prudently","51518","czar's");
insert into Patient(patientID,firstName,lastName,insurancePolicy,emergencyContact) values("228","gashing","Breckenridge's","79765","Rhineland's");
insert into Patient(patientID,firstName,lastName,insurancePolicy,emergencyContact) values("47934","workaholic's","reentries","4758","lassos");
insert into Patient(patientID,firstName,lastName,insurancePolicy,emergencyContact) values("7170","physiotherapy's","splatted","71478","parishioner's");
insert into Patient(patientID,firstName,lastName,insurancePolicy,emergencyContact) values("89418","Candice's","czar's","33020","resplendence's");
insert into Patient(patientID,firstName,lastName,insurancePolicy,emergencyContact) values("22236","machetes","lassos","57597","splatted");
insert into Patient(patientID,firstName,lastName,insurancePolicy,emergencyContact) values("49536","beached","views","99607","whittled");
insert into Patient(patientID,firstName,lastName,insurancePolicy,emergencyContact) values("19474","masseur's","secularization's","69843","beached");
insert into Patient(patientID,firstName,lastName,insurancePolicy,emergencyContact) values("89551","foggiest","Neil's","49652","Fiberglas");
insert into Patient(patientID,firstName,lastName,insurancePolicy,emergencyContact) values("49056","bishop","shrink","88065","relevancy");
insert into Patient(patientID,firstName,lastName,insurancePolicy,emergencyContact) values("95607","parishioner's","physiotherapy's","4639","bishop");
insert into Patient(patientID,firstName,lastName,insurancePolicy,emergencyContact) values("24093","artery's","Cathy","8675","deposit's");
insert into Patient(patientID,firstName,lastName,insurancePolicy,emergencyContact) values("95484","Camelot's","curative","60566","Argentinian");
insert into Patient(patientID,firstName,lastName,insurancePolicy,emergencyContact) values("26059","Breckenridge's","defacing","11892","cueing");
insert into Patient(patientID,firstName,lastName,insurancePolicy,emergencyContact) values("67775","curative","hoarser","72924","pussiest");
insert into Patient(patientID,firstName,lastName,insurancePolicy,emergencyContact) values("58751","lassos","jitteriest","86684","machetes");
insert into Patient(patientID,firstName,lastName,insurancePolicy,emergencyContact) values("1143","logbooks","beached","97807","clangs");
insert into Patient(patientID,firstName,lastName,insurancePolicy,emergencyContact) values("29907","doggedly","resplendence's","75866","schlepp's");
insert into Patient(patientID,firstName,lastName,insurancePolicy,emergencyContact) values("94108","views","clangs","60560","Tracie's");
insert into Patient(patientID,firstName,lastName,insurancePolicy,emergencyContact) values("32840","sensibility","Isabel's","54793","pommel's");
insert into Patient(patientID,firstName,lastName,insurancePolicy,emergencyContact) values("32811","sneaked","celibate","88904","parishioner's");
insert into Patient(patientID,firstName,lastName,insurancePolicy,emergencyContact) values("64244","Shockley","lassos","29682","Fiberglas");
insert into Patient(patientID,firstName,lastName,insurancePolicy,emergencyContact) values("49043","macro's","bishop","90852","pommel's");
insert into Patient(patientID,firstName,lastName,insurancePolicy,emergencyContact) values("97734","pompons","pompons","83586","Barbadian");
insert into Patient(patientID,firstName,lastName,insurancePolicy,emergencyContact) values("25348","Breckenridge's","sensibility","83015","relevancy");
insert into Patient(patientID,firstName,lastName,insurancePolicy,emergencyContact) values("46438","energizers","earthlier","77770","abdications");
insert into Patient(patientID,firstName,lastName,insurancePolicy,emergencyContact) values("21236","dieresis's","clangs","27697","splatted");
insert into Patient(patientID,firstName,lastName,insurancePolicy,emergencyContact) values("45230","jitteriest","whittled","29131","phonic");
insert into Patient(patientID,firstName,lastName,insurancePolicy,emergencyContact) values("94288","beached","lassos","42413","fingerprinted");
insert into Patient(patientID,firstName,lastName,insurancePolicy,emergencyContact) values("50876","pungency","detox","89796","detox");
insert into Patient(patientID,firstName,lastName,insurancePolicy,emergencyContact) values("85723","Neil's","nonsensical","67077","carafe's");
insert into Patient(patientID,firstName,lastName,insurancePolicy,emergencyContact) values("70470","newsflash","Camelot's","38534","caretaker");
insert into Patient(patientID,firstName,lastName,insurancePolicy,emergencyContact) values("52340","Rhineland's","Prussia","19456","Shockley");
insert into Patient(patientID,firstName,lastName,insurancePolicy,emergencyContact) values("58691","pledge's","hoarser","36514","curative");
insert into Patient(patientID,firstName,lastName,insurancePolicy,emergencyContact) values("42791","schlepp's","schlepp's","92657","letter");
insert into Patient(patientID,firstName,lastName,insurancePolicy,emergencyContact) values("57213","dwelt","masseur's","66850","schlepp's");
insert into Patient(patientID,firstName,lastName,insurancePolicy,emergencyContact) values("96786","secularization's","sensibility","73798","Bosnia");
insert into Patient(patientID,firstName,lastName,insurancePolicy,emergencyContact) values("28344","eastern","dwarf","22460","relevancy");
insert into Patient(patientID,firstName,lastName,insurancePolicy,emergencyContact) values("24061","prudently","beached","69232","leveler");
insert into Patient(patientID,firstName,lastName,insurancePolicy,emergencyContact) values("92917","sneaked","bishop","22607","artery's");
insert into Patient(patientID,firstName,lastName,insurancePolicy,emergencyContact) values("21706","molasses","reel's","55022","sensibility");
insert into Patient(patientID,firstName,lastName,insurancePolicy,emergencyContact) values("70531","pommel's","confidante's","47683","parishioner's");
insert into Patient(patientID,firstName,lastName,insurancePolicy,emergencyContact) values("70283","pussiest","dwelt","51305","cueing");
insert into Patient(patientID,firstName,lastName,insurancePolicy,emergencyContact) values("18502","eastern","relevancy","62545","muffler");
insert into Patient(patientID,firstName,lastName,insurancePolicy,emergencyContact) values("91408","doggedly","schlepp's","55389","glen");
insert into Patient(patientID,firstName,lastName,insurancePolicy,emergencyContact) values("10863","sensibility","gashing","97069","Tracie's");
insert into Patient(patientID,firstName,lastName,insurancePolicy,emergencyContact) values("93217","Rhineland's","czar's","84071","molasses");
insert into Patient(patientID,firstName,lastName,insurancePolicy,emergencyContact) values("83050","abdications","Bosnia","19946","whittled");
insert into Patient(patientID,firstName,lastName,insurancePolicy,emergencyContact) values("45354","newsflash","doping","11343","Argentinian");
insert into Patient(patientID,firstName,lastName,insurancePolicy,emergencyContact) values("24328","confidante's","Rhineland's","77574","monicker's");
insert into Patient(patientID,firstName,lastName,insurancePolicy,emergencyContact) values("31953","accelerating","horns","53926","Fiberglas");
insert into Patient(patientID,firstName,lastName,insurancePolicy,emergencyContact) values("50936","hoarser","cameos","16180","logbooks");
insert into Patient(patientID,firstName,lastName,insurancePolicy,emergencyContact) values("38287","machetes","workaholic's","65856","thralldom's");
insert into Patient(patientID,firstName,lastName,insurancePolicy,emergencyContact) values("49281","phonic","pussiest","15283","employes");
insert into Patient(patientID,firstName,lastName,insurancePolicy,emergencyContact) values("24477","concessionaires","monicker's","96482","letter");
insert into Patient(patientID,firstName,lastName,insurancePolicy,emergencyContact) values("68233","secularization's","views","24152","Isabel's");
insert into Patient(patientID,firstName,lastName,insurancePolicy,emergencyContact) values("59733","earthlier","jitteriest","14491","muffler");
insert into Patient(patientID,firstName,lastName,insurancePolicy,emergencyContact) values("23400","pungency","Isabel's","61237","backer");
insert into Patient(patientID,firstName,lastName,insurancePolicy,emergencyContact) values("84794","concessionaires","celibate","6067","czar's");
insert into Patient(patientID,firstName,lastName,insurancePolicy,emergencyContact) values("68625","resplendence's","hoarser","88026","piggy");
insert into Patient(patientID,firstName,lastName,insurancePolicy,emergencyContact) values("73479","candelabrum's","fingerprinted","65653","backer");
insert into Patient(patientID,firstName,lastName,insurancePolicy,emergencyContact) values("3038","gashing","caretaker","5592","spindle");
insert into Patient(patientID,firstName,lastName,insurancePolicy,emergencyContact) values("83086","artery's","Tracie's","41077","phonic");
insert into Patient(patientID,firstName,lastName,insurancePolicy,emergencyContact) values("37220","doping","concessionaires","54522","logbooks");
insert into Patient(patientID,firstName,lastName,insurancePolicy,emergencyContact) values("2028","prudently","monicker's","77865","masseur's");
insert into Patient(patientID,firstName,lastName,insurancePolicy,emergencyContact) values("14841","jitteriest","nonsensical","80252","liquor");
insert into Patient(patientID,firstName,lastName,insurancePolicy,emergencyContact) values("75896","Prussia","defacing","6180","doggedly");
insert into Patient(patientID,firstName,lastName,insurancePolicy,emergencyContact) values("45276","pledge's","celibate","45050","pommel's");
insert into Patient(patientID,firstName,lastName,insurancePolicy,emergencyContact) values("52956","pompons","Candice's","96353","pompons");
insert into Patient(patientID,firstName,lastName,insurancePolicy,emergencyContact) values("27362","molasses","abdications","85829","splatted");
insert into Patient(patientID,firstName,lastName,insurancePolicy,emergencyContact) values("74751","Shockley","resplendence's","12376","foggiest");
insert into Patient(patientID,firstName,lastName,insurancePolicy,emergencyContact) values("47662","fingerprinted","fingerprinted","84811","reel's");
insert into Patient(patientID,firstName,lastName,insurancePolicy,emergencyContact) values("60270","foggiest","liquor","62197","earthlier");
insert into Patient(patientID,firstName,lastName,insurancePolicy,emergencyContact) values("67453","candelabrum's","molasses","53607","Watergate");
insert into Patient(patientID,firstName,lastName,insurancePolicy,emergencyContact) values("73839","pompons","geneticists","16497","masseur's");
insert into Patient(patientID,firstName,lastName,insurancePolicy,emergencyContact) values("99954","curative","carafe's","77310","resplendence's");
insert into Patient(patientID,firstName,lastName,insurancePolicy,emergencyContact) values("69573","backer","fingerprinted","67771","defacing");
insert into Patient(patientID,firstName,lastName,insurancePolicy,emergencyContact) values("75917","employes","Isabel's","92885","clangs");
insert into Patient(patientID,firstName,lastName,insurancePolicy,emergencyContact) values("38199","expense's","beached","31856","muffler");
insert into Patient(patientID,firstName,lastName,insurancePolicy,emergencyContact) values("23687","expense's","jitteriest","76431","retirement");
insert into Patient(patientID,firstName,lastName,insurancePolicy,emergencyContact) values("21892","cameos","dwarf","98006","Tracie's");
insert into Patient(patientID,firstName,lastName,insurancePolicy,emergencyContact) values("61796","physiotherapy's","Candice's","57101","physiotherapy's");
insert into Patient(patientID,firstName,lastName,insurancePolicy,emergencyContact) values("40505","dwelt","parishioner's","23278","lassos");
insert into Patient(patientID,firstName,lastName,insurancePolicy,emergencyContact) values("79034","defacing","sensibility","41103","pompons");
insert into Patient(patientID,firstName,lastName,insurancePolicy,emergencyContact) values("95849","lynching's","foggiest","8183","pussiest");
insert into Patient(patientID,firstName,lastName,insurancePolicy,emergencyContact) values("22411","Barbadian","concessionaires","62195","pungency");
insert into Patient(patientID,firstName,lastName,insurancePolicy,emergencyContact) values("89679","schoolteacher's","earthlier","30115","Barbadian");
insert into Patient(patientID,firstName,lastName,insurancePolicy,emergencyContact) values("2167","piggy","Cathy","63642","curative");
insert into Patient(patientID,firstName,lastName,insurancePolicy,emergencyContact) values("80664","curative","sledgehammering","85767","clangs");
insert into Patient(patientID,firstName,lastName,insurancePolicy,emergencyContact) values("56827","piggy","Watergate","25226","Bosnia");
insert into Patient(patientID,firstName,lastName,insurancePolicy,emergencyContact) values("84548","expense's","fingerprinted","10778","lynching's");
insert into Patient(patientID,firstName,lastName,insurancePolicy,emergencyContact) values("48966","Tracie's","masseur's","67682","geneticists");
insert into Patient(patientID,firstName,lastName,insurancePolicy,emergencyContact) values("27826","pussiest","Camelot's","45234","backer");
insert into Patient(patientID,firstName,lastName,insurancePolicy,emergencyContact) values("92828","thralldom's","cueing","61326","liquor");
insert into Patient(patientID,firstName,lastName,insurancePolicy,emergencyContact) values("29413","leveler","carats","40067","curative");
insert into Patient(patientID,firstName,lastName,insurancePolicy,emergencyContact) values("58060","piggy","thralldom's","23470","Prussia");
insert into Patient(patientID,firstName,lastName,insurancePolicy,emergencyContact) values("18337","beached","Shockley","86418","detox");
insert into Patient(patientID,firstName,lastName,insurancePolicy,emergencyContact) values("61684","macro's","eastern","85886","horns");
insert into Patient(patientID,firstName,lastName,insurancePolicy,emergencyContact) values("38036","pommel's","monicker's","28116","Isabel's");
insert into Patient(patientID,firstName,lastName,insurancePolicy,emergencyContact) values("45209","macro's","letter","44599","Camelot's");
insert into Patient(patientID,firstName,lastName,insurancePolicy,emergencyContact) values("57087","caretaker","liquor","12731","Tracie's");
insert into Patient(patientID,firstName,lastName,insurancePolicy,emergencyContact) values("11257","energizers","horns","46493","sensibility");
insert into Patient(patientID,firstName,lastName,insurancePolicy,emergencyContact) values("8686","cursive","dwarf","76194","whittled");
insert into Patient(patientID,firstName,lastName,insurancePolicy,emergencyContact) values("24414","letter","candelabrum's","54102","pompons");
insert into Patient(patientID,firstName,lastName,insurancePolicy,emergencyContact) values("93327","workaholic's","Togo's","2862","accelerating");
insert into Patient(patientID,firstName,lastName,insurancePolicy,emergencyContact) values("34627","earthlier","artery's","41648","clangs");
insert into Patient(patientID,firstName,lastName,insurancePolicy,emergencyContact) values("5862","concessionaires","monicker's","7032","czar's");
insert into Patient(patientID,firstName,lastName,insurancePolicy,emergencyContact) values("99090","Barbadian","concessionaires","13244","Cathy");
insert into Patient(patientID,firstName,lastName,insurancePolicy,emergencyContact) values("97622","pledge's","curative","43602","pompons");
insert into Patient(patientID,firstName,lastName,insurancePolicy,emergencyContact) values("28408","artery's","dwelt","35933","bishop");
insert into Patient(patientID,firstName,lastName,insurancePolicy,emergencyContact) values("96334","pussiest","views","55023","reentries");
insert into Patient(patientID,firstName,lastName,insurancePolicy,emergencyContact) values("37915","bishop","clangs","86565","reentries");
insert into Patient(patientID,firstName,lastName,insurancePolicy,emergencyContact) values("47874","Watergate","doggedly","84433","splatted");
insert into Patient(patientID,firstName,lastName,insurancePolicy,emergencyContact) values("22419","molasses","schlepp's","39349","candelabrum's");
insert into Patient(patientID,firstName,lastName,insurancePolicy,emergencyContact) values("86437","relevancy","Togo's","75329","accelerating");
insert into Patient(patientID,firstName,lastName,insurancePolicy,emergencyContact) values("80622","caretaker","Isabel's","27842","reel's");
insert into Patient(patientID,firstName,lastName,insurancePolicy,emergencyContact) values("90550","Isabel's","piggy","33168","Togo's");
insert into Patient(patientID,firstName,lastName,insurancePolicy,emergencyContact) values("5995","shrink","resplendence's","39630","lassos");
insert into Patient(patientID,firstName,lastName,insurancePolicy,emergencyContact) values("67309","doping","carafe's","34953","pussiest");
insert into Patient(patientID,firstName,lastName,insurancePolicy,emergencyContact) values("42572","leveler","nonsensical","59041","Togo's");
insert into Patient(patientID,firstName,lastName,insurancePolicy,emergencyContact) values("54768","secularization's","pungency","94793","earthlier");
insert into Patient(patientID,firstName,lastName,insurancePolicy,emergencyContact) values("8244","monicker's","thralldom's","89568","concessionaires");
insert into Patient(patientID,firstName,lastName,insurancePolicy,emergencyContact) values("43348","caretaker","candelabrum's","80755","reentries");
insert into Patient(patientID,firstName,lastName,insurancePolicy,emergencyContact) values("10650","liquor","employes","26108","reel's");
insert into Patient(patientID,firstName,lastName,insurancePolicy,emergencyContact) values("53836","masseur's","cueing","25532","schoolteacher's");
insert into Patient(patientID,firstName,lastName,insurancePolicy,emergencyContact) values("77184","piggy","eastern","95922","Camelot's");
insert into Patient(patientID,firstName,lastName,insurancePolicy,emergencyContact) values("58745","artery's","prudently","3592","pussiest");
insert into Patient(patientID,firstName,lastName,insurancePolicy,emergencyContact) values("12837","Rhineland's","schoolteacher's","29051","dwarf");
insert into Patient(patientID,firstName,lastName,insurancePolicy,emergencyContact) values("93289","pungency","earthlier","82206","phonic");
insert into Patient(patientID,firstName,lastName,insurancePolicy,emergencyContact) values("46744","expense's","newsflash","40642","physiotherapy's");
insert into Patient(patientID,firstName,lastName,insurancePolicy,emergencyContact) values("77382","prudently","glen","29236","prudently");
insert into Patient(patientID,firstName,lastName,insurancePolicy,emergencyContact) values("93849","relevancy","Argentinian","94141","nonsensical");
insert into Patient(patientID,firstName,lastName,insurancePolicy,emergencyContact) values("38431","Candice's","lassos","95880","cueing");
insert into Patient(patientID,firstName,lastName,insurancePolicy,emergencyContact) values("29399","machetes","retirement","53014","masseur's");
insert into Patient(patientID,firstName,lastName,insurancePolicy,emergencyContact) values("18634","Fiberglas","physiotherapy's","83384","dwelt");
insert into Patient(patientID,firstName,lastName,insurancePolicy,emergencyContact) values("53839","relevancy","physiotherapy's","35453","schlepp's");
insert into Patient(patientID,firstName,lastName,insurancePolicy,emergencyContact) values("1841","parishioner's","horns","55214","Neil's");
insert into Patient(patientID,firstName,lastName,insurancePolicy,emergencyContact) values("34031","prudently","earthlier","94474","czar's");
insert into Patient(patientID,firstName,lastName,insurancePolicy,emergencyContact) values("13085","macro's","retirement","35383","expense's");
insert into Patient(patientID,firstName,lastName,insurancePolicy,emergencyContact) values("62365","hoarser","backer","87184","employes");
insert into Patient(patientID,firstName,lastName,insurancePolicy,emergencyContact) values("29428","earthlier","detox","18373","pledge's");
insert into Patient(patientID,firstName,lastName,insurancePolicy,emergencyContact) values("41820","dwarf","foggiest","71127","czar's");
insert into Patient(patientID,firstName,lastName,insurancePolicy,emergencyContact) values("75213","sledgehammering","accelerating","47562","Argentinian");
insert into Patient(patientID,firstName,lastName,insurancePolicy,emergencyContact) values("79921","spindle","letter","64274","pledge's");
insert into Patient(patientID,firstName,lastName,insurancePolicy,emergencyContact) values("26839","phonic","Shockley","262","gashing");
insert into Patient(patientID,firstName,lastName,insurancePolicy,emergencyContact) values("14447","detox","retirement","75924","masseur's");
insert into Patient(patientID,firstName,lastName,insurancePolicy,emergencyContact) values("6390","lynching's","masseur's","32068","Fiberglas");
insert into Patient(patientID,firstName,lastName,insurancePolicy,emergencyContact) values("88636","secularization's","sensibility","20844","czar's");
insert into Patient(patientID,firstName,lastName,insurancePolicy,emergencyContact) values("21601","fingerprinted","Barbadian","71911","nonsensical");
insert into Patient(patientID,firstName,lastName,insurancePolicy,emergencyContact) values("46126","caretaker","cueing","13894","Cathy");
insert into Patient(patientID,firstName,lastName,insurancePolicy,emergencyContact) values("40417","podiatrist's","prudently","61793","leveler");
insert into Patient(patientID,firstName,lastName,insurancePolicy,emergencyContact) values("65662","pungency","workaholic's","18369","Rhineland's");
insert into Patient(patientID,firstName,lastName,insurancePolicy,emergencyContact) values("69291","Neil's","czar's","63088","Isabel's");
insert into Patient(patientID,firstName,lastName,insurancePolicy,emergencyContact) values("78424","views","deposit's","50031","schoolteacher's");
insert into Patient(patientID,firstName,lastName,insurancePolicy,emergencyContact) values("71181","sledgehammering","geneticists","90262","fingerprinted");
insert into Patient(patientID,firstName,lastName,insurancePolicy,emergencyContact) values("50120","schoolteacher's","eastern","27621","lynching's");
insert into Patient(patientID,firstName,lastName,insurancePolicy,emergencyContact) values("54529","cueing","Togo's","53673","resplendence's");
insert into Patient(patientID,firstName,lastName,insurancePolicy,emergencyContact) values("21238","concessionaires","schoolteacher's","77690","earthlier");
insert into Patient(patientID,firstName,lastName,insurancePolicy,emergencyContact) values("67744","caretaker","Isabel's","49248","Bosnia");
insert into Patient(patientID,firstName,lastName,insurancePolicy,emergencyContact) values("82580","curative","carafe's","33801","Rhineland's");
insert into Patient(patientID,firstName,lastName,insurancePolicy,emergencyContact) values("59378","reel's","doggedly","17407","doping");
insert into Patient(patientID,firstName,lastName,insurancePolicy,emergencyContact) values("21569","fingerprinted","schlepp's","65749","doggedly");
insert into Patient(patientID,firstName,lastName,insurancePolicy,emergencyContact) values("41573","backer","candelabrum's","37696","cueing");
insert into Patient(patientID,firstName,lastName,insurancePolicy,emergencyContact) values("96318","expense's","machetes","60644","doggedly");
insert into Patient(patientID,firstName,lastName,insurancePolicy,emergencyContact) values("54035","gashing","celibate","55244","secularization's");
insert into PatientRoom(roomNumber,patientID) values("0","44223");
insert into PatientRoom(roomNumber,patientID) values("1","32840");
insert into PatientRoom(roomNumber,patientID) values("3","45209");
insert into PatientRoom(roomNumber,patientID) values("4","14841");
insert into PatientRoom(roomNumber,patientID) values("6","47934");
insert into PatientRoom(roomNumber,patientID) values("7","67309");
insert into PatientRoom(roomNumber,patientID) values("8","18502");
insert into PatientRoom(roomNumber,patientID) values("9","48966");
insert into PatientRoom(roomNumber,patientID) values("10","65662");
insert into PatientRoom(roomNumber,patientID) values("11","24061");
insert into PatientRoom(roomNumber,patientID) values("13","82580");
insert into PatientRoom(roomNumber,patientID) values("14","70531");
insert into PatientRoom(roomNumber,patientID) values("16","92917");
insert into PatientRoom(roomNumber,patientID) values("17","96318");
insert into PatientRoom(roomNumber,patientID) values("18","56500");
insert into PatientRoom(roomNumber,patientID) values("19","5995");
insert into PatientRoom(roomNumber,patientID) values("20","84548");
insert into PatientRoom(roomNumber,patientID) values("21","31254");
insert into PatientRoom(roomNumber,patientID) values("22","65662");
insert into PatientRoom(roomNumber,patientID) values("23","41820");
insert into PatientRoom(roomNumber,patientID) values("24","32488");
insert into PatientRoom(roomNumber,patientID) values("26","57213");
insert into PatientRoom(roomNumber,patientID) values("27","54035");
insert into PatientRoom(roomNumber,patientID) values("28","21601");
insert into PatientRoom(roomNumber,patientID) values("29","41820");
insert into PatientRoom(roomNumber,patientID) values("30","24477");
insert into PatientRoom(roomNumber,patientID) values("31","95849");
insert into PatientRoom(roomNumber,patientID) values("33","40505");
insert into PatientRoom(roomNumber,patientID) values("34","61796");
insert into PatientRoom(roomNumber,patientID) values("35","29428");
insert into PatientRoom(roomNumber,patientID) values("37","96318");
insert into PatientRoom(roomNumber,patientID) values("38","58691");
insert into PatientRoom(roomNumber,patientID) values("39","17071");
insert into PatientRoom(roomNumber,patientID) values("40","50936");
insert into PatientRoom(roomNumber,patientID) values("41","56827");
insert into PatientRoom(roomNumber,patientID) values("42","47934");
insert into PatientRoom(roomNumber,patientID) values("43","6390");
insert into PatientRoom(roomNumber,patientID) values("44","36977");
insert into PatientRoom(roomNumber,patientID) values("45","83050");
insert into PatientRoom(roomNumber,patientID) values("47","2028");
insert into PatientRoom(roomNumber,patientID) values("48","71181");
insert into PatientRoom(roomNumber,patientID) values("49","58060");
insert into PatientRoom(roomNumber,patientID) values("50","89527");
insert into PatientRoom(roomNumber,patientID) values("51","67309");
insert into PatientRoom(roomNumber,patientID) values("52","41475");
insert into PatientRoom(roomNumber,patientID) values("54","74751");
insert into PatientRoom(roomNumber,patientID) values("56","42015");
insert into PatientRoom(roomNumber,patientID) values("57","17071");
insert into PatientRoom(roomNumber,patientID) values("58","41475");
insert into PatientRoom(roomNumber,patientID) values("61","32488");
insert into PatientRoom(roomNumber,patientID) values("62","8686");
insert into PatientRoom(roomNumber,patientID) values("64","97622");
insert into PatientRoom(roomNumber,patientID) values("65","21892");
insert into PatientRoom(roomNumber,patientID) values("66","34627");
insert into PatientRoom(roomNumber,patientID) values("67","65325");
insert into PatientRoom(roomNumber,patientID) values("68","49793");
insert into PatientRoom(roomNumber,patientID) values("69","24061");
insert into PatientRoom(roomNumber,patientID) values("70","85723");
insert into PatientRoom(roomNumber,patientID) values("71","67453");
insert into PatientRoom(roomNumber,patientID) values("72","37752");
insert into PatientRoom(roomNumber,patientID) values("73","99090");
insert into PatientRoom(roomNumber,patientID) values("77","18502");
insert into PatientRoom(roomNumber,patientID) values("78","53836");
insert into PatientRoom(roomNumber,patientID) values("79","61684");
insert into PatientRoom(roomNumber,patientID) values("81","6390");
insert into PatientRoom(roomNumber,patientID) values("82","99090");
insert into PatientRoom(roomNumber,patientID) values("83","90253");
insert into PatientRoom(roomNumber,patientID) values("84","45276");
insert into PatientRoom(roomNumber,patientID) values("85","53836");
insert into PatientRoom(roomNumber,patientID) values("86","28344");
insert into PatientRoom(roomNumber,patientID) values("87","29413");
insert into PatientRoom(roomNumber,patientID) values("88","85723");
insert into PatientRoom(roomNumber,patientID) values("89","56827");
insert into PatientRoom(roomNumber,patientID) values("90","83050");
insert into PatientRoom(roomNumber,patientID) values("92","62365");
insert into PatientRoom(roomNumber,patientID) values("93","32488");
insert into PatientRoom(roomNumber,patientID) values("94","84431");
insert into PatientRoom(roomNumber,patientID) values("95","79792");
insert into PatientRoom(roomNumber,patientID) values("96","21569");
insert into PatientRoom(roomNumber,patientID) values("97","38036");
insert into PatientRoom(roomNumber,patientID) values("98","986");
insert into PatientRoom(roomNumber,patientID) values("99","18337");
insert into OutPatient(patientID) values("228");
insert into OutPatient(patientID) values("2167");
insert into OutPatient(patientID) values("2987");
insert into OutPatient(patientID) values("3038");
insert into OutPatient(patientID) values("5862");
insert into OutPatient(patientID) values("5995");
insert into OutPatient(patientID) values("6000");
insert into OutPatient(patientID) values("6322");
insert into OutPatient(patientID) values("8686");
insert into OutPatient(patientID) values("10025");
insert into OutPatient(patientID) values("10650");
insert into OutPatient(patientID) values("13085");
insert into OutPatient(patientID) values("14841");
insert into OutPatient(patientID) values("18634");
insert into OutPatient(patientID) values("21238");
insert into OutPatient(patientID) values("21569");
insert into OutPatient(patientID) values("21601");
insert into OutPatient(patientID) values("21892");
insert into OutPatient(patientID) values("22236");
insert into OutPatient(patientID) values("22419");
insert into OutPatient(patientID) values("23393");
insert into OutPatient(patientID) values("23400");
insert into OutPatient(patientID) values("23687");
insert into OutPatient(patientID) values("24061");
insert into OutPatient(patientID) values("24328");
insert into OutPatient(patientID) values("24414");
insert into OutPatient(patientID) values("24477");
insert into OutPatient(patientID) values("25348");
insert into OutPatient(patientID) values("25710");
insert into OutPatient(patientID) values("26059");
insert into OutPatient(patientID) values("28344");
insert into OutPatient(patientID) values("28408");
insert into OutPatient(patientID) values("29428");
insert into OutPatient(patientID) values("29907");
insert into OutPatient(patientID) values("31254");
insert into OutPatient(patientID) values("31953");
insert into OutPatient(patientID) values("32517");
insert into OutPatient(patientID) values("32840");
insert into OutPatient(patientID) values("34031");
insert into OutPatient(patientID) values("34627");
insert into OutPatient(patientID) values("37220");
insert into OutPatient(patientID) values("37752");
insert into OutPatient(patientID) values("38036");
insert into OutPatient(patientID) values("38199");
insert into OutPatient(patientID) values("38287");
insert into OutPatient(patientID) values("38431");
insert into OutPatient(patientID) values("40417");
insert into OutPatient(patientID) values("41475");
insert into OutPatient(patientID) values("41573");
insert into OutPatient(patientID) values("41820");
insert into OutPatient(patientID) values("42791");
insert into OutPatient(patientID) values("43348");
insert into OutPatient(patientID) values("45209");
insert into OutPatient(patientID) values("45230");
insert into OutPatient(patientID) values("45354");
insert into OutPatient(patientID) values("46126");
insert into OutPatient(patientID) values("46438");
insert into OutPatient(patientID) values("47471");
insert into OutPatient(patientID) values("47662");
insert into OutPatient(patientID) values("47874");
insert into OutPatient(patientID) values("47934");
insert into OutPatient(patientID) values("49281");
insert into OutPatient(patientID) values("50120");
insert into OutPatient(patientID) values("50876");
insert into OutPatient(patientID) values("50936");
insert into OutPatient(patientID) values("53836");
insert into OutPatient(patientID) values("53839");
insert into OutPatient(patientID) values("54035");
insert into OutPatient(patientID) values("54529");
insert into OutPatient(patientID) values("54768");
insert into OutPatient(patientID) values("56106");
insert into OutPatient(patientID) values("56500");
insert into OutPatient(patientID) values("57087");
insert into OutPatient(patientID) values("57213");
insert into OutPatient(patientID) values("58060");
insert into OutPatient(patientID) values("58745");
insert into OutPatient(patientID) values("58751");
insert into OutPatient(patientID) values("60204");
insert into OutPatient(patientID) values("61684");
insert into OutPatient(patientID) values("61796");
insert into OutPatient(patientID) values("62365");
insert into OutPatient(patientID) values("64244");
insert into OutPatient(patientID) values("65325");
insert into OutPatient(patientID) values("65662");
insert into OutPatient(patientID) values("66505");
insert into OutPatient(patientID) values("67309");
insert into OutPatient(patientID) values("67775");
insert into OutPatient(patientID) values("69291");
insert into OutPatient(patientID) values("69573");
insert into OutPatient(patientID) values("70283");
insert into OutPatient(patientID) values("70470");
insert into OutPatient(patientID) values("71181");
insert into OutPatient(patientID) values("73479");
insert into OutPatient(patientID) values("75213");
insert into OutPatient(patientID) values("77184");
insert into OutPatient(patientID) values("78424");
insert into OutPatient(patientID) values("79792");
insert into OutPatient(patientID) values("79921");
insert into OutPatient(patientID) values("80622");
insert into OutPatient(patientID) values("80664");
insert into OutPatient(patientID) values("82377");
insert into OutPatient(patientID) values("82580");
insert into OutPatient(patientID) values("83050");
insert into OutPatient(patientID) values("84431");
insert into OutPatient(patientID) values("84548");
insert into OutPatient(patientID) values("88636");
insert into OutPatient(patientID) values("89418");
insert into OutPatient(patientID) values("89551");
insert into OutPatient(patientID) values("89679");
insert into OutPatient(patientID) values("91408");
insert into OutPatient(patientID) values("92917");
insert into OutPatient(patientID) values("93217");
insert into OutPatient(patientID) values("93289");
insert into OutPatient(patientID) values("93327");
insert into OutPatient(patientID) values("93849");
insert into OutPatient(patientID) values("95484");
insert into OutPatient(patientID) values("95607");
insert into OutPatient(patientID) values("95849");
insert into OutPatient(patientID) values("96318");
insert into OutPatient(patientID) values("96334");
insert into OutPatient(patientID) values("97734");
insert into OutPatient(patientID) values("99954");
insert into Nurse(employeeID,treatmentGiverID) values("72057","1286");
insert into Nurse(employeeID,treatmentGiverID) values("87496","3814");
insert into Nurse(employeeID,treatmentGiverID) values("93943","6975");
insert into Nurse(employeeID,treatmentGiverID) values("79674","9657");
insert into Nurse(employeeID,treatmentGiverID) values("30492","9945");
insert into Nurse(employeeID,treatmentGiverID) values("56671","11567");
insert into Nurse(employeeID,treatmentGiverID) values("14479","12198");
insert into Nurse(employeeID,treatmentGiverID) values("58555","13102");
insert into Nurse(employeeID,treatmentGiverID) values("11382","15705");
insert into Nurse(employeeID,treatmentGiverID) values("71086","22942");
insert into Nurse(employeeID,treatmentGiverID) values("34380","24160");
insert into Nurse(employeeID,treatmentGiverID) values("31135","25070");
insert into Nurse(employeeID,treatmentGiverID) values("47632","25963");
insert into Nurse(employeeID,treatmentGiverID) values("74333","26648");
insert into Nurse(employeeID,treatmentGiverID) values("17585","30054");
insert into Nurse(employeeID,treatmentGiverID) values("64085","30476");
insert into Nurse(employeeID,treatmentGiverID) values("40425","31204");
insert into Nurse(employeeID,treatmentGiverID) values("75947","33707");
insert into Nurse(employeeID,treatmentGiverID) values("80899","34296");
insert into Nurse(employeeID,treatmentGiverID) values("28993","36877");
insert into Nurse(employeeID,treatmentGiverID) values("66396","42234");
insert into Nurse(employeeID,treatmentGiverID) values("68258","45676");
insert into Nurse(employeeID,treatmentGiverID) values("75668","47447");
insert into Nurse(employeeID,treatmentGiverID) values("44022","49526");
insert into Nurse(employeeID,treatmentGiverID) values("89868","49745");
insert into Nurse(employeeID,treatmentGiverID) values("32529","50737");
insert into Nurse(employeeID,treatmentGiverID) values("89184","51609");
insert into Nurse(employeeID,treatmentGiverID) values("96933","53713");
insert into Nurse(employeeID,treatmentGiverID) values("485","53945");
insert into Nurse(employeeID,treatmentGiverID) values("72450","56219");
insert into Nurse(employeeID,treatmentGiverID) values("94575","61362");
insert into Nurse(employeeID,treatmentGiverID) values("80051","62540");
insert into Nurse(employeeID,treatmentGiverID) values("74546","63125");
insert into Nurse(employeeID,treatmentGiverID) values("78587","64178");
insert into Nurse(employeeID,treatmentGiverID) values("98997","65058");
insert into Nurse(employeeID,treatmentGiverID) values("83534","66399");
insert into Nurse(employeeID,treatmentGiverID) values("72103","68508");
insert into Nurse(employeeID,treatmentGiverID) values("68839","69348");
insert into Nurse(employeeID,treatmentGiverID) values("31395","69907");
insert into Nurse(employeeID,treatmentGiverID) values("59608","70748");
insert into Nurse(employeeID,treatmentGiverID) values("98854","73195");
insert into Nurse(employeeID,treatmentGiverID) values("60616","73691");
insert into Nurse(employeeID,treatmentGiverID) values("27030","77933");
insert into Nurse(employeeID,treatmentGiverID) values("98313","78991");
insert into Nurse(employeeID,treatmentGiverID) values("67082","80426");
insert into Nurse(employeeID,treatmentGiverID) values("43517","80808");
insert into Nurse(employeeID,treatmentGiverID) values("20085","83009");
insert into Nurse(employeeID,treatmentGiverID) values("20830","83260");
insert into Nurse(employeeID,treatmentGiverID) values("93578","84263");
insert into Nurse(employeeID,treatmentGiverID) values("59379","84620");
insert into Nurse(employeeID,treatmentGiverID) values("44809","85530");
insert into Nurse(employeeID,treatmentGiverID) values("40107","86055");
insert into Nurse(employeeID,treatmentGiverID) values("80606","89921");
insert into Nurse(employeeID,treatmentGiverID) values("93800","90318");
insert into Nurse(employeeID,treatmentGiverID) values("36320","92287");
insert into Nurse(employeeID,treatmentGiverID) values("48155","93585");
insert into Nurse(employeeID,treatmentGiverID) values("54412","94125");
insert into Nurse(employeeID,treatmentGiverID) values("43538","94616");
insert into Nurse(employeeID,treatmentGiverID) values("8089","94957");
insert into Worker(employeeID,firstName,lastName,hireDate,salary) values("80051","reel's","machetes","2011-12-31T20:07:09.000Z","46530");
insert into Worker(employeeID,firstName,lastName,hireDate,salary) values("98313","leveler","podiatrist's","2013-02-08T08:48:33.000Z","70125");
insert into Worker(employeeID,firstName,lastName,hireDate,salary) values("93800","carats","logbooks","2013-02-07T08:48:45.000Z","55977");
insert into Worker(employeeID,firstName,lastName,hireDate,salary) values("72450","piggy","Bosnia","2014-11-27T15:03:59.000Z","64681");
insert into Worker(employeeID,firstName,lastName,hireDate,salary) values("89184","workaholic's","accelerating","2012-01-02T00:06:38.000Z","22458");
insert into Worker(employeeID,firstName,lastName,hireDate,salary) values("66396","logbooks","workaholic's","2012-01-07T19:05:36.000Z","22333");
insert into Worker(employeeID,firstName,lastName,hireDate,salary) values("40107","pledge's","gashing","2013-12-24T15:16:43.000Z","54425");
insert into Worker(employeeID,firstName,lastName,hireDate,salary) values("74333","dieresis's","bishop","2013-09-25T20:52:01.000Z","24623");
insert into Worker(employeeID,firstName,lastName,hireDate,salary) values("60616","dwarf","Bosnia","2014-10-09T00:37:09.000Z","88733");
insert into Worker(employeeID,firstName,lastName,hireDate,salary) values("29163","dwarf","abdications","2014-10-21T20:19:37.000Z","5611");
insert into Worker(employeeID,firstName,lastName,hireDate,salary) values("17358","whittled","Neil's","2012-01-25T05:08:21.000Z","22139");
insert into Worker(employeeID,firstName,lastName,hireDate,salary) values("98997","spindle","physiotherapy's","2012-01-18T06:26:19.000Z","91736");
insert into Worker(employeeID,firstName,lastName,hireDate,salary) values("71086","dwarf","lassos","2014-03-04T09:33:06.000Z","19088");
insert into Worker(employeeID,firstName,lastName,hireDate,salary) values("70557","curative","abdications","2013-09-07T00:47:42.000Z","8104");
insert into Worker(employeeID,firstName,lastName,hireDate,salary) values("82722","cursive","curative","2014-01-01T01:35:52.000Z","66700");
insert into Worker(employeeID,firstName,lastName,hireDate,salary) values("83534","splatted","gashing","2012-01-27T17:50:50.000Z","94440");
insert into Worker(employeeID,firstName,lastName,hireDate,salary) values("9476","bishop","detox","2012-01-18T12:41:15.000Z","14548");
insert into Worker(employeeID,firstName,lastName,hireDate,salary) values("89667","Togo's","detox","2012-01-17T07:41:25.000Z","65592");
insert into Worker(employeeID,firstName,lastName,hireDate,salary) values("17585","relevancy","Candice's","2014-03-13T22:44:49.000Z","48977");
insert into Worker(employeeID,firstName,lastName,hireDate,salary) values("68258","thralldom's","confidante's","2012-01-21T10:15:22.000Z","97769");
insert into Worker(employeeID,firstName,lastName,hireDate,salary) values("32761","sneaked","bishop","2012-01-24T22:46:10.000Z","42590");
insert into Worker(employeeID,firstName,lastName,hireDate,salary) values("26317","macro's","schlepp's","2014-04-16T18:12:02.000Z","8249");
insert into Worker(employeeID,firstName,lastName,hireDate,salary) values("93578","abdications","views","2014-04-15T13:37:23.000Z","88815");
insert into Worker(employeeID,firstName,lastName,hireDate,salary) values("64085","cursive","thralldom's","2012-01-06T10:13:34.000Z","82125");
insert into Worker(employeeID,firstName,lastName,hireDate,salary) values("56671","cueing","phonic","2013-05-02T14:17:52.000Z","99811");
insert into Worker(employeeID,firstName,lastName,hireDate,salary) values("59379","machetes","czar's","2012-01-05T20:42:32.000Z","5827");
insert into Worker(employeeID,firstName,lastName,hireDate,salary) values("35412","gashing","doggedly","2013-07-14T02:25:18.000Z","75648");
insert into Worker(employeeID,firstName,lastName,hireDate,salary) values("58555","foggiest","Fiberglas","2012-01-03T08:46:30.000Z","82449");
insert into Worker(employeeID,firstName,lastName,hireDate,salary) values("30492","doping","concessionaires","2014-09-06T23:45:20.000Z","17612");
insert into Worker(employeeID,firstName,lastName,hireDate,salary) values("2227","cameos","doggedly","2013-05-26T08:51:17.000Z","17732");
insert into Worker(employeeID,firstName,lastName,hireDate,salary) values("79674","concessionaires","doping","2014-10-03T13:22:13.000Z","25798");
insert into Worker(employeeID,firstName,lastName,hireDate,salary) values("98123","Breckenridge's","carats","2014-09-19T00:58:37.000Z","9828");
insert into Worker(employeeID,firstName,lastName,hireDate,salary) values("2334","machetes","Cathy","2014-09-27T23:58:36.000Z","88143");
insert into Worker(employeeID,firstName,lastName,hireDate,salary) values("25970","fingerprinted","curative","2013-08-15T16:43:54.000Z","40259");
insert into Worker(employeeID,firstName,lastName,hireDate,salary) values("35892","nonsensical","sledgehammering","2013-12-02T23:27:52.000Z","22723");
insert into Worker(employeeID,firstName,lastName,hireDate,salary) values("58096","lassos","sneaked","2014-04-14T14:46:48.000Z","49687");
insert into Worker(employeeID,firstName,lastName,hireDate,salary) values("37631","reentries","schlepp's","2012-01-05T23:34:26.000Z","11274");
insert into Worker(employeeID,firstName,lastName,hireDate,salary) values("36320","clangs","sensibility","2014-11-24T09:05:51.000Z","90010");
insert into Worker(employeeID,firstName,lastName,hireDate,salary) values("50693","parishioner's","pledge's","2012-01-14T07:47:30.000Z","20890");
insert into Worker(employeeID,firstName,lastName,hireDate,salary) values("13468","reentries","bishop","2013-06-18T07:20:41.000Z","65423");
insert into Worker(employeeID,firstName,lastName,hireDate,salary) values("43498","parishioner's","Argentinian","2013-05-27T06:04:57.000Z","11593");
insert into Worker(employeeID,firstName,lastName,hireDate,salary) values("67082","caretaker","cameos","2012-01-07T14:57:33.000Z","63705");
insert into Worker(employeeID,firstName,lastName,hireDate,salary) values("75668","Isabel's","reentries","2012-01-02T11:45:38.000Z","50386");
insert into Worker(employeeID,firstName,lastName,hireDate,salary) values("26555","clangs","Tracie's","2014-11-05T12:31:36.000Z","91518");
insert into Worker(employeeID,firstName,lastName,hireDate,salary) values("28993","Togo's","logbooks","2013-06-23T12:52:44.000Z","39620");
insert into Worker(employeeID,firstName,lastName,hireDate,salary) values("74546","Candice's","Togo's","2012-01-04T15:10:26.000Z","21060");
insert into Worker(employeeID,firstName,lastName,hireDate,salary) values("48155","candelabrum's","Bosnia","2013-11-09T15:36:30.000Z","20636");
insert into Worker(employeeID,firstName,lastName,hireDate,salary) values("34380","reentries","carafe's","2013-10-24T03:20:02.000Z","81906");
insert into Worker(employeeID,firstName,lastName,hireDate,salary) values("2837","bishop","schlepp's","2014-08-17T06:10:44.000Z","97996");
insert into Worker(employeeID,firstName,lastName,hireDate,salary) values("31395","abdications","reel's","2014-09-09T19:35:43.000Z","70543");
insert into Worker(employeeID,firstName,lastName,hireDate,salary) values("31351","foggiest","artery's","2013-10-31T10:17:24.000Z","56199");
insert into Worker(employeeID,firstName,lastName,hireDate,salary) values("40425","molasses","celibate","2013-09-26T10:55:39.000Z","88781");
insert into Worker(employeeID,firstName,lastName,hireDate,salary) values("98854","Shockley","earthlier","2014-12-20T02:51:59.000Z","50518");
insert into Worker(employeeID,firstName,lastName,hireDate,salary) values("14479","cueing","Argentinian","2013-12-12T12:31:41.000Z","91608");
insert into Worker(employeeID,firstName,lastName,hireDate,salary) values("89868","clangs","dwelt","2013-09-27T06:20:43.000Z","78799");
insert into Worker(employeeID,firstName,lastName,hireDate,salary) values("67237","splatted","macro's","2014-03-18T08:55:28.000Z","70021");
insert into Worker(employeeID,firstName,lastName,hireDate,salary) values("54324","Breckenridge's","Togo's","2012-01-18T10:37:37.000Z","88187");
insert into Worker(employeeID,firstName,lastName,hireDate,salary) values("72103","checkerboard's","podiatrist's","2012-01-22T15:00:06.000Z","87734");
insert into Worker(employeeID,firstName,lastName,hireDate,salary) values("53761","Tracie's","pommel's","2014-02-27T05:18:01.000Z","19652");
insert into Worker(employeeID,firstName,lastName,hireDate,salary) values("13882","doggedly","schlepp's","2012-01-03T15:17:16.000Z","89584");
insert into Worker(employeeID,firstName,lastName,hireDate,salary) values("1469","Candice's","Tracie's","2012-01-11T01:26:49.000Z","82812");
insert into Worker(employeeID,firstName,lastName,hireDate,salary) values("68839","doggedly","cueing","2013-02-15T20:56:35.000Z","53021");
insert into Worker(employeeID,firstName,lastName,hireDate,salary) values("75947","Prussia","curative","2014-05-17T01:04:38.000Z","70413");
insert into Worker(employeeID,firstName,lastName,hireDate,salary) values("29889","Fiberglas","letter","2012-01-19T01:05:37.000Z","16101");
insert into Worker(employeeID,firstName,lastName,hireDate,salary) values("44809","Shockley","artery's","2012-01-19T02:56:44.000Z","83329");
insert into Worker(employeeID,firstName,lastName,hireDate,salary) values("43517","glen","masseur's","2014-06-17T14:34:25.000Z","77231");
insert into Worker(employeeID,firstName,lastName,hireDate,salary) values("63354","machetes","glen","2012-01-15T08:27:10.000Z","86619");
insert into Worker(employeeID,firstName,lastName,hireDate,salary) values("14983","clangs","concessionaires","2013-06-26T16:39:06.000Z","65697");
insert into Worker(employeeID,firstName,lastName,hireDate,salary) values("59608","energizers","letter","2014-10-08T17:15:21.000Z","40805");
insert into Worker(employeeID,firstName,lastName,hireDate,salary) values("13738","Camelot's","doping","2012-01-18T08:03:09.000Z","75434");
insert into Worker(employeeID,firstName,lastName,hireDate,salary) values("38385","gashing","geneticists","2012-01-05T15:42:59.000Z","96589");
insert into Worker(employeeID,firstName,lastName,hireDate,salary) values("93943","pompons","machetes","2012-01-07T18:51:27.000Z","47179");
insert into Worker(employeeID,firstName,lastName,hireDate,salary) values("78587","Candice's","Breckenridge's","2014-12-12T08:39:23.000Z","18583");
insert into Worker(employeeID,firstName,lastName,hireDate,salary) values("20085","candelabrum's","confidante's","2012-01-09T11:06:14.000Z","59240");
insert into Worker(employeeID,firstName,lastName,hireDate,salary) values("485","relevancy","horns","2014-12-15T01:25:39.000Z","72525");
insert into Worker(employeeID,firstName,lastName,hireDate,salary) values("11382","schoolteacher's","employes","2013-08-18T11:55:14.000Z","50715");
insert into Worker(employeeID,firstName,lastName,hireDate,salary) values("47632","nonsensical","bishop","2012-01-07T23:56:28.000Z","14555");
insert into Worker(employeeID,firstName,lastName,hireDate,salary) values("80606","backer","defacing","2013-06-17T19:11:06.000Z","95798");
insert into Worker(employeeID,firstName,lastName,hireDate,salary) values("94575","Togo's","Bosnia","2012-01-11T16:41:02.000Z","98726");
insert into Worker(employeeID,firstName,lastName,hireDate,salary) values("27030","molasses","Tracie's","2013-09-07T00:35:33.000Z","61428");
insert into Worker(employeeID,firstName,lastName,hireDate,salary) values("9886","Argentinian","checkerboard's","2012-01-02T08:22:59.000Z","34455");
insert into Worker(employeeID,firstName,lastName,hireDate,salary) values("10435","nonsensical","confidante's","2013-02-05T23:38:58.000Z","51932");
insert into Worker(employeeID,firstName,lastName,hireDate,salary) values("26656","czar's","nonsensical","2014-11-22T04:17:49.000Z","21126");
insert into Worker(employeeID,firstName,lastName,hireDate,salary) values("31135","doping","leveler","2013-05-15T09:48:10.000Z","8348");
insert into Worker(employeeID,firstName,lastName,hireDate,salary) values("87496","dwarf","employes","2013-04-20T22:33:24.000Z","47612");
insert into Worker(employeeID,firstName,lastName,hireDate,salary) values("83074","candelabrum's","curative","2013-01-05T15:12:22.000Z","22842");
insert into Worker(employeeID,firstName,lastName,hireDate,salary) values("72057","detox","leveler","2014-05-07T20:11:51.000Z","67228");
insert into Worker(employeeID,firstName,lastName,hireDate,salary) values("6963","leveler","spindle","2013-02-12T01:39:27.000Z","31084");
insert into Worker(employeeID,firstName,lastName,hireDate,salary) values("20830","Argentinian","phonic","2013-11-05T00:24:24.000Z","46124");
insert into Worker(employeeID,firstName,lastName,hireDate,salary) values("4666","Cathy","relevancy","2014-01-23T22:43:04.000Z","2117");
insert into Worker(employeeID,firstName,lastName,hireDate,salary) values("43538","masseur's","physiotherapy's","2012-01-07T03:01:38.000Z","32521");
insert into Worker(employeeID,firstName,lastName,hireDate,salary) values("8089","accelerating","resplendence's","2012-01-07T20:49:08.000Z","5479");
insert into Worker(employeeID,firstName,lastName,hireDate,salary) values("77196","whittled","masseur's","2013-04-20T10:34:19.000Z","9234");
insert into Worker(employeeID,firstName,lastName,hireDate,salary) values("54412","newsflash","sledgehammering","2012-01-20T21:49:03.000Z","68158");
insert into Worker(employeeID,firstName,lastName,hireDate,salary) values("25265","leveler","spindle","2014-06-27T02:13:08.000Z","7234");
insert into Worker(employeeID,firstName,lastName,hireDate,salary) values("80899","abdications","sneaked","2012-01-18T15:08:35.000Z","84401");
insert into Worker(employeeID,firstName,lastName,hireDate,salary) values("32529","logbooks","relevancy","2012-01-19T21:06:28.000Z","27427");
insert into Worker(employeeID,firstName,lastName,hireDate,salary) values("1143","Breckenridge's","czar's","2013-08-17T03:05:38.000Z","2988");
insert into Worker(employeeID,firstName,lastName,hireDate,salary) values("44022","energizers","Candice's","2012-01-19T18:51:23.000Z","35871");
insert into Worker(employeeID,firstName,lastName,hireDate,salary) values("96933","piggy","molasses","2013-12-19T21:09:06.000Z","20746");
insert into InPatient(patientID) values("228");
insert into InPatient(patientID) values("1143");
insert into InPatient(patientID) values("3038");
insert into InPatient(patientID) values("5862");
insert into InPatient(patientID) values("5995");
insert into InPatient(patientID) values("6000");
insert into InPatient(patientID) values("6322");
insert into InPatient(patientID) values("10025");
insert into InPatient(patientID) values("10650");
insert into InPatient(patientID) values("12837");
insert into InPatient(patientID) values("13085");
insert into InPatient(patientID) values("14841");
insert into InPatient(patientID) values("15153");
insert into InPatient(patientID) values("18337");
insert into InPatient(patientID) values("18502");
insert into InPatient(patientID) values("18634");
insert into InPatient(patientID) values("19474");
insert into InPatient(patientID) values("21238");
insert into InPatient(patientID) values("21569");
insert into InPatient(patientID) values("21706");
insert into InPatient(patientID) values("21892");
insert into InPatient(patientID) values("22411");
insert into InPatient(patientID) values("23400");
insert into InPatient(patientID) values("23687");
insert into InPatient(patientID) values("24061");
insert into InPatient(patientID) values("25348");
insert into InPatient(patientID) values("26059");
insert into InPatient(patientID) values("26839");
insert into InPatient(patientID) values("27826");
insert into InPatient(patientID) values("29399");
insert into InPatient(patientID) values("29907");
insert into InPatient(patientID) values("31254");
insert into InPatient(patientID) values("31953");
insert into InPatient(patientID) values("32488");
insert into InPatient(patientID) values("32840");
insert into InPatient(patientID) values("34031");
insert into InPatient(patientID) values("34627");
insert into InPatient(patientID) values("35334");
insert into InPatient(patientID) values("36977");
insert into InPatient(patientID) values("37220");
insert into InPatient(patientID) values("37752");
insert into InPatient(patientID) values("37915");
insert into InPatient(patientID) values("38199");
insert into InPatient(patientID) values("38431");
insert into InPatient(patientID) values("38674");
insert into InPatient(patientID) values("40417");
insert into InPatient(patientID) values("40505");
insert into InPatient(patientID) values("41820");
insert into InPatient(patientID) values("42015");
insert into InPatient(patientID) values("42572");
insert into InPatient(patientID) values("43348");
insert into InPatient(patientID) values("44223");
insert into InPatient(patientID) values("45209");
insert into InPatient(patientID) values("45276");
insert into InPatient(patientID) values("45354");
insert into InPatient(patientID) values("46126");
insert into InPatient(patientID) values("46438");
insert into InPatient(patientID) values("46744");
insert into InPatient(patientID) values("47471");
insert into InPatient(patientID) values("47662");
insert into InPatient(patientID) values("49281");
insert into InPatient(patientID) values("49536");
insert into InPatient(patientID) values("50120");
insert into InPatient(patientID) values("50876");
insert into InPatient(patientID) values("50936");
insert into InPatient(patientID) values("52340");
insert into InPatient(patientID) values("52956");
insert into InPatient(patientID) values("53836");
insert into InPatient(patientID) values("53839");
insert into InPatient(patientID) values("54035");
insert into InPatient(patientID) values("54529");
insert into InPatient(patientID) values("56239");
insert into InPatient(patientID) values("57087");
insert into InPatient(patientID) values("57213");
insert into InPatient(patientID) values("58060");
insert into InPatient(patientID) values("58745");
insert into InPatient(patientID) values("58949");
insert into InPatient(patientID) values("59378");
insert into InPatient(patientID) values("59733");
insert into InPatient(patientID) values("60270");
insert into InPatient(patientID) values("61796");
insert into InPatient(patientID) values("62365");
insert into InPatient(patientID) values("64244");
insert into InPatient(patientID) values("65325");
insert into InPatient(patientID) values("65662");
insert into InPatient(patientID) values("66505");
insert into InPatient(patientID) values("67309");
insert into InPatient(patientID) values("67453");
insert into InPatient(patientID) values("67744");
insert into InPatient(patientID) values("67775");
insert into InPatient(patientID) values("68233");
insert into InPatient(patientID) values("68625");
insert into InPatient(patientID) values("69573");
insert into InPatient(patientID) values("70283");
insert into InPatient(patientID) values("70470");
insert into InPatient(patientID) values("73479");
insert into InPatient(patientID) values("73839");
insert into InPatient(patientID) values("74751");
insert into InPatient(patientID) values("75213");
insert into InPatient(patientID) values("75896");
insert into InPatient(patientID) values("75917");
insert into InPatient(patientID) values("79034");
insert into InPatient(patientID) values("79792");
insert into InPatient(patientID) values("79921");
insert into InPatient(patientID) values("80622");
insert into InPatient(patientID) values("83050");
insert into InPatient(patientID) values("83086");
insert into InPatient(patientID) values("84431");
insert into InPatient(patientID) values("84548");
insert into InPatient(patientID) values("88636");
insert into InPatient(patientID) values("89418");
insert into InPatient(patientID) values("89551");
insert into InPatient(patientID) values("89679");
insert into InPatient(patientID) values("90550");
insert into InPatient(patientID) values("92828");
insert into InPatient(patientID) values("92917");
insert into InPatient(patientID) values("93217");
insert into InPatient(patientID) values("93289");
insert into InPatient(patientID) values("93327");
insert into InPatient(patientID) values("95607");
insert into InPatient(patientID) values("95849");
insert into InPatient(patientID) values("96318");
insert into InPatient(patientID) values("96786");
insert into InPatient(patientID) values("97734");
insert into InPatient(patientID) values("99090");
insert into InPatient(patientID) values("99954");
insert into AssignedTo(doctorID,patientID) values("13738","986");
insert into AssignedTo(doctorID,patientID) values("43538","986");
insert into AssignedTo(doctorID,patientID) values("4666","2167");
insert into AssignedTo(doctorID,patientID) values("50693","986");
insert into AssignedTo(doctorID,patientID) values("1143","14447");
insert into AssignedTo(doctorID,patientID) values("17358","2987");
insert into AssignedTo(doctorID,patientID) values("17358","6322");
insert into AssignedTo(doctorID,patientID) values("2227","40505");
insert into AssignedTo(doctorID,patientID) values("2227","46126");
insert into AssignedTo(doctorID,patientID) values("2227","49793");
insert into AssignedTo(doctorID,patientID) values("2227","95607");
insert into AssignedTo(doctorID,patientID) values("2837","95607");
insert into AssignedTo(doctorID,patientID) values("31135","1841");
insert into AssignedTo(doctorID,patientID) values("34380","1841");
insert into AssignedTo(doctorID,patientID) values("34380","7170");
insert into AssignedTo(doctorID,patientID) values("43517","3038");
insert into AssignedTo(doctorID,patientID) values("43517","6390");
insert into AssignedTo(doctorID,patientID) values("43538","8686");
insert into AssignedTo(doctorID,patientID) values("4666","24414");
insert into AssignedTo(doctorID,patientID) values("4666","95607");
insert into AssignedTo(doctorID,patientID) values("47632","8686");
insert into AssignedTo(doctorID,patientID) values("48155","2167");
insert into AssignedTo(doctorID,patientID) values("48155","5995");
insert into AssignedTo(doctorID,patientID) values("48155","6322");
insert into AssignedTo(doctorID,patientID) values("48155","6390");
insert into AssignedTo(doctorID,patientID) values("59379","2028");
insert into AssignedTo(doctorID,patientID) values("64085","6390");
insert into AssignedTo(doctorID,patientID) values("68839","8244");
insert into AssignedTo(doctorID,patientID) values("70557","2167");
insert into AssignedTo(doctorID,patientID) values("74546","2028");
insert into AssignedTo(doctorID,patientID) values("79674","6322");
insert into AssignedTo(doctorID,patientID) values("80606","3038");
insert into AssignedTo(doctorID,patientID) values("8089","29907");
insert into AssignedTo(doctorID,patientID) values("8089","50120");
insert into AssignedTo(doctorID,patientID) values("8089","77184");
insert into AssignedTo(doctorID,patientID) values("8089","82580");
insert into AssignedTo(doctorID,patientID) values("87496","6390");
insert into AssignedTo(doctorID,patientID) values("93800","6000");
insert into AssignedTo(doctorID,patientID) values("94575","2987");
insert into AssignedTo(doctorID,patientID) values("9886","34031");
insert into AssignedTo(doctorID,patientID) values("9886","37915");
insert into AssignedTo(doctorID,patientID) values("9886","43348");
insert into AssignedTo(doctorID,patientID) values("9886","44223");
insert into AssignedTo(doctorID,patientID) values("9886","69291");
insert into AssignedTo(doctorID,patientID) values("9886","92828");
insert into AssignedTo(doctorID,patientID) values("10435","32517");
insert into AssignedTo(doctorID,patientID) values("10435","70470");
insert into AssignedTo(doctorID,patientID) values("10435","89551");
insert into AssignedTo(doctorID,patientID) values("13738","34627");
insert into AssignedTo(doctorID,patientID) values("13738","38431");
insert into AssignedTo(doctorID,patientID) values("13738","41820");
insert into AssignedTo(doctorID,patientID) values("13738","94288");
insert into AssignedTo(doctorID,patientID) values("14983","14447");
insert into AssignedTo(doctorID,patientID) values("14983","38287");
insert into AssignedTo(doctorID,patientID) values("14983","59378");
insert into AssignedTo(doctorID,patientID) values("14983","67309");
insert into AssignedTo(doctorID,patientID) values("17358","24061");
insert into AssignedTo(doctorID,patientID) values("17358","75917");
insert into AssignedTo(doctorID,patientID) values("20085","23400");
insert into AssignedTo(doctorID,patientID) values("20085","28344");
insert into AssignedTo(doctorID,patientID) values("20085","58751");
insert into AssignedTo(doctorID,patientID) values("25970","26059");
insert into AssignedTo(doctorID,patientID) values("25970","48966");
insert into AssignedTo(doctorID,patientID) values("25970","61684");
insert into AssignedTo(doctorID,patientID) values("25970","99954");
insert into AssignedTo(doctorID,patientID) values("31135","74751");
insert into AssignedTo(doctorID,patientID) values("31135","84431");
insert into AssignedTo(doctorID,patientID) values("32761","24477");
insert into AssignedTo(doctorID,patientID) values("32761","66505");
insert into AssignedTo(doctorID,patientID) values("32761","67744");
insert into AssignedTo(doctorID,patientID) values("32761","77382");
insert into AssignedTo(doctorID,patientID) values("32761","93327");
insert into AssignedTo(doctorID,patientID) values("34380","10863");
insert into AssignedTo(doctorID,patientID) values("34380","14447");
insert into AssignedTo(doctorID,patientID) values("34380","47662");
insert into AssignedTo(doctorID,patientID) values("34380","58751");
insert into AssignedTo(doctorID,patientID) values("34380","97622");
insert into AssignedTo(doctorID,patientID) values("35892","14447");
insert into AssignedTo(doctorID,patientID) values("35892","24328");
insert into AssignedTo(doctorID,patientID) values("35892","73839");
insert into AssignedTo(doctorID,patientID) values("35892","89739");
insert into AssignedTo(doctorID,patientID) values("35892","92828");
insert into AssignedTo(doctorID,patientID) values("36320","58751");
insert into AssignedTo(doctorID,patientID) values("36320","62365");
insert into AssignedTo(doctorID,patientID) values("36320","67744");
insert into AssignedTo(doctorID,patientID) values("36320","94288");
insert into AssignedTo(doctorID,patientID) values("38385","61684");
insert into AssignedTo(doctorID,patientID) values("40107","22236");
insert into AssignedTo(doctorID,patientID) values("40107","27826");
insert into AssignedTo(doctorID,patientID) values("40107","41820");
insert into AssignedTo(doctorID,patientID) values("40107","50936");
insert into AssignedTo(doctorID,patientID) values("40107","86437");
insert into AssignedTo(doctorID,patientID) values("40107","91408");
insert into AssignedTo(doctorID,patientID) values("89184","49793");
insert into AssignedTo(doctorID,patientID) values("93578","59378");
insert into AssignedTo(doctorID,patientID) values("74333","45354");
insert into AssignedTo(doctorID,patientID) values("89868","32517");
insert into AssignedTo(doctorID,patientID) values("83534","24328");
insert into AssignedTo(doctorID,patientID) values("89868","26059");
insert into AssignedTo(doctorID,patientID) values("94575","38036");
insert into AssignedTo(doctorID,patientID) values("83534","96786");
insert into AssignedTo(doctorID,patientID) values("72103","95607");
insert into AssignedTo(doctorID,patientID) values("98997","12686");
insert into AssignedTo(doctorID,patientID) values("72057","42572");
insert into AssignedTo(doctorID,patientID) values("67082","92828");
insert into AssignedTo(doctorID,patientID) values("87496","61684");
insert into AssignedTo(doctorID,patientID) values("96933","65662");
insert into AssignedTo(doctorID,patientID) values("83534","93289");
insert into AssignedTo(doctorID,patientID) values("68258","32811");
insert into AssignedTo(doctorID,patientID) values("83074","93217");
insert into AssignedTo(doctorID,patientID) values("50693","45209");
insert into AssignedTo(doctorID,patientID) values("53761","54035");
insert into AssignedTo(doctorID,patientID) values("83074","24061");
insert into AssignedTo(doctorID,patientID) values("74333","70470");
insert into AssignedTo(doctorID,patientID) values("74333","96318");
insert into AssignedTo(doctorID,patientID) values("98123","75917");
insert into AssignedTo(doctorID,patientID) values("67237","57213");
insert into AssignedTo(doctorID,patientID) values("70557","89551");
insert into AssignedTo(doctorID,patientID) values("98997","54035");
insert into AssignedTo(doctorID,patientID) values("64085","90253");
insert into AssignedTo(doctorID,patientID) values("64085","29399");
insert into AssignedTo(doctorID,patientID) values("83074","82580");
insert into AssignedTo(doctorID,patientID) values("89184","79792");
insert into AssignedTo(doctorID,patientID) values("67237","82580");
insert into AssignedTo(doctorID,patientID) values("67082","58691");
insert into AssignedTo(doctorID,patientID) values("70557","28344");
insert into AssignedTo(doctorID,patientID) values("67237","95484");
insert into AssignedTo(doctorID,patientID) values("72450","56106");
insert into AssignedTo(doctorID,patientID) values("47632","89418");
insert into AssignedTo(doctorID,patientID) values("83534","95484");
insert into AssignedTo(doctorID,patientID) values("83534","38036");
insert into AssignedTo(doctorID,patientID) values("72057","37915");
insert into AssignedTo(doctorID,patientID) values("72450","59378");
insert into AssignedTo(doctorID,patientID) values("98123","97734");
insert into AssignedTo(doctorID,patientID) values("43517","48966");
insert into AssignedTo(doctorID,patientID) values("68258","78424");
insert into AssignedTo(doctorID,patientID) values("87496","67775");
insert into AssignedTo(doctorID,patientID) values("98313","70283");
insert into AssignedTo(doctorID,patientID) values("74546","36977");
insert into AssignedTo(doctorID,patientID) values("98997","59378");
insert into AssignedTo(doctorID,patientID) values("70557","41820");
insert into AssignedTo(doctorID,patientID) values("68839","50120");
insert into AssignedTo(doctorID,patientID) values("43517","93289");
insert into AssignedTo(doctorID,patientID) values("80606","49281");
insert into AssignedTo(doctorID,patientID) values("67237","25710");
insert into AssignedTo(doctorID,patientID) values("94575","47471");
insert into AssignedTo(doctorID,patientID) values("60616","92917");
insert into AssignedTo(doctorID,patientID) values("94575","31254");
insert into AssignedTo(doctorID,patientID) values("60616","11257");
insert into AssignedTo(doctorID,patientID) values("60616","32840");
insert into AssignedTo(doctorID,patientID) values("89184","14841");
insert into AssignedTo(doctorID,patientID) values("96933","57087");
insert into AssignedTo(doctorID,patientID) values("98123","48966");
insert into AssignedTo(doctorID,patientID) values("47632","65325");
insert into AssignedTo(doctorID,patientID) values("80606","29428");
insert into AssignedTo(doctorID,patientID) values("72057","29399");
insert into AssignedTo(doctorID,patientID) values("43517","52956");
insert into AssignedTo(doctorID,patientID) values("74546","74751");
insert into AssignedTo(doctorID,patientID) values("72450","45230");
insert into AssignedTo(doctorID,patientID) values("48155","85723");
insert into AssignedTo(doctorID,patientID) values("72057","23393");
insert into AssignedTo(doctorID,patientID) values("83074","60204");
insert into AssignedTo(doctorID,patientID) values("89868","97734");
insert into AssignedTo(doctorID,patientID) values("80606","37220");
insert into AssignedTo(doctorID,patientID) values("80606","31953");
insert into AssignedTo(doctorID,patientID) values("43538","47934");
insert into AssignedTo(doctorID,patientID) values("87496","37220");
insert into AssignedTo(doctorID,patientID) values("64085","59733");
insert into AssignedTo(doctorID,patientID) values("50693","93849");
insert into AssignedTo(doctorID,patientID) values("67237","93327");
insert into AssignedTo(doctorID,patientID) values("79674","40417");
insert into AssignedTo(doctorID,patientID) values("68839","47471");
insert into AssignedTo(doctorID,patientID) values("80606","44223");
insert into AssignedTo(doctorID,patientID) values("75947","47471");
insert into AssignedTo(doctorID,patientID) values("50693","42572");
insert into AssignedTo(doctorID,patientID) values("89184","28408");
insert into AssignedTo(doctorID,patientID) values("87496","79921");
insert into AssignedTo(doctorID,patientID) values("59379","67309");
insert into AssignedTo(doctorID,patientID) values("67237","75917");
insert into AssignedTo(doctorID,patientID) values("72450","93217");
insert into AssignedTo(doctorID,patientID) values("98313","89551");
insert into AssignedTo(doctorID,patientID) values("72103","49536");
insert into AssignedTo(doctorID,patientID) values("60616","23400");
insert into AssignedTo(doctorID,patientID) values("60616","24093");
insert into AssignedTo(doctorID,patientID) values("67082","85723");
insert into AssignedTo(doctorID,patientID) values("89184","24477");
insert into AssignedTo(doctorID,patientID) values("43538","94288");
insert into AssignedTo(doctorID,patientID) values("79674","62365");
insert into AssignedTo(doctorID,patientID) values("93578","97622");
insert into AssignedTo(doctorID,patientID) values("74546","79921");
insert into AssignedTo(doctorID,patientID) values("87496","49536");
insert into AssignedTo(doctorID,patientID) values("83534","93849");
insert into AssignedTo(doctorID,patientID) values("93578","13085");
insert into AssignedTo(doctorID,patientID) values("80606","21601");
insert into AssignedTo(doctorID,patientID) values("72057","26059");
insert into AssignedTo(doctorID,patientID) values("72450","32840");
insert into AdmittingDoctor(employeeID) values("2227");
insert into AdmittingDoctor(employeeID) values("2837");
insert into AdmittingDoctor(employeeID) values("9886");
insert into AdmittingDoctor(employeeID) values("14983");
insert into AdmittingDoctor(employeeID) values("20085");
insert into AdmittingDoctor(employeeID) values("25970");
insert into AdmittingDoctor(employeeID) values("31135");
insert into AdmittingDoctor(employeeID) values("31351");
insert into AdmittingDoctor(employeeID) values("31395");
insert into AdmittingDoctor(employeeID) values("34380");
insert into AdmittingDoctor(employeeID) values("35892");
insert into AdmittingDoctor(employeeID) values("36320");
insert into AdmittingDoctor(employeeID) values("40107");
insert into AdmittingDoctor(employeeID) values("43517");
insert into AdmittingDoctor(employeeID) values("47632");
insert into AdmittingDoctor(employeeID) values("48155");
insert into AdmittingDoctor(employeeID) values("50693");
insert into AdmittingDoctor(employeeID) values("53761");
insert into AdmittingDoctor(employeeID) values("59379");
insert into AdmittingDoctor(employeeID) values("60616");
insert into AdmittingDoctor(employeeID) values("67082");
insert into AdmittingDoctor(employeeID) values("68839");
insert into AdmittingDoctor(employeeID) values("72057");
insert into AdmittingDoctor(employeeID) values("72103");
insert into AdmittingDoctor(employeeID) values("74333");
insert into AdmittingDoctor(employeeID) values("75947");
insert into AdmittingDoctor(employeeID) values("83074");
insert into AdmittingDoctor(employeeID) values("83534");
insert into AdmittingDoctor(employeeID) values("87496");
insert into AdmittingDoctor(employeeID) values("89868");
insert into AdmittingDoctor(employeeID) values("94575");
insert into AdmittingDoctor(employeeID) values("96933");
insert into AdmittingDoctor(employeeID) values("98313");
insert into AdmittingDoctor(employeeID) values("98997");
insert into Doctor(employeeID,treatmentGiverID) values("79674","1237");
insert into Doctor(employeeID,treatmentGiverID) values("80606","1286");
insert into Doctor(employeeID,treatmentGiverID) values("98123","1587");
insert into Doctor(employeeID,treatmentGiverID) values("10435","6190");
insert into Doctor(employeeID,treatmentGiverID) values("93578","6975");
insert into Doctor(employeeID,treatmentGiverID) values("53761","7375");
insert into Doctor(employeeID,treatmentGiverID) values("8089","9657");
insert into Doctor(employeeID,treatmentGiverID) values("70557","9945");
insert into Doctor(employeeID,treatmentGiverID) values("20085","11567");
insert into Doctor(employeeID,treatmentGiverID) values("2227","11893");
insert into Doctor(employeeID,treatmentGiverID) values("36320","12198");
insert into Doctor(employeeID,treatmentGiverID) values("31135","13102");
insert into Doctor(employeeID,treatmentGiverID) values("25970","15705");
insert into Doctor(employeeID,treatmentGiverID) values("93800","18322");
insert into Doctor(employeeID,treatmentGiverID) values("72103","22942");
insert into Doctor(employeeID,treatmentGiverID) values("67082","25070");
insert into Doctor(employeeID,treatmentGiverID) values("60616","25963");
insert into Doctor(employeeID,treatmentGiverID) values("32761","30054");
insert into Doctor(employeeID,treatmentGiverID) values("89184","33199");
insert into Doctor(employeeID,treatmentGiverID) values("4666","33707");
insert into Doctor(employeeID,treatmentGiverID) values("98854","35328");
insert into Doctor(employeeID,treatmentGiverID) values("1143","36877");
insert into Doctor(employeeID,treatmentGiverID) values("31395","42649");
insert into Doctor(employeeID,treatmentGiverID) values("74333","43630");
insert into Doctor(employeeID,treatmentGiverID) values("75947","48506");
insert into Doctor(employeeID,treatmentGiverID) values("68258","48760");
insert into Doctor(employeeID,treatmentGiverID) values("89868","49526");
insert into Doctor(employeeID,treatmentGiverID) values("98997","50321");
insert into Doctor(employeeID,treatmentGiverID) values("34380","51609");
insert into Doctor(employeeID,treatmentGiverID) values("74546","53912");
insert into Doctor(employeeID,treatmentGiverID) values("83534","53945");
insert into Doctor(employeeID,treatmentGiverID) values("48155","56219");
insert into Doctor(employeeID,treatmentGiverID) values("64085","56324");
insert into Doctor(employeeID,treatmentGiverID) values("87496","61381");
insert into Doctor(employeeID,treatmentGiverID) values("43538","62540");
insert into Doctor(employeeID,treatmentGiverID) values("72450","64178");
insert into Doctor(employeeID,treatmentGiverID) values("13738","65058");
insert into Doctor(employeeID,treatmentGiverID) values("67237","68508");
insert into Doctor(employeeID,treatmentGiverID) values("59379","70748");
insert into Doctor(employeeID,treatmentGiverID) values("2837","73195");
insert into Doctor(employeeID,treatmentGiverID) values("94575","73691");
insert into Doctor(employeeID,treatmentGiverID) values("17358","74044");
insert into Doctor(employeeID,treatmentGiverID) values("72057","74988");
insert into Doctor(employeeID,treatmentGiverID) values("35892","76412");
insert into Doctor(employeeID,treatmentGiverID) values("96933","78991");
insert into Doctor(employeeID,treatmentGiverID) values("68839","80426");
insert into Doctor(employeeID,treatmentGiverID) values("98313","80808");
insert into Doctor(employeeID,treatmentGiverID) values("14983","81663");
insert into Doctor(employeeID,treatmentGiverID) values("47632","83614");
insert into Doctor(employeeID,treatmentGiverID) values("38385","84263");
insert into Doctor(employeeID,treatmentGiverID) values("83074","84620");
insert into Doctor(employeeID,treatmentGiverID) values("40107","86055");
insert into Doctor(employeeID,treatmentGiverID) values("31351","90318");
insert into Doctor(employeeID,treatmentGiverID) values("9886","92287");
insert into Doctor(employeeID,treatmentGiverID) values("43517","93585");
insert into Doctor(employeeID,treatmentGiverID) values("50693","94616");
insert into Diagnoses(doctorID,patientID,diagnosisID,name) values("31135","28344","5663","workaholic's");
insert into Diagnoses(doctorID,patientID,diagnosisID,name) values("89868","38431","4557","prudently");
insert into Diagnoses(doctorID,patientID,diagnosisID,name) values("75947","37915","9830","caretaker");
insert into Diagnoses(doctorID,patientID,diagnosisID,name) values("59379","90253","7391","schlepp's");
insert into Diagnoses(doctorID,patientID,diagnosisID,name) values("2227","13085","8181","sneaked");
insert into Diagnoses(doctorID,patientID,diagnosisID,name) values("60616","18634","163","logbooks");
insert into Diagnoses(doctorID,patientID,diagnosisID,name) values("96933","54035","2259","schlepp's");
insert into Diagnoses(doctorID,patientID,diagnosisID,name) values("2227","82580","3730","abdications");
insert into Diagnoses(doctorID,patientID,diagnosisID,name) values("87496","6000","7913","letter");
insert into Diagnoses(doctorID,patientID,diagnosisID,name) values("36320","6000","5625","energizers");
insert into Diagnoses(doctorID,patientID,diagnosisID,name) values("67082","99090","565","czar's");
insert into Diagnoses(doctorID,patientID,diagnosisID,name) values("48155","85723","9185","sensibility");
insert into Diagnoses(doctorID,patientID,diagnosisID,name) values("83534","89527","7011","Barbadian");
insert into Diagnoses(doctorID,patientID,diagnosisID,name) values("31135","83086","7476","newsflash");
insert into Diagnoses(doctorID,patientID,diagnosisID,name) values("75947","57213","8865","retirement");
insert into Diagnoses(doctorID,patientID,diagnosisID,name) values("53761","6000","834","views");
insert into Diagnoses(doctorID,patientID,diagnosisID,name) values("2227","49043","1629","Prussia");
insert into Diagnoses(doctorID,patientID,diagnosisID,name) values("48155","40417","9688","workaholic's");
insert into Diagnoses(doctorID,patientID,diagnosisID,name) values("2227","82377","8180","Rhineland's");
insert into Diagnoses(doctorID,patientID,diagnosisID,name) values("2837","62365","2436","checkerboard's");
insert into Diagnoses(doctorID,patientID,diagnosisID,name) values("83074","38199","2","eastern");
insert into Diagnoses(doctorID,patientID,diagnosisID,name) values("2227","26059","4897","Barbadian");
insert into Diagnoses(doctorID,patientID,diagnosisID,name) values("98313","28408","2302","Barbadian");
insert into Diagnoses(doctorID,patientID,diagnosisID,name) values("14983","38287","1237","doping");
insert into Diagnoses(doctorID,patientID,diagnosisID,name) values("96933","17779","8836","Watergate");
insert into Diagnoses(doctorID,patientID,diagnosisID,name) values("83534","89739","14","accelerating");
insert into Diagnoses(doctorID,patientID,diagnosisID,name) values("36320","29413","3844","molasses");
insert into Diagnoses(doctorID,patientID,diagnosisID,name) values("35892","96786","7814","leveler");
insert into Diagnoses(doctorID,patientID,diagnosisID,name) values("59379","38036","3429","backer");
insert into Diagnoses(doctorID,patientID,diagnosisID,name) values("43517","32840","8950","glen");
insert into Diagnoses(doctorID,patientID,diagnosisID,name) values("59379","34627","9444","pompons");
insert into Diagnoses(doctorID,patientID,diagnosisID,name) values("43517","68233","7244","Fiberglas");
insert into Diagnoses(doctorID,patientID,diagnosisID,name) values("60616","5862","5967","newsflash");
insert into Diagnoses(doctorID,patientID,diagnosisID,name) values("83074","95849","2250","pledge's");
insert into Diagnoses(doctorID,patientID,diagnosisID,name) values("59379","58691","8248","carafe's");
insert into Diagnoses(doctorID,patientID,diagnosisID,name) values("83074","26059","478","czar's");
insert into Diagnoses(doctorID,patientID,diagnosisID,name) values("59379","29413","2222","abdications");
insert into Diagnoses(doctorID,patientID,diagnosisID,name) values("2837","42572","2674","logbooks");
insert into Diagnoses(doctorID,patientID,diagnosisID,name) values("2837","49043","9979","gashing");
insert into Diagnoses(doctorID,patientID,diagnosisID,name) values("20085","25348","5758","pommel's");
insert into Diagnoses(doctorID,patientID,diagnosisID,name) values("9886","95484","8340","Candice's");
insert into Diagnoses(doctorID,patientID,diagnosisID,name) values("40107","80622","2822","dwelt");
insert into Diagnoses(doctorID,patientID,diagnosisID,name) values("50693","94288","2039","lassos");
insert into Diagnoses(doctorID,patientID,diagnosisID,name) values("43517","57213","6106","macro's");
insert into Diagnoses(doctorID,patientID,diagnosisID,name) values("53761","6000","3691","Neil's");
insert into Diagnoses(doctorID,patientID,diagnosisID,name) values("40107","34031","9978","celibate");
insert into Diagnoses(doctorID,patientID,diagnosisID,name) values("60616","6000","9254","dwelt");
insert into Diagnoses(doctorID,patientID,diagnosisID,name) values("74333","77382","6921","horns");
insert into Diagnoses(doctorID,patientID,diagnosisID,name) values("67082","75917","6212","deposit's");
insert into Diagnoses(doctorID,patientID,diagnosisID,name) values("89868","26059","5379","letter");
insert into Diagnoses(doctorID,patientID,diagnosisID,name) values("47632","47934","9331","leveler");
insert into Diagnoses(doctorID,patientID,diagnosisID,name) values("60616","32840","86","pompons");
insert into Diagnoses(doctorID,patientID,diagnosisID,name) values("14983","57213","6877","lynching's");
insert into Diagnoses(doctorID,patientID,diagnosisID,name) values("83074","32840","1293","Cathy");
insert into Diagnoses(doctorID,patientID,diagnosisID,name) values("72103","94288","7265","doggedly");
insert into Diagnoses(doctorID,patientID,diagnosisID,name) values("43517","13085","4252","Breckenridge's");
insert into Diagnoses(doctorID,patientID,diagnosisID,name) values("14983","38287","4064","letter");
insert into Diagnoses(doctorID,patientID,diagnosisID,name) values("14983","13085","6802","dwelt");
insert into Diagnoses(doctorID,patientID,diagnosisID,name) values("9886","21892","3982","Watergate");
insert into Diagnoses(doctorID,patientID,diagnosisID,name) values("74333","5862","1166","pommel's");
insert into Diagnoses(doctorID,patientID,diagnosisID,name) values("31395","80664","706","masseur's");
insert into Diagnoses(doctorID,patientID,diagnosisID,name) values("31135","36977","7920","schlepp's");
insert into Diagnoses(doctorID,patientID,diagnosisID,name) values("9886","58751","6075","cueing");
insert into Diagnoses(doctorID,patientID,diagnosisID,name) values("74333","28344","9758","eastern");
insert into Diagnoses(doctorID,patientID,diagnosisID,name) values("40107","42015","6842","physiotherapy's");
insert into Diagnoses(doctorID,patientID,diagnosisID,name) values("83074","93217","3326","resplendence's");
insert into Diagnoses(doctorID,patientID,diagnosisID,name) values("34380","17779","6655","letter");
insert into Diagnoses(doctorID,patientID,diagnosisID,name) values("59379","84548","8745","schlepp's");
insert into Diagnoses(doctorID,patientID,diagnosisID,name) values("83074","38036","2951","spindle");
insert into Diagnoses(doctorID,patientID,diagnosisID,name) values("96933","38199","7816","abdications");
insert into Diagnoses(doctorID,patientID,diagnosisID,name) values("74333","25348","9763","deposit's");
insert into Diagnoses(doctorID,patientID,diagnosisID,name) values("47632","36977","2630","schoolteacher's");
insert into Diagnoses(doctorID,patientID,diagnosisID,name) values("36320","27826","2367","foggiest");
insert into Diagnoses(doctorID,patientID,diagnosisID,name) values("2227","49043","7586","Barbadian");
insert into Diagnoses(doctorID,patientID,diagnosisID,name) values("98313","40417","2616","artery's");
insert into Diagnoses(doctorID,patientID,diagnosisID,name) values("59379","49536","5682","lassos");
insert into Diagnoses(doctorID,patientID,diagnosisID,name) values("72103","99954","6079","spindle");
insert into Diagnoses(doctorID,patientID,diagnosisID,name) values("67082","95484","1683","earthlier");
insert into Diagnoses(doctorID,patientID,diagnosisID,name) values("48155","22236","2870","gashing");
insert into Diagnoses(doctorID,patientID,diagnosisID,name) values("74333","38199","245","concessionaires");
insert into Diagnoses(doctorID,patientID,diagnosisID,name) values("47632","45209","3385","relevancy");
insert into Diagnoses(doctorID,patientID,diagnosisID,name) values("59379","37752","9561","foggiest");
insert into Diagnoses(doctorID,patientID,diagnosisID,name) values("98313","96318","4599","sneaked");
insert into Diagnoses(doctorID,patientID,diagnosisID,name) values("68839","24093","2681","Togo's");
insert into Diagnoses(doctorID,patientID,diagnosisID,name) values("96933","21892","4407","geneticists");
insert into Diagnoses(doctorID,patientID,diagnosisID,name) values("96933","82580","3325","eastern");
insert into Diagnoses(doctorID,patientID,diagnosisID,name) values("50693","50120","7419","spindle");
insert into Diagnoses(doctorID,patientID,diagnosisID,name) values("2837","36977","4626","lynching's");
insert into Diagnoses(doctorID,patientID,diagnosisID,name) values("36320","21238","1360","sensibility");
insert into Diagnoses(doctorID,patientID,diagnosisID,name) values("36320","68625","1388","views");
insert into Diagnoses(doctorID,patientID,diagnosisID,name) values("59379","49793","9783","lynching's");
insert into Diagnoses(doctorID,patientID,diagnosisID,name) values("20085","75896","3633","cameos");
insert into Diagnoses(doctorID,patientID,diagnosisID,name) values("98997","60204","3801","masseur's");
insert into Diagnoses(doctorID,patientID,diagnosisID,name) values("20085","49056","27","nonsensical");
insert into Diagnoses(doctorID,patientID,diagnosisID,name) values("83074","8686","5397","candelabrum's");
insert into Diagnoses(doctorID,patientID,diagnosisID,name) values("67082","56827","7920","phonic");
insert into Diagnoses(doctorID,patientID,diagnosisID,name) values("35892","26839","6332","deposit's");
insert into Diagnoses(doctorID,patientID,diagnosisID,name) values("87496","47662","2806","Neil's");
insert into Diagnoses(doctorID,patientID,diagnosisID,name) values("50693","93327","154","carats");
insert into Diagnoses(doctorID,patientID,diagnosisID,name) values("36320","90253","3017","newsflash");
insert into Diagnoses(doctorID,patientID,diagnosisID,name) values("72057","93327","2202","liquor");
insert into Diagnoses(doctorID,patientID,diagnosisID,name) values("68839","19474","3251","Camelot's");
insert into Diagnoses(doctorID,patientID,diagnosisID,name) values("50693","32840","3815","curative");
insert into Diagnoses(doctorID,patientID,diagnosisID,name) values("34380","62365","5746","jitteriest");
insert into Diagnoses(doctorID,patientID,diagnosisID,name) values("2837","67309","8804","employes");
insert into Diagnoses(doctorID,patientID,diagnosisID,name) values("35892","29428","6313","eastern");
insert into Diagnoses(doctorID,patientID,diagnosisID,name) values("98313","35334","6208","sledgehammering");
insert into Diagnoses(doctorID,patientID,diagnosisID,name) values("36320","83050","2576","carats");
insert into Diagnoses(doctorID,patientID,diagnosisID,name) values("14983","75896","7912","logbooks");
insert into Diagnoses(doctorID,patientID,diagnosisID,name) values("47632","26839","7445","masseur's");
insert into Diagnoses(doctorID,patientID,diagnosisID,name) values("83534","34627","6789","sledgehammering");
insert into Diagnoses(doctorID,patientID,diagnosisID,name) values("94575","36977","9716","podiatrist's");
insert into Diagnoses(doctorID,patientID,diagnosisID,name) values("72057","78424","821","jitteriest");
insert into Diagnoses(doctorID,patientID,diagnosisID,name) values("94575","95849","167","abdications");
insert into Diagnoses(doctorID,patientID,diagnosisID,name) values("75947","46438","6522","logbooks");
insert into Diagnoses(doctorID,patientID,diagnosisID,name) values("74333","96318","5694","relevancy");
insert into Diagnoses(doctorID,patientID,diagnosisID,name) values("96933","31953","6000","clangs");
insert into Diagnoses(doctorID,patientID,diagnosisID,name) values("67082","45209","4500","Breckenridge's");
insert into Diagnoses(doctorID,patientID,diagnosisID,name) values("9886","47934","9145","pommel's");
insert into Diagnoses(doctorID,patientID,diagnosisID,name) values("89868","17779","5944","newsflash");
insert into Diagnoses(doctorID,patientID,diagnosisID,name) values("35892","58751","8807","employes");
insert into Diagnoses(doctorID,patientID,diagnosisID,name) values("31395","89739","9833","podiatrist's");
insert into Diagnoses(doctorID,patientID,diagnosisID,name) values("74333","86437","7613","thralldom's");
insert into Diagnoses(doctorID,patientID,diagnosisID,name) values("2227","93289","3774","physiotherapy's");
insert into Diagnoses(doctorID,patientID,diagnosisID,name) values("59379","228","6079","pommel's");
insert into Diagnoses(doctorID,patientID,diagnosisID,name) values("2227","28344","7748","pommel's");
insert into Diagnoses(doctorID,patientID,diagnosisID,name) values("59379","62365","5921","views");
insert into Diagnoses(doctorID,patientID,diagnosisID,name) values("89868","41573","3364","abdications");
insert into Diagnoses(doctorID,patientID,diagnosisID,name) values("98313","34031","8490","glen");
insert into Diagnoses(doctorID,patientID,diagnosisID,name) values("67082","35334","7889","cameos");
insert into Diagnoses(doctorID,patientID,diagnosisID,name) values("31135","34031","770","checkerboard's");
insert into Diagnoses(doctorID,patientID,diagnosisID,name) values("53761","28408","5493","muffler");
insert into Diagnoses(doctorID,patientID,diagnosisID,name) values("20085","42791","2030","sledgehammering");
insert into Diagnoses(doctorID,patientID,diagnosisID,name) values("98313","21892","785","pledge's");
insert into Diagnoses(doctorID,patientID,diagnosisID,name) values("87496","83050","9886","physiotherapy's");
insert into Diagnoses(doctorID,patientID,diagnosisID,name) values("89868","83050","8164","Tracie's");
insert into Diagnoses(doctorID,patientID,diagnosisID,name) values("83534","71181","5253","secularization's");
insert into Diagnoses(doctorID,patientID,diagnosisID,name) values("74333","18634","1321","confidante's");
insert into Diagnoses(doctorID,patientID,diagnosisID,name) values("34380","28344","4784","defacing");
insert into Diagnoses(doctorID,patientID,diagnosisID,name) values("53761","54529","3710","thralldom's");
insert into Diagnoses(doctorID,patientID,diagnosisID,name) values("47632","84548","4802","muffler");
insert into Diagnoses(doctorID,patientID,diagnosisID,name) values("53761","38431","82","doggedly");
insert into Diagnoses(doctorID,patientID,diagnosisID,name) values("74333","21892","6422","schlepp's");
insert into Diagnoses(doctorID,patientID,diagnosisID,name) values("47632","34031","2654","artery's");
insert into Diagnoses(doctorID,patientID,diagnosisID,name) values("68839","14447","9518","leveler");
insert into Diagnoses(doctorID,patientID,diagnosisID,name) values("96933","11257","4407","hoarser");
insert into Diagnoses(doctorID,patientID,diagnosisID,name) values("2837","95607","1007","cueing");
insert into Diagnoses(doctorID,patientID,diagnosisID,name) values("59379","45354","2365","pledge's");
insert into Diagnoses(doctorID,patientID,diagnosisID,name) values("48155","49536","5076","molasses");
insert into Diagnoses(doctorID,patientID,diagnosisID,name) values("31135","41573","609","Togo's");
insert into Diagnoses(doctorID,patientID,diagnosisID,name) values("50693","46438","4442","doping");
insert into Diagnoses(doctorID,patientID,diagnosisID,name) values("98313","6000","9178","cursive");
insert into Diagnoses(doctorID,patientID,diagnosisID,name) values("89868","1143","7687","Neil's");
insert into Diagnoses(doctorID,patientID,diagnosisID,name) values("74333","54529","3213","views");
insert into Diagnoses(doctorID,patientID,diagnosisID,name) values("74333","80664","4752","Shockley");
insert into Diagnoses(doctorID,patientID,diagnosisID,name) values("60616","29428","7333","celibate");
insert into Diagnoses(doctorID,patientID,diagnosisID,name) values("83534","96786","8193","machetes");
insert into Diagnoses(doctorID,patientID,diagnosisID,name) values("2227","12837","6850","lynching's");
insert into Diagnoses(doctorID,patientID,diagnosisID,name) values("53761","42572","3782","retirement");
insert into Diagnoses(doctorID,patientID,diagnosisID,name) values("31395","38287","2135","dwarf");
insert into Diagnoses(doctorID,patientID,diagnosisID,name) values("40107","95849","113","deposit's");
insert into Diagnoses(doctorID,patientID,diagnosisID,name) values("35892","79921","6070","leveler");
insert into Diagnoses(doctorID,patientID,diagnosisID,name) values("47632","36977","589","resplendence's");
insert into Diagnoses(doctorID,patientID,diagnosisID,name) values("75947","75917","8079","secularization's");
insert into Diagnoses(doctorID,patientID,diagnosisID,name) values("72103","77184","5277","candelabrum's");
insert into Diagnoses(doctorID,patientID,diagnosisID,name) values("48155","89527","6525","Breckenridge's");
insert into Diagnoses(doctorID,patientID,diagnosisID,name) values("50693","1841","38","gashing");
insert into Diagnoses(doctorID,patientID,diagnosisID,name) values("83534","60270","5932","dieresis's");
insert into Diagnoses(doctorID,patientID,diagnosisID,name) values("31135","77184","2294","leveler");
insert into Diagnoses(doctorID,patientID,diagnosisID,name) values("67082","49536","1202","thralldom's");
insert into Diagnoses(doctorID,patientID,diagnosisID,name) values("36320","13085","6664","reentries");
insert into Diagnoses(doctorID,patientID,diagnosisID,name) values("48155","70531","2005","fingerprinted");
insert into Diagnoses(doctorID,patientID,diagnosisID,name) values("96933","99090","959","backer");
insert into Diagnoses(doctorID,patientID,diagnosisID,name) values("20085","21892","9984","resplendence's");
insert into Diagnoses(doctorID,patientID,diagnosisID,name) values("67082","42015","4999","carafe's");
insert into Diagnoses(doctorID,patientID,diagnosisID,name) values("98313","54529","6082","confidante's");
insert into Diagnoses(doctorID,patientID,diagnosisID,name) values("98313","25348","1257","pussiest");
insert into Diagnoses(doctorID,patientID,diagnosisID,name) values("50693","41820","929","shrink");
insert into Diagnoses(doctorID,patientID,diagnosisID,name) values("20085","35334","1852","resplendence's");
insert into Diagnoses(doctorID,patientID,diagnosisID,name) values("35892","46126","3997","logbooks");
insert into Diagnoses(doctorID,patientID,diagnosisID,name) values("59379","22236","7967","earthlier");
insert into Diagnoses(doctorID,patientID,diagnosisID,name) values("83074","6000","4618","pungency");
insert into Diagnoses(doctorID,patientID,diagnosisID,name) values("50693","44223","2358","earthlier");
insert into Diagnoses(doctorID,patientID,diagnosisID,name) values("53761","24061","3698","Breckenridge's");
insert into Diagnoses(doctorID,patientID,diagnosisID,name) values("89868","82377","5610","logbooks");
insert into Diagnoses(doctorID,patientID,diagnosisID,name) values("72057","6000","4210","nonsensical");
insert into Diagnoses(doctorID,patientID,diagnosisID,name) values("60616","59733","3589","pommel's");
insert into Diagnoses(doctorID,patientID,diagnosisID,name) values("75947","70531","4735","macro's");
insert into Diagnoses(doctorID,patientID,diagnosisID,name) values("89868","50120","7339","sledgehammering");
insert into Diagnoses(doctorID,patientID,diagnosisID,name) values("43517","22236","6235","abdications");
insert into Diagnoses(doctorID,patientID,diagnosisID,name) values("20085","2987","6871","employes");
insert into Diagnoses(doctorID,patientID,diagnosisID,name) values("36320","67309","6985","secularization's");
insert into Diagnoses(doctorID,patientID,diagnosisID,name) values("47632","24093","7134","nonsensical");
insert into Diagnoses(doctorID,patientID,diagnosisID,name) values("98313","2167","3862","employes");
insert into Diagnoses(doctorID,patientID,diagnosisID,name) values("53761","21236","7377","Rhineland's");
insert into Diagnoses(doctorID,patientID,diagnosisID,name) values("43517","99090","6445","Camelot's");
insert into Diagnoses(doctorID,patientID,diagnosisID,name) values("68839","41475","2136","dieresis's");
insert into Diagnoses(doctorID,patientID,diagnosisID,name) values("53761","26059","3172","sledgehammering");
insert into Diagnoses(doctorID,patientID,diagnosisID,name) values("9886","38199","4287","defacing");
insert into Diagnoses(doctorID,patientID,diagnosisID,name) values("35892","58691","1374","macro's");
insert into Admits(employeeID,patientID,timeAdmitted) values("72057","36977","2014-01-24T15:29:10.000Z");
insert into Admits(employeeID,patientID,timeAdmitted) values("98313","68233","2015-04-17T11:25:45.000Z");
insert into Admits(employeeID,patientID,timeAdmitted) values("94575","45354","2015-09-21T14:12:07.000Z");
insert into Admits(employeeID,patientID,timeAdmitted) values("94575","38036","2016-12-27T22:02:52.000Z");
insert into Admits(employeeID,patientID,timeAdmitted) values("72103","38199","2014-01-12T06:26:48.000Z");
insert into Admits(employeeID,patientID,timeAdmitted) values("83074","41475","2016-08-15T01:00:17.000Z");
insert into Admits(employeeID,patientID,timeAdmitted) values("31135","17071","2016-04-26T17:40:35.000Z");
insert into Admits(employeeID,patientID,timeAdmitted) values("2227","38431","2015-03-13T21:17:38.000Z");
insert into Admits(employeeID,patientID,timeAdmitted) values("67082","27826","2015-12-07T08:21:24.000Z");
insert into Admits(employeeID,patientID,timeAdmitted) values("83074","79034","2016-12-05T18:56:52.000Z");
insert into Admits(employeeID,patientID,timeAdmitted) values("94575","31953","2016-10-19T17:42:12.000Z");
insert into Admits(employeeID,patientID,timeAdmitted) values("31135","99090","2016-12-10T19:55:49.000Z");
insert into Admits(employeeID,patientID,timeAdmitted) values("60616","228","2014-01-10T00:42:37.000Z");
insert into Admits(employeeID,patientID,timeAdmitted) values("31135","40505","2016-12-07T03:07:17.000Z");
insert into Admits(employeeID,patientID,timeAdmitted) values("43517","6000","2015-05-18T17:55:09.000Z");
insert into Admits(employeeID,patientID,timeAdmitted) values("83074","34627","2016-12-19T15:57:09.000Z");
insert into Admits(employeeID,patientID,timeAdmitted) values("74333","42015","2014-01-14T08:30:21.000Z");
insert into Admits(employeeID,patientID,timeAdmitted) values("96933","47934","2016-05-20T20:06:52.000Z");
insert into Admits(employeeID,patientID,timeAdmitted) values("14983","36977","2015-11-22T07:40:24.000Z");
insert into Admits(employeeID,patientID,timeAdmitted) values("75947","60270","2013-12-31T18:57:26.000Z");
insert into Admits(employeeID,patientID,timeAdmitted) values("96933","78424","2016-12-11T04:18:42.000Z");
insert into Admits(employeeID,patientID,timeAdmitted) values("75947","21892","2015-10-11T08:23:29.000Z");
insert into Admits(employeeID,patientID,timeAdmitted) values("53761","54529","2016-07-03T14:24:56.000Z");
insert into Admits(employeeID,patientID,timeAdmitted) values("68839","38287","2014-01-01T01:52:01.000Z");
insert into Admits(employeeID,patientID,timeAdmitted) values("20085","38431","2016-12-22T14:55:50.000Z");
insert into Admits(employeeID,patientID,timeAdmitted) values("83534","38674","2015-11-28T05:24:35.000Z");
insert into Admits(employeeID,patientID,timeAdmitted) values("2227","25348","2016-12-11T13:29:54.000Z");
insert into Admits(employeeID,patientID,timeAdmitted) values("96933","21892","2016-12-23T21:17:32.000Z");
insert into Admits(employeeID,patientID,timeAdmitted) values("89868","70531","2016-12-08T14:22:38.000Z");
insert into Admits(employeeID,patientID,timeAdmitted) values("53761","49793","2016-09-02T04:07:53.000Z");
insert into Admits(employeeID,patientID,timeAdmitted) values("34380","49043","2014-01-06T17:38:03.000Z");
insert into Admits(employeeID,patientID,timeAdmitted) values("87496","32811","2015-08-10T21:57:57.000Z");
insert into Admits(employeeID,patientID,timeAdmitted) values("2837","80664","2014-01-08T12:16:31.000Z");
insert into Admits(employeeID,patientID,timeAdmitted) values("40107","77184","2014-01-08T17:59:13.000Z");
insert into Admits(employeeID,patientID,timeAdmitted) values("59379","13085","2016-11-02T15:19:32.000Z");
insert into Admits(employeeID,patientID,timeAdmitted) values("31351","37915","2015-09-11T04:19:52.000Z");
insert into Admits(employeeID,patientID,timeAdmitted) values("9886","21236","2014-01-03T17:50:47.000Z");
insert into Admits(employeeID,patientID,timeAdmitted) values("60616","50120","2016-08-25T20:23:55.000Z");
insert into Admits(employeeID,patientID,timeAdmitted) values("53761","95607","2016-08-19T02:47:43.000Z");
insert into Admits(employeeID,patientID,timeAdmitted) values("59379","86437","2016-12-16T13:05:53.000Z");
insert into Admits(employeeID,patientID,timeAdmitted) values("89868","49056","2016-12-27T22:05:10.000Z");
insert into Admits(employeeID,patientID,timeAdmitted) values("59379","66505","2016-12-23T00:45:59.000Z");
insert into Admits(employeeID,patientID,timeAdmitted) values("89868","89739","2016-12-27T10:15:53.000Z");
insert into Admits(employeeID,patientID,timeAdmitted) values("72057","54035","2016-06-22T02:34:28.000Z");
insert into Admits(employeeID,patientID,timeAdmitted) values("87496","31953","2016-12-04T04:38:39.000Z");
insert into Admits(employeeID,patientID,timeAdmitted) values("35892","12837","2015-04-30T13:45:23.000Z");
insert into Admits(employeeID,patientID,timeAdmitted) values("9886","41820","2016-10-01T03:27:39.000Z");
insert into Admits(employeeID,patientID,timeAdmitted) values("31395","41475","2016-11-22T23:35:07.000Z");
insert into Admits(employeeID,patientID,timeAdmitted) values("50693","8244","2014-01-14T23:31:46.000Z");
insert into Admits(employeeID,patientID,timeAdmitted) values("36320","3038","2016-10-22T02:12:26.000Z");
insert into Admits(employeeID,patientID,timeAdmitted) values("68839","6000","2015-10-11T14:23:25.000Z");
insert into Admits(employeeID,patientID,timeAdmitted) values("74333","41820","2016-12-02T02:00:18.000Z");
insert into Admits(employeeID,patientID,timeAdmitted) values("31135","99954","2016-11-30T22:52:02.000Z");
insert into Admits(employeeID,patientID,timeAdmitted) values("20085","83050","2016-12-24T06:25:35.000Z");
insert into Admits(employeeID,patientID,timeAdmitted) values("31135","24061","2016-12-27T17:15:31.000Z");
insert into Admits(employeeID,patientID,timeAdmitted) values("25970","93327","2014-01-26T08:54:39.000Z");
insert into Admits(employeeID,patientID,timeAdmitted) values("14983","13085","2016-12-05T23:10:36.000Z");
insert into Admits(employeeID,patientID,timeAdmitted) values("14983","50120","2016-10-05T03:38:24.000Z");
insert into Admits(employeeID,patientID,timeAdmitted) values("31351","50120","2016-07-13T03:26:15.000Z");
insert into Admits(employeeID,patientID,timeAdmitted) values("34380","18634","2016-11-17T17:01:09.000Z");
insert into Admits(employeeID,patientID,timeAdmitted) values("83534","58751","2016-09-23T01:22:15.000Z");
insert into Admits(employeeID,patientID,timeAdmitted) values("20085","62365","2016-12-24T12:03:42.000Z");
insert into Admits(employeeID,patientID,timeAdmitted) values("43517","22236","2016-08-05T13:07:48.000Z");
insert into Admits(employeeID,patientID,timeAdmitted) values("20085","13085","2016-12-25T04:11:22.000Z");
insert into Admits(employeeID,patientID,timeAdmitted) values("67082","95849","2016-12-27T09:29:00.000Z");
insert into Admits(employeeID,patientID,timeAdmitted) values("2837","21892","2016-10-11T00:14:38.000Z");
insert into Admits(employeeID,patientID,timeAdmitted) values("67082","73479","2016-12-24T21:56:25.000Z");
insert into Admits(employeeID,patientID,timeAdmitted) values("20085","82377","2016-12-27T11:21:07.000Z");
insert into Admits(employeeID,patientID,timeAdmitted) values("35892","94108","2016-02-19T22:46:03.000Z");
insert into Admits(employeeID,patientID,timeAdmitted) values("94575","95849","2016-12-18T19:40:18.000Z");
insert into Admits(employeeID,patientID,timeAdmitted) values("89868","24414","2016-12-27T18:56:40.000Z");
insert into Admits(employeeID,patientID,timeAdmitted) values("60616","52956","2016-08-15T22:30:34.000Z");
insert into Admits(employeeID,patientID,timeAdmitted) values("53761","89679","2016-10-06T21:31:32.000Z");
insert into Admits(employeeID,patientID,timeAdmitted) values("50693","21892","2016-05-23T21:30:55.000Z");
insert into Admits(employeeID,patientID,timeAdmitted) values("34380","95607","2016-05-19T09:05:36.000Z");
insert into Admits(employeeID,patientID,timeAdmitted) values("48155","89527","2016-05-22T11:11:26.000Z");
insert into Admits(employeeID,patientID,timeAdmitted) values("67082","96318","2016-11-23T14:44:22.000Z");
insert into Admits(employeeID,patientID,timeAdmitted) values("89868","96786","2016-12-27T23:41:43.000Z");
insert into Admits(employeeID,patientID,timeAdmitted) values("2227","83086","2016-12-07T20:05:38.000Z");
insert into Admits(employeeID,patientID,timeAdmitted) values("9886","36977","2016-12-16T11:30:24.000Z");
insert into Admits(employeeID,patientID,timeAdmitted) values("35892","99090","2016-03-11T18:15:52.000Z");
insert into Admits(employeeID,patientID,timeAdmitted) values("50693","38199","2016-05-09T19:59:04.000Z");
insert into Admits(employeeID,patientID,timeAdmitted) values("43517","75917","2016-11-18T14:36:37.000Z");
insert into Admits(employeeID,patientID,timeAdmitted) values("20085","17779","2016-12-26T08:03:25.000Z");
insert into Admits(employeeID,patientID,timeAdmitted) values("60616","82580","2016-02-01T22:20:06.000Z");
insert into Admits(employeeID,patientID,timeAdmitted) values("72103","26059","2015-10-04T14:06:22.000Z");
insert into Admits(employeeID,patientID,timeAdmitted) values("9886","95484","2016-09-13T18:16:04.000Z");
insert into Admits(employeeID,patientID,timeAdmitted) values("67082","32517","2016-12-25T17:37:16.000Z");
insert into Admits(employeeID,patientID,timeAdmitted) values("60616","26059","2016-10-02T08:55:56.000Z");
insert into Admits(employeeID,patientID,timeAdmitted) values("31395","29413","2016-12-25T10:22:59.000Z");
insert into Admits(employeeID,patientID,timeAdmitted) values("59379","10863","2016-12-21T03:45:39.000Z");
insert into Admits(employeeID,patientID,timeAdmitted) values("2227","52340","2016-11-30T08:21:43.000Z");
insert into Admits(employeeID,patientID,timeAdmitted) values("25970","94288","2016-10-10T11:33:41.000Z");
insert into Admits(employeeID,patientID,timeAdmitted) values("75947","67309","2015-04-09T12:01:50.000Z");
insert into Admits(employeeID,patientID,timeAdmitted) values("59379","56500","2016-12-18T09:00:13.000Z");
insert into Admits(employeeID,patientID,timeAdmitted) values("9886","36977","2016-09-14T11:34:59.000Z");
insert into Admits(employeeID,patientID,timeAdmitted) values("47632","45354","2016-06-01T05:50:54.000Z");
insert into Admits(employeeID,patientID,timeAdmitted) values("53761","57213","2016-07-22T09:30:35.000Z");
insert into Admits(employeeID,patientID,timeAdmitted) values("74333","60204","2016-12-19T20:35:36.000Z");
insert into Admits(employeeID,patientID,timeAdmitted) values("89868","49536","2016-12-27T10:34:54.000Z");
insert into Admits(employeeID,patientID,timeAdmitted) values("47632","42791","2016-11-15T10:45:47.000Z");
insert into Admits(employeeID,patientID,timeAdmitted) values("74333","28408","2016-12-19T02:21:52.000Z");
insert into Admits(employeeID,patientID,timeAdmitted) values("75947","49043","2015-09-21T13:02:05.000Z");
insert into Admits(employeeID,patientID,timeAdmitted) values("59379","19474","2016-12-17T02:08:13.000Z");
insert into Admits(employeeID,patientID,timeAdmitted) values("98313","46126","2016-11-03T04:59:42.000Z");
insert into Admits(employeeID,patientID,timeAdmitted) values("25970","34031","2016-12-05T06:17:27.000Z");
insert into Admits(employeeID,patientID,timeAdmitted) values("31395","6000","2016-12-27T15:48:46.000Z");
insert into Admits(employeeID,patientID,timeAdmitted) values("35892","5862","2015-11-10T12:29:15.000Z");
insert into Admits(employeeID,patientID,timeAdmitted) values("53761","1143","2016-11-14T00:22:24.000Z");
insert into Admits(employeeID,patientID,timeAdmitted) values("50693","42572","2015-12-25T07:04:26.000Z");
insert into Admits(employeeID,patientID,timeAdmitted) values("31395","21238","2016-12-20T17:57:59.000Z");
insert into Admits(employeeID,patientID,timeAdmitted) values("36320","75896","2016-12-11T15:35:39.000Z");
insert into Admits(employeeID,patientID,timeAdmitted) values("68839","29413","2016-11-26T15:44:14.000Z");
insert into Admits(employeeID,patientID,timeAdmitted) values("67082","67309","2016-12-06T20:55:12.000Z");
insert into Admits(employeeID,patientID,timeAdmitted) values("89868","58691","2016-12-28T01:56:13.000Z");
insert into Admits(employeeID,patientID,timeAdmitted) values("34380","90253","2016-09-12T22:09:33.000Z");
insert into Admits(employeeID,patientID,timeAdmitted) values("2837","97734","2016-10-13T19:32:01.000Z");
insert into Admits(employeeID,patientID,timeAdmitted) values("74333","38199","2016-12-14T17:54:01.000Z");
insert into Admits(employeeID,patientID,timeAdmitted) values("75947","59733","2016-01-27T18:29:17.000Z");
insert into Admits(employeeID,patientID,timeAdmitted) values("72057","6000","2015-06-05T19:00:13.000Z");
insert into Admits(employeeID,patientID,timeAdmitted) values("35892","1841","2016-09-16T00:34:05.000Z");
insert into Admits(employeeID,patientID,timeAdmitted) values("87496","1841","2016-11-05T22:04:27.000Z");
insert into Admits(employeeID,patientID,timeAdmitted) values("43517","54529","2016-11-13T01:51:02.000Z");
insert into Admits(employeeID,patientID,timeAdmitted) values("74333","84548","2016-12-16T22:46:53.000Z");
insert into Admits(employeeID,patientID,timeAdmitted) values("83534","77382","2016-09-22T19:32:44.000Z");
insert into Admits(employeeID,patientID,timeAdmitted) values("14983","65662","2016-12-07T11:41:49.000Z");
insert into Admits(employeeID,patientID,timeAdmitted) values("98313","45209","2016-11-19T00:03:14.000Z");
insert into Admits(employeeID,patientID,timeAdmitted) values("74333","14447","2016-12-03T18:32:27.000Z");
insert into Admits(employeeID,patientID,timeAdmitted) values("47632","17779","2016-10-06T02:24:37.000Z");
insert into Admits(employeeID,patientID,timeAdmitted) values("50693","18634","2016-05-08T19:11:31.000Z");
insert into Admits(employeeID,patientID,timeAdmitted) values("9886","70283","2016-12-06T13:48:07.000Z");
insert into Admits(employeeID,patientID,timeAdmitted) values("98997","93289","2016-07-13T07:35:34.000Z");
insert into Admits(employeeID,patientID,timeAdmitted) values("14983","46126","2016-12-13T23:14:58.000Z");
insert into Admits(employeeID,patientID,timeAdmitted) values("2227","49281","2016-12-15T11:23:51.000Z");
insert into Admits(employeeID,patientID,timeAdmitted) values("36320","13085","2016-12-23T06:59:43.000Z");
insert into Admits(employeeID,patientID,timeAdmitted) values("96933","2167","2016-12-13T04:40:15.000Z");
insert into Admits(employeeID,patientID,timeAdmitted) values("87496","57213","2016-07-09T15:54:43.000Z");
insert into Admits(employeeID,patientID,timeAdmitted) values("31395","11257","2016-12-26T07:35:16.000Z");
insert into Admits(employeeID,patientID,timeAdmitted) values("34380","56827","2015-10-24T10:58:45.000Z");
insert into Admits(employeeID,patientID,timeAdmitted) values("47632","78424","2016-10-25T09:24:45.000Z");
insert into Admits(employeeID,patientID,timeAdmitted) values("75947","46438","2015-08-18T19:54:37.000Z");
insert into Admits(employeeID,patientID,timeAdmitted) values("48155","75917","2016-12-25T05:42:43.000Z");
insert into Admits(employeeID,patientID,timeAdmitted) values("60616","99954","2016-07-11T05:28:43.000Z");
insert into Admits(employeeID,patientID,timeAdmitted) values("68839","93217","2016-08-15T22:10:29.000Z");
insert into Admits(employeeID,patientID,timeAdmitted) values("83534","85723","2016-12-02T23:41:07.000Z");
insert into Admits(employeeID,patientID,timeAdmitted) values("96933","45209","2016-12-25T22:18:18.000Z");
insert into Admits(employeeID,patientID,timeAdmitted) values("72103","45209","2016-08-11T03:49:53.000Z");
insert into Admits(employeeID,patientID,timeAdmitted) values("35892","47934","2015-10-14T05:13:20.000Z");
insert into Admits(employeeID,patientID,timeAdmitted) values("89868","58751","2016-12-27T19:16:53.000Z");
insert into Admits(employeeID,patientID,timeAdmitted) values("50693","41573","2016-09-30T16:59:12.000Z");
insert into Admits(employeeID,patientID,timeAdmitted) values("36320","34031","2016-12-13T01:36:44.000Z");
insert into Admits(employeeID,patientID,timeAdmitted) values("98313","38199","2016-09-22T22:17:10.000Z");
insert into Admits(employeeID,patientID,timeAdmitted) values("36320","28344","2016-12-09T09:29:02.000Z");
insert into Admits(employeeID,patientID,timeAdmitted) values("96933","24093","2016-12-23T22:04:28.000Z");
insert into Admits(employeeID,patientID,timeAdmitted) values("31395","44223","2016-12-21T02:26:22.000Z");
insert into Admits(employeeID,patientID,timeAdmitted) values("31135","35334","2016-12-12T14:47:40.000Z");
insert into Admits(employeeID,patientID,timeAdmitted) values("48155","11257","2016-12-22T14:48:20.000Z");
insert into Admits(employeeID,patientID,timeAdmitted) values("60616","68625","2016-06-09T22:51:04.000Z");
insert into Admits(employeeID,patientID,timeAdmitted) values("2837","42015","2016-08-12T08:01:00.000Z");
insert into Admits(employeeID,patientID,timeAdmitted) values("36320","22236","2016-12-10T00:12:14.000Z");
insert into Admits(employeeID,patientID,timeAdmitted) values("98313","45209","2016-12-23T00:27:30.000Z");
insert into Admits(employeeID,patientID,timeAdmitted) values("2837","77184","2016-12-26T12:32:54.000Z");
insert into Admits(employeeID,patientID,timeAdmitted) values("40107","84431","2016-03-13T04:03:39.000Z");
insert into Admits(employeeID,patientID,timeAdmitted) values("67082","96786","2016-10-24T09:08:55.000Z");
insert into Admits(employeeID,patientID,timeAdmitted) values("20085","8686","2016-12-26T04:36:52.000Z");
insert into Admits(employeeID,patientID,timeAdmitted) values("31395","82580","2016-12-24T03:04:39.000Z");
insert into Admits(employeeID,patientID,timeAdmitted) values("47632","29428","2016-12-25T00:04:44.000Z");
insert into Admits(employeeID,patientID,timeAdmitted) values("98313","71181","2016-09-18T08:30:31.000Z");
insert into Admits(employeeID,patientID,timeAdmitted) values("75947","58745","2016-06-22T06:16:53.000Z");
insert into Admits(employeeID,patientID,timeAdmitted) values("25970","26839","2016-12-21T12:23:09.000Z");
insert into Admits(employeeID,patientID,timeAdmitted) values("20085","14447","2016-12-26T03:24:31.000Z");
insert into Admits(employeeID,patientID,timeAdmitted) values("74333","26059","2016-11-13T06:43:12.000Z");
insert into Admits(employeeID,patientID,timeAdmitted) values("48155","2167","2016-12-23T07:19:18.000Z");
insert into Admits(employeeID,patientID,timeAdmitted) values("60616","75896","2016-04-01T12:42:15.000Z");
insert into Admits(employeeID,patientID,timeAdmitted) values("60616","2987","2016-04-18T22:21:18.000Z");
insert into Admits(employeeID,patientID,timeAdmitted) values("83534","92828","2016-11-21T15:58:32.000Z");
insert into Admits(employeeID,patientID,timeAdmitted) values("83074","45209","2016-12-12T20:17:54.000Z");
insert into Admits(employeeID,patientID,timeAdmitted) values("59379","40417","2016-12-23T16:17:25.000Z");
insert into Admits(employeeID,patientID,timeAdmitted) values("87496","95849","2016-11-06T10:54:48.000Z");
insert into Admits(employeeID,patientID,timeAdmitted) values("60616","79921","2016-06-05T03:00:45.000Z");
insert into Admits(employeeID,patientID,timeAdmitted) values("59379","58691","2016-12-25T06:40:30.000Z");
insert into Admits(employeeID,patientID,timeAdmitted) values("9886","56239","2016-12-03T19:27:16.000Z");
insert into Admits(employeeID,patientID,timeAdmitted) values("31135","32488","2016-11-07T21:02:23.000Z");
insert into Admits(employeeID,patientID,timeAdmitted) values("72103","54529","2016-10-14T13:23:19.000Z");
insert into Admits(employeeID,patientID,timeAdmitted) values("53761","49536","2016-11-27T20:44:26.000Z");
insert into Admits(employeeID,patientID,timeAdmitted) values("31135","47662","2016-12-10T14:44:26.000Z");
insert into Admits(employeeID,patientID,timeAdmitted) values("59379","89418","2016-12-12T20:07:37.000Z");
insert into Admits(employeeID,patientID,timeAdmitted) values("96933","49536","2016-12-25T21:19:26.000Z");
insert into Admits(employeeID,patientID,timeAdmitted) values("20085","7170","2016-12-27T22:12:56.000Z");
insert into Admits(employeeID,patientID,timeAdmitted) values("50693","32840","2016-10-24T02:07:04.000Z");
insert into Admits(employeeID,patientID,timeAdmitted) values("40107","32488","2016-09-06T00:47:47.000Z");
insert into Admits(employeeID,patientID,timeAdmitted) values("72057","6000","2016-10-07T09:59:14.000Z");
insert into Admits(employeeID,patientID,timeAdmitted) values("59379","28344","2016-12-19T01:42:55.000Z");
insert into Admits(employeeID,patientID,timeAdmitted) values("98313","36977","2016-10-19T22:49:14.000Z");
insert into Admits(employeeID,patientID,timeAdmitted) values("36320","37752","2016-12-11T21:29:16.000Z");
insert into Admits(employeeID,patientID,timeAdmitted) values("43517","83086","2016-07-04T01:34:24.000Z");
insert into Admits(employeeID,patientID,timeAdmitted) values("31351","69291","2016-05-07T21:53:10.000Z");
insert into Admits(employeeID,patientID,timeAdmitted) values("67082","93289","2016-11-15T20:53:31.000Z");
insert into Admits(employeeID,patientID,timeAdmitted) values("59379","88636","2016-12-19T14:36:40.000Z");
insert into Admits(employeeID,patientID,timeAdmitted) values("35892","80622","2016-06-30T07:46:57.000Z");
insert into Volunteer(employeeID) values("485");
insert into Volunteer(employeeID) values("1143");
insert into Volunteer(employeeID) values("1469");
insert into Volunteer(employeeID) values("2227");
insert into Volunteer(employeeID) values("2334");
insert into Volunteer(employeeID) values("2837");
insert into Volunteer(employeeID) values("4666");
insert into Volunteer(employeeID) values("6963");
insert into Volunteer(employeeID) values("9886");
insert into Volunteer(employeeID) values("11382");
insert into Volunteer(employeeID) values("13468");
insert into Volunteer(employeeID) values("13738");
insert into Volunteer(employeeID) values("14479");
insert into Volunteer(employeeID) values("14983");
insert into Volunteer(employeeID) values("17358");
insert into Volunteer(employeeID) values("17585");
insert into Volunteer(employeeID) values("20830");
insert into Volunteer(employeeID) values("25265");
insert into Volunteer(employeeID) values("26317");
insert into Volunteer(employeeID) values("26555");
insert into Volunteer(employeeID) values("26656");
insert into Volunteer(employeeID) values("27030");
insert into Volunteer(employeeID) values("29163");
insert into Volunteer(employeeID) values("29889");
insert into Volunteer(employeeID) values("32529");
insert into Volunteer(employeeID) values("32761");
insert into Volunteer(employeeID) values("36320");
insert into Volunteer(employeeID) values("38385");
insert into Volunteer(employeeID) values("40107");
insert into Volunteer(employeeID) values("43498");
insert into Volunteer(employeeID) values("43517");
insert into Volunteer(employeeID) values("44809");
insert into Volunteer(employeeID) values("47632");
insert into Volunteer(employeeID) values("48155");
insert into Volunteer(employeeID) values("50693");
insert into Volunteer(employeeID) values("53761");
insert into Volunteer(employeeID) values("54324");
insert into Volunteer(employeeID) values("56671");
insert into Volunteer(employeeID) values("58096");
insert into Volunteer(employeeID) values("58555");
insert into Volunteer(employeeID) values("59379");
insert into Volunteer(employeeID) values("59608");
insert into Volunteer(employeeID) values("60616");
insert into Volunteer(employeeID) values("66396");
insert into Volunteer(employeeID) values("67082");
insert into Volunteer(employeeID) values("67237");
insert into Volunteer(employeeID) values("68839");
insert into Volunteer(employeeID) values("72450");
insert into Volunteer(employeeID) values("75947");
insert into Volunteer(employeeID) values("77196");
insert into Volunteer(employeeID) values("80051");
insert into Volunteer(employeeID) values("80606");
insert into Volunteer(employeeID) values("82722");
insert into Volunteer(employeeID) values("87496");
insert into Volunteer(employeeID) values("89184");
insert into Volunteer(employeeID) values("93943");
insert into Volunteer(employeeID) values("94575");
insert into Volunteer(employeeID) values("96933");
insert into Volunteer(employeeID) values("98123");
insert into Volunteer(employeeID) values("98854");
insert into Cart(cartNumber,employeeID,cartDescription) values("151","14983","Reading Cart");
insert into Cart(cartNumber,employeeID,cartDescription) values("152","75668","Reading Cart");
insert into Cart(cartNumber,employeeID,cartDescription) values("153","68258","Reading Cart");
insert into Cart(cartNumber,employeeID,cartDescription) values("154","20085","Snack Cart");
insert into Cart(cartNumber,employeeID,cartDescription) values("155","32529","Reading Cart");
insert into Cart(cartNumber,employeeID,cartDescription) values("156","32529","Reading Cart");
insert into Cart(cartNumber,employeeID,cartDescription) values("157","35412","Reading Cart");
insert into Cart(cartNumber,employeeID,cartDescription) values("158","75668","Snack Cart");
insert into Cart(cartNumber,employeeID,cartDescription) values("159","80606","Snack Cart");
insert into Cart(cartNumber,employeeID,cartDescription) values("160","35892","Reading Cart");
insert into Cart(cartNumber,employeeID,cartDescription) values("161","72103","Reading Cart");
insert into Cart(cartNumber,employeeID,cartDescription) values("162","58096","Reading Cart");
insert into Cart(cartNumber,employeeID,cartDescription) values("163","14479","Snack Cart");
insert into Cart(cartNumber,employeeID,cartDescription) values("164","20085","Snack Cart");
insert into Cart(cartNumber,employeeID,cartDescription) values("165","70557","Reading Cart");
insert into Cart(cartNumber,employeeID,cartDescription) values("166","72057","Reading Cart");
insert into Cart(cartNumber,employeeID,cartDescription) values("167","31351","Reading Cart");
insert into Cart(cartNumber,employeeID,cartDescription) values("168","67237","Reading Cart");
insert into Cart(cartNumber,employeeID,cartDescription) values("169","32761","Reading Cart");
insert into Administers(treatmentGiverID,patientID,treatmentID,timeAdministered) values("30054","6000","27205","2015-04-11T04:07:53.000Z");
insert into Administers(treatmentGiverID,patientID,treatmentID,timeAdministered) values("69907","13085","57995","2014-01-19T22:36:49.000Z");
insert into Administers(treatmentGiverID,patientID,treatmentID,timeAdministered) values("93585","18337","62805","2015-08-27T03:21:41.000Z");
insert into Administers(treatmentGiverID,patientID,treatmentID,timeAdministered) values("35328","50876","44295","2014-01-25T07:04:59.000Z");
insert into Administers(treatmentGiverID,patientID,treatmentID,timeAdministered) values("26648","21569","28562","2016-08-08T22:55:22.000Z");
insert into Administers(treatmentGiverID,patientID,treatmentID,timeAdministered) values("24160","49281","96088","2015-01-23T09:19:40.000Z");
insert into Administers(treatmentGiverID,patientID,treatmentID,timeAdministered) values("22942","25710","40132","2015-12-03T10:51:47.000Z");
insert into Administers(treatmentGiverID,patientID,treatmentID,timeAdministered) values("78991","69573","32042","2016-07-17T15:38:31.000Z");
insert into Administers(treatmentGiverID,patientID,treatmentID,timeAdministered) values("73024","75896","27593","2016-05-13T08:21:27.000Z");
insert into Administers(treatmentGiverID,patientID,treatmentID,timeAdministered) values("49526","71181","49772","2014-01-02T14:41:33.000Z");
insert into Administers(treatmentGiverID,patientID,treatmentID,timeAdministered) values("94768","2987","24887","2015-08-01T16:51:35.000Z");
insert into Administers(treatmentGiverID,patientID,treatmentID,timeAdministered) values("69348","24061","30489","2015-11-28T04:51:18.000Z");
insert into Administers(treatmentGiverID,patientID,treatmentID,timeAdministered) values("30476","60270","37837","2016-01-27T18:11:09.000Z");
insert into Administers(treatmentGiverID,patientID,treatmentID,timeAdministered) values("33707","28408","63004","2015-01-16T15:33:36.000Z");
insert into Administers(treatmentGiverID,patientID,treatmentID,timeAdministered) values("11567","95607","62805","2016-01-26T17:08:04.000Z");
insert into Administers(treatmentGiverID,patientID,treatmentID,timeAdministered) values("61381","31953","44295","2014-01-07T04:36:41.000Z");
insert into Administers(treatmentGiverID,patientID,treatmentID,timeAdministered) values("11567","53839","96948","2015-06-14T18:17:43.000Z");
insert into Administers(treatmentGiverID,patientID,treatmentID,timeAdministered) values("47836","34627","32531","2015-06-10T13:40:22.000Z");
insert into Administers(treatmentGiverID,patientID,treatmentID,timeAdministered) values("33199","5995","63244","2014-01-17T02:22:41.000Z");
insert into Administers(treatmentGiverID,patientID,treatmentID,timeAdministered) values("48506","21601","56175","2016-12-05T13:55:22.000Z");
insert into Administers(treatmentGiverID,patientID,treatmentID,timeAdministered) values("66399","12686","25005","2014-01-24T21:55:09.000Z");
insert into Administers(treatmentGiverID,patientID,treatmentID,timeAdministered) values("9657","38431","81512","2015-12-17T22:44:48.000Z");
insert into Administers(treatmentGiverID,patientID,treatmentID,timeAdministered) values("81663","56239","63244","2014-01-22T14:57:33.000Z");
insert into Administers(treatmentGiverID,patientID,treatmentID,timeAdministered) values("35328","93849","6784","2015-06-18T12:29:34.000Z");
insert into Administers(treatmentGiverID,patientID,treatmentID,timeAdministered) values("73691","58691","98616","2016-03-07T18:48:26.000Z");
insert into Administers(treatmentGiverID,patientID,treatmentID,timeAdministered) values("7375","28344","40132","2014-01-22T13:12:56.000Z");
insert into Administers(treatmentGiverID,patientID,treatmentID,timeAdministered) values("50321","66505","24887","2015-12-12T22:23:23.000Z");
insert into Administers(treatmentGiverID,patientID,treatmentID,timeAdministered) values("43630","37752","73797","2015-02-11T22:51:53.000Z");
insert into Administers(treatmentGiverID,patientID,treatmentID,timeAdministered) values("76412","44223","81512","2015-07-18T07:30:15.000Z");
insert into Administers(treatmentGiverID,patientID,treatmentID,timeAdministered) values("93585","49281","1891","2015-05-24T04:25:56.000Z");
insert into Administers(treatmentGiverID,patientID,treatmentID,timeAdministered) values("94125","6390","24171","2014-01-09T14:18:29.000Z");
insert into Administers(treatmentGiverID,patientID,treatmentID,timeAdministered) values("85530","14841","63244","2014-01-06T03:47:12.000Z");
insert into Administers(treatmentGiverID,patientID,treatmentID,timeAdministered) values("22942","68233","32787","2016-03-09T03:03:37.000Z");
insert into Administers(treatmentGiverID,patientID,treatmentID,timeAdministered) values("7375","67775","88524","2014-01-12T19:09:26.000Z");
insert into Administers(treatmentGiverID,patientID,treatmentID,timeAdministered) values("84536","80622","25005","2014-01-27T09:12:58.000Z");
insert into Administers(treatmentGiverID,patientID,treatmentID,timeAdministered) values("73024","1143","60925","2016-09-09T21:42:15.000Z");
insert into Administers(treatmentGiverID,patientID,treatmentID,timeAdministered) values("50321","34031","25005","2016-01-24T09:25:52.000Z");
insert into Administers(treatmentGiverID,patientID,treatmentID,timeAdministered) values("31204","78424","49772","2014-01-26T02:45:13.000Z");
insert into Administers(treatmentGiverID,patientID,treatmentID,timeAdministered) values("66399","41573","72405","2014-01-07T21:22:06.000Z");
insert into Administers(treatmentGiverID,patientID,treatmentID,timeAdministered) values("22942","75213","32891","2015-04-09T04:14:42.000Z");
insert into Administers(treatmentGiverID,patientID,treatmentID,timeAdministered) values("13102","50120","99545","2014-01-08T01:14:57.000Z");
insert into Administers(treatmentGiverID,patientID,treatmentID,timeAdministered) values("30476","53836","28562","2016-04-13T10:18:36.000Z");
insert into Administers(treatmentGiverID,patientID,treatmentID,timeAdministered) values("77933","15153","56175","2014-01-13T17:19:28.000Z");
insert into Administers(treatmentGiverID,patientID,treatmentID,timeAdministered) values("94768","46744","56993","2015-11-08T02:34:56.000Z");
insert into Administers(treatmentGiverID,patientID,treatmentID,timeAdministered) values("7375","61684","22132","2014-01-18T09:29:55.000Z");
insert into Administers(treatmentGiverID,patientID,treatmentID,timeAdministered) values("22942","46744","60714","2016-10-13T21:23:44.000Z");
insert into Administers(treatmentGiverID,patientID,treatmentID,timeAdministered) values("86829","70531","22132","2015-06-22T14:11:34.000Z");
insert into Administers(treatmentGiverID,patientID,treatmentID,timeAdministered) values("93585","54529","97897","2015-08-13T18:09:38.000Z");
insert into Administers(treatmentGiverID,patientID,treatmentID,timeAdministered) values("90318","95607","95432","2015-10-01T07:27:16.000Z");
insert into Administers(treatmentGiverID,patientID,treatmentID,timeAdministered) values("85929","228","31197","2015-05-28T03:40:41.000Z");
insert into Administers(treatmentGiverID,patientID,treatmentID,timeAdministered) values("78991","45230","34205","2015-12-31T15:25:55.000Z");
insert into Administers(treatmentGiverID,patientID,treatmentID,timeAdministered) values("6190","46438","74682","2016-01-05T04:29:58.000Z");
insert into Administers(treatmentGiverID,patientID,treatmentID,timeAdministered) values("61381","69573","81021","2014-01-05T19:10:09.000Z");
insert into Administers(treatmentGiverID,patientID,treatmentID,timeAdministered) values("84525","67775","12711","2016-01-17T07:52:02.000Z");
insert into Administers(treatmentGiverID,patientID,treatmentID,timeAdministered) values("25070","41820","25005","2016-04-09T01:39:03.000Z");
insert into Administers(treatmentGiverID,patientID,treatmentID,timeAdministered) values("82144","58060","66584","2016-08-21T08:24:45.000Z");
insert into Administers(treatmentGiverID,patientID,treatmentID,timeAdministered) values("31204","73479","32787","2014-01-01T23:56:12.000Z");
insert into Administers(treatmentGiverID,patientID,treatmentID,timeAdministered) values("35328","40417","56572","2016-02-16T01:18:31.000Z");
insert into Administers(treatmentGiverID,patientID,treatmentID,timeAdministered) values("42234","79921","56961","2015-07-31T23:38:39.000Z");
insert into Administers(treatmentGiverID,patientID,treatmentID,timeAdministered) values("83260","89418","66546","2016-11-03T07:22:48.000Z");
insert into Administers(treatmentGiverID,patientID,treatmentID,timeAdministered) values("68508","28344","26597","2015-12-14T17:31:37.000Z");
insert into Administers(treatmentGiverID,patientID,treatmentID,timeAdministered) values("74044","21238","32787","2014-01-09T00:33:56.000Z");
insert into Administers(treatmentGiverID,patientID,treatmentID,timeAdministered) values("83260","83086","12087","2013-12-31T09:51:51.000Z");
insert into Administers(treatmentGiverID,patientID,treatmentID,timeAdministered) values("25070","1841","38976","2014-01-09T03:37:49.000Z");
insert into Administers(treatmentGiverID,patientID,treatmentID,timeAdministered) values("64178","56239","5460","2015-06-22T22:43:25.000Z");
insert into Administers(treatmentGiverID,patientID,treatmentID,timeAdministered) values("85929","54529","46730","2015-11-18T21:28:06.000Z");
insert into Administers(treatmentGiverID,patientID,treatmentID,timeAdministered) values("86829","18337","44295","2016-10-11T10:33:13.000Z");
insert into Administers(treatmentGiverID,patientID,treatmentID,timeAdministered) values("80808","58691","95374","2014-01-05T15:05:09.000Z");
insert into Administers(treatmentGiverID,patientID,treatmentID,timeAdministered) values("51609","32488","36966","2014-01-20T23:47:34.000Z");
insert into Administers(treatmentGiverID,patientID,treatmentID,timeAdministered) values("42234","86437","37837","2016-07-22T03:44:47.000Z");
insert into Administers(treatmentGiverID,patientID,treatmentID,timeAdministered) values("77826","96334","57995","2016-08-22T23:09:31.000Z");
insert into Administers(treatmentGiverID,patientID,treatmentID,timeAdministered) values("69907","89418","86093","2016-11-05T08:44:51.000Z");
insert into Administers(treatmentGiverID,patientID,treatmentID,timeAdministered) values("82144","10650","62078","2016-12-22T14:55:21.000Z");
insert into Administers(treatmentGiverID,patientID,treatmentID,timeAdministered) values("53945","61796","99545","2016-11-15T19:20:25.000Z");
insert into Administers(treatmentGiverID,patientID,treatmentID,timeAdministered) values("11893","24477","81961","2014-01-08T22:13:55.000Z");
insert into Administers(treatmentGiverID,patientID,treatmentID,timeAdministered) values("47447","75917","3442","2016-06-18T19:25:52.000Z");
insert into Administers(treatmentGiverID,patientID,treatmentID,timeAdministered) values("84525","18502","25005","2016-06-19T04:29:15.000Z");
insert into Administers(treatmentGiverID,patientID,treatmentID,timeAdministered) values("56219","78424","40132","2016-07-23T04:50:52.000Z");
insert into Administers(treatmentGiverID,patientID,treatmentID,timeAdministered) values("82144","65325","40132","2016-06-01T15:00:44.000Z");
insert into Administers(treatmentGiverID,patientID,treatmentID,timeAdministered) values("73024","38199","88524","2016-02-19T00:05:03.000Z");
insert into Administers(treatmentGiverID,patientID,treatmentID,timeAdministered) values("81663","71181","11600","2015-07-21T13:11:33.000Z");
insert into Administers(treatmentGiverID,patientID,treatmentID,timeAdministered) values("12198","32488","57995","2015-08-27T20:30:21.000Z");
insert into Administers(treatmentGiverID,patientID,treatmentID,timeAdministered) values("83009","46744","55134","2016-09-14T13:17:52.000Z");
insert into Administers(treatmentGiverID,patientID,treatmentID,timeAdministered) values("13102","97734","11600","2015-11-27T00:20:32.000Z");
insert into Administers(treatmentGiverID,patientID,treatmentID,timeAdministered) values("84525","79792","97897","2015-03-13T12:24:04.000Z");
insert into Administers(treatmentGiverID,patientID,treatmentID,timeAdministered) values("30054","42791","78261","2015-01-01T14:45:21.000Z");
insert into Administers(treatmentGiverID,patientID,treatmentID,timeAdministered) values("9657","5995","38234","2016-04-07T15:40:12.000Z");
insert into Administers(treatmentGiverID,patientID,treatmentID,timeAdministered) values("86055","29399","96948","2016-06-02T14:23:57.000Z");
insert into Administers(treatmentGiverID,patientID,treatmentID,timeAdministered) values("1237","65662","66584","2016-02-16T14:43:06.000Z");
insert into Administers(treatmentGiverID,patientID,treatmentID,timeAdministered) values("69348","96334","32891","2016-02-20T20:48:09.000Z");
insert into Administers(treatmentGiverID,patientID,treatmentID,timeAdministered) values("64178","47874","57405","2014-01-02T02:31:50.000Z");
insert into Administers(treatmentGiverID,patientID,treatmentID,timeAdministered) values("74988","82580","6784","2014-01-27T04:51:40.000Z");
insert into Administers(treatmentGiverID,patientID,treatmentID,timeAdministered) values("30054","14841","81467","2014-01-24T23:38:53.000Z");
insert into Administers(treatmentGiverID,patientID,treatmentID,timeAdministered) values("42234","2987","30422","2015-10-13T22:51:31.000Z");
insert into Administers(treatmentGiverID,patientID,treatmentID,timeAdministered) values("68508","13085","66584","2016-08-10T08:55:24.000Z");
insert into Administers(treatmentGiverID,patientID,treatmentID,timeAdministered) values("25070","82377","12087","2013-12-31T11:43:59.000Z");
insert into Administers(treatmentGiverID,patientID,treatmentID,timeAdministered) values("74988","91408","27593","2014-01-14T00:50:26.000Z");
insert into Administers(treatmentGiverID,patientID,treatmentID,timeAdministered) values("92287","47662","24171","2014-01-24T10:54:49.000Z");
insert into Administers(treatmentGiverID,patientID,treatmentID,timeAdministered) values("53912","54768","63004","2015-05-17T11:47:26.000Z");
insert into Administers(treatmentGiverID,patientID,treatmentID,timeAdministered) values("69348","45354","60925","2014-01-16T22:48:51.000Z");
insert into Administers(treatmentGiverID,patientID,treatmentID,timeAdministered) values("71454","74751","6307","2016-04-13T15:53:57.000Z");
insert into Administers(treatmentGiverID,patientID,treatmentID,timeAdministered) values("73195","54035","12711","2016-01-21T04:23:09.000Z");
insert into Administers(treatmentGiverID,patientID,treatmentID,timeAdministered) values("11567","75896","81512","2014-01-19T18:08:00.000Z");
insert into Administers(treatmentGiverID,patientID,treatmentID,timeAdministered) values("82144","8244","88159","2016-12-18T19:53:11.000Z");
insert into Administers(treatmentGiverID,patientID,treatmentID,timeAdministered) values("73691","14841","56961","2015-05-02T16:40:03.000Z");
insert into Administers(treatmentGiverID,patientID,treatmentID,timeAdministered) values("94125","57087","74682","2016-04-27T02:13:13.000Z");
insert into Administers(treatmentGiverID,patientID,treatmentID,timeAdministered) values("30476","96786","27593","2015-12-08T11:16:11.000Z");
insert into Administers(treatmentGiverID,patientID,treatmentID,timeAdministered) values("51609","17071","32042","2014-01-08T04:42:27.000Z");
insert into Administers(treatmentGiverID,patientID,treatmentID,timeAdministered) values("77826","67775","62805","2016-10-27T15:30:15.000Z");
insert into Administers(treatmentGiverID,patientID,treatmentID,timeAdministered) values("50321","69291","44662","2014-01-27T20:49:00.000Z");
insert into Administers(treatmentGiverID,patientID,treatmentID,timeAdministered) values("67791","23687","99545","2015-05-23T18:56:07.000Z");
insert into Administers(treatmentGiverID,patientID,treatmentID,timeAdministered) values("11893","34627","10539","2016-07-13T13:08:46.000Z");
insert into Administers(treatmentGiverID,patientID,treatmentID,timeAdministered) values("47836","986","42406","2016-03-13T05:01:07.000Z");
insert into Administers(treatmentGiverID,patientID,treatmentID,timeAdministered) values("66399","80664","51460","2014-01-02T05:05:05.000Z");
insert into Administers(treatmentGiverID,patientID,treatmentID,timeAdministered) values("6190","2028","10539","2015-05-09T00:30:29.000Z");
insert into Administers(treatmentGiverID,patientID,treatmentID,timeAdministered) values("47447","96318","38234","2014-01-03T09:47:59.000Z");
insert into Administers(treatmentGiverID,patientID,treatmentID,timeAdministered) values("1286","21601","65267","2016-05-02T19:42:38.000Z");
insert into Administers(treatmentGiverID,patientID,treatmentID,timeAdministered) values("1286","32517","63004","2016-08-20T02:39:34.000Z");
insert into Administers(treatmentGiverID,patientID,treatmentID,timeAdministered) values("74044","26839","72405","2016-12-09T22:00:56.000Z");
insert into Administers(treatmentGiverID,patientID,treatmentID,timeAdministered) values("94897","38431","88159","2014-01-06T17:23:21.000Z");
insert into Administers(treatmentGiverID,patientID,treatmentID,timeAdministered) values("86055","37752","83585","2016-08-19T15:19:28.000Z");
insert into Administers(treatmentGiverID,patientID,treatmentID,timeAdministered) values("48506","58949","84904","2014-01-20T22:11:50.000Z");
insert into Administers(treatmentGiverID,patientID,treatmentID,timeAdministered) values("89921","66505","57721","2015-05-03T21:09:15.000Z");
insert into Administers(treatmentGiverID,patientID,treatmentID,timeAdministered) values("94616","10650","81512","2016-04-21T04:14:33.000Z");
insert into Administers(treatmentGiverID,patientID,treatmentID,timeAdministered) values("80808","46438","44295","2014-01-08T06:16:07.000Z");
insert into Administers(treatmentGiverID,patientID,treatmentID,timeAdministered) values("94125","68625","96948","2015-06-14T00:57:54.000Z");
insert into Administers(treatmentGiverID,patientID,treatmentID,timeAdministered) values("30054","23687","83585","2015-12-10T11:18:41.000Z");
insert into Administers(treatmentGiverID,patientID,treatmentID,timeAdministered) values("48506","90550","57405","2014-01-17T11:55:02.000Z");
insert into Administers(treatmentGiverID,patientID,treatmentID,timeAdministered) values("94125","17779","81961","2014-01-13T10:50:11.000Z");
insert into Administers(treatmentGiverID,patientID,treatmentID,timeAdministered) values("38059","3038","32042","2016-12-01T11:58:22.000Z");
insert into Administers(treatmentGiverID,patientID,treatmentID,timeAdministered) values("47447","71181","99545","2016-04-16T18:48:17.000Z");
insert into Administers(treatmentGiverID,patientID,treatmentID,timeAdministered) values("33199","60270","10539","2016-05-02T15:54:16.000Z");
insert into Administers(treatmentGiverID,patientID,treatmentID,timeAdministered) values("90318","65325","27593","2014-01-19T12:22:35.000Z");
insert into Administers(treatmentGiverID,patientID,treatmentID,timeAdministered) values("84536","47471","6526","2016-05-01T12:09:51.000Z");
insert into Administers(treatmentGiverID,patientID,treatmentID,timeAdministered) values("83614","89679","95374","2014-01-06T05:02:44.000Z");
insert into Administers(treatmentGiverID,patientID,treatmentID,timeAdministered) values("83009","89527","39240","2015-05-14T00:48:16.000Z");
insert into Administers(treatmentGiverID,patientID,treatmentID,timeAdministered) values("50321","8686","38234","2015-07-03T19:29:55.000Z");
insert into Administers(treatmentGiverID,patientID,treatmentID,timeAdministered) values("68508","58060","43524","2015-10-01T07:00:00.000Z");
insert into Administers(treatmentGiverID,patientID,treatmentID,timeAdministered) values("83009","8686","31197","2015-08-09T04:34:22.000Z");
insert into Administers(treatmentGiverID,patientID,treatmentID,timeAdministered) values("61381","93289","42406","2015-06-30T12:14:03.000Z");
insert into Administers(treatmentGiverID,patientID,treatmentID,timeAdministered) values("49745","6322","38234","2015-02-08T12:06:21.000Z");
insert into Administers(treatmentGiverID,patientID,treatmentID,timeAdministered) values("64178","27362","34205","2016-12-23T10:38:29.000Z");
insert into Administers(treatmentGiverID,patientID,treatmentID,timeAdministered) values("38059","22411","24804","2016-04-03T09:55:50.000Z");
insert into Administers(treatmentGiverID,patientID,treatmentID,timeAdministered) values("30476","61684","99545","2015-08-20T04:31:06.000Z");
insert into Administers(treatmentGiverID,patientID,treatmentID,timeAdministered) values("56219","24414","72405","2016-04-30T21:57:57.000Z");
insert into Administers(treatmentGiverID,patientID,treatmentID,timeAdministered) values("78991","14841","72405","2016-10-11T01:44:07.000Z");
insert into Administers(treatmentGiverID,patientID,treatmentID,timeAdministered) values("85530","92828","32531","2014-01-08T18:39:35.000Z");
insert into Administers(treatmentGiverID,patientID,treatmentID,timeAdministered) values("13102","2167","65267","2016-09-13T22:13:11.000Z");
insert into Administers(treatmentGiverID,patientID,treatmentID,timeAdministered) values("31204","53836","82926","2016-03-08T23:11:55.000Z");
insert into Administers(treatmentGiverID,patientID,treatmentID,timeAdministered) values("49526","58691","6526","2014-01-14T22:40:35.000Z");
insert into Administers(treatmentGiverID,patientID,treatmentID,timeAdministered) values("30054","93217","84115","2015-07-20T07:51:54.000Z");
insert into Administers(treatmentGiverID,patientID,treatmentID,timeAdministered) values("47836","6000","43524","2016-03-05T13:12:50.000Z");
insert into Administers(treatmentGiverID,patientID,treatmentID,timeAdministered) values("9945","83086","32891","2014-01-11T10:43:54.000Z");
insert into Administers(treatmentGiverID,patientID,treatmentID,timeAdministered) values("35328","21238","27593","2014-01-24T08:19:51.000Z");
insert into Administers(treatmentGiverID,patientID,treatmentID,timeAdministered) values("22942","89418","36966","2016-05-15T08:15:29.000Z");
insert into Administers(treatmentGiverID,patientID,treatmentID,timeAdministered) values("68508","67453","22132","2016-03-12T17:00:09.000Z");
insert into Administers(treatmentGiverID,patientID,treatmentID,timeAdministered) values("1237","23687","8705","2014-01-15T03:41:41.000Z");
insert into Administers(treatmentGiverID,patientID,treatmentID,timeAdministered) values("42649","25710","7021","2015-09-19T11:10:38.000Z");
insert into Administers(treatmentGiverID,patientID,treatmentID,timeAdministered) values("62540","26839","7021","2016-03-03T08:37:46.000Z");
insert into Administers(treatmentGiverID,patientID,treatmentID,timeAdministered) values("94897","79921","55685","2015-06-26T15:23:52.000Z");
insert into Administers(treatmentGiverID,patientID,treatmentID,timeAdministered) values("41779","82580","82926","2016-08-15T00:22:12.000Z");
insert into Administers(treatmentGiverID,patientID,treatmentID,timeAdministered) values("45676","38674","51460","2014-01-08T22:35:06.000Z");
insert into Administers(treatmentGiverID,patientID,treatmentID,timeAdministered) values("48506","74751","28562","2015-06-22T01:55:37.000Z");
insert into Administers(treatmentGiverID,patientID,treatmentID,timeAdministered) values("7375","24328","88159","2015-05-08T20:35:46.000Z");
insert into Administers(treatmentGiverID,patientID,treatmentID,timeAdministered) values("33199","69573","8705","2016-09-10T09:10:57.000Z");
insert into Administers(treatmentGiverID,patientID,treatmentID,timeAdministered) values("90318","45276","82702","2014-01-02T10:36:43.000Z");
insert into Administers(treatmentGiverID,patientID,treatmentID,timeAdministered) values("76412","45230","97897","2016-01-21T11:20:33.000Z");
insert into Administers(treatmentGiverID,patientID,treatmentID,timeAdministered) values("64178","5995","36966","2016-06-13T08:44:18.000Z");
insert into Administers(treatmentGiverID,patientID,treatmentID,timeAdministered) values("61381","56500","84904","2016-05-16T01:50:47.000Z");
insert into Administers(treatmentGiverID,patientID,treatmentID,timeAdministered) values("1237","12686","7021","2014-01-21T01:02:54.000Z");
insert into Administers(treatmentGiverID,patientID,treatmentID,timeAdministered) values("49227","22236","6307","2016-03-17T04:39:48.000Z");
insert into Administers(treatmentGiverID,patientID,treatmentID,timeAdministered) values("38316","37752","96948","2016-08-27T03:40:59.000Z");
insert into Administers(treatmentGiverID,patientID,treatmentID,timeAdministered) values("13135","27362","58940","2015-08-15T03:30:45.000Z");
insert into Administers(treatmentGiverID,patientID,treatmentID,timeAdministered) values("83260","52340","81467","2013-12-31T19:47:10.000Z");
insert into Administers(treatmentGiverID,patientID,treatmentID,timeAdministered) values("84620","90550","6784","2014-01-26T01:10:29.000Z");
insert into Administers(treatmentGiverID,patientID,treatmentID,timeAdministered) values("94957","71181","57995","2016-10-07T20:05:35.000Z");
insert into Administers(treatmentGiverID,patientID,treatmentID,timeAdministered) values("24160","67744","24887","2015-06-09T13:50:29.000Z");
insert into Administers(treatmentGiverID,patientID,treatmentID,timeAdministered) values("1286","93217","63004","2014-01-26T22:06:41.000Z");
insert into Administers(treatmentGiverID,patientID,treatmentID,timeAdministered) values("94125","74751","6307","2014-01-26T05:26:12.000Z");
insert into Administers(treatmentGiverID,patientID,treatmentID,timeAdministered) values("90318","2167","44295","2015-04-24T20:04:20.000Z");
insert into Administers(treatmentGiverID,patientID,treatmentID,timeAdministered) values("73024","53836","19282","2016-05-16T04:30:08.000Z");
insert into Administers(treatmentGiverID,patientID,treatmentID,timeAdministered) values("94125","21236","62805","2014-01-19T08:35:49.000Z");
insert into Administers(treatmentGiverID,patientID,treatmentID,timeAdministered) values("61381","27826","12087","2015-03-22T07:18:51.000Z");
insert into Administers(treatmentGiverID,patientID,treatmentID,timeAdministered) values("3814","38674","73797","2014-01-08T10:37:28.000Z");
insert into Administers(treatmentGiverID,patientID,treatmentID,timeAdministered) values("74988","1841","57721","2016-01-22T13:10:22.000Z");
insert into Administers(treatmentGiverID,patientID,treatmentID,timeAdministered) values("92287","29428","44295","2015-11-23T19:53:10.000Z");
insert into Administers(treatmentGiverID,patientID,treatmentID,timeAdministered) values("13102","70531","57995","2016-03-18T17:04:32.000Z");
insert into Administers(treatmentGiverID,patientID,treatmentID,timeAdministered) values("77933","12686","55134","2016-07-09T04:12:46.000Z");
insert into Administers(treatmentGiverID,patientID,treatmentID,timeAdministered) values("89921","12686","30489","2016-07-05T03:36:40.000Z");
insert into Administers(treatmentGiverID,patientID,treatmentID,timeAdministered) values("94897","43348","25043","2016-09-27T18:24:51.000Z");
insert into Administers(treatmentGiverID,patientID,treatmentID,timeAdministered) values("53713","47934","37837","2015-06-10T11:34:11.000Z");
insert into Administers(treatmentGiverID,patientID,treatmentID,timeAdministered) values("34518","78424","16585","2015-01-11T04:52:02.000Z");
insert into Administers(treatmentGiverID,patientID,treatmentID,timeAdministered) values("12198","46126","81021","2016-03-06T11:02:32.000Z");
insert into Administers(treatmentGiverID,patientID,treatmentID,timeAdministered) values("94768","34031","1854","2016-06-23T17:44:02.000Z");
insert into Administers(treatmentGiverID,patientID,treatmentID,timeAdministered) values("92287","93289","24887","2016-07-25T09:47:58.000Z");
insert into Administers(treatmentGiverID,patientID,treatmentID,timeAdministered) values("83009","58745","95432","2015-07-09T16:02:29.000Z");
insert into Administers(treatmentGiverID,patientID,treatmentID,timeAdministered) values("6190","56106","38234","2015-05-21T21:37:00.000Z");
insert into Administers(treatmentGiverID,patientID,treatmentID,timeAdministered) values("30476","73479","22132","2015-09-15T12:31:22.000Z");
insert into Administers(treatmentGiverID,patientID,treatmentID,timeAdministered) values("35328","43348","31197","2016-05-19T05:22:00.000Z");
insert into Administers(treatmentGiverID,patientID,treatmentID,timeAdministered) values("36877","32811","63004","2015-09-25T18:54:06.000Z");
insert into Admin(employeeID) values("485");
insert into Admin(employeeID) values("1143");
insert into Admin(employeeID) values("1469");
insert into Admin(employeeID) values("2227");
insert into Admin(employeeID) values("2334");
insert into Admin(employeeID) values("4666");
insert into Admin(employeeID) values("6963");
insert into Admin(employeeID) values("9476");
insert into Admin(employeeID) values("9886");
insert into Admin(employeeID) values("10435");
insert into Admin(employeeID) values("11382");
insert into Admin(employeeID) values("13468");
insert into Admin(employeeID) values("13738");
insert into Admin(employeeID) values("13882");
insert into Admin(employeeID) values("14479");
insert into Admin(employeeID) values("17358");
insert into Admin(employeeID) values("17585");
insert into Admin(employeeID) values("20085");
insert into Admin(employeeID) values("25265");
insert into Admin(employeeID) values("25970");
insert into Admin(employeeID) values("26317");
insert into Admin(employeeID) values("26555");
insert into Admin(employeeID) values("26656");
insert into Admin(employeeID) values("28993");
insert into Admin(employeeID) values("29163");
insert into Admin(employeeID) values("29889");
insert into Admin(employeeID) values("30492");
insert into Admin(employeeID) values("31135");
insert into Admin(employeeID) values("31351");
insert into Admin(employeeID) values("31395");
insert into Admin(employeeID) values("32529");
insert into Admin(employeeID) values("32761");
insert into Admin(employeeID) values("34380");
insert into Admin(employeeID) values("35412");
insert into Admin(employeeID) values("35892");
insert into Admin(employeeID) values("36320");
insert into Admin(employeeID) values("37631");
insert into Admin(employeeID) values("38385");
insert into Admin(employeeID) values("40107");
insert into Admin(employeeID) values("40425");
insert into Admin(employeeID) values("43498");
insert into Admin(employeeID) values("43517");
insert into Admin(employeeID) values("43538");
insert into Admin(employeeID) values("44022");
insert into Admin(employeeID) values("44809");
insert into Admin(employeeID) values("50693");
insert into Admin(employeeID) values("53761");
insert into Admin(employeeID) values("54324");
insert into Admin(employeeID) values("56671");
insert into Admin(employeeID) values("58096");
insert into Admin(employeeID) values("58555");
insert into Admin(employeeID) values("59379");
insert into Admin(employeeID) values("59608");
insert into Admin(employeeID) values("60616");
insert into Admin(employeeID) values("66396");
insert into Admin(employeeID) values("67082");
insert into Admin(employeeID) values("68258");
insert into Admin(employeeID) values("68839");
insert into Admin(employeeID) values("70557");
insert into Admin(employeeID) values("72057");
insert into Admin(employeeID) values("72103");
insert into Admin(employeeID) values("72450");
insert into Admin(employeeID) values("74333");
insert into Admin(employeeID) values("74546");
insert into Admin(employeeID) values("75668");
insert into Admin(employeeID) values("75947");
insert into Admin(employeeID) values("77196");
insert into Admin(employeeID) values("78587");
insert into Admin(employeeID) values("79674");
insert into Admin(employeeID) values("80606");
insert into Admin(employeeID) values("80899");
insert into Admin(employeeID) values("82722");
insert into Admin(employeeID) values("83074");
insert into Admin(employeeID) values("87496");
insert into Admin(employeeID) values("89184");
insert into Admin(employeeID) values("89667");
insert into Admin(employeeID) values("89868");
insert into Admin(employeeID) values("93578");
insert into Admin(employeeID) values("93800");
insert into Admin(employeeID) values("93943");
insert into Admin(employeeID) values("94575");
insert into Admin(employeeID) values("96933");
insert into Admin(employeeID) values("98313");
insert into Admin(employeeID) values("98854");
insert into Admin(employeeID) values("98997");
insert into Discharges(AdminID,patientID,date) values("37631","18337","2015-01-27T12:03:37.000Z");
insert into Discharges(AdminID,patientID,date) values("9886","64244","2016-08-11T15:03:03.000Z");
insert into Discharges(AdminID,patientID,date) values("50693","65662","2016-08-13T20:51:07.000Z");
insert into Discharges(AdminID,patientID,date) values("13468","22236","2016-12-28T02:00:32.000Z");
insert into Discharges(AdminID,patientID,date) values("2334","25348","2015-03-27T16:04:22.000Z");
insert into Discharges(AdminID,patientID,date) values("58096","94108","2016-11-23T16:02:25.000Z");
insert into Discharges(AdminID,patientID,date) values("38385","41820","2016-10-27T19:16:34.000Z");
insert into Discharges(AdminID,patientID,date) values("44809","8686","2016-11-20T03:42:45.000Z");
insert into Discharges(AdminID,patientID,date) values("93578","38199","2016-10-18T04:11:28.000Z");
insert into Discharges(AdminID,patientID,date) values("37631","6390","2016-12-16T10:56:14.000Z");
insert into Discharges(AdminID,patientID,date) values("40425","93327","2016-12-16T12:15:03.000Z");
insert into Discharges(AdminID,patientID,date) values("26656","24061","2016-12-14T00:34:12.000Z");
insert into Discharges(AdminID,patientID,date) values("54324","52956","2015-10-24T09:13:30.000Z");
insert into Discharges(AdminID,patientID,date) values("25265","84548","2016-12-09T07:39:20.000Z");
insert into Discharges(AdminID,patientID,date) values("58555","45276","2016-06-19T19:04:00.000Z");
insert into Discharges(AdminID,patientID,date) values("2334","89679","2016-12-24T08:35:14.000Z");
insert into Discharges(AdminID,patientID,date) values("26555","68625","2016-11-12T17:23:31.000Z");
insert into Discharges(AdminID,patientID,date) values("13882","53836","2016-12-08T23:51:59.000Z");
insert into Discharges(AdminID,patientID,date) values("72057","25348","2016-08-11T19:19:42.000Z");
insert into Discharges(AdminID,patientID,date) values("50693","14447","2015-03-12T12:19:27.000Z");
insert into Discharges(AdminID,patientID,date) values("13882","19474","2016-12-12T17:30:40.000Z");
insert into Discharges(AdminID,patientID,date) values("14479","73839","2016-09-07T18:12:37.000Z");
insert into Discharges(AdminID,patientID,date) values("20085","29399","2016-07-11T00:04:34.000Z");
insert into Discharges(AdminID,patientID,date) values("80606","70283","2014-01-03T16:15:26.000Z");
insert into Discharges(AdminID,patientID,date) values("17358","95607","2016-12-23T16:40:00.000Z");
insert into Discharges(AdminID,patientID,date) values("31395","69573","2016-06-19T09:10:18.000Z");
insert into Discharges(AdminID,patientID,date) values("66396","44223","2016-12-13T05:40:34.000Z");
insert into Discharges(AdminID,patientID,date) values("98854","45209","2016-12-27T08:12:28.000Z");
insert into Discharges(AdminID,patientID,date) values("44809","89679","2016-12-27T04:25:27.000Z");
insert into Discharges(AdminID,patientID,date) values("26317","2987","2016-11-07T23:38:02.000Z");
insert into Discharges(AdminID,patientID,date) values("25970","83086","2015-10-04T15:35:34.000Z");
insert into Discharges(AdminID,patientID,date) values("13468","38199","2016-05-24T08:46:51.000Z");
insert into Discharges(AdminID,patientID,date) values("2227","31254","2016-06-16T10:34:20.000Z");
insert into Discharges(AdminID,patientID,date) values("93943","37220","2015-07-09T18:14:24.000Z");
insert into Discharges(AdminID,patientID,date) values("38385","35334","2016-12-10T19:53:33.000Z");
insert into Discharges(AdminID,patientID,date) values("60616","6000","2016-01-03T01:54:23.000Z");
insert into Discharges(AdminID,patientID,date) values("98997","42791","2016-08-31T14:48:56.000Z");
insert into Discharges(AdminID,patientID,date) values("93943","60270","2016-10-04T21:35:33.000Z");
insert into Discharges(AdminID,patientID,date) values("13468","45209","2016-11-26T14:47:16.000Z");
insert into Discharges(AdminID,patientID,date) values("11382","3038","2016-12-19T20:05:52.000Z");
insert into Discharges(AdminID,patientID,date) values("28993","93849","2016-12-28T02:08:12.000Z");
insert into Discharges(AdminID,patientID,date) values("17585","53836","2016-12-27T01:55:06.000Z");
insert into Discharges(AdminID,patientID,date) values("77196","92917","2016-12-27T13:36:14.000Z");
insert into Discharges(AdminID,patientID,date) values("43498","37220","2016-06-26T08:53:57.000Z");
insert into Discharges(AdminID,patientID,date) values("29163","71181","2016-12-21T00:30:57.000Z");
insert into Discharges(AdminID,patientID,date) values("87496","42791","2015-08-05T03:09:09.000Z");
insert into Discharges(AdminID,patientID,date) values("75668","53839","2016-10-22T10:10:17.000Z");
insert into Discharges(AdminID,patientID,date) values("34380","24328","2016-12-20T09:48:43.000Z");
insert into Discharges(AdminID,patientID,date) values("43538","19474","2015-12-19T12:04:34.000Z");
insert into Discharges(AdminID,patientID,date) values("485","97622","2016-12-09T07:14:36.000Z");
insert into Discharges(AdminID,patientID,date) values("31351","59733","2016-06-26T14:53:55.000Z");
insert into Discharges(AdminID,patientID,date) values("72103","70531","2016-12-24T23:48:45.000Z");
insert into Discharges(AdminID,patientID,date) values("17585","35334","2016-12-07T04:02:47.000Z");
insert into Discharges(AdminID,patientID,date) values("31395","38199","2016-12-24T16:41:33.000Z");
insert into Discharges(AdminID,patientID,date) values("31351","41573","2016-12-27T21:22:08.000Z");
insert into Discharges(AdminID,patientID,date) values("80899","45230","2016-10-06T21:27:08.000Z");
insert into Discharges(AdminID,patientID,date) values("96933","58949","2016-12-09T05:20:00.000Z");
insert into Discharges(AdminID,patientID,date) values("38385","32840","2016-12-24T15:30:21.000Z");
insert into Discharges(AdminID,patientID,date) values("37631","24477","2016-12-16T16:46:03.000Z");
insert into Discharges(AdminID,patientID,date) values("75947","29413","2016-11-23T09:43:18.000Z");
insert into Discharges(AdminID,patientID,date) values("25265","50936","2016-12-18T02:55:47.000Z");
insert into Discharges(AdminID,patientID,date) values("35892","21238","2016-12-25T05:47:47.000Z");
insert into Discharges(AdminID,patientID,date) values("37631","53836","2016-11-20T05:32:58.000Z");
insert into Discharges(AdminID,patientID,date) values("40425","90550","2016-12-25T21:51:04.000Z");
insert into Discharges(AdminID,patientID,date) values("59379","40505","2016-12-27T10:40:37.000Z");
insert into Discharges(AdminID,patientID,date) values("14479","59733","2016-12-26T10:39:04.000Z");
insert into Discharges(AdminID,patientID,date) values("28993","29413","2016-12-26T10:55:12.000Z");
insert into Discharges(AdminID,patientID,date) values("68839","50120","2016-12-28T03:17:00.000Z");
insert into Discharges(AdminID,patientID,date) values("56671","24414","2016-10-04T16:59:01.000Z");
insert into Discharges(AdminID,patientID,date) values("25265","71181","2016-12-25T05:41:04.000Z");
insert into Discharges(AdminID,patientID,date) values("25970","22419","2016-12-27T19:41:27.000Z");
insert into Discharges(AdminID,patientID,date) values("80606","49536","2016-11-06T08:52:04.000Z");
insert into Discharges(AdminID,patientID,date) values("82722","36977","2016-11-01T11:52:47.000Z");
insert into Discharges(AdminID,patientID,date) values("98854","91408","2016-07-25T23:54:08.000Z");
insert into Discharges(AdminID,patientID,date) values("1143","56239","2016-12-01T08:00:21.000Z");
insert into Discharges(AdminID,patientID,date) values("83074","64244","2016-12-16T10:39:06.000Z");
insert into Discharges(AdminID,patientID,date) values("80606","24414","2016-12-17T09:38:46.000Z");
insert into Discharges(AdminID,patientID,date) values("11382","26059","2016-12-28T01:20:35.000Z");
insert into Discharges(AdminID,patientID,date) values("89184","35334","2016-12-13T02:53:24.000Z");
insert into Discharges(AdminID,patientID,date) values("31351","47934","2016-12-27T23:00:06.000Z");
insert into Discharges(AdminID,patientID,date) values("4666","5995","2016-09-23T05:13:20.000Z");
insert into Discharges(AdminID,patientID,date) values("25265","45276","2016-11-04T14:45:39.000Z");
insert into Discharges(AdminID,patientID,date) values("14479","53836","2016-12-15T16:55:23.000Z");
insert into Discharges(AdminID,patientID,date) values("87496","2167","2016-12-26T20:17:16.000Z");
insert into Discharges(AdminID,patientID,date) values("93578","12837","2016-11-16T10:05:40.000Z");
insert into Discharges(AdminID,patientID,date) values("25970","38674","2016-01-21T16:47:06.000Z");
insert into Discharges(AdminID,patientID,date) values("89868","12686","2016-10-11T16:27:03.000Z");
insert into Discharges(AdminID,patientID,date) values("2334","56500","2016-12-26T16:58:09.000Z");
insert into Discharges(AdminID,patientID,date) values("93943","8686","2016-10-25T10:08:45.000Z");
insert into Discharges(AdminID,patientID,date) values("75668","93217","2016-12-27T18:06:48.000Z");
insert into Discharges(AdminID,patientID,date) values("29889","47934","2016-12-27T19:35:09.000Z");
insert into Discharges(AdminID,patientID,date) values("80899","18502","2016-12-05T04:15:13.000Z");
insert into Discharges(AdminID,patientID,date) values("72057","21238","2016-12-07T05:38:20.000Z");
insert into Discharges(AdminID,patientID,date) values("96933","49793","2016-05-06T10:24:47.000Z");
insert into Discharges(AdminID,patientID,date) values("98313","45354","2016-12-23T18:43:17.000Z");
insert into Discharges(AdminID,patientID,date) values("34380","24093","2016-12-11T07:46:39.000Z");
insert into Discharges(AdminID,patientID,date) values("68258","54768","2016-10-03T16:28:43.000Z");
insert into Discharges(AdminID,patientID,date) values("14479","27826","2016-08-18T18:42:00.000Z");
insert into Discharges(AdminID,patientID,date) values("68839","49536","2016-12-22T18:32:00.000Z");
insert into Discharges(AdminID,patientID,date) values("75668","31254","2016-12-28T01:54:36.000Z");
insert into Discharges(AdminID,patientID,date) values("93578","11257","2016-12-18T00:27:47.000Z");
insert into Discharges(AdminID,patientID,date) values("20085","23393","2016-12-20T02:15:53.000Z");
insert into Discharges(AdminID,patientID,date) values("9476","19474","2016-11-21T00:49:32.000Z");
insert into Discharges(AdminID,patientID,date) values("25970","92917","2016-12-18T14:50:52.000Z");
insert into Discharges(AdminID,patientID,date) values("60616","56500","2016-12-26T14:45:46.000Z");
insert into Discharges(AdminID,patientID,date) values("32761","93849","2016-12-12T19:25:33.000Z");
insert into Discharges(AdminID,patientID,date) values("17358","25348","2016-12-27T17:46:30.000Z");
insert into Discharges(AdminID,patientID,date) values("32761","38036","2015-11-11T00:28:14.000Z");
insert into Discharges(AdminID,patientID,date) values("98313","58745","2016-12-18T15:11:51.000Z");
insert into Discharges(AdminID,patientID,date) values("58555","68233","2016-10-12T03:49:42.000Z");
insert into Discharges(AdminID,patientID,date) values("56671","10025","2016-12-27T21:24:54.000Z");
insert into Discharges(AdminID,patientID,date) values("80606","84431","2016-12-16T19:35:56.000Z");
insert into Discharges(AdminID,patientID,date) values("98854","68625","2016-12-03T09:30:09.000Z");
insert into Discharges(AdminID,patientID,date) values("31135","22236","2016-12-07T19:31:06.000Z");
insert into Discharges(AdminID,patientID,date) values("26555","42572","2016-12-28T01:56:13.000Z");
insert into Discharges(AdminID,patientID,date) values("26555","71181","2016-09-24T10:05:27.000Z");
insert into Discharges(AdminID,patientID,date) values("98997","80622","2016-11-15T18:50:14.000Z");
insert into Discharges(AdminID,patientID,date) values("74546","90550","2016-12-27T17:54:13.000Z");
insert into Discharges(AdminID,patientID,date) values("66396","24477","2016-10-11T03:19:20.000Z");
insert into Discharges(AdminID,patientID,date) values("89184","25348","2016-04-14T00:04:12.000Z");
insert into Discharges(AdminID,patientID,date) values("31135","80622","2016-12-27T21:06:33.000Z");
insert into Discharges(AdminID,patientID,date) values("50693","38431","2016-11-17T00:22:12.000Z");
insert into Discharges(AdminID,patientID,date) values("80606","43348","2016-11-19T15:31:15.000Z");
insert into Discharges(AdminID,patientID,date) values("53761","70283","2016-12-21T16:22:02.000Z");
insert into Discharges(AdminID,patientID,date) values("32529","3038","2016-10-17T02:10:48.000Z");
insert into Discharges(AdminID,patientID,date) values("26555","19474","2016-12-14T00:56:10.000Z");
insert into Discharges(AdminID,patientID,date) values("38385","6322","2016-12-06T15:27:02.000Z");
insert into Discharges(AdminID,patientID,date) values("35892","93217","2016-12-19T23:08:07.000Z");
insert into Discharges(AdminID,patientID,date) values("2334","49281","2016-12-17T07:57:27.000Z");
insert into Discharges(AdminID,patientID,date) values("9476","2167","2016-07-14T02:07:27.000Z");
insert into Discharges(AdminID,patientID,date) values("37631","58745","2016-12-14T19:20:47.000Z");
insert into Discharges(AdminID,patientID,date) values("83074","2028","2016-09-18T13:12:07.000Z");
insert into Discharges(AdminID,patientID,date) values("80899","38036","2016-12-20T13:17:11.000Z");
insert into Discharges(AdminID,patientID,date) values("20085","89551","2016-12-27T11:05:31.000Z");
insert into Discharges(AdminID,patientID,date) values("37631","22419","2016-12-23T21:05:36.000Z");
insert into Discharges(AdminID,patientID,date) values("17358","53836","2016-12-20T04:18:02.000Z");
insert into Discharges(AdminID,patientID,date) values("13468","47662","2016-12-08T02:20:03.000Z");
insert into Discharges(AdminID,patientID,date) values("17358","86437","2016-12-26T10:29:53.000Z");
insert into Discharges(AdminID,patientID,date) values("35412","86437","2016-08-21T11:50:25.000Z");
insert into Discharges(AdminID,patientID,date) values("11382","89527","2016-12-01T07:16:14.000Z");
insert into Discharges(AdminID,patientID,date) values("32529","23393","2016-08-12T15:43:31.000Z");
insert into Discharges(AdminID,patientID,date) values("80606","84431","2016-12-26T21:18:38.000Z");
insert into Discharges(AdminID,patientID,date) values("43498","42572","2016-09-11T07:34:47.000Z");
insert into Discharges(AdminID,patientID,date) values("26656","24414","2016-10-25T17:02:11.000Z");
insert into Discharges(AdminID,patientID,date) values("82722","94108","2016-12-18T07:09:48.000Z");
insert into Discharges(AdminID,patientID,date) values("89667","49056","2016-12-26T08:40:19.000Z");
insert into Discharges(AdminID,patientID,date) values("93943","84431","2016-12-18T07:43:58.000Z");
insert into Discharges(AdminID,patientID,date) values("50693","80622","2016-09-07T02:47:27.000Z");
insert into Discharges(AdminID,patientID,date) values("93943","59378","2016-12-28T02:27:57.000Z");
insert into Discharges(AdminID,patientID,date) values("67082","42791","2016-12-22T19:31:17.000Z");
insert into Discharges(AdminID,patientID,date) values("59608","41475","2016-12-27T16:39:51.000Z");
insert into Discharges(AdminID,patientID,date) values("94575","74751","2016-10-22T14:19:43.000Z");
insert into Discharges(AdminID,patientID,date) values("1469","47934","2016-12-18T00:19:50.000Z");
insert into Discharges(AdminID,patientID,date) values("29163","68625","2016-12-26T22:49:17.000Z");
insert into Discharges(AdminID,patientID,date) values("43538","61684","2016-12-24T11:22:57.000Z");
insert into Discharges(AdminID,patientID,date) values("98854","61684","2016-12-26T11:22:35.000Z");
insert into Discharges(AdminID,patientID,date) values("83074","38674","2016-12-24T00:00:30.000Z");
insert into Discharges(AdminID,patientID,date) values("79674","21706","2016-12-13T14:42:53.000Z");
insert into Discharges(AdminID,patientID,date) values("10435","89418","2016-11-22T15:07:16.000Z");
insert into Discharges(AdminID,patientID,date) values("67082","67309","2016-12-23T06:50:13.000Z");
insert into Discharges(AdminID,patientID,date) values("89868","47934","2016-12-27T21:59:28.000Z");
insert into Discharges(AdminID,patientID,date) values("25970","21601","2016-12-27T13:51:34.000Z");
insert into Discharges(AdminID,patientID,date) values("58555","2167","2016-05-22T11:10:25.000Z");
insert into Discharges(AdminID,patientID,date) values("20085","32840","2016-12-26T11:51:56.000Z");
insert into Discharges(AdminID,patientID,date) values("2227","18337","2016-12-26T08:54:54.000Z");
insert into Discharges(AdminID,patientID,date) values("93800","46438","2016-12-27T17:14:23.000Z");
insert into Discharges(AdminID,patientID,date) values("1143","41573","2016-12-27T11:30:13.000Z");
insert into Discharges(AdminID,patientID,date) values("74546","56239","2016-09-18T14:20:22.000Z");
insert into Discharges(AdminID,patientID,date) values("74546","29399","2016-12-27T14:43:38.000Z");
insert into Discharges(AdminID,patientID,date) values("94575","93289","2016-12-23T23:19:00.000Z");
insert into Discharges(AdminID,patientID,date) values("74546","67453","2016-12-27T06:10:46.000Z");
insert into Discharges(AdminID,patientID,date) values("93578","10863","2016-11-17T01:36:40.000Z");
insert into Discharges(AdminID,patientID,date) values("37631","88636","2016-12-23T10:41:20.000Z");
insert into Discharges(AdminID,patientID,date) values("67082","8244","2016-10-27T21:17:18.000Z");
insert into Discharges(AdminID,patientID,date) values("82722","228","2016-09-18T07:26:22.000Z");
insert into Discharges(AdminID,patientID,date) values("32529","49056","2016-11-30T11:42:59.000Z");
insert into Discharges(AdminID,patientID,date) values("44022","67453","2016-12-21T20:31:16.000Z");
insert into Discharges(AdminID,patientID,date) values("13468","12686","2016-12-27T20:29:26.000Z");
insert into Discharges(AdminID,patientID,date) values("25970","21892","2016-12-17T17:37:03.000Z");
insert into Discharges(AdminID,patientID,date) values("93943","92828","2016-09-05T14:15:57.000Z");
insert into Discharges(AdminID,patientID,date) values("89184","38431","2016-12-25T22:06:59.000Z");
insert into Discharges(AdminID,patientID,date) values("74546","28408","2016-12-16T06:26:44.000Z");
insert into Discharges(AdminID,patientID,date) values("44809","14447","2016-12-16T12:30:30.000Z");
insert into Discharges(AdminID,patientID,date) values("32761","2028","2016-11-14T09:37:01.000Z");
insert into Discharges(AdminID,patientID,date) values("50693","28344","2016-12-04T09:38:21.000Z");
insert into Discharges(AdminID,patientID,date) values("70557","52956","2016-12-15T00:57:33.000Z");
insert into Discharges(AdminID,patientID,date) values("80899","49793","2016-12-27T04:14:53.000Z");
insert into Discharges(AdminID,patientID,date) values("82722","37752","2016-12-27T13:27:02.000Z");
insert into Discharges(AdminID,patientID,date) values("83074","67744","2016-12-28T05:59:39.000Z");
insert into Discharges(AdminID,patientID,date) values("17585","83050","2016-12-03T08:01:53.000Z");
insert into Discharges(AdminID,patientID,date) values("43517","11257","2016-11-15T16:49:48.000Z");
insert into Discharges(AdminID,patientID,date) values("68258","10025","2016-10-24T22:41:13.000Z");
insert into Discharges(AdminID,patientID,date) values("68839","42015","2016-12-23T04:28:03.000Z");
insert into Discharges(AdminID,patientID,date) values("72057","36977","2016-11-15T00:10:59.000Z");
insert into Discharges(AdminID,patientID,date) values("28993","57213","2016-12-24T16:04:49.000Z");
insert into Discharges(AdminID,patientID,date) values("29889","93289","2016-07-31T08:57:16.000Z");
insert into Discharges(AdminID,patientID,date) values("89667","40417","2016-12-18T11:15:44.000Z");
insert into Discharges(AdminID,patientID,date) values("40425","50120","2016-12-12T02:11:35.000Z");
insert into Discharges(AdminID,patientID,date) values("32761","17071","2016-12-23T11:46:16.000Z");
insert into Discharges(AdminID,patientID,date) values("38385","10863","2016-07-16T05:39:29.000Z");
insert into Orders(doctorID,patientID,treatmentGiverID,treatmentID,date) values("74546","26059","9945","63004","2015-01-24T22:42:30.000Z");
insert into Orders(doctorID,patientID,treatmentGiverID,treatmentID,date) values("83074","14841","13135","81512","2015-01-21T03:25:04.000Z");
insert into Orders(doctorID,patientID,treatmentGiverID,treatmentID,date) values("94575","78424","11567","27593","2016-05-02T11:19:52.000Z");
insert into Orders(doctorID,patientID,treatmentGiverID,treatmentID,date) values("2837","2167","94125","44295","2016-03-26T00:05:08.000Z");
insert into Orders(doctorID,patientID,treatmentGiverID,treatmentID,date) values("31135","49536","89921","99545","2016-10-16T21:59:51.000Z");
insert into Orders(doctorID,patientID,treatmentGiverID,treatmentID,date) values("13738","23400","47447","63244","2015-01-07T16:34:23.000Z");
insert into Orders(doctorID,patientID,treatmentGiverID,treatmentID,date) values("72450","14447","76412","12711","2015-01-10T12:59:41.000Z");
insert into Orders(doctorID,patientID,treatmentGiverID,treatmentID,date) values("64085","27826","83009","28562","2015-01-15T23:04:24.000Z");
insert into Orders(doctorID,patientID,treatmentGiverID,treatmentID,date) values("98313","89739","47447","44295","2015-01-04T08:19:03.000Z");
insert into Orders(doctorID,patientID,treatmentGiverID,treatmentID,date) values("25970","49536","74988","66584","2016-12-03T01:40:05.000Z");
insert into Orders(doctorID,patientID,treatmentGiverID,treatmentID,date) values("34380","31953","66399","81961","2015-01-02T12:05:59.000Z");
insert into Orders(doctorID,patientID,treatmentGiverID,treatmentID,date) values("40107","58751","24160","81021","2015-01-21T16:31:55.000Z");
insert into Orders(doctorID,patientID,treatmentGiverID,treatmentID,date) values("25970","40417","35328","81467","2016-01-07T16:26:32.000Z");
insert into Orders(doctorID,patientID,treatmentGiverID,treatmentID,date) values("14983","29907","7375","57405","2016-07-01T11:28:21.000Z");
insert into Orders(doctorID,patientID,treatmentGiverID,treatmentID,date) values("70557","37915","61381","38234","2015-01-26T01:12:23.000Z");
insert into Orders(doctorID,patientID,treatmentGiverID,treatmentID,date) values("89868","95607","33199","57995","2016-12-11T19:15:00.000Z");
insert into Orders(doctorID,patientID,treatmentGiverID,treatmentID,date) values("89184","70470","53945","38234","2015-01-09T11:19:17.000Z");
insert into Orders(doctorID,patientID,treatmentGiverID,treatmentID,date) values("72057","47471","61381","81467","2015-01-27T17:17:23.000Z");
insert into Orders(doctorID,patientID,treatmentGiverID,treatmentID,date) values("43517","10863","69907","31197","2016-04-13T18:06:25.000Z");
insert into Orders(doctorID,patientID,treatmentGiverID,treatmentID,date) values("72103","12686","73691","84904","2016-12-21T01:38:08.000Z");
insert into Orders(doctorID,patientID,treatmentGiverID,treatmentID,date) values("89868","95607","83009","6784","2016-10-24T19:15:46.000Z");
insert into Orders(doctorID,patientID,treatmentGiverID,treatmentID,date) values("64085","2987","84525","63004","2016-03-06T05:11:52.000Z");
insert into Orders(doctorID,patientID,treatmentGiverID,treatmentID,date) values("72450","32811","7375","27593","2016-11-14T11:00:44.000Z");
insert into Orders(doctorID,patientID,treatmentGiverID,treatmentID,date) values("25970","96318","83009","82926","2016-07-11T22:20:45.000Z");
insert into Orders(doctorID,patientID,treatmentGiverID,treatmentID,date) values("50693","14447","50321","81512","2016-12-07T20:49:54.000Z");
insert into Orders(doctorID,patientID,treatmentGiverID,treatmentID,date) values("4666","47662","47447","99545","2015-01-21T04:05:12.000Z");
insert into Orders(doctorID,patientID,treatmentGiverID,treatmentID,date) values("9886","93289","92287","88524","2016-04-04T11:58:51.000Z");
insert into Orders(doctorID,patientID,treatmentGiverID,treatmentID,date) values("40107","32840","35328","16585","2016-12-23T21:23:44.000Z");
insert into Orders(doctorID,patientID,treatmentGiverID,treatmentID,date) values("68258","93849","35328","7021","2016-04-06T20:34:31.000Z");
insert into Orders(doctorID,patientID,treatmentGiverID,treatmentID,date) values("48155","89739","6190","95374","2015-01-02T09:08:12.000Z");
insert into Orders(doctorID,patientID,treatmentGiverID,treatmentID,date) values("72057","986","69348","97897","2016-09-13T03:48:13.000Z");
insert into Orders(doctorID,patientID,treatmentGiverID,treatmentID,date) values("80606","23400","73024","32531","2015-01-14T14:03:47.000Z");
insert into Orders(doctorID,patientID,treatmentGiverID,treatmentID,date) values("13738","97622","49745","55134","2015-01-02T16:29:41.000Z");
insert into Orders(doctorID,patientID,treatmentGiverID,treatmentID,date) values("34380","29399","77826","37837","2015-01-25T01:45:12.000Z");
insert into Orders(doctorID,patientID,treatmentGiverID,treatmentID,date) values("68839","24477","62540","24171","2016-09-22T03:38:04.000Z");
insert into Orders(doctorID,patientID,treatmentGiverID,treatmentID,date) values("8089","79792","42234","31197","2016-02-12T09:58:31.000Z");
insert into Orders(doctorID,patientID,treatmentGiverID,treatmentID,date) values("43517","47662","9657","57995","2016-09-30T13:18:21.000Z");
insert into Orders(doctorID,patientID,treatmentGiverID,treatmentID,date) values("67082","3038","30476","32787","2016-06-26T17:57:00.000Z");
insert into Orders(doctorID,patientID,treatmentGiverID,treatmentID,date) values("68839","49536","73691","81512","2016-10-23T19:51:59.000Z");
insert into Orders(doctorID,patientID,treatmentGiverID,treatmentID,date) values("80606","44223","84536","57995","2016-06-10T16:20:16.000Z");
insert into Orders(doctorID,patientID,treatmentGiverID,treatmentID,date) values("40107","6390","61381","81961","2015-01-06T11:34:29.000Z");
insert into Orders(doctorID,patientID,treatmentGiverID,treatmentID,date) values("34380","95607","35328","60925","2016-10-26T05:08:30.000Z");
insert into Orders(doctorID,patientID,treatmentGiverID,treatmentID,date) values("72450","49793","69348","36966","2015-01-25T03:24:10.000Z");
insert into Orders(doctorID,patientID,treatmentGiverID,treatmentID,date) values("50693","6390","6190","95374","2016-04-26T04:46:56.000Z");
insert into Orders(doctorID,patientID,treatmentGiverID,treatmentID,date) values("80606","93849","25070","82702","2015-01-04T05:19:21.000Z");
insert into Orders(doctorID,patientID,treatmentGiverID,treatmentID,date) values("36320","61684","30054","28562","2016-02-08T02:12:54.000Z");
insert into Orders(doctorID,patientID,treatmentGiverID,treatmentID,date) values("13738","32840","49526","44295","2016-12-06T05:15:22.000Z");
insert into Orders(doctorID,patientID,treatmentGiverID,treatmentID,date) values("83534","61684","49526","24171","2016-11-10T17:13:29.000Z");
insert into Orders(doctorID,patientID,treatmentGiverID,treatmentID,date) values("74546","67309","64178","88159","2016-12-23T09:57:42.000Z");
insert into Orders(doctorID,patientID,treatmentGiverID,treatmentID,date) values("60616","85723","93585","1891","2016-10-04T06:25:02.000Z");
insert into Orders(doctorID,patientID,treatmentGiverID,treatmentID,date) values("67237","89418","77933","66584","2015-01-28T05:44:15.000Z");
insert into Orders(doctorID,patientID,treatmentGiverID,treatmentID,date) values("40107","13085","62540","27593","2015-01-28T02:21:32.000Z");
insert into Orders(doctorID,patientID,treatmentGiverID,treatmentID,date) values("67237","90253","30054","44295","2016-03-21T06:50:05.000Z");
insert into Orders(doctorID,patientID,treatmentGiverID,treatmentID,date) values("10435","47471","94125","62805","2015-01-26T08:57:54.000Z");
insert into Orders(doctorID,patientID,treatmentGiverID,treatmentID,date) values("75947","59378","94125","96948","2015-01-03T12:18:28.000Z");
insert into Orders(doctorID,patientID,treatmentGiverID,treatmentID,date) values("43538","62365","73195","38234","2015-01-24T01:55:19.000Z");
insert into Orders(doctorID,patientID,treatmentGiverID,treatmentID,date) values("67082","3038","33199","81021","2015-01-07T13:25:02.000Z");
insert into Orders(doctorID,patientID,treatmentGiverID,treatmentID,date) values("72450","34627","35328","74682","2016-10-05T18:06:31.000Z");
insert into Orders(doctorID,patientID,treatmentGiverID,treatmentID,date) values("94575","91408","47836","37837","2016-08-13T00:33:15.000Z");
insert into Orders(doctorID,patientID,treatmentGiverID,treatmentID,date) values("93578","6390","41779","82926","2016-10-10T20:46:58.000Z");
insert into Orders(doctorID,patientID,treatmentGiverID,treatmentID,date) values("75947","6390","30054","83585","2015-01-27T08:56:38.000Z");
insert into Orders(doctorID,patientID,treatmentGiverID,treatmentID,date) values("35892","93217","36877","12711","2015-01-10T00:27:30.000Z");
insert into Orders(doctorID,patientID,treatmentGiverID,treatmentID,date) values("89184","49536","80808","62078","2015-01-03T02:05:02.000Z");
insert into Orders(doctorID,patientID,treatmentGiverID,treatmentID,date) values("17358","50120","35328","27593","2016-02-12T20:30:09.000Z");
insert into Orders(doctorID,patientID,treatmentGiverID,treatmentID,date) values("79674","50936","94897","66584","2015-01-25T15:09:32.000Z");
insert into Orders(doctorID,patientID,treatmentGiverID,treatmentID,date) values("89868","61684","6190","38234","2015-01-18T21:50:56.000Z");
insert into Orders(doctorID,patientID,treatmentGiverID,treatmentID,date) values("67237","92828","64178","78261","2015-01-24T02:46:34.000Z");
insert into Orders(doctorID,patientID,treatmentGiverID,treatmentID,date) values("48155","92828","76412","60925","2015-01-07T07:44:38.000Z");
insert into Orders(doctorID,patientID,treatmentGiverID,treatmentID,date) values("47632","24414","12198","19282","2016-04-16T15:15:19.000Z");
insert into Orders(doctorID,patientID,treatmentGiverID,treatmentID,date) values("47632","42572","53912","65267","2016-11-02T22:06:27.000Z");
insert into Orders(doctorID,patientID,treatmentGiverID,treatmentID,date) values("43517","24093","45676","3442","2015-01-16T05:50:21.000Z");
insert into Orders(doctorID,patientID,treatmentGiverID,treatmentID,date) values("1143","92917","22942","97897","2015-01-22T05:09:27.000Z");
insert into Orders(doctorID,patientID,treatmentGiverID,treatmentID,date) values("43517","42572","78991","34205","2016-12-04T05:09:11.000Z");
insert into Orders(doctorID,patientID,treatmentGiverID,treatmentID,date) values("64085","11257","83009","62078","2015-01-10T17:29:55.000Z");
insert into Orders(doctorID,patientID,treatmentGiverID,treatmentID,date) values("68839","24328","11567","36966","2016-12-02T15:15:59.000Z");
insert into Orders(doctorID,patientID,treatmentGiverID,treatmentID,date) values("67237","58691","41779","37837","2016-02-05T22:26:16.000Z");
insert into Orders(doctorID,patientID,treatmentGiverID,treatmentID,date) values("89184","5995","35328","7021","2016-11-07T04:09:04.000Z");
insert into Orders(doctorID,patientID,treatmentGiverID,treatmentID,date) values("83534","77382","69907","27593","2015-01-06T02:57:11.000Z");
insert into Orders(doctorID,patientID,treatmentGiverID,treatmentID,date) values("25970","3038","22942","56175","2016-03-20T15:19:57.000Z");
insert into Orders(doctorID,patientID,treatmentGiverID,treatmentID,date) values("67237","95607","84525","81467","2015-01-12T09:08:28.000Z");
insert into Orders(doctorID,patientID,treatmentGiverID,treatmentID,date) values("48155","6390","61381","99545","2016-01-16T10:15:41.000Z");
insert into Orders(doctorID,patientID,treatmentGiverID,treatmentID,date) values("83534","82580","38059","63244","2015-01-23T18:41:23.000Z");
insert into Orders(doctorID,patientID,treatmentGiverID,treatmentID,date) values("2227","84431","77826","10539","2016-06-25T05:05:43.000Z");
insert into Orders(doctorID,patientID,treatmentGiverID,treatmentID,date) values("83074","36977","47447","36966","2016-04-26T07:39:22.000Z");
insert into Orders(doctorID,patientID,treatmentGiverID,treatmentID,date) values("8089","59378","7375","81021","2016-10-12T16:44:06.000Z");
insert into Orders(doctorID,patientID,treatmentGiverID,treatmentID,date) values("14983","79792","84525","32787","2016-03-04T05:07:14.000Z");
insert into Orders(doctorID,patientID,treatmentGiverID,treatmentID,date) values("2227","34031","25070","88159","2015-01-10T16:54:38.000Z");
insert into Orders(doctorID,patientID,treatmentGiverID,treatmentID,date) values("25970","12686","7375","84904","2015-01-06T09:56:38.000Z");
insert into Orders(doctorID,patientID,treatmentGiverID,treatmentID,date) values("68839","89551","86829","32042","2016-10-18T12:22:11.000Z");
insert into Orders(doctorID,patientID,treatmentGiverID,treatmentID,date) values("80606","12686","3814","88159","2015-01-03T15:34:11.000Z");
insert into Orders(doctorID,patientID,treatmentGiverID,treatmentID,date) values("67237","6390","35328","11600","2015-01-06T12:17:41.000Z");
insert into Orders(doctorID,patientID,treatmentGiverID,treatmentID,date) values("13738","14447","50321","88524","2016-01-08T23:18:07.000Z");
insert into Orders(doctorID,patientID,treatmentGiverID,treatmentID,date) values("14983","49793","69348","32042","2015-01-06T17:49:43.000Z");
insert into Orders(doctorID,patientID,treatmentGiverID,treatmentID,date) values("70557","29428","82144","6784","2016-05-05T23:03:10.000Z");
insert into Orders(doctorID,patientID,treatmentGiverID,treatmentID,date) values("47632","41820","86829","72405","2016-04-08T10:19:32.000Z");
insert into Orders(doctorID,patientID,treatmentGiverID,treatmentID,date) values("67082","38036","11567","63004","2016-05-23T23:47:44.000Z");
insert into Orders(doctorID,patientID,treatmentGiverID,treatmentID,date) values("20085","2167","50321","49772","2015-01-01T20:38:06.000Z");
insert into Orders(doctorID,patientID,treatmentGiverID,treatmentID,date) values("80606","26059","45676","88524","2015-01-19T05:31:41.000Z");
insert into Orders(doctorID,patientID,treatmentGiverID,treatmentID,date) values("38385","97734","42234","31197","2016-09-11T12:15:34.000Z");
insert into Orders(doctorID,patientID,treatmentGiverID,treatmentID,date) values("10435","44223","94957","38234","2016-01-21T02:13:32.000Z");
insert into Orders(doctorID,patientID,treatmentGiverID,treatmentID,date) values("94575","10863","66399","99545","2016-07-16T13:52:44.000Z");
insert into Orders(doctorID,patientID,treatmentGiverID,treatmentID,date) values("83534","29399","93585","81961","2016-01-23T04:41:58.000Z");
insert into Orders(doctorID,patientID,treatmentGiverID,treatmentID,date) values("96933","26059","50321","58940","2015-01-14T14:17:36.000Z");
insert into Orders(doctorID,patientID,treatmentGiverID,treatmentID,date) values("34380","32517","94125","16585","2015-01-26T03:21:12.000Z");
insert into Orders(doctorID,patientID,treatmentGiverID,treatmentID,date) values("94575","79792","93585","25005","2015-01-13T23:31:31.000Z");
insert into Orders(doctorID,patientID,treatmentGiverID,treatmentID,date) values("80606","44223","85929","96088","2016-05-26T20:08:55.000Z");
insert into Orders(doctorID,patientID,treatmentGiverID,treatmentID,date) values("13738","28344","47447","74682","2016-07-17T14:34:23.000Z");
insert into Orders(doctorID,patientID,treatmentGiverID,treatmentID,date) values("17358","79921","25070","32787","2016-06-02T20:58:48.000Z");
insert into Orders(doctorID,patientID,treatmentGiverID,treatmentID,date) values("72450","26059","94616","6526","2016-04-08T06:01:36.000Z");
insert into Orders(doctorID,patientID,treatmentGiverID,treatmentID,date) values("13738","93327","42234","6784","2015-01-13T09:32:25.000Z");
insert into Orders(doctorID,patientID,treatmentGiverID,treatmentID,date) values("93578","93289","35328","95432","2016-11-04T01:01:14.000Z");
insert into Orders(doctorID,patientID,treatmentGiverID,treatmentID,date) values("72450","24477","94125","7021","2016-12-11T15:24:12.000Z");
insert into Orders(doctorID,patientID,treatmentGiverID,treatmentID,date) values("35892","44223","31204","84115","2015-01-01T00:28:48.000Z");
insert into Orders(doctorID,patientID,treatmentGiverID,treatmentID,date) values("87496","24328","33707","49772","2015-01-12T19:28:38.000Z");
insert into Orders(doctorID,patientID,treatmentGiverID,treatmentID,date) values("94575","2167","7375","88159","2016-09-10T11:45:26.000Z");
insert into Orders(doctorID,patientID,treatmentGiverID,treatmentID,date) values("80606","21601","47447","57995","2016-07-19T13:16:14.000Z");
insert into Orders(doctorID,patientID,treatmentGiverID,treatmentID,date) values("60616","46126","9657","6784","2016-09-24T19:07:03.000Z");
insert into Orders(doctorID,patientID,treatmentGiverID,treatmentID,date) values("72057","89551","83614","99545","2015-01-13T06:45:16.000Z");
insert into Orders(doctorID,patientID,treatmentGiverID,treatmentID,date) values("50693","85723","22942","86093","2015-01-04T12:25:05.000Z");
insert into Orders(doctorID,patientID,treatmentGiverID,treatmentID,date) values("9886","48966","53713","22132","2016-02-25T10:51:22.000Z");
insert into Orders(doctorID,patientID,treatmentGiverID,treatmentID,date) values("34380","24414","42234","81021","2016-02-22T17:29:38.000Z");
insert into Orders(doctorID,patientID,treatmentGiverID,treatmentID,date) values("67237","986","74044","44295","2015-01-25T10:43:35.000Z");
insert into Orders(doctorID,patientID,treatmentGiverID,treatmentID,date) values("32761","38036","12198","62805","2015-01-16T22:54:47.000Z");
insert into Orders(doctorID,patientID,treatmentGiverID,treatmentID,date) values("98997","79921","31204","38234","2015-01-24T15:52:45.000Z");
insert into Orders(doctorID,patientID,treatmentGiverID,treatmentID,date) values("94575","40505","30054","44295","2016-04-26T08:17:00.000Z");
insert into Orders(doctorID,patientID,treatmentGiverID,treatmentID,date) values("8089","77382","53945","60925","2016-01-17T00:56:51.000Z");
insert into Orders(doctorID,patientID,treatmentGiverID,treatmentID,date) values("67082","70470","38059","58940","2015-01-25T07:13:33.000Z");
insert into Orders(doctorID,patientID,treatmentGiverID,treatmentID,date) values("89868","34627","25070","66584","2015-01-20T12:31:32.000Z");
insert into Orders(doctorID,patientID,treatmentGiverID,treatmentID,date) values("34380","5995","30054","57995","2015-01-08T01:49:00.000Z");
insert into Orders(doctorID,patientID,treatmentGiverID,treatmentID,date) values("74546","49281","77826","96948","2016-05-31T05:47:07.000Z");
insert into Orders(doctorID,patientID,treatmentGiverID,treatmentID,date) values("89184","25710","64178","96948","2016-09-27T19:43:39.000Z");
insert into Orders(doctorID,patientID,treatmentGiverID,treatmentID,date) values("31135","67744","13102","40132","2015-01-16T11:47:37.000Z");
insert into Orders(doctorID,patientID,treatmentGiverID,treatmentID,date) values("17358","49536","1237","6784","2016-01-01T05:44:22.000Z");
insert into Orders(doctorID,patientID,treatmentGiverID,treatmentID,date) values("68839","89551","22942","38234","2015-01-15T01:44:37.000Z");
insert into Orders(doctorID,patientID,treatmentGiverID,treatmentID,date) values("83534","41820","66399","12087","2016-02-23T15:45:25.000Z");
insert into Orders(doctorID,patientID,treatmentGiverID,treatmentID,date) values("80606","37915","35328","25043","2015-01-05T20:10:55.000Z");
insert into Orders(doctorID,patientID,treatmentGiverID,treatmentID,date) values("68839","57087","94957","38234","2015-01-20T15:41:19.000Z");
insert into Orders(doctorID,patientID,treatmentGiverID,treatmentID,date) values("89184","14447","94125","12087","2016-09-18T05:05:49.000Z");
insert into Orders(doctorID,patientID,treatmentGiverID,treatmentID,date) values("47632","79921","77933","25005","2015-01-26T23:26:00.000Z");
insert into Orders(doctorID,patientID,treatmentGiverID,treatmentID,date) values("87496","2167","47447","44295","2016-05-26T04:18:11.000Z");
insert into Orders(doctorID,patientID,treatmentGiverID,treatmentID,date) values("9886","77184","25070","81512","2015-01-03T08:30:44.000Z");
insert into Orders(doctorID,patientID,treatmentGiverID,treatmentID,date) values("67237","77382","62540","56175","2015-01-17T19:34:24.000Z");
insert into Orders(doctorID,patientID,treatmentGiverID,treatmentID,date) values("40107","93289","83009","24887","2016-02-02T23:19:27.000Z");
insert into Orders(doctorID,patientID,treatmentGiverID,treatmentID,date) values("83074","48966","73024","72405","2015-01-16T04:29:38.000Z");
insert into Orders(doctorID,patientID,treatmentGiverID,treatmentID,date) values("70557","93327","68508","65267","2015-01-26T09:24:29.000Z");
insert into Orders(doctorID,patientID,treatmentGiverID,treatmentID,date) values("74546","10863","42649","44662","2016-12-24T22:13:04.000Z");
insert into Orders(doctorID,patientID,treatmentGiverID,treatmentID,date) values("8089","42572","82144","57995","2016-10-05T06:41:13.000Z");
insert into Orders(doctorID,patientID,treatmentGiverID,treatmentID,date) values("74333","8686","1286","81512","2015-01-04T10:38:23.000Z");
insert into Orders(doctorID,patientID,treatmentGiverID,treatmentID,date) values("2227","42572","51609","51460","2016-01-07T00:20:23.000Z");
insert into Orders(doctorID,patientID,treatmentGiverID,treatmentID,date) values("96933","38431","94125","7021","2016-06-23T00:26:43.000Z");
insert into Orders(doctorID,patientID,treatmentGiverID,treatmentID,date) values("17358","37220","47836","82702","2015-01-04T13:33:51.000Z");
insert into Orders(doctorID,patientID,treatmentGiverID,treatmentID,date) values("72103","26059","30476","72405","2016-12-04T02:20:43.000Z");
insert into Orders(doctorID,patientID,treatmentGiverID,treatmentID,date) values("9886","82580","48506","32787","2015-01-19T22:06:31.000Z");
insert into Orders(doctorID,patientID,treatmentGiverID,treatmentID,date) values("79674","58691","84620","37837","2016-12-14T20:53:00.000Z");
insert into Orders(doctorID,patientID,treatmentGiverID,treatmentID,date) values("2227","58751","30054","57405","2015-01-16T02:58:20.000Z");
insert into Orders(doctorID,patientID,treatmentGiverID,treatmentID,date) values("67237","6000","90318","34205","2015-01-21T22:46:36.000Z");
insert into Orders(doctorID,patientID,treatmentGiverID,treatmentID,date) values("98123","40417","68508","96948","2015-01-17T06:00:58.000Z");
insert into Orders(doctorID,patientID,treatmentGiverID,treatmentID,date) values("89184","93849","30476","32042","2015-01-22T14:46:40.000Z");
insert into Orders(doctorID,patientID,treatmentGiverID,treatmentID,date) values("68839","62365","94125","24171","2016-11-14T03:29:38.000Z");
insert into Orders(doctorID,patientID,treatmentGiverID,treatmentID,date) values("60616","79921","30054","32787","2015-01-13T12:14:41.000Z");
insert into Orders(doctorID,patientID,treatmentGiverID,treatmentID,date) values("9886","24477","83614","56175","2015-01-23T03:38:31.000Z");
insert into Orders(doctorID,patientID,treatmentGiverID,treatmentID,date) values("34380","45230","90318","66584","2015-01-24T18:21:43.000Z");
insert into Orders(doctorID,patientID,treatmentGiverID,treatmentID,date) values("9886","47934","47447","1891","2016-02-12T08:14:45.000Z");
insert into Orders(doctorID,patientID,treatmentGiverID,treatmentID,date) values("48155","92828","42234","84904","2016-10-04T18:58:35.000Z");
insert into Orders(doctorID,patientID,treatmentGiverID,treatmentID,date) values("98123","11257","47447","10539","2014-12-31T13:39:21.000Z");
insert into Orders(doctorID,patientID,treatmentGiverID,treatmentID,date) values("72057","82580","81663","43524","2016-10-10T19:04:06.000Z");
insert into Orders(doctorID,patientID,treatmentGiverID,treatmentID,date) values("13738","67309","48506","6307","2016-01-06T09:35:07.000Z");
insert into Orders(doctorID,patientID,treatmentGiverID,treatmentID,date) values("83074","40505","73691","32891","2016-02-27T22:28:04.000Z");
insert into Orders(doctorID,patientID,treatmentGiverID,treatmentID,date) values("32761","986","56219","66584","2016-12-01T21:40:38.000Z");
insert into Orders(doctorID,patientID,treatmentGiverID,treatmentID,date) values("74546","85723","1286","99545","2015-01-03T19:56:17.000Z");
insert into Orders(doctorID,patientID,treatmentGiverID,treatmentID,date) values("47632","48966","74988","1854","2015-01-20T21:11:29.000Z");
insert into Orders(doctorID,patientID,treatmentGiverID,treatmentID,date) values("70557","85723","30054","96948","2015-01-06T18:17:53.000Z");
insert into Orders(doctorID,patientID,treatmentGiverID,treatmentID,date) values("94575","75917","69907","25005","2016-01-03T04:20:45.000Z");
insert into Orders(doctorID,patientID,treatmentGiverID,treatmentID,date) values("32761","90253","9657","57995","2015-01-23T04:01:31.000Z");
insert into Orders(doctorID,patientID,treatmentGiverID,treatmentID,date) values("68839","24093","94897","37837","2015-01-11T04:15:57.000Z");
insert into Orders(doctorID,patientID,treatmentGiverID,treatmentID,date) values("40107","2028","85530","24887","2016-01-11T17:26:41.000Z");
insert into Orders(doctorID,patientID,treatmentGiverID,treatmentID,date) values("60616","29399","47836","81961","2015-01-14T04:27:19.000Z");
insert into Orders(doctorID,patientID,treatmentGiverID,treatmentID,date) values("31135","97622","93585","12711","2015-01-20T09:08:49.000Z");
insert into Orders(doctorID,patientID,treatmentGiverID,treatmentID,date) values("72057","37220","6190","46730","2015-01-27T03:12:29.000Z");
insert into Orders(doctorID,patientID,treatmentGiverID,treatmentID,date) values("87496","45230","85530","25005","2015-01-04T02:43:04.000Z");
insert into Orders(doctorID,patientID,treatmentGiverID,treatmentID,date) values("72057","58751","73024","57405","2015-01-14T23:25:56.000Z");
insert into Orders(doctorID,patientID,treatmentGiverID,treatmentID,date) values("72450","82580","47447","24171","2015-01-01T03:06:37.000Z");
insert into Orders(doctorID,patientID,treatmentGiverID,treatmentID,date) values("43517","29907","35328","12711","2016-03-11T03:36:32.000Z");
insert into Orders(doctorID,patientID,treatmentGiverID,treatmentID,date) values("50693","57087","1286","81961","2015-01-21T10:53:52.000Z");
insert into Orders(doctorID,patientID,treatmentGiverID,treatmentID,date) values("83534","23393","7375","16585","2015-01-04T03:53:30.000Z");
insert into Orders(doctorID,patientID,treatmentGiverID,treatmentID,date) values("72450","93849","69348","6784","2015-01-02T10:52:52.000Z");
insert into Orders(doctorID,patientID,treatmentGiverID,treatmentID,date) values("98313","6000","77933","66584","2016-03-11T07:50:53.000Z");
insert into Orders(doctorID,patientID,treatmentGiverID,treatmentID,date) values("87496","48966","24160","27205","2015-01-21T21:49:55.000Z");
insert into Orders(doctorID,patientID,treatmentGiverID,treatmentID,date) values("72450","60204","34518","32042","2015-01-18T16:31:16.000Z");
insert into Orders(doctorID,patientID,treatmentGiverID,treatmentID,date) values("89868","95607","84620","62805","2016-07-26T00:35:21.000Z");
insert into Orders(doctorID,patientID,treatmentGiverID,treatmentID,date) values("83074","59378","66399","6526","2015-01-17T03:09:08.000Z");
insert into Orders(doctorID,patientID,treatmentGiverID,treatmentID,date) values("74546","1841","47447","28562","2015-01-22T14:00:51.000Z");
insert into Orders(doctorID,patientID,treatmentGiverID,treatmentID,date) values("80606","26059","35328","36966","2015-01-21T05:58:00.000Z");
insert into Orders(doctorID,patientID,treatmentGiverID,treatmentID,date) values("32761","1841","30054","27593","2015-01-06T05:11:01.000Z");
insert into Orders(doctorID,patientID,treatmentGiverID,treatmentID,date) values("40107","95484","78991","37837","2016-08-20T07:16:48.000Z");
insert into Orders(doctorID,patientID,treatmentGiverID,treatmentID,date) values("43538","77382","11893","44295","2015-01-22T06:48:36.000Z");
insert into Orders(doctorID,patientID,treatmentGiverID,treatmentID,date) values("10435","2028","67791","3442","2016-08-22T12:42:50.000Z");
insert into Orders(doctorID,patientID,treatmentGiverID,treatmentID,date) values("43517","93327","86055","88524","2015-01-17T09:21:34.000Z");
insert into Orders(doctorID,patientID,treatmentGiverID,treatmentID,date) values("60616","6322","83009","27593","2015-01-06T06:01:06.000Z");
insert into Orders(doctorID,patientID,treatmentGiverID,treatmentID,date) values("2227","82580","11893","62805","2016-09-05T11:45:24.000Z");
insert into TreatmentGiver(treatmentGiverID) values("1237");
insert into TreatmentGiver(treatmentGiverID) values("1286");
insert into TreatmentGiver(treatmentGiverID) values("1587");
insert into TreatmentGiver(treatmentGiverID) values("3814");
insert into TreatmentGiver(treatmentGiverID) values("6190");
insert into TreatmentGiver(treatmentGiverID) values("6975");
insert into TreatmentGiver(treatmentGiverID) values("7375");
insert into TreatmentGiver(treatmentGiverID) values("9657");
insert into TreatmentGiver(treatmentGiverID) values("9945");
insert into TreatmentGiver(treatmentGiverID) values("11567");
insert into TreatmentGiver(treatmentGiverID) values("11893");
insert into TreatmentGiver(treatmentGiverID) values("12198");
insert into TreatmentGiver(treatmentGiverID) values("13102");
insert into TreatmentGiver(treatmentGiverID) values("13135");
insert into TreatmentGiver(treatmentGiverID) values("15705");
insert into TreatmentGiver(treatmentGiverID) values("18322");
insert into TreatmentGiver(treatmentGiverID) values("22942");
insert into TreatmentGiver(treatmentGiverID) values("24160");
insert into TreatmentGiver(treatmentGiverID) values("25070");
insert into TreatmentGiver(treatmentGiverID) values("25963");
insert into TreatmentGiver(treatmentGiverID) values("26648");
insert into TreatmentGiver(treatmentGiverID) values("27406");
insert into TreatmentGiver(treatmentGiverID) values("30054");
insert into TreatmentGiver(treatmentGiverID) values("30476");
insert into TreatmentGiver(treatmentGiverID) values("31204");
insert into TreatmentGiver(treatmentGiverID) values("33199");
insert into TreatmentGiver(treatmentGiverID) values("33707");
insert into TreatmentGiver(treatmentGiverID) values("34296");
insert into TreatmentGiver(treatmentGiverID) values("34518");
insert into TreatmentGiver(treatmentGiverID) values("35328");
insert into TreatmentGiver(treatmentGiverID) values("36877");
insert into TreatmentGiver(treatmentGiverID) values("38059");
insert into TreatmentGiver(treatmentGiverID) values("38316");
insert into TreatmentGiver(treatmentGiverID) values("41779");
insert into TreatmentGiver(treatmentGiverID) values("42234");
insert into TreatmentGiver(treatmentGiverID) values("42649");
insert into TreatmentGiver(treatmentGiverID) values("43630");
insert into TreatmentGiver(treatmentGiverID) values("45676");
insert into TreatmentGiver(treatmentGiverID) values("47447");
insert into TreatmentGiver(treatmentGiverID) values("47836");
insert into TreatmentGiver(treatmentGiverID) values("48506");
insert into TreatmentGiver(treatmentGiverID) values("48760");
insert into TreatmentGiver(treatmentGiverID) values("49227");
insert into TreatmentGiver(treatmentGiverID) values("49526");
insert into TreatmentGiver(treatmentGiverID) values("49745");
insert into TreatmentGiver(treatmentGiverID) values("50321");
insert into TreatmentGiver(treatmentGiverID) values("50737");
insert into TreatmentGiver(treatmentGiverID) values("51609");
insert into TreatmentGiver(treatmentGiverID) values("53713");
insert into TreatmentGiver(treatmentGiverID) values("53912");
insert into TreatmentGiver(treatmentGiverID) values("53945");
insert into TreatmentGiver(treatmentGiverID) values("56219");
insert into TreatmentGiver(treatmentGiverID) values("56324");
insert into TreatmentGiver(treatmentGiverID) values("61362");
insert into TreatmentGiver(treatmentGiverID) values("61381");
insert into TreatmentGiver(treatmentGiverID) values("62540");
insert into TreatmentGiver(treatmentGiverID) values("62620");
insert into TreatmentGiver(treatmentGiverID) values("63125");
insert into TreatmentGiver(treatmentGiverID) values("64178");
insert into TreatmentGiver(treatmentGiverID) values("65058");
insert into TreatmentGiver(treatmentGiverID) values("66399");
insert into TreatmentGiver(treatmentGiverID) values("67791");
insert into TreatmentGiver(treatmentGiverID) values("68508");
insert into TreatmentGiver(treatmentGiverID) values("69348");
insert into TreatmentGiver(treatmentGiverID) values("69907");
insert into TreatmentGiver(treatmentGiverID) values("70748");
insert into TreatmentGiver(treatmentGiverID) values("71454");
insert into TreatmentGiver(treatmentGiverID) values("73024");
insert into TreatmentGiver(treatmentGiverID) values("73195");
insert into TreatmentGiver(treatmentGiverID) values("73691");
insert into TreatmentGiver(treatmentGiverID) values("74044");
insert into TreatmentGiver(treatmentGiverID) values("74988");
insert into TreatmentGiver(treatmentGiverID) values("76412");
insert into TreatmentGiver(treatmentGiverID) values("77826");
insert into TreatmentGiver(treatmentGiverID) values("77933");
insert into TreatmentGiver(treatmentGiverID) values("78991");
insert into TreatmentGiver(treatmentGiverID) values("80426");
insert into TreatmentGiver(treatmentGiverID) values("80808");
insert into TreatmentGiver(treatmentGiverID) values("81663");
insert into TreatmentGiver(treatmentGiverID) values("82144");
insert into TreatmentGiver(treatmentGiverID) values("83009");
insert into TreatmentGiver(treatmentGiverID) values("83260");
insert into TreatmentGiver(treatmentGiverID) values("83614");
insert into TreatmentGiver(treatmentGiverID) values("84263");
insert into TreatmentGiver(treatmentGiverID) values("84525");
insert into TreatmentGiver(treatmentGiverID) values("84536");
insert into TreatmentGiver(treatmentGiverID) values("84620");
insert into TreatmentGiver(treatmentGiverID) values("85530");
insert into TreatmentGiver(treatmentGiverID) values("85929");
insert into TreatmentGiver(treatmentGiverID) values("86055");
insert into TreatmentGiver(treatmentGiverID) values("86829");
insert into TreatmentGiver(treatmentGiverID) values("89921");
insert into TreatmentGiver(treatmentGiverID) values("90318");
insert into TreatmentGiver(treatmentGiverID) values("92287");
insert into TreatmentGiver(treatmentGiverID) values("93585");
insert into TreatmentGiver(treatmentGiverID) values("94125");
insert into TreatmentGiver(treatmentGiverID) values("94616");
insert into TreatmentGiver(treatmentGiverID) values("94768");
insert into TreatmentGiver(treatmentGiverID) values("94897");
insert into TreatmentGiver(treatmentGiverID) values("94957");
