insert into Worker(employeeID,firstName,lastName,hireDate,salary) values("97812","Castlereagh","clothier's","2013-10-12T04:29:51.000Z","86906");
insert into Worker(employeeID,firstName,lastName,hireDate,salary) values("1565","oversensitive","tenors","2014-04-02T05:43:31.000Z","72048");
insert into Worker(employeeID,firstName,lastName,hireDate,salary) values("86251","bum","sunless","2013-12-24T05:38:35.000Z","42362");
insert into Worker(employeeID,firstName,lastName,hireDate,salary) values("30999","instills","refusal","2012-01-10T12:23:11.000Z","13674");
insert into Worker(employeeID,firstName,lastName,hireDate,salary) values("95302","ancestry's","obduracy's","2014-06-18T07:32:04.000Z","16008");
insert into Worker(employeeID,firstName,lastName,hireDate,salary) values("91225","alum's","tenors","2012-01-16T12:38:30.000Z","83830");
insert into Worker(employeeID,firstName,lastName,hireDate,salary) values("24120","aperitifs","crusty","2014-11-16T14:50:36.000Z","6297");
insert into Worker(employeeID,firstName,lastName,hireDate,salary) values("77454","retake's","Yucatan","2012-01-19T08:25:40.000Z","59827");
insert into Worker(employeeID,firstName,lastName,hireDate,salary) values("11527","Castlereagh","niter's","2013-01-25T11:10:05.000Z","16260");
insert into Worker(employeeID,firstName,lastName,hireDate,salary) values("62762","accordion","rivalled","2014-02-21T01:52:52.000Z","49973");
insert into Worker(employeeID,firstName,lastName,hireDate,salary) values("45476","brief's","chows","2014-12-03T10:17:44.000Z","72161");
insert into Worker(employeeID,firstName,lastName,hireDate,salary) values("42983","hepatitis","deliberately","2014-03-26T12:27:30.000Z","45165");
insert into Worker(employeeID,firstName,lastName,hireDate,salary) values("88365","bitched","memorialize","2014-02-04T05:57:56.000Z","59796");
insert into Worker(employeeID,firstName,lastName,hireDate,salary) values("71666","solecism","indicate","2013-07-31T05:28:52.000Z","70198");
insert into Worker(employeeID,firstName,lastName,hireDate,salary) values("47860","bum","Gordimer","2012-01-23T15:20:53.000Z","55132");
insert into Worker(employeeID,firstName,lastName,hireDate,salary) values("48934","kitchen's","refusal","2012-01-24T07:53:59.000Z","27718");
insert into Worker(employeeID,firstName,lastName,hireDate,salary) values("61985","clothier's","deliberately","2012-01-16T04:19:09.000Z","20861");
insert into Worker(employeeID,firstName,lastName,hireDate,salary) values("79196","plenitude","oversensitive","2014-11-19T02:08:17.000Z","69442");
insert into Worker(employeeID,firstName,lastName,hireDate,salary) values("77470","Cimabue's","ordaining","2014-03-10T13:13:13.000Z","18699");
insert into Worker(employeeID,firstName,lastName,hireDate,salary) values("60266","retake's","imperfect's","2012-01-10T15:41:09.000Z","87092");
insert into Worker(employeeID,firstName,lastName,hireDate,salary) values("1660","broomsticks","McCartney's","2013-06-26T16:47:17.000Z","54009");
insert into Worker(employeeID,firstName,lastName,hireDate,salary) values("54892","bum","Miaplacidus's","2012-01-15T23:38:36.000Z","31067");
insert into Worker(employeeID,firstName,lastName,hireDate,salary) values("59176","undersea","broncho's","2012-01-24T21:06:14.000Z","57958");
insert into Worker(employeeID,firstName,lastName,hireDate,salary) values("78370","blight","blight","2011-12-31T11:34:27.000Z","17403");
insert into Worker(employeeID,firstName,lastName,hireDate,salary) values("24480","clothier's","accordion","2014-07-19T07:10:37.000Z","29039");
insert into Worker(employeeID,firstName,lastName,hireDate,salary) values("59876","spume","flaring","2014-12-18T10:08:17.000Z","21491");
insert into Worker(employeeID,firstName,lastName,hireDate,salary) values("9510","wholeness's","Yucatan","2013-07-08T09:23:40.000Z","1432");
insert into Worker(employeeID,firstName,lastName,hireDate,salary) values("74505","broomsticks","bum","2012-01-05T04:58:05.000Z","82676");
insert into Worker(employeeID,firstName,lastName,hireDate,salary) values("95120","mousier","irreverence's","2013-01-24T17:21:02.000Z","88437");
insert into Worker(employeeID,firstName,lastName,hireDate,salary) values("5648","correlation's","mousier","2013-02-26T11:19:54.000Z","12593");
insert into Worker(employeeID,firstName,lastName,hireDate,salary) values("74532","response","segmentation's","2014-01-16T16:19:12.000Z","33696");
insert into Worker(employeeID,firstName,lastName,hireDate,salary) values("7525","formulas","Malthus's","2013-11-22T21:16:48.000Z","49670");
insert into Worker(employeeID,firstName,lastName,hireDate,salary) values("80368","miscue's","tenors","2013-11-03T09:25:48.000Z","18040");
insert into Worker(employeeID,firstName,lastName,hireDate,salary) values("18737","decommission","decommission","2014-08-31T17:54:33.000Z","93440");
insert into Worker(employeeID,firstName,lastName,hireDate,salary) values("80806","Conan","broomsticks","2012-01-11T19:12:18.000Z","42061");
insert into Worker(employeeID,firstName,lastName,hireDate,salary) values("49108","deliberately","segmentation's","2013-01-26T04:32:29.000Z","57994");
insert into Worker(employeeID,firstName,lastName,hireDate,salary) values("51925","decommission","demeans","2012-01-01T07:28:30.000Z","97880");
insert into Worker(employeeID,firstName,lastName,hireDate,salary) values("92510","solecism","broncho's","2012-01-27T13:15:11.000Z","44181");
insert into Worker(employeeID,firstName,lastName,hireDate,salary) values("58050","jabs","nimble","2013-12-15T06:04:50.000Z","82537");
insert into Worker(employeeID,firstName,lastName,hireDate,salary) values("46407","Gordimer","howl","2012-01-10T19:37:41.000Z","48024");
insert into Worker(employeeID,firstName,lastName,hireDate,salary) values("55623","cloud's","broncho's","2014-12-23T05:24:49.000Z","91046");
insert into Worker(employeeID,firstName,lastName,hireDate,salary) values("3063","fetid","plenitude","2014-03-21T17:21:16.000Z","53263");
insert into Worker(employeeID,firstName,lastName,hireDate,salary) values("10294","uncleanness","indicate","2013-10-27T08:06:23.000Z","26564");
insert into Worker(employeeID,firstName,lastName,hireDate,salary) values("97034","probability's","wholeness's","2014-07-01T14:37:28.000Z","73419");
insert into Worker(employeeID,firstName,lastName,hireDate,salary) values("96124","miscue's","mellow","2013-12-13T17:33:10.000Z","48686");
insert into Worker(employeeID,firstName,lastName,hireDate,salary) values("3696","chemists","flaring","2012-01-28T04:26:07.000Z","26404");
insert into Worker(employeeID,firstName,lastName,hireDate,salary) values("18546","Castlereagh","instills","2012-01-08T21:35:23.000Z","20331");
insert into Worker(employeeID,firstName,lastName,hireDate,salary) values("13142","uncleanness","Gordimer","2013-09-11T07:24:04.000Z","79468");
insert into Worker(employeeID,firstName,lastName,hireDate,salary) values("22634","chemists","mellow","2013-03-22T05:08:27.000Z","87977");
insert into Worker(employeeID,firstName,lastName,hireDate,salary) values("66868","memorialize","tenors","2014-10-13T01:01:56.000Z","24509");
insert into Worker(employeeID,firstName,lastName,hireDate,salary) values("38845","spirited","clothier's","2014-04-23T22:34:49.000Z","64689");
insert into Worker(employeeID,firstName,lastName,hireDate,salary) values("78072","record","tenors","2014-07-22T16:09:16.000Z","14504");
insert into Worker(employeeID,firstName,lastName,hireDate,salary) values("71484","crusty","starvation's","2014-12-17T08:56:33.000Z","28830");
insert into Worker(employeeID,firstName,lastName,hireDate,salary) values("97474","blight","chows","2012-01-19T01:43:38.000Z","883");
insert into Worker(employeeID,firstName,lastName,hireDate,salary) values("35337","murk","rivalled","2014-03-03T16:27:35.000Z","41868");
insert into Worker(employeeID,firstName,lastName,hireDate,salary) values("52582","Miaplacidus's","memorialize","2012-01-09T15:08:33.000Z","15090");
insert into Worker(employeeID,firstName,lastName,hireDate,salary) values("6690","undersea","obduracy's","2012-01-11T18:23:26.000Z","34272");
insert into Worker(employeeID,firstName,lastName,hireDate,salary) values("43144","ancestry's","demeans","2013-04-22T14:40:37.000Z","36549");
insert into Worker(employeeID,firstName,lastName,hireDate,salary) values("83971","Yucatan","plenitude","2012-01-21T15:45:45.000Z","76934");
insert into Worker(employeeID,firstName,lastName,hireDate,salary) values("97855","spume","obduracy's","2013-04-26T22:44:08.000Z","49566");
insert into Worker(employeeID,firstName,lastName,hireDate,salary) values("76506","mousier","mousier","2014-03-01T04:56:37.000Z","45444");
insert into Worker(employeeID,firstName,lastName,hireDate,salary) values("86387","obduracy's","rivalled","2014-02-22T11:55:50.000Z","36153");
insert into Worker(employeeID,firstName,lastName,hireDate,salary) values("13771","bean","bisectors","2012-01-22T20:49:17.000Z","15152");
insert into Worker(employeeID,firstName,lastName,hireDate,salary) values("96649","pummeling","tiny","2014-09-11T22:58:10.000Z","63481");
insert into Worker(employeeID,firstName,lastName,hireDate,salary) values("39031","Castlereagh","urethras","2013-02-24T20:19:46.000Z","51089");
insert into Worker(employeeID,firstName,lastName,hireDate,salary) values("80388","jackdaws","avidity","2014-12-23T10:28:56.000Z","2818");
insert into Worker(employeeID,firstName,lastName,hireDate,salary) values("32807","blight","kitchen's","2013-08-22T08:19:19.000Z","57127");
insert into Worker(employeeID,firstName,lastName,hireDate,salary) values("41674","amnesiac","urethras","2012-01-27T12:42:02.000Z","10353");
insert into Worker(employeeID,firstName,lastName,hireDate,salary) values("56355","spume","Kemp","2014-05-24T16:19:40.000Z","3354");
insert into Worker(employeeID,firstName,lastName,hireDate,salary) values("892","dispositions","sunless","2014-05-13T05:53:17.000Z","63562");
insert into Worker(employeeID,firstName,lastName,hireDate,salary) values("80820","Kemp","Karin","2012-01-16T02:56:16.000Z","79212");
insert into Worker(employeeID,firstName,lastName,hireDate,salary) values("13713","flaring","obduracy's","2014-07-25T17:33:12.000Z","33302");
insert into Worker(employeeID,firstName,lastName,hireDate,salary) values("37217","accordion","Yucatan","2012-01-05T15:07:41.000Z","94332");
insert into Worker(employeeID,firstName,lastName,hireDate,salary) values("27488","segmentation's","pummeling","2014-06-25T09:35:17.000Z","9062");
insert into Worker(employeeID,firstName,lastName,hireDate,salary) values("9710","indicate","dissected","2012-01-03T15:21:24.000Z","65006");
insert into Worker(employeeID,firstName,lastName,hireDate,salary) values("91686","record","bisectors","2012-01-07T14:52:06.000Z","61132");
insert into Worker(employeeID,firstName,lastName,hireDate,salary) values("23172","urchins","bitched","2013-08-26T05:22:24.000Z","55943");
insert into Worker(employeeID,firstName,lastName,hireDate,salary) values("53621","oversensitive","correlation's","2013-02-13T04:06:52.000Z","84083");
insert into Worker(employeeID,firstName,lastName,hireDate,salary) values("31599","Tuscon","Tuscon","2012-01-08T08:33:29.000Z","60651");
insert into Worker(employeeID,firstName,lastName,hireDate,salary) values("38287","formulas","uncleanness","2014-12-12T03:27:22.000Z","43878");
insert into Worker(employeeID,firstName,lastName,hireDate,salary) values("91224","dispositions","bisectors","2012-01-05T18:36:28.000Z","9538");
insert into Worker(employeeID,firstName,lastName,hireDate,salary) values("92067","ordaining","obduracy's","2014-05-21T11:00:28.000Z","71438");
insert into Worker(employeeID,firstName,lastName,hireDate,salary) values("76553","uncleanness","ordaining","2014-03-19T14:51:56.000Z","89539");
insert into Worker(employeeID,firstName,lastName,hireDate,salary) values("41599","retake's","record","2012-01-07T00:08:59.000Z","40338");
insert into Worker(employeeID,firstName,lastName,hireDate,salary) values("7587","Gordimer","chemists","2013-10-21T05:01:49.000Z","46956");
insert into Worker(employeeID,firstName,lastName,hireDate,salary) values("87057","tenors","mellow","2014-07-27T00:17:16.000Z","48840");
insert into Worker(employeeID,firstName,lastName,hireDate,salary) values("13725","spirited","Karin","2013-01-18T10:11:17.000Z","65065");
insert into Worker(employeeID,firstName,lastName,hireDate,salary) values("70396","pureeing","retake's","2012-01-27T17:21:56.000Z","16660");
insert into Worker(employeeID,firstName,lastName,hireDate,salary) values("52985","kitchen's","jabs","2012-01-20T07:36:43.000Z","58097");
insert into Worker(employeeID,firstName,lastName,hireDate,salary) values("95448","retake's","edifice's","2013-05-03T17:29:50.000Z","94587");
insert into Worker(employeeID,firstName,lastName,hireDate,salary) values("55411","Miaplacidus's","hepatitis","2011-12-31T11:53:38.000Z","82797");
insert into Worker(employeeID,firstName,lastName,hireDate,salary) values("83990","spirited","hepatitis","2012-01-12T16:33:25.000Z","15245");
insert into Worker(employeeID,firstName,lastName,hireDate,salary) values("46164","avidity","Mr","2014-01-07T10:22:30.000Z","40487");
insert into Worker(employeeID,firstName,lastName,hireDate,salary) values("34165","Sloan","urchins","2012-01-18T07:01:44.000Z","12930");
insert into Worker(employeeID,firstName,lastName,hireDate,salary) values("7393","fetid","miscue's","2013-07-09T11:03:57.000Z","63378");
insert into Worker(employeeID,firstName,lastName,hireDate,salary) values("92745","pureeing","demeans","2013-01-07T20:11:25.000Z","83405");
insert into Worker(employeeID,firstName,lastName,hireDate,salary) values("53612","joviality","nimble","2014-02-14T21:58:50.000Z","94012");
insert into Worker(employeeID,firstName,lastName,hireDate,salary) values("89074","Cimabue's","undersea","2012-01-04T18:20:29.000Z","76962");
insert into Worker(employeeID,firstName,lastName,hireDate,salary) values("2439","broncho's","Yucatan","2013-11-02T08:24:38.000Z","82561");
insert into Worker(employeeID,firstName,lastName,hireDate,salary) values("44836","segmentation's","pureeing","2014-01-09T03:52:51.000Z","70413");
insert into Volunteer(employeeID) values("2439");
insert into Volunteer(employeeID) values("3063");
insert into Volunteer(employeeID) values("3696");
insert into Volunteer(employeeID) values("6690");
insert into Volunteer(employeeID) values("7587");
insert into Volunteer(employeeID) values("9710");
insert into Volunteer(employeeID) values("10294");
insert into Volunteer(employeeID) values("13142");
insert into Volunteer(employeeID) values("13725");
insert into Volunteer(employeeID) values("18546");
insert into Volunteer(employeeID) values("24480");
insert into Volunteer(employeeID) values("27488");
insert into Volunteer(employeeID) values("30999");
insert into Volunteer(employeeID) values("31599");
insert into Volunteer(employeeID) values("32807");
insert into Volunteer(employeeID) values("37217");
insert into Volunteer(employeeID) values("38287");
insert into Volunteer(employeeID) values("38845");
insert into Volunteer(employeeID) values("41599");
insert into Volunteer(employeeID) values("42983");
insert into Volunteer(employeeID) values("43144");
insert into Volunteer(employeeID) values("44836");
insert into Volunteer(employeeID) values("45476");
insert into Volunteer(employeeID) values("46164");
insert into Volunteer(employeeID) values("47860");
insert into Volunteer(employeeID) values("49108");
insert into Volunteer(employeeID) values("51925");
insert into Volunteer(employeeID) values("55411");
insert into Volunteer(employeeID) values("56355");
insert into Volunteer(employeeID) values("59176");
insert into Volunteer(employeeID) values("59876");
insert into Volunteer(employeeID) values("60266");
insert into Volunteer(employeeID) values("61985");
insert into Volunteer(employeeID) values("62762");
insert into Volunteer(employeeID) values("66868");
insert into Volunteer(employeeID) values("70396");
insert into Volunteer(employeeID) values("71484");
insert into Volunteer(employeeID) values("74532");
insert into Volunteer(employeeID) values("76506");
insert into Volunteer(employeeID) values("76553");
insert into Volunteer(employeeID) values("77470");
insert into Volunteer(employeeID) values("78072");
insert into Volunteer(employeeID) values("78370");
insert into Volunteer(employeeID) values("79196");
insert into Volunteer(employeeID) values("80368");
insert into Volunteer(employeeID) values("83971");
insert into Volunteer(employeeID) values("86251");
insert into Volunteer(employeeID) values("86387");
insert into Volunteer(employeeID) values("88365");
insert into Volunteer(employeeID) values("89074");
insert into Volunteer(employeeID) values("91224");
insert into Volunteer(employeeID) values("91686");
insert into Volunteer(employeeID) values("92067");
insert into Volunteer(employeeID) values("92510");
insert into Volunteer(employeeID) values("92745");
insert into Volunteer(employeeID) values("95302");
insert into Volunteer(employeeID) values("95448");
insert into Volunteer(employeeID) values("96124");
insert into Volunteer(employeeID) values("96649");
insert into Volunteer(employeeID) values("97034");
insert into Volunteer(employeeID) values("97812");
insert into Volunteer(employeeID) values("97855");
insert into TreatmentGiver(treatmentGiverID) values("246");
insert into TreatmentGiver(treatmentGiverID) values("623");
insert into TreatmentGiver(treatmentGiverID) values("4167");
insert into TreatmentGiver(treatmentGiverID) values("5112");
insert into TreatmentGiver(treatmentGiverID) values("5598");
insert into TreatmentGiver(treatmentGiverID) values("6076");
insert into TreatmentGiver(treatmentGiverID) values("7426");
insert into TreatmentGiver(treatmentGiverID) values("7721");
insert into TreatmentGiver(treatmentGiverID) values("9207");
insert into TreatmentGiver(treatmentGiverID) values("11804");
insert into TreatmentGiver(treatmentGiverID) values("12460");
insert into TreatmentGiver(treatmentGiverID) values("12503");
insert into TreatmentGiver(treatmentGiverID) values("13696");
insert into TreatmentGiver(treatmentGiverID) values("16839");
insert into TreatmentGiver(treatmentGiverID) values("16980");
insert into TreatmentGiver(treatmentGiverID) values("17006");
insert into TreatmentGiver(treatmentGiverID) values("18520");
insert into TreatmentGiver(treatmentGiverID) values("23002");
insert into TreatmentGiver(treatmentGiverID) values("24160");
insert into TreatmentGiver(treatmentGiverID) values("26612");
insert into TreatmentGiver(treatmentGiverID) values("27307");
insert into TreatmentGiver(treatmentGiverID) values("27444");
insert into TreatmentGiver(treatmentGiverID) values("27999");
insert into TreatmentGiver(treatmentGiverID) values("28289");
insert into TreatmentGiver(treatmentGiverID) values("28410");
insert into TreatmentGiver(treatmentGiverID) values("29330");
insert into TreatmentGiver(treatmentGiverID) values("29948");
insert into TreatmentGiver(treatmentGiverID) values("30143");
insert into TreatmentGiver(treatmentGiverID) values("30373");
insert into TreatmentGiver(treatmentGiverID) values("30498");
insert into TreatmentGiver(treatmentGiverID) values("30594");
insert into TreatmentGiver(treatmentGiverID) values("31320");
insert into TreatmentGiver(treatmentGiverID) values("31353");
insert into TreatmentGiver(treatmentGiverID) values("33220");
insert into TreatmentGiver(treatmentGiverID) values("33461");
insert into TreatmentGiver(treatmentGiverID) values("33779");
insert into TreatmentGiver(treatmentGiverID) values("37479");
insert into TreatmentGiver(treatmentGiverID) values("38398");
insert into TreatmentGiver(treatmentGiverID) values("39265");
insert into TreatmentGiver(treatmentGiverID) values("39923");
insert into TreatmentGiver(treatmentGiverID) values("41141");
insert into TreatmentGiver(treatmentGiverID) values("41767");
insert into TreatmentGiver(treatmentGiverID) values("42861");
insert into TreatmentGiver(treatmentGiverID) values("43134");
insert into TreatmentGiver(treatmentGiverID) values("44505");
insert into TreatmentGiver(treatmentGiverID) values("44840");
insert into TreatmentGiver(treatmentGiverID) values("45099");
insert into TreatmentGiver(treatmentGiverID) values("45416");
insert into TreatmentGiver(treatmentGiverID) values("47159");
insert into TreatmentGiver(treatmentGiverID) values("49173");
insert into TreatmentGiver(treatmentGiverID) values("49423");
insert into TreatmentGiver(treatmentGiverID) values("49923");
insert into TreatmentGiver(treatmentGiverID) values("51273");
insert into TreatmentGiver(treatmentGiverID) values("52834");
insert into TreatmentGiver(treatmentGiverID) values("52993");
insert into TreatmentGiver(treatmentGiverID) values("53024");
insert into TreatmentGiver(treatmentGiverID) values("53306");
insert into TreatmentGiver(treatmentGiverID) values("53725");
insert into TreatmentGiver(treatmentGiverID) values("54347");
insert into TreatmentGiver(treatmentGiverID) values("55422");
insert into TreatmentGiver(treatmentGiverID) values("55440");
insert into TreatmentGiver(treatmentGiverID) values("55629");
insert into TreatmentGiver(treatmentGiverID) values("56489");
insert into TreatmentGiver(treatmentGiverID) values("56892");
insert into TreatmentGiver(treatmentGiverID) values("57754");
insert into TreatmentGiver(treatmentGiverID) values("58566");
insert into TreatmentGiver(treatmentGiverID) values("58577");
insert into TreatmentGiver(treatmentGiverID) values("59975");
insert into TreatmentGiver(treatmentGiverID) values("60908");
insert into TreatmentGiver(treatmentGiverID) values("62715");
insert into TreatmentGiver(treatmentGiverID) values("62788");
insert into TreatmentGiver(treatmentGiverID) values("64004");
insert into TreatmentGiver(treatmentGiverID) values("65255");
insert into TreatmentGiver(treatmentGiverID) values("67468");
insert into TreatmentGiver(treatmentGiverID) values("67791");
insert into TreatmentGiver(treatmentGiverID) values("67874");
insert into TreatmentGiver(treatmentGiverID) values("72793");
insert into TreatmentGiver(treatmentGiverID) values("73808");
insert into TreatmentGiver(treatmentGiverID) values("75513");
insert into TreatmentGiver(treatmentGiverID) values("75634");
insert into TreatmentGiver(treatmentGiverID) values("79244");
insert into TreatmentGiver(treatmentGiverID) values("80134");
insert into TreatmentGiver(treatmentGiverID) values("81047");
insert into TreatmentGiver(treatmentGiverID) values("81168");
insert into TreatmentGiver(treatmentGiverID) values("86624");
insert into TreatmentGiver(treatmentGiverID) values("87979");
insert into TreatmentGiver(treatmentGiverID) values("88377");
insert into TreatmentGiver(treatmentGiverID) values("88701");
insert into TreatmentGiver(treatmentGiverID) values("90021");
insert into TreatmentGiver(treatmentGiverID) values("91354");
insert into TreatmentGiver(treatmentGiverID) values("93653");
insert into TreatmentGiver(treatmentGiverID) values("94075");
insert into TreatmentGiver(treatmentGiverID) values("94170");
insert into TreatmentGiver(treatmentGiverID) values("95168");
insert into TreatmentGiver(treatmentGiverID) values("95986");
insert into TreatmentGiver(treatmentGiverID) values("96700");
insert into TreatmentGiver(treatmentGiverID) values("97167");
insert into TreatmentGiver(treatmentGiverID) values("98040");
insert into TreatmentGiver(treatmentGiverID) values("98639");
insert into TreatmentGiver(treatmentGiverID) values("98776");
insert into Treatment(treatmentID,name,isMedication) values("4562","wholeness's","0");
insert into Treatment(treatmentID,name,isMedication) values("6430","probability's","0");
insert into Treatment(treatmentID,name,isMedication) values("7017","inscribes","0");
insert into Treatment(treatmentID,name,isMedication) values("10471","chows","1");
insert into Treatment(treatmentID,name,isMedication) values("12089","Malthus's","0");
insert into Treatment(treatmentID,name,isMedication) values("12218","seaman","0");
insert into Treatment(treatmentID,name,isMedication) values("12921","blight","1");
insert into Treatment(treatmentID,name,isMedication) values("16925","kitchen's","1");
insert into Treatment(treatmentID,name,isMedication) values("16965","uncleanness","1");
insert into Treatment(treatmentID,name,isMedication) values("18467","mousier","0");
insert into Treatment(treatmentID,name,isMedication) values("18566","jackdaws","1");
insert into Treatment(treatmentID,name,isMedication) values("19325","pummeling","0");
insert into Treatment(treatmentID,name,isMedication) values("19451","oversensitive","0");
insert into Treatment(treatmentID,name,isMedication) values("21212","obdurately","0");
insert into Treatment(treatmentID,name,isMedication) values("21476","avidity","1");
insert into Treatment(treatmentID,name,isMedication) values("22695","cloud's","1");
insert into Treatment(treatmentID,name,isMedication) values("23635","deliberately","1");
insert into Treatment(treatmentID,name,isMedication) values("25028","sunless","0");
insert into Treatment(treatmentID,name,isMedication) values("26518","refusal","0");
insert into Treatment(treatmentID,name,isMedication) values("27204","amnesiac","1");
insert into Treatment(treatmentID,name,isMedication) values("28039","oversensitive","0");
insert into Treatment(treatmentID,name,isMedication) values("28106","probability's","0");
insert into Treatment(treatmentID,name,isMedication) values("28479","blunts","0");
insert into Treatment(treatmentID,name,isMedication) values("29827","observed","0");
insert into Treatment(treatmentID,name,isMedication) values("29930","pureeing","1");
insert into Treatment(treatmentID,name,isMedication) values("30221","joviality","1");
insert into Treatment(treatmentID,name,isMedication) values("30243","edifice's","1");
insert into Treatment(treatmentID,name,isMedication) values("30535","niter's","1");
insert into Treatment(treatmentID,name,isMedication) values("30992","Castlereagh","1");
insert into Treatment(treatmentID,name,isMedication) values("32448","tiny","0");
insert into Treatment(treatmentID,name,isMedication) values("33509","niter's","0");
insert into Treatment(treatmentID,name,isMedication) values("33579","edifice's","0");
insert into Treatment(treatmentID,name,isMedication) values("34989","urchins","1");
insert into Treatment(treatmentID,name,isMedication) values("35250","nimble","0");
insert into Treatment(treatmentID,name,isMedication) values("35402","Tuscon","1");
insert into Treatment(treatmentID,name,isMedication) values("35520","uncleanness","1");
insert into Treatment(treatmentID,name,isMedication) values("37977","refusal","1");
insert into Treatment(treatmentID,name,isMedication) values("38138","Karin","0");
insert into Treatment(treatmentID,name,isMedication) values("38335","bushwhackers","0");
insert into Treatment(treatmentID,name,isMedication) values("39108","response","0");
insert into Treatment(treatmentID,name,isMedication) values("40806","solecism","1");
insert into Treatment(treatmentID,name,isMedication) values("42506","spume","0");
insert into Treatment(treatmentID,name,isMedication) values("43096","accordion","1");
insert into Treatment(treatmentID,name,isMedication) values("44212","Katmai","0");
insert into Treatment(treatmentID,name,isMedication) values("44614","blunts","0");
insert into Treatment(treatmentID,name,isMedication) values("45086","uncleanness","0");
insert into Treatment(treatmentID,name,isMedication) values("46054","response","0");
insert into Treatment(treatmentID,name,isMedication) values("47341","imperfect's","1");
insert into Treatment(treatmentID,name,isMedication) values("48783","brief's","1");
insert into Treatment(treatmentID,name,isMedication) values("50077","Karin","0");
insert into Treatment(treatmentID,name,isMedication) values("50864","Yucatan","1");
insert into Treatment(treatmentID,name,isMedication) values("52921","pureeing","1");
insert into Treatment(treatmentID,name,isMedication) values("54415","avidity","0");
insert into Treatment(treatmentID,name,isMedication) values("55649","blight","1");
insert into Treatment(treatmentID,name,isMedication) values("55904","Malthus's","0");
insert into Treatment(treatmentID,name,isMedication) values("58760","blunts","1");
insert into Treatment(treatmentID,name,isMedication) values("60846","hepatitis","0");
insert into Treatment(treatmentID,name,isMedication) values("61615","imperfect's","1");
insert into Treatment(treatmentID,name,isMedication) values("63464","demeans","1");
insert into Treatment(treatmentID,name,isMedication) values("64609","sunless","0");
insert into Treatment(treatmentID,name,isMedication) values("66445","bum","1");
insert into Treatment(treatmentID,name,isMedication) values("67794","flaring","0");
insert into Treatment(treatmentID,name,isMedication) values("69754","fetid","1");
insert into Treatment(treatmentID,name,isMedication) values("69872","Tuscon","0");
insert into Treatment(treatmentID,name,isMedication) values("70127","mellow","0");
insert into Treatment(treatmentID,name,isMedication) values("70847","Kemp","1");
insert into Treatment(treatmentID,name,isMedication) values("72157","rivalled","0");
insert into Treatment(treatmentID,name,isMedication) values("72178","aperitifs","0");
insert into Treatment(treatmentID,name,isMedication) values("72782","chemists","1");
insert into Treatment(treatmentID,name,isMedication) values("73396","ancestry's","0");
insert into Treatment(treatmentID,name,isMedication) values("74389","dissected","0");
insert into Treatment(treatmentID,name,isMedication) values("74437","starvation's","0");
insert into Treatment(treatmentID,name,isMedication) values("75337","bisectors","0");
insert into Treatment(treatmentID,name,isMedication) values("76639","niter's","1");
insert into Treatment(treatmentID,name,isMedication) values("77130","amnesiac","0");
insert into Treatment(treatmentID,name,isMedication) values("77408","oversensitive","0");
insert into Treatment(treatmentID,name,isMedication) values("78030","joviality","0");
insert into Treatment(treatmentID,name,isMedication) values("78084","Gordimer","0");
insert into Treatment(treatmentID,name,isMedication) values("78472","chows","0");
insert into Treatment(treatmentID,name,isMedication) values("80381","retake's","1");
insert into Treatment(treatmentID,name,isMedication) values("80847","spume","0");
insert into Treatment(treatmentID,name,isMedication) values("81759","urchins","1");
insert into Treatment(treatmentID,name,isMedication) values("81851","uncleanness","0");
insert into Treatment(treatmentID,name,isMedication) values("82277","Kemp","0");
insert into Treatment(treatmentID,name,isMedication) values("82493","pureeing","1");
insert into Treatment(treatmentID,name,isMedication) values("83103","alum's","0");
insert into Treatment(treatmentID,name,isMedication) values("85757","tenors","1");
insert into Treatment(treatmentID,name,isMedication) values("86205","cloverleaf's","1");
insert into Treatment(treatmentID,name,isMedication) values("86258","mellow","1");
insert into Treatment(treatmentID,name,isMedication) values("87565","imperfect's","1");
insert into Treatment(treatmentID,name,isMedication) values("89570","jackdaws","0");
insert into Treatment(treatmentID,name,isMedication) values("93181","memorialize","0");
insert into Treatment(treatmentID,name,isMedication) values("93534","correlation's","1");
insert into Treatment(treatmentID,name,isMedication) values("93667","Malthus's","0");
insert into Treatment(treatmentID,name,isMedication) values("94325","howl","0");
insert into Treatment(treatmentID,name,isMedication) values("95339","demeans","0");
insert into Treatment(treatmentID,name,isMedication) values("95814","decommission","1");
insert into Treatment(treatmentID,name,isMedication) values("95829","chows","0");
insert into Treatment(treatmentID,name,isMedication) values("98721","aperitifs","1");
insert into Treatment(treatmentID,name,isMedication) values("99734","bushwhackers","1");
insert into Technician(employeeID,treatmentGiverID) values("62762","623");
insert into Technician(employeeID,treatmentGiverID) values("76506","4167");
insert into Technician(employeeID,treatmentGiverID) values("80388","6076");
insert into Technician(employeeID,treatmentGiverID) values("52985","7721");
insert into Technician(employeeID,treatmentGiverID) values("35337","9207");
insert into Technician(employeeID,treatmentGiverID) values("58050","11804");
insert into Technician(employeeID,treatmentGiverID) values("3696","12460");
insert into Technician(employeeID,treatmentGiverID) values("31599","12503");
insert into Technician(employeeID,treatmentGiverID) values("77454","13696");
insert into Technician(employeeID,treatmentGiverID) values("3063","16980");
insert into Technician(employeeID,treatmentGiverID) values("45476","18520");
insert into Technician(employeeID,treatmentGiverID) values("83990","23002");
insert into Technician(employeeID,treatmentGiverID) values("97474","24160");
insert into Technician(employeeID,treatmentGiverID) values("92067","27307");
insert into Technician(employeeID,treatmentGiverID) values("91224","27444");
insert into Technician(employeeID,treatmentGiverID) values("87057","27999");
insert into Technician(employeeID,treatmentGiverID) values("18737","28289");
insert into Technician(employeeID,treatmentGiverID) values("55411","28410");
insert into Technician(employeeID,treatmentGiverID) values("88365","30373");
insert into Technician(employeeID,treatmentGiverID) values("9510","30498");
insert into Technician(employeeID,treatmentGiverID) values("76553","30594");
insert into Technician(employeeID,treatmentGiverID) values("18546","31353");
insert into Technician(employeeID,treatmentGiverID) values("44836","33461");
insert into Technician(employeeID,treatmentGiverID) values("80806","37479");
insert into Technician(employeeID,treatmentGiverID) values("51925","39265");
insert into Technician(employeeID,treatmentGiverID) values("95120","39923");
insert into Technician(employeeID,treatmentGiverID) values("7587","41141");
insert into Technician(employeeID,treatmentGiverID) values("22634","41767");
insert into Technician(employeeID,treatmentGiverID) values("97034","42861");
insert into Technician(employeeID,treatmentGiverID) values("27488","43134");
insert into Technician(employeeID,treatmentGiverID) values("91686","45099");
insert into Technician(employeeID,treatmentGiverID) values("24480","45416");
insert into Technician(employeeID,treatmentGiverID) values("95302","47159");
insert into Technician(employeeID,treatmentGiverID) values("70396","49173");
insert into Technician(employeeID,treatmentGiverID) values("13771","49423");
insert into Technician(employeeID,treatmentGiverID) values("49108","49923");
insert into Technician(employeeID,treatmentGiverID) values("6690","51273");
insert into Technician(employeeID,treatmentGiverID) values("96124","53024");
insert into Technician(employeeID,treatmentGiverID) values("46164","53306");
insert into Technician(employeeID,treatmentGiverID) values("97855","53725");
insert into Technician(employeeID,treatmentGiverID) values("95448","54347");
insert into Technician(employeeID,treatmentGiverID) values("79196","55440");
insert into Technician(employeeID,treatmentGiverID) values("86251","55629");
insert into Technician(employeeID,treatmentGiverID) values("80368","56892");
insert into Technician(employeeID,treatmentGiverID) values("97812","57754");
insert into Technician(employeeID,treatmentGiverID) values("43144","58577");
insert into Technician(employeeID,treatmentGiverID) values("89074","59975");
insert into Technician(employeeID,treatmentGiverID) values("37217","62715");
insert into Technician(employeeID,treatmentGiverID) values("13725","64004");
insert into Technician(employeeID,treatmentGiverID) values("41599","65255");
insert into Technician(employeeID,treatmentGiverID) values("92745","67791");
insert into Technician(employeeID,treatmentGiverID) values("7525","67874");
insert into Technician(employeeID,treatmentGiverID) values("38845","73808");
insert into Technician(employeeID,treatmentGiverID) values("91225","75634");
insert into Technician(employeeID,treatmentGiverID) values("86387","79244");
insert into Technician(employeeID,treatmentGiverID) values("77470","81047");
insert into Technician(employeeID,treatmentGiverID) values("74505","81168");
insert into Technician(employeeID,treatmentGiverID) values("11527","87979");
insert into Technician(employeeID,treatmentGiverID) values("53612","90021");
insert into Technician(employeeID,treatmentGiverID) values("80820","95168");
insert into Technician(employeeID,treatmentGiverID) values("78370","97167");
insert into Technician(employeeID,treatmentGiverID) values("78072","98776");
insert into Staff(employeeID) values("892");
insert into Staff(employeeID) values("1565");
insert into Staff(employeeID) values("1660");
insert into Staff(employeeID) values("2439");
insert into Staff(employeeID) values("3063");
insert into Staff(employeeID) values("3696");
insert into Staff(employeeID) values("5648");
insert into Staff(employeeID) values("6690");
insert into Staff(employeeID) values("7393");
insert into Staff(employeeID) values("7525");
insert into Staff(employeeID) values("10294");
insert into Staff(employeeID) values("11527");
insert into Staff(employeeID) values("13142");
insert into Staff(employeeID) values("13713");
insert into Staff(employeeID) values("13771");
insert into Staff(employeeID) values("18546");
insert into Staff(employeeID) values("18737");
insert into Staff(employeeID) values("23172");
insert into Staff(employeeID) values("24120");
insert into Staff(employeeID) values("24480");
insert into Staff(employeeID) values("27488");
insert into Staff(employeeID) values("30999");
insert into Staff(employeeID) values("31599");
insert into Staff(employeeID) values("32807");
insert into Staff(employeeID) values("35337");
insert into Staff(employeeID) values("37217");
insert into Staff(employeeID) values("38287");
insert into Staff(employeeID) values("38845");
insert into Staff(employeeID) values("39031");
insert into Staff(employeeID) values("41599");
insert into Staff(employeeID) values("41674");
insert into Staff(employeeID) values("42983");
insert into Staff(employeeID) values("43144");
insert into Staff(employeeID) values("44836");
insert into Staff(employeeID) values("45476");
insert into Staff(employeeID) values("46164");
insert into Staff(employeeID) values("47860");
insert into Staff(employeeID) values("48934");
insert into Staff(employeeID) values("49108");
insert into Staff(employeeID) values("51925");
insert into Staff(employeeID) values("52582");
insert into Staff(employeeID) values("53612");
insert into Staff(employeeID) values("54892");
insert into Staff(employeeID) values("55411");
insert into Staff(employeeID) values("55623");
insert into Staff(employeeID) values("56355");
insert into Staff(employeeID) values("58050");
insert into Staff(employeeID) values("59876");
insert into Staff(employeeID) values("60266");
insert into Staff(employeeID) values("61985");
insert into Staff(employeeID) values("62762");
insert into Staff(employeeID) values("70396");
insert into Staff(employeeID) values("71484");
insert into Staff(employeeID) values("76506");
insert into Staff(employeeID) values("76553");
insert into Staff(employeeID) values("77454");
insert into Staff(employeeID) values("77470");
insert into Staff(employeeID) values("78072");
insert into Staff(employeeID) values("78370");
insert into Staff(employeeID) values("79196");
insert into Staff(employeeID) values("80388");
insert into Staff(employeeID) values("80806");
insert into Staff(employeeID) values("80820");
insert into Staff(employeeID) values("83971");
insert into Staff(employeeID) values("83990");
insert into Staff(employeeID) values("86251");
insert into Staff(employeeID) values("86387");
insert into Staff(employeeID) values("87057");
insert into Staff(employeeID) values("88365");
insert into Staff(employeeID) values("89074");
insert into Staff(employeeID) values("91224");
insert into Staff(employeeID) values("91686");
insert into Staff(employeeID) values("92067");
insert into Staff(employeeID) values("92510");
insert into Staff(employeeID) values("92745");
insert into Staff(employeeID) values("95120");
insert into Staff(employeeID) values("95302");
insert into Staff(employeeID) values("95448");
insert into Staff(employeeID) values("96649");
insert into Staff(employeeID) values("97034");
insert into Staff(employeeID) values("97474");
insert into Staff(employeeID) values("97812");
insert into Staff(employeeID) values("97855");
insert into Room(roomNumber,employeeID,roomDescription) values("101","2439","Cafeteria");
insert into Room(roomNumber,employeeID,roomDescription) values("102","95302","Info Desk");
insert into Room(roomNumber,employeeID,roomDescription) values("103","80368","Janitor Closet");
insert into Room(roomNumber,employeeID,roomDescription) values("104","41599","Gift Shop");
insert into Room(roomNumber,employeeID,roomDescription) values("105","46164","Reading Cart");
insert into Room(roomNumber,employeeID,roomDescription) values("106","27488","Gift Shop");
insert into Room(roomNumber,employeeID,roomDescription) values("107","23172","Cafeteria");
insert into Room(roomNumber,employeeID,roomDescription) values("108","39031","Janitor Closet");
insert into Room(roomNumber,employeeID,roomDescription) values("109","59876","Snack Cart");
insert into Room(roomNumber,employeeID,roomDescription) values("110","62762","Info Desk");
insert into Room(roomNumber,employeeID,roomDescription) values("111","42983","Gift Shop");
insert into Room(roomNumber,employeeID,roomDescription) values("112","80820","Info Desk");
insert into Room(roomNumber,employeeID,roomDescription) values("113","7587","Info Desk");
insert into Room(roomNumber,employeeID,roomDescription) values("114","1565","Snack Cart");
insert into Room(roomNumber,employeeID,roomDescription) values("115","95120","Reading Cart");
insert into Room(roomNumber,employeeID,roomDescription) values("116","37217","Janitor Closet");
insert into Room(roomNumber,employeeID,roomDescription) values("117","86251","Snack Cart");
insert into Room(roomNumber,employeeID,roomDescription) values("118","54892","Reading Cart");
insert into Room(roomNumber,employeeID,roomDescription) values("119","23172","Cafeteria");
insert into Room(roomNumber,employeeID,roomDescription) values("120","80806","Cafeteria");
insert into Room(roomNumber,employeeID,roomDescription) values("121","32807","Info Desk");
insert into Room(roomNumber,employeeID,roomDescription) values("122","76553","Snack Cart");
insert into Room(roomNumber,employeeID,roomDescription) values("123","92745","Cafeteria");
insert into Room(roomNumber,employeeID,roomDescription) values("124","96649","Gift Shop");
insert into Room(roomNumber,employeeID,roomDescription) values("125","9510","Gift Shop");
insert into Room(roomNumber,employeeID,roomDescription) values("126","892","Cafeteria");
insert into Room(roomNumber,employeeID,roomDescription) values("127","59176","Snack Cart");
insert into Room(roomNumber,employeeID,roomDescription) values("128","9710","Gift Shop");
insert into Room(roomNumber,employeeID,roomDescription) values("129","5648","Snack Cart");
insert into Room(roomNumber,employeeID,roomDescription) values("130","5648","Cafeteria");
insert into Room(roomNumber,employeeID,roomDescription) values("131","35337","Snack Cart");
insert into Room(roomNumber,employeeID,roomDescription) values("132","92745","Snack Cart");
insert into Room(roomNumber,employeeID,roomDescription) values("133","78370","Gift Shop");
insert into Room(roomNumber,employeeID,roomDescription) values("134","95120","Snack Cart");
insert into Room(roomNumber,employeeID,roomDescription) values("135","892","Info Desk");
insert into Room(roomNumber,employeeID,roomDescription) values("136","79196","Info Desk");
insert into Room(roomNumber,employeeID,roomDescription) values("137","91686","Janitor Closet");
insert into Room(roomNumber,employeeID,roomDescription) values("138","7587","Gift Shop");
insert into Room(roomNumber,employeeID,roomDescription) values("139","39031","Janitor Closet");
insert into Room(roomNumber,employeeID,roomDescription) values("140","34165","Info Desk");
insert into Room(roomNumber,employeeID,roomDescription) values("141","55411","Reading Cart");
insert into Room(roomNumber,employeeID,roomDescription) values("142","95448","Snack Cart");
insert into Room(roomNumber,employeeID,roomDescription) values("143","49108","Snack Cart");
insert into Room(roomNumber,employeeID,roomDescription) values("144","51925","Info Desk");
insert into Room(roomNumber,employeeID,roomDescription) values("145","47860","Snack Cart");
insert into Room(roomNumber,employeeID,roomDescription) values("146","76553","Snack Cart");
insert into Room(roomNumber,employeeID,roomDescription) values("147","53612","Snack Cart");
insert into Room(roomNumber,employeeID,roomDescription) values("148","13771","Gift Shop");
insert into Room(roomNumber,employeeID,roomDescription) values("149","45476","Gift Shop");
insert into WorksIn(employeeID,roomNumber) values("95302","101");
insert into WorksIn(employeeID,roomNumber) values("76506","102");
insert into WorksIn(employeeID,roomNumber) values("80820","105");
insert into WorksIn(employeeID,roomNumber) values("97855","107");
insert into WorksIn(employeeID,roomNumber) values("97034","111");
insert into WorksIn(employeeID,roomNumber) values("88365","112");
insert into WorksIn(employeeID,roomNumber) values("95120","113");
insert into WorksIn(employeeID,roomNumber) values("52582","115");
insert into WorksIn(employeeID,roomNumber) values("30999","116");
insert into WorksIn(employeeID,roomNumber) values("95448","118");
insert into WorksIn(employeeID,roomNumber) values("3696","119");
insert into WorksIn(employeeID,roomNumber) values("7393","120");
insert into WorksIn(employeeID,roomNumber) values("86387","121");
insert into WorksIn(employeeID,roomNumber) values("61985","122");
insert into WorksIn(employeeID,roomNumber) values("97812","123");
insert into WorksIn(employeeID,roomNumber) values("45476","124");
insert into WorksIn(employeeID,roomNumber) values("51925","125");
insert into WorksIn(employeeID,roomNumber) values("92510","127");
insert into WorksIn(employeeID,roomNumber) values("38287","128");
insert into WorksIn(employeeID,roomNumber) values("92745","129");
insert into WorksIn(employeeID,roomNumber) values("76553","130");
insert into WorksIn(employeeID,roomNumber) values("80806","131");
insert into WorksIn(employeeID,roomNumber) values("83990","132");
insert into WorksIn(employeeID,roomNumber) values("18546","134");
insert into WorksIn(employeeID,roomNumber) values("54892","135");
insert into WorksIn(employeeID,roomNumber) values("78072","136");
insert into WorksIn(employeeID,roomNumber) values("89074","137");
insert into WorksIn(employeeID,roomNumber) values("78370","138");
insert into WorksIn(employeeID,roomNumber) values("91686","139");
insert into WorksIn(employeeID,roomNumber) values("87057","140");
insert into WorksIn(employeeID,roomNumber) values("1565","141");
insert into WorksIn(employeeID,roomNumber) values("77454","142");
insert into WorksIn(employeeID,roomNumber) values("56355","143");
insert into WorksIn(employeeID,roomNumber) values("96649","144");
insert into WorksIn(employeeID,roomNumber) values("60266","145");
insert into WorksIn(employeeID,roomNumber) values("97474","147");
insert into WorksIn(employeeID,roomNumber) values("44836","148");
insert into WorksIn(employeeID,roomNumber) values("38845","149");
insert into VolunteersIn(employeeID,roomNumber,dayOfWeek) values("30999","101","Tuesday");
insert into VolunteersIn(employeeID,roomNumber,dayOfWeek) values("86251","102","Wednesday");
insert into VolunteersIn(employeeID,roomNumber,dayOfWeek) values("60266","103","Sunday");
insert into VolunteersIn(employeeID,roomNumber,dayOfWeek) values("86387","104","Tuesday");
insert into VolunteersIn(employeeID,roomNumber,dayOfWeek) values("92510","105","Sunday");
insert into VolunteersIn(employeeID,roomNumber,dayOfWeek) values("80368","106","Wednesday");
insert into VolunteersIn(employeeID,roomNumber,dayOfWeek) values("76553","107","Wednesday");
insert into VolunteersIn(employeeID,roomNumber,dayOfWeek) values("2439","109","Sunday");
insert into VolunteersIn(employeeID,roomNumber,dayOfWeek) values("59876","112","Monday");
insert into VolunteersIn(employeeID,roomNumber,dayOfWeek) values("7587","113","Monday");
insert into VolunteersIn(employeeID,roomNumber,dayOfWeek) values("96124","114","Tuesday");
insert into VolunteersIn(employeeID,roomNumber,dayOfWeek) values("91686","115","Saturday");
insert into VolunteersIn(employeeID,roomNumber,dayOfWeek) values("27488","117","Tuesday");
insert into VolunteersIn(employeeID,roomNumber,dayOfWeek) values("31599","119","Saturday");
insert into VolunteersIn(employeeID,roomNumber,dayOfWeek) values("49108","120","Sunday");
insert into VolunteersIn(employeeID,roomNumber,dayOfWeek) values("97812","121","Thursday");
insert into VolunteersIn(employeeID,roomNumber,dayOfWeek) values("76506","122","Monday");
insert into VolunteersIn(employeeID,roomNumber,dayOfWeek) values("96649","124","Tuesday");
insert into VolunteersIn(employeeID,roomNumber,dayOfWeek) values("66868","127","Thursday");
insert into VolunteersIn(employeeID,roomNumber,dayOfWeek) values("95448","129","Wednesday");
insert into VolunteersIn(employeeID,roomNumber,dayOfWeek) values("97034","130","Tuesday");
insert into VolunteersIn(employeeID,roomNumber,dayOfWeek) values("62762","131","Wednesday");
insert into VolunteersIn(employeeID,roomNumber,dayOfWeek) values("92067","135","Wednesday");
insert into VolunteersIn(employeeID,roomNumber,dayOfWeek) values("46164","137","Tuesday");
insert into VolunteersIn(employeeID,roomNumber,dayOfWeek) values("74532","138","Sunday");
insert into VolunteersIn(employeeID,roomNumber,dayOfWeek) values("56355","140","Sunday");
insert into VolunteersIn(employeeID,roomNumber,dayOfWeek) values("88365","141","Wednesday");
insert into VolunteersIn(employeeID,roomNumber,dayOfWeek) values("3063","142","Monday");
insert into VolunteersIn(employeeID,roomNumber,dayOfWeek) values("41599","143","Thursday");
insert into VolunteersIn(employeeID,roomNumber,dayOfWeek) values("89074","144","Monday");
insert into VolunteersIn(employeeID,roomNumber,dayOfWeek) values("24480","145","Tuesday");
insert into VolunteersIn(employeeID,roomNumber,dayOfWeek) values("44836","146","Tuesday");
insert into VolunteersIn(employeeID,roomNumber,dayOfWeek) values("95302","148","Monday");
insert into VolunteersIn(employeeID,roomNumber,dayOfWeek) values("71484","149","Sunday");
insert into Patient(patientID,firstName,lastName,insurancePolicy,emergencyContact) values("47331","edifice's","avidity","97182","miscue's");
insert into Patient(patientID,firstName,lastName,insurancePolicy,emergencyContact) values("73417","miscue's","Sloan","57336","howl");
insert into Patient(patientID,firstName,lastName,insurancePolicy,emergencyContact) values("95472","discrimination","formulas","88057","ordaining");
insert into Patient(patientID,firstName,lastName,insurancePolicy,emergencyContact) values("55179","starvation's","retake's","45283","obduracy's");
insert into Patient(patientID,firstName,lastName,insurancePolicy,emergencyContact) values("34626","pummeling","undersea","76107","pummeling");
insert into Patient(patientID,firstName,lastName,insurancePolicy,emergencyContact) values("37893","starvation's","spume","40018","deliberately");
insert into Patient(patientID,firstName,lastName,insurancePolicy,emergencyContact) values("17195","correlation's","jabs","92915","ordaining");
insert into Patient(patientID,firstName,lastName,insurancePolicy,emergencyContact) values("83218","Conan","record","3653","brief's");
insert into Patient(patientID,firstName,lastName,insurancePolicy,emergencyContact) values("69694","formulas","murk","6333","imperfect's");
insert into Patient(patientID,firstName,lastName,insurancePolicy,emergencyContact) values("95830","sunless","flaring","84188","jackdaws");
insert into Patient(patientID,firstName,lastName,insurancePolicy,emergencyContact) values("92654","Malthus's","amnesiac","28729","niter's");
insert into Patient(patientID,firstName,lastName,insurancePolicy,emergencyContact) values("34509","uncleanness","amnesiac","17636","spirited");
insert into Patient(patientID,firstName,lastName,insurancePolicy,emergencyContact) values("68501","starvation's","Miaplacidus's","47175","refusal");
insert into Patient(patientID,firstName,lastName,insurancePolicy,emergencyContact) values("17391","bitched","blight","96216","jackdaws");
insert into Patient(patientID,firstName,lastName,insurancePolicy,emergencyContact) values("93726","refusal","Mr","11365","amnesiac");
insert into Patient(patientID,firstName,lastName,insurancePolicy,emergencyContact) values("69068","Miaplacidus's","wholeness's","74297","aperitifs");
insert into Patient(patientID,firstName,lastName,insurancePolicy,emergencyContact) values("3759","dissected","Cimabue's","78","mousier");
insert into Patient(patientID,firstName,lastName,insurancePolicy,emergencyContact) values("32926","record","McCartney's","18678","ordaining");
insert into Patient(patientID,firstName,lastName,insurancePolicy,emergencyContact) values("49753","decommission","clothier's","68488","Castlereagh");
insert into Patient(patientID,firstName,lastName,insurancePolicy,emergencyContact) values("70432","dispositions","inscribes","42326","spume");
insert into Patient(patientID,firstName,lastName,insurancePolicy,emergencyContact) values("81878","memorialize","alum's","14525","kitchen's");
insert into Patient(patientID,firstName,lastName,insurancePolicy,emergencyContact) values("66938","accordion","bisectors","36276","uncleanness");
insert into Patient(patientID,firstName,lastName,insurancePolicy,emergencyContact) values("36476","rivalled","chows","98213","dispositions");
insert into Patient(patientID,firstName,lastName,insurancePolicy,emergencyContact) values("93455","correlation's","flaring","37340","chicle");
insert into Patient(patientID,firstName,lastName,insurancePolicy,emergencyContact) values("69200","undersea","broncho's","27431","ancestry's");
insert into Patient(patientID,firstName,lastName,insurancePolicy,emergencyContact) values("65516","record","discrimination","39342","miscue's");
insert into Patient(patientID,firstName,lastName,insurancePolicy,emergencyContact) values("59337","amnesiac","Gordimer","256","dispositions");
insert into Patient(patientID,firstName,lastName,insurancePolicy,emergencyContact) values("99138","Miaplacidus's","kitchen's","49746","kitchen's");
insert into Patient(patientID,firstName,lastName,insurancePolicy,emergencyContact) values("19486","chows","obdurately","4963","accordion");
insert into Patient(patientID,firstName,lastName,insurancePolicy,emergencyContact) values("74698","amnesiac","flaring","37015","trellised");
insert into Patient(patientID,firstName,lastName,insurancePolicy,emergencyContact) values("11737","McCartney's","discrimination","15182","cloverleaf's");
insert into Patient(patientID,firstName,lastName,insurancePolicy,emergencyContact) values("1597","observed","sunless","43885","blight");
insert into Patient(patientID,firstName,lastName,insurancePolicy,emergencyContact) values("36442","howl","spirited","28074","amusements");
insert into Patient(patientID,firstName,lastName,insurancePolicy,emergencyContact) values("46271","inscribes","pummeling","21957","Cimabue's");
insert into Patient(patientID,firstName,lastName,insurancePolicy,emergencyContact) values("46930","cloverleaf's","decommission","59073","urethras");
insert into Patient(patientID,firstName,lastName,insurancePolicy,emergencyContact) values("69364","urchins","McCartney's","12514","broomsticks");
insert into Patient(patientID,firstName,lastName,insurancePolicy,emergencyContact) values("93559","correlation's","jabs","89541","pureeing");
insert into Patient(patientID,firstName,lastName,insurancePolicy,emergencyContact) values("33753","cloverleaf's","blight","24616","Prius's");
insert into Patient(patientID,firstName,lastName,insurancePolicy,emergencyContact) values("37616","instills","oversensitive","19182","Miaplacidus's");
insert into Patient(patientID,firstName,lastName,insurancePolicy,emergencyContact) values("92087","ladyship's","chows","37071","Prius's");
insert into Patient(patientID,firstName,lastName,insurancePolicy,emergencyContact) values("58086","segmentation's","kitchen's","26081","segmentation's");
insert into Patient(patientID,firstName,lastName,insurancePolicy,emergencyContact) values("1840","Gordimer","alum's","54421","tiny");
insert into Patient(patientID,firstName,lastName,insurancePolicy,emergencyContact) values("86909","broomsticks","joviality","67950","trellised");
insert into Patient(patientID,firstName,lastName,insurancePolicy,emergencyContact) values("5762","bushwhackers","starvation's","49524","irreverence's");
insert into Patient(patientID,firstName,lastName,insurancePolicy,emergencyContact) values("58427","mellow","memorialize","92028","irreverence's");
insert into Patient(patientID,firstName,lastName,insurancePolicy,emergencyContact) values("75668","Miaplacidus's","spirited","7077","kitchen's");
insert into Patient(patientID,firstName,lastName,insurancePolicy,emergencyContact) values("38616","urchins","spirited","48413","starvation's");
insert into Patient(patientID,firstName,lastName,insurancePolicy,emergencyContact) values("9560","response","joviality","67804","amnesiac");
insert into Patient(patientID,firstName,lastName,insurancePolicy,emergencyContact) values("77290","Mr","inscribes","62279","accordion");
insert into Patient(patientID,firstName,lastName,insurancePolicy,emergencyContact) values("80459","Malthus's","bushwhackers","13573","accordion");
insert into Patient(patientID,firstName,lastName,insurancePolicy,emergencyContact) values("7109","ancestry's","dissected","49202","starvation's");
insert into Patient(patientID,firstName,lastName,insurancePolicy,emergencyContact) values("27114","seaman","probability's","74728","chows");
insert into Patient(patientID,firstName,lastName,insurancePolicy,emergencyContact) values("2731","amnesiac","Kemp","62070","irreverence's");
insert into Patient(patientID,firstName,lastName,insurancePolicy,emergencyContact) values("43205","urchins","crusty","31286","refusal");
insert into Patient(patientID,firstName,lastName,insurancePolicy,emergencyContact) values("32536","ladyship's","observed","97217","amusements");
insert into Patient(patientID,firstName,lastName,insurancePolicy,emergencyContact) values("17230","memorialize","refusal","69283","broomsticks");
insert into Patient(patientID,firstName,lastName,insurancePolicy,emergencyContact) values("12819","kitchen's","formulas","87854","response");
insert into Patient(patientID,firstName,lastName,insurancePolicy,emergencyContact) values("70822","instills","segmentation's","30483","urchins");
insert into Patient(patientID,firstName,lastName,insurancePolicy,emergencyContact) values("58660","demeans","probability's","19414","Conan");
insert into Patient(patientID,firstName,lastName,insurancePolicy,emergencyContact) values("84543","nimble","Gordimer","40702","nimble");
insert into Patient(patientID,firstName,lastName,insurancePolicy,emergencyContact) values("74209","correlation's","obdurately","29247","mousier");
insert into Patient(patientID,firstName,lastName,insurancePolicy,emergencyContact) values("55141","observed","jabs","13874","olives");
insert into Patient(patientID,firstName,lastName,insurancePolicy,emergencyContact) values("62724","chicle","kitchen's","46927","broncho's");
insert into Patient(patientID,firstName,lastName,insurancePolicy,emergencyContact) values("44014","Gordimer","segmentation's","30013","Sloan");
insert into Patient(patientID,firstName,lastName,insurancePolicy,emergencyContact) values("86965","hepatitis","Cimabue's","51875","obduracy's");
insert into Patient(patientID,firstName,lastName,insurancePolicy,emergencyContact) values("62392","aperitifs","cloud's","83283","chows");
insert into Patient(patientID,firstName,lastName,insurancePolicy,emergencyContact) values("35106","Gordimer","amusements","16536","bitched");
insert into Patient(patientID,firstName,lastName,insurancePolicy,emergencyContact) values("52637","segmentation's","cloud's","60406","Photostatting");
insert into Patient(patientID,firstName,lastName,insurancePolicy,emergencyContact) values("26487","inscribes","mousier","29397","hepatitis");
insert into Patient(patientID,firstName,lastName,insurancePolicy,emergencyContact) values("17579","sunless","murk","53421","howl");
insert into Patient(patientID,firstName,lastName,insurancePolicy,emergencyContact) values("47214","amnesiac","Kemp","47019","Prius's");
insert into Patient(patientID,firstName,lastName,insurancePolicy,emergencyContact) values("28290","undersea","chicle","57603","probability's");
insert into Patient(patientID,firstName,lastName,insurancePolicy,emergencyContact) values("59248","Castlereagh","obduracy's","38412","refusal");
insert into Patient(patientID,firstName,lastName,insurancePolicy,emergencyContact) values("35004","seaman","clothier's","84871","mellow");
insert into Patient(patientID,firstName,lastName,insurancePolicy,emergencyContact) values("67980","solecism","broomsticks","94065","Tuscon");
insert into Patient(patientID,firstName,lastName,insurancePolicy,emergencyContact) values("57460","spume","mellow","53775","Castlereagh");
insert into Patient(patientID,firstName,lastName,insurancePolicy,emergencyContact) values("68598","dispositions","uncleanness","15043","spume");
insert into Patient(patientID,firstName,lastName,insurancePolicy,emergencyContact) values("22064","Malthus's","flaring","72796","response");
insert into Patient(patientID,firstName,lastName,insurancePolicy,emergencyContact) values("30598","observed","aperitifs","83941","dispositions");
insert into Patient(patientID,firstName,lastName,insurancePolicy,emergencyContact) values("30013","dissected","spirited","23915","plenitude");
insert into Patient(patientID,firstName,lastName,insurancePolicy,emergencyContact) values("8607","olives","sunless","18491","deliberately");
insert into Patient(patientID,firstName,lastName,insurancePolicy,emergencyContact) values("26541","refusal","joviality","30918","broomsticks");
insert into Patient(patientID,firstName,lastName,insurancePolicy,emergencyContact) values("71899","imperfect's","murk","31372","sunless");
insert into Patient(patientID,firstName,lastName,insurancePolicy,emergencyContact) values("30713","chemists","flaring","42335","joviality");
insert into Patient(patientID,firstName,lastName,insurancePolicy,emergencyContact) values("11554","bum","Gordimer","30466","aperitifs");
insert into Patient(patientID,firstName,lastName,insurancePolicy,emergencyContact) values("88081","broncho's","Kemp","90321","Mr");
insert into Patient(patientID,firstName,lastName,insurancePolicy,emergencyContact) values("18829","jabs","observed","6141","decommission");
insert into Patient(patientID,firstName,lastName,insurancePolicy,emergencyContact) values("77957","Conan","Prius's","47987","Karin");
insert into Patient(patientID,firstName,lastName,insurancePolicy,emergencyContact) values("37892","Prius's","wholeness's","53113","indicate");
insert into Patient(patientID,firstName,lastName,insurancePolicy,emergencyContact) values("60794","edifice's","mousier","93095","correlation's");
insert into Patient(patientID,firstName,lastName,insurancePolicy,emergencyContact) values("18075","ordaining","clothier's","41478","spirited");
insert into Patient(patientID,firstName,lastName,insurancePolicy,emergencyContact) values("12106","ladyship's","nimble","61785","bisectors");
insert into Patient(patientID,firstName,lastName,insurancePolicy,emergencyContact) values("84378","joviality","Miaplacidus's","71505","obduracy's");
insert into Patient(patientID,firstName,lastName,insurancePolicy,emergencyContact) values("58295","urethras","irreverence's","31629","decommission");
insert into Patient(patientID,firstName,lastName,insurancePolicy,emergencyContact) values("34215","uncleanness","bisectors","55436","clothier's");
insert into Patient(patientID,firstName,lastName,insurancePolicy,emergencyContact) values("84269","indicate","broomsticks","48545","discrimination");
insert into Patient(patientID,firstName,lastName,insurancePolicy,emergencyContact) values("50211","response","bisectors","53121","dispositions");
insert into Patient(patientID,firstName,lastName,insurancePolicy,emergencyContact) values("53246","trellised","broomsticks","80887","undersea");
insert into Patient(patientID,firstName,lastName,insurancePolicy,emergencyContact) values("70753","Miaplacidus's","Tuscon","93757","probability's");
insert into Patient(patientID,firstName,lastName,insurancePolicy,emergencyContact) values("78585","irreverence's","indicate","33622","record");
insert into Patient(patientID,firstName,lastName,insurancePolicy,emergencyContact) values("87497","dispositions","imperfect's","5779","Tuscon");
insert into Patient(patientID,firstName,lastName,insurancePolicy,emergencyContact) values("31032","mousier","oversensitive","92348","discrimination");
insert into Patient(patientID,firstName,lastName,insurancePolicy,emergencyContact) values("67258","Photostatting","memorialize","27372","Miaplacidus's");
insert into Patient(patientID,firstName,lastName,insurancePolicy,emergencyContact) values("26521","pureeing","Kemp","40884","fetid");
insert into Patient(patientID,firstName,lastName,insurancePolicy,emergencyContact) values("27493","accordion","niter's","91897","Kemp");
insert into Patient(patientID,firstName,lastName,insurancePolicy,emergencyContact) values("83876","wholeness's","cloud's","81327","crusty");
insert into Patient(patientID,firstName,lastName,insurancePolicy,emergencyContact) values("81472","segmentation's","seaman","28919","oversensitive");
insert into Patient(patientID,firstName,lastName,insurancePolicy,emergencyContact) values("58815","Photostatting","formulas","60958","Cimabue's");
insert into Patient(patientID,firstName,lastName,insurancePolicy,emergencyContact) values("84362","inscribes","murk","72520","Miaplacidus's");
insert into Patient(patientID,firstName,lastName,insurancePolicy,emergencyContact) values("75151","segmentation's","memorialize","56263","hepatitis");
insert into Patient(patientID,firstName,lastName,insurancePolicy,emergencyContact) values("50272","obdurately","blunts","40425","ancestry's");
insert into Patient(patientID,firstName,lastName,insurancePolicy,emergencyContact) values("86961","amnesiac","trellised","21226","blunts");
insert into Patient(patientID,firstName,lastName,insurancePolicy,emergencyContact) values("26160","Yucatan","refusal","98659","Miaplacidus's");
insert into Patient(patientID,firstName,lastName,insurancePolicy,emergencyContact) values("9025","joviality","amnesiac","8339","chicle");
insert into Patient(patientID,firstName,lastName,insurancePolicy,emergencyContact) values("90639","edifice's","cloverleaf's","57315","mousier");
insert into Patient(patientID,firstName,lastName,insurancePolicy,emergencyContact) values("63715","obduracy's","hepatitis","34985","urethras");
insert into Patient(patientID,firstName,lastName,insurancePolicy,emergencyContact) values("8299","plenitude","imperfect's","7053","instills");
insert into Patient(patientID,firstName,lastName,insurancePolicy,emergencyContact) values("72105","discrimination","instills","68279","broncho's");
insert into Patient(patientID,firstName,lastName,insurancePolicy,emergencyContact) values("49545","Kemp","starvation's","20407","sunless");
insert into Patient(patientID,firstName,lastName,insurancePolicy,emergencyContact) values("79464","blunts","starvation's","6189","response");
insert into Patient(patientID,firstName,lastName,insurancePolicy,emergencyContact) values("11525","response","Karin","69477","retake's");
insert into Patient(patientID,firstName,lastName,insurancePolicy,emergencyContact) values("58249","hepatitis","seaman","45416","irreverence's");
insert into Patient(patientID,firstName,lastName,insurancePolicy,emergencyContact) values("64823","pummeling","bean","51558","indicate");
insert into Patient(patientID,firstName,lastName,insurancePolicy,emergencyContact) values("63292","cloud's","ordaining","5360","observed");
insert into Patient(patientID,firstName,lastName,insurancePolicy,emergencyContact) values("9163","kitchen's","amusements","92490","spume");
insert into Patient(patientID,firstName,lastName,insurancePolicy,emergencyContact) values("63118","dispositions","amnesiac","84652","retake's");
insert into Patient(patientID,firstName,lastName,insurancePolicy,emergencyContact) values("99117","Conan","observed","42737","jackdaws");
insert into Patient(patientID,firstName,lastName,insurancePolicy,emergencyContact) values("65503","rivalled","avidity","19248","record");
insert into Patient(patientID,firstName,lastName,insurancePolicy,emergencyContact) values("21365","blunts","undersea","63618","correlation's");
insert into Patient(patientID,firstName,lastName,insurancePolicy,emergencyContact) values("21522","edifice's","broncho's","68911","mellow");
insert into Patient(patientID,firstName,lastName,insurancePolicy,emergencyContact) values("81682","bushwhackers","probability's","22420","clothier's");
insert into Patient(patientID,firstName,lastName,insurancePolicy,emergencyContact) values("52769","chicle","ladyship's","56191","Yucatan");
insert into Patient(patientID,firstName,lastName,insurancePolicy,emergencyContact) values("69162","chows","solecism","85110","irreverence's");
insert into Patient(patientID,firstName,lastName,insurancePolicy,emergencyContact) values("13048","Conan","ancestry's","54587","oversensitive");
insert into Patient(patientID,firstName,lastName,insurancePolicy,emergencyContact) values("41721","edifice's","record","93312","kitchen's");
insert into Patient(patientID,firstName,lastName,insurancePolicy,emergencyContact) values("98556","cloud's","demeans","17446","solecism");
insert into Patient(patientID,firstName,lastName,insurancePolicy,emergencyContact) values("25455","hepatitis","chemists","51549","retake's");
insert into Patient(patientID,firstName,lastName,insurancePolicy,emergencyContact) values("69198","howl","irreverence's","40965","inscribes");
insert into Patient(patientID,firstName,lastName,insurancePolicy,emergencyContact) values("59352","olives","demeans","48060","probability's");
insert into Patient(patientID,firstName,lastName,insurancePolicy,emergencyContact) values("79461","Karin","Katmai","25291","McCartney's");
insert into Patient(patientID,firstName,lastName,insurancePolicy,emergencyContact) values("38755","Miaplacidus's","howl","6486","urchins");
insert into Patient(patientID,firstName,lastName,insurancePolicy,emergencyContact) values("93270","Conan","crusty","24604","jabs");
insert into Patient(patientID,firstName,lastName,insurancePolicy,emergencyContact) values("20127","bum","observed","76703","starvation's");
insert into Patient(patientID,firstName,lastName,insurancePolicy,emergencyContact) values("38805","hepatitis","decommission","80617","tenors");
insert into Patient(patientID,firstName,lastName,insurancePolicy,emergencyContact) values("8714","Malthus's","McCartney's","45428","amusements");
insert into Patient(patientID,firstName,lastName,insurancePolicy,emergencyContact) values("35561","urethras","avidity","71689","joviality");
insert into Patient(patientID,firstName,lastName,insurancePolicy,emergencyContact) values("38170","imperfect's","joviality","52286","segmentation's");
insert into Patient(patientID,firstName,lastName,insurancePolicy,emergencyContact) values("70887","ancestry's","Sloan","19155","cloverleaf's");
insert into Patient(patientID,firstName,lastName,insurancePolicy,emergencyContact) values("33822","memorialize","Prius's","91273","chemists");
insert into Patient(patientID,firstName,lastName,insurancePolicy,emergencyContact) values("99362","fetid","decommission","57593","kitchen's");
insert into Patient(patientID,firstName,lastName,insurancePolicy,emergencyContact) values("7662","broomsticks","cloverleaf's","67433","inscribes");
insert into Patient(patientID,firstName,lastName,insurancePolicy,emergencyContact) values("68501","imperfect's","joviality","29817","dissected");
insert into Patient(patientID,firstName,lastName,insurancePolicy,emergencyContact) values("53600","flaring","ancestry's","82404","memorialize");
insert into Patient(patientID,firstName,lastName,insurancePolicy,emergencyContact) values("33074","pummeling","imperfect's","1030","nimble");
insert into Patient(patientID,firstName,lastName,insurancePolicy,emergencyContact) values("41371","crusty","blunts","4142","irreverence's");
insert into Patient(patientID,firstName,lastName,insurancePolicy,emergencyContact) values("69807","Karin","deliberately","99588","obdurately");
insert into Patient(patientID,firstName,lastName,insurancePolicy,emergencyContact) values("15174","obdurately","Karin","63390","miscue's");
insert into Patient(patientID,firstName,lastName,insurancePolicy,emergencyContact) values("58903","wholeness's","sunless","44110","McCartney's");
insert into Patient(patientID,firstName,lastName,insurancePolicy,emergencyContact) values("72483","discrimination","undersea","81300","Miaplacidus's");
insert into Patient(patientID,firstName,lastName,insurancePolicy,emergencyContact) values("88629","formulas","Conan","12594","olives");
insert into Patient(patientID,firstName,lastName,insurancePolicy,emergencyContact) values("43595","Malthus's","pureeing","11202","cloverleaf's");
insert into Patient(patientID,firstName,lastName,insurancePolicy,emergencyContact) values("13700","obduracy's","avidity","8993","obdurately");
insert into Patient(patientID,firstName,lastName,insurancePolicy,emergencyContact) values("83692","bum","plenitude","65747","ladyship's");
insert into Patient(patientID,firstName,lastName,insurancePolicy,emergencyContact) values("98529","probability's","seaman","69057","niter's");
insert into Patient(patientID,firstName,lastName,insurancePolicy,emergencyContact) values("69366","Castlereagh","pummeling","60153","Tuscon");
insert into Patient(patientID,firstName,lastName,insurancePolicy,emergencyContact) values("53635","avidity","blight","87775","bushwhackers");
insert into Patient(patientID,firstName,lastName,insurancePolicy,emergencyContact) values("20332","inscribes","Castlereagh","51341","chows");
insert into Patient(patientID,firstName,lastName,insurancePolicy,emergencyContact) values("83622","accordion","ordaining","98847","nimble");
insert into Patient(patientID,firstName,lastName,insurancePolicy,emergencyContact) values("97676","blight","trellised","13093","Tuscon");
insert into Patient(patientID,firstName,lastName,insurancePolicy,emergencyContact) values("82706","indicate","Miaplacidus's","20253","trellised");
insert into Patient(patientID,firstName,lastName,insurancePolicy,emergencyContact) values("26610","ancestry's","refusal","76644","decommission");
insert into Patient(patientID,firstName,lastName,insurancePolicy,emergencyContact) values("9479","observed","kitchen's","1891","alum's");
insert into Patient(patientID,firstName,lastName,insurancePolicy,emergencyContact) values("36122","imperfect's","avidity","48876","seaman");
insert into Patient(patientID,firstName,lastName,insurancePolicy,emergencyContact) values("58464","crusty","mellow","16184","flaring");
insert into Patient(patientID,firstName,lastName,insurancePolicy,emergencyContact) values("27495","howl","bisectors","59456","ordaining");
insert into Patient(patientID,firstName,lastName,insurancePolicy,emergencyContact) values("87391","sunless","pureeing","31013","blunts");
insert into Patient(patientID,firstName,lastName,insurancePolicy,emergencyContact) values("47876","Katmai","broncho's","3630","nimble");
insert into Patient(patientID,firstName,lastName,insurancePolicy,emergencyContact) values("1423","decommission","cloverleaf's","4901","bitched");
insert into Patient(patientID,firstName,lastName,insurancePolicy,emergencyContact) values("65151","dissected","aperitifs","37312","refusal");
insert into Patient(patientID,firstName,lastName,insurancePolicy,emergencyContact) values("55590","broncho's","undersea","60277","deliberately");
insert into Patient(patientID,firstName,lastName,insurancePolicy,emergencyContact) values("13200","trellised","bum","74441","bitched");
insert into Patient(patientID,firstName,lastName,insurancePolicy,emergencyContact) values("47151","ladyship's","indicate","24922","response");
insert into Patient(patientID,firstName,lastName,insurancePolicy,emergencyContact) values("83201","avidity","Sloan","34199","memorialize");
insert into Patient(patientID,firstName,lastName,insurancePolicy,emergencyContact) values("35049","Tuscon","Yucatan","68640","fetid");
insert into Patient(patientID,firstName,lastName,insurancePolicy,emergencyContact) values("34635","nimble","accordion","7186","irreverence's");
insert into Patient(patientID,firstName,lastName,insurancePolicy,emergencyContact) values("93581","Katmai","urethras","63650","nimble");
insert into Patient(patientID,firstName,lastName,insurancePolicy,emergencyContact) values("55917","obduracy's","starvation's","48775","niter's");
insert into Patient(patientID,firstName,lastName,insurancePolicy,emergencyContact) values("57352","Tuscon","broomsticks","79571","blight");
insert into Patient(patientID,firstName,lastName,insurancePolicy,emergencyContact) values("40821","amnesiac","decommission","92813","obduracy's");
insert into Patient(patientID,firstName,lastName,insurancePolicy,emergencyContact) values("31554","bum","ordaining","96816","rivalled");
insert into Patient(patientID,firstName,lastName,insurancePolicy,emergencyContact) values("66134","Yucatan","ordaining","49855","deliberately");
insert into Patient(patientID,firstName,lastName,insurancePolicy,emergencyContact) values("66691","hepatitis","spume","64374","ladyship's");
insert into Patient(patientID,firstName,lastName,insurancePolicy,emergencyContact) values("28240","jackdaws","blunts","8540","Tuscon");
insert into Patient(patientID,firstName,lastName,insurancePolicy,emergencyContact) values("61216","ancestry's","fetid","20738","blunts");
insert into Patient(patientID,firstName,lastName,insurancePolicy,emergencyContact) values("62684","starvation's","Gordimer","68802","nimble");
insert into Patient(patientID,firstName,lastName,insurancePolicy,emergencyContact) values("2991","observed","brief's","14744","bum");
insert into Patient(patientID,firstName,lastName,insurancePolicy,emergencyContact) values("79555","cloverleaf's","bitched","80612","Malthus's");
insert into Patient(patientID,firstName,lastName,insurancePolicy,emergencyContact) values("16991","broncho's","spume","11141","decommission");
insert into Patient(patientID,firstName,lastName,insurancePolicy,emergencyContact) values("56335","cloud's","niter's","38245","Katmai");
insert into Patient(patientID,firstName,lastName,insurancePolicy,emergencyContact) values("93744","broncho's","edifice's","58682","Prius's");
insert into PatientRoom(roomNumber,patientID) values("0","93744");
insert into PatientRoom(roomNumber,patientID) values("1","18829");
insert into PatientRoom(roomNumber,patientID) values("3","34509");
insert into PatientRoom(roomNumber,patientID) values("4","92087");
insert into PatientRoom(roomNumber,patientID) values("5","31554");
insert into PatientRoom(roomNumber,patientID) values("6","13700");
insert into PatientRoom(roomNumber,patientID) values("7","66938");
insert into PatientRoom(roomNumber,patientID) values("8","18829");
insert into PatientRoom(roomNumber,patientID) values("9","38616");
insert into PatientRoom(roomNumber,patientID) values("10","40821");
insert into PatientRoom(roomNumber,patientID) values("11","98529");
insert into PatientRoom(roomNumber,patientID) values("12","7109");
insert into PatientRoom(roomNumber,patientID) values("14","84543");
insert into PatientRoom(roomNumber,patientID) values("15","79461");
insert into PatientRoom(roomNumber,patientID) values("16","70822");
insert into PatientRoom(roomNumber,patientID) values("17","75151");
insert into PatientRoom(roomNumber,patientID) values("19","55917");
insert into PatientRoom(roomNumber,patientID) values("20","87391");
insert into PatientRoom(roomNumber,patientID) values("21","53246");
insert into PatientRoom(roomNumber,patientID) values("22","15174");
insert into PatientRoom(roomNumber,patientID) values("23","63118");
insert into PatientRoom(roomNumber,patientID) values("24","9163");
insert into PatientRoom(roomNumber,patientID) values("25","88629");
insert into PatientRoom(roomNumber,patientID) values("26","79464");
insert into PatientRoom(roomNumber,patientID) values("27","93455");
insert into PatientRoom(roomNumber,patientID) values("28","66938");
insert into PatientRoom(roomNumber,patientID) values("29","92087");
insert into PatientRoom(roomNumber,patientID) values("30","93455");
insert into PatientRoom(roomNumber,patientID) values("31","11554");
insert into PatientRoom(roomNumber,patientID) values("32","71899");
insert into PatientRoom(roomNumber,patientID) values("33","52769");
insert into PatientRoom(roomNumber,patientID) values("34","7109");
insert into PatientRoom(roomNumber,patientID) values("35","1423");
insert into PatientRoom(roomNumber,patientID) values("36","8714");
insert into PatientRoom(roomNumber,patientID) values("37","93270");
insert into PatientRoom(roomNumber,patientID) values("38","9560");
insert into PatientRoom(roomNumber,patientID) values("39","35106");
insert into PatientRoom(roomNumber,patientID) values("40","69198");
insert into PatientRoom(roomNumber,patientID) values("41","58249");
insert into PatientRoom(roomNumber,patientID) values("44","95472");
insert into PatientRoom(roomNumber,patientID) values("45","53635");
insert into PatientRoom(roomNumber,patientID) values("46","56335");
insert into PatientRoom(roomNumber,patientID) values("47","62724");
insert into PatientRoom(roomNumber,patientID) values("48","71899");
insert into PatientRoom(roomNumber,patientID) values("49","57460");
insert into PatientRoom(roomNumber,patientID) values("50","58815");
insert into PatientRoom(roomNumber,patientID) values("51","99138");
insert into PatientRoom(roomNumber,patientID) values("53","17230");
insert into PatientRoom(roomNumber,patientID) values("54","84269");
insert into PatientRoom(roomNumber,patientID) values("55","93726");
insert into PatientRoom(roomNumber,patientID) values("56","83218");
insert into PatientRoom(roomNumber,patientID) values("57","67980");
insert into PatientRoom(roomNumber,patientID) values("58","21365");
insert into PatientRoom(roomNumber,patientID) values("59","87391");
insert into PatientRoom(roomNumber,patientID) values("60","66134");
insert into PatientRoom(roomNumber,patientID) values("61","2991");
insert into PatientRoom(roomNumber,patientID) values("62","26521");
insert into PatientRoom(roomNumber,patientID) values("63","63292");
insert into PatientRoom(roomNumber,patientID) values("64","59352");
insert into PatientRoom(roomNumber,patientID) values("65","7662");
insert into PatientRoom(roomNumber,patientID) values("66","68501");
insert into PatientRoom(roomNumber,patientID) values("67","59337");
insert into PatientRoom(roomNumber,patientID) values("68","38755");
insert into PatientRoom(roomNumber,patientID) values("69","93270");
insert into PatientRoom(roomNumber,patientID) values("70","66691");
insert into PatientRoom(roomNumber,patientID) values("71","74698");
insert into PatientRoom(roomNumber,patientID) values("72","30013");
insert into PatientRoom(roomNumber,patientID) values("73","1597");
insert into PatientRoom(roomNumber,patientID) values("74","18829");
insert into PatientRoom(roomNumber,patientID) values("75","62392");
insert into PatientRoom(roomNumber,patientID) values("76","33753");
insert into PatientRoom(roomNumber,patientID) values("77","34215");
insert into PatientRoom(roomNumber,patientID) values("78","68598");
insert into PatientRoom(roomNumber,patientID) values("79","65516");
insert into PatientRoom(roomNumber,patientID) values("80","77957");
insert into PatientRoom(roomNumber,patientID) values("81","50211");
insert into PatientRoom(roomNumber,patientID) values("82","5762");
insert into PatientRoom(roomNumber,patientID) values("83","43205");
insert into PatientRoom(roomNumber,patientID) values("84","65151");
insert into PatientRoom(roomNumber,patientID) values("85","69366");
insert into PatientRoom(roomNumber,patientID) values("86","3759");
insert into PatientRoom(roomNumber,patientID) values("87","30013");
insert into PatientRoom(roomNumber,patientID) values("89","38616");
insert into PatientRoom(roomNumber,patientID) values("91","7109");
insert into PatientRoom(roomNumber,patientID) values("92","17230");
insert into PatientRoom(roomNumber,patientID) values("93","34635");
insert into PatientRoom(roomNumber,patientID) values("94","93270");
insert into PatientRoom(roomNumber,patientID) values("96","26610");
insert into PatientRoom(roomNumber,patientID) values("99","20127");
insert into OutPatient(patientID) values("1597");
insert into OutPatient(patientID) values("2731");
insert into OutPatient(patientID) values("5762");
insert into OutPatient(patientID) values("7109");
insert into OutPatient(patientID) values("7662");
insert into OutPatient(patientID) values("8299");
insert into OutPatient(patientID) values("8714");
insert into OutPatient(patientID) values("9163");
insert into OutPatient(patientID) values("9479");
insert into OutPatient(patientID) values("12106");
insert into OutPatient(patientID) values("13048");
insert into OutPatient(patientID) values("13200");
insert into OutPatient(patientID) values("17195");
insert into OutPatient(patientID) values("17230");
insert into OutPatient(patientID) values("17391");
insert into OutPatient(patientID) values("17579");
insert into OutPatient(patientID) values("18829");
insert into OutPatient(patientID) values("21522");
insert into OutPatient(patientID) values("22064");
insert into OutPatient(patientID) values("25455");
insert into OutPatient(patientID) values("26160");
insert into OutPatient(patientID) values("26541");
insert into OutPatient(patientID) values("26610");
insert into OutPatient(patientID) values("27493");
insert into OutPatient(patientID) values("28290");
insert into OutPatient(patientID) values("30013");
insert into OutPatient(patientID) values("30598");
insert into OutPatient(patientID) values("30713");
insert into OutPatient(patientID) values("32926");
insert into OutPatient(patientID) values("33753");
insert into OutPatient(patientID) values("34215");
insert into OutPatient(patientID) values("34509");
insert into OutPatient(patientID) values("34635");
insert into OutPatient(patientID) values("35004");
insert into OutPatient(patientID) values("35049");
insert into OutPatient(patientID) values("35561");
insert into OutPatient(patientID) values("36442");
insert into OutPatient(patientID) values("37892");
insert into OutPatient(patientID) values("37893");
insert into OutPatient(patientID) values("38170");
insert into OutPatient(patientID) values("40821");
insert into OutPatient(patientID) values("41721");
insert into OutPatient(patientID) values("43205");
insert into OutPatient(patientID) values("43595");
insert into OutPatient(patientID) values("44014");
insert into OutPatient(patientID) values("46271");
insert into OutPatient(patientID) values("46930");
insert into OutPatient(patientID) values("47214");
insert into OutPatient(patientID) values("47331");
insert into OutPatient(patientID) values("47876");
insert into OutPatient(patientID) values("49545");
insert into OutPatient(patientID) values("49753");
insert into OutPatient(patientID) values("52637");
insert into OutPatient(patientID) values("52769");
insert into OutPatient(patientID) values("53246");
insert into OutPatient(patientID) values("53600");
insert into OutPatient(patientID) values("55141");
insert into OutPatient(patientID) values("55179");
insert into OutPatient(patientID) values("55917");
insert into OutPatient(patientID) values("56335");
insert into OutPatient(patientID) values("57460");
insert into OutPatient(patientID) values("58249");
insert into OutPatient(patientID) values("58295");
insert into OutPatient(patientID) values("58464");
insert into OutPatient(patientID) values("58660");
insert into OutPatient(patientID) values("58815");
insert into OutPatient(patientID) values("58903");
insert into OutPatient(patientID) values("59337");
insert into OutPatient(patientID) values("60794");
insert into OutPatient(patientID) values("61216");
insert into OutPatient(patientID) values("62684");
insert into OutPatient(patientID) values("62724");
insert into OutPatient(patientID) values("63118");
insert into OutPatient(patientID) values("63292");
insert into OutPatient(patientID) values("64823");
insert into OutPatient(patientID) values("65151");
insert into OutPatient(patientID) values("66938");
insert into OutPatient(patientID) values("67980");
insert into OutPatient(patientID) values("68501");
insert into OutPatient(patientID) values("68598");
insert into OutPatient(patientID) values("69366");
insert into OutPatient(patientID) values("69694");
insert into OutPatient(patientID) values("69807");
insert into OutPatient(patientID) values("70432");
insert into OutPatient(patientID) values("70822");
insert into OutPatient(patientID) values("72105");
insert into OutPatient(patientID) values("72483");
insert into OutPatient(patientID) values("74698");
insert into OutPatient(patientID) values("75151");
insert into OutPatient(patientID) values("75668");
insert into OutPatient(patientID) values("77290");
insert into OutPatient(patientID) values("77957");
insert into OutPatient(patientID) values("78585");
insert into OutPatient(patientID) values("79461");
insert into OutPatient(patientID) values("79464");
insert into OutPatient(patientID) values("79555");
insert into OutPatient(patientID) values("80459");
insert into OutPatient(patientID) values("81472");
insert into OutPatient(patientID) values("81682");
insert into OutPatient(patientID) values("81878");
insert into OutPatient(patientID) values("83218");
insert into OutPatient(patientID) values("83622");
insert into OutPatient(patientID) values("83692");
insert into OutPatient(patientID) values("83876");
insert into OutPatient(patientID) values("84362");
insert into OutPatient(patientID) values("84378");
insert into OutPatient(patientID) values("84543");
insert into OutPatient(patientID) values("86909");
insert into OutPatient(patientID) values("86961");
insert into OutPatient(patientID) values("87497");
insert into OutPatient(patientID) values("88629");
insert into OutPatient(patientID) values("90639");
insert into OutPatient(patientID) values("92654");
insert into OutPatient(patientID) values("93270");
insert into OutPatient(patientID) values("93455");
insert into OutPatient(patientID) values("93581");
insert into OutPatient(patientID) values("93726");
insert into OutPatient(patientID) values("93744");
insert into OutPatient(patientID) values("97676");
insert into OutPatient(patientID) values("98529");
insert into OutPatient(patientID) values("98556");
insert into OutPatient(patientID) values("99138");
insert into OutPatient(patientID) values("99362");
insert into Nurse(employeeID,treatmentGiverID) values("66868","623");
insert into Nurse(employeeID,treatmentGiverID) values("9510","4167");
insert into Nurse(employeeID,treatmentGiverID) values("58050","7426");
insert into Nurse(employeeID,treatmentGiverID) values("892","7721");
insert into Nurse(employeeID,treatmentGiverID) values("37217","9207");
insert into Nurse(employeeID,treatmentGiverID) values("83971","12503");
insert into Nurse(employeeID,treatmentGiverID) values("51925","13696");
insert into Nurse(employeeID,treatmentGiverID) values("74532","16839");
insert into Nurse(employeeID,treatmentGiverID) values("86387","18520");
insert into Nurse(employeeID,treatmentGiverID) values("96124","23002");
insert into Nurse(employeeID,treatmentGiverID) values("78370","26612");
insert into Nurse(employeeID,treatmentGiverID) values("7525","27307");
insert into Nurse(employeeID,treatmentGiverID) values("53612","27444");
insert into Nurse(employeeID,treatmentGiverID) values("9710","27999");
insert into Nurse(employeeID,treatmentGiverID) values("44836","28410");
insert into Nurse(employeeID,treatmentGiverID) values("24480","29330");
insert into Nurse(employeeID,treatmentGiverID) values("77470","29948");
insert into Nurse(employeeID,treatmentGiverID) values("60266","30373");
insert into Nurse(employeeID,treatmentGiverID) values("80388","30498");
insert into Nurse(employeeID,treatmentGiverID) values("78072","30594");
insert into Nurse(employeeID,treatmentGiverID) values("11527","31320");
insert into Nurse(employeeID,treatmentGiverID) values("76506","31353");
insert into Nurse(employeeID,treatmentGiverID) values("97034","33220");
insert into Nurse(employeeID,treatmentGiverID) values("48934","33461");
insert into Nurse(employeeID,treatmentGiverID) values("76553","33779");
insert into Nurse(employeeID,treatmentGiverID) values("70396","37479");
insert into Nurse(employeeID,treatmentGiverID) values("59876","38398");
insert into Nurse(employeeID,treatmentGiverID) values("80820","39923");
insert into Nurse(employeeID,treatmentGiverID) values("27488","41141");
insert into Nurse(employeeID,treatmentGiverID) values("97474","41767");
insert into Nurse(employeeID,treatmentGiverID) values("43144","42861");
insert into Nurse(employeeID,treatmentGiverID) values("96649","45099");
insert into Nurse(employeeID,treatmentGiverID) values("38845","45416");
insert into Nurse(employeeID,treatmentGiverID) values("71484","47159");
insert into Nurse(employeeID,treatmentGiverID) values("86251","49423");
insert into Nurse(employeeID,treatmentGiverID) values("3696","52834");
insert into Nurse(employeeID,treatmentGiverID) values("49108","52993");
insert into Nurse(employeeID,treatmentGiverID) values("97855","54347");
insert into Nurse(employeeID,treatmentGiverID) values("62762","55422");
insert into Nurse(employeeID,treatmentGiverID) values("92745","55440");
insert into Nurse(employeeID,treatmentGiverID) values("95448","56489");
insert into Nurse(employeeID,treatmentGiverID) values("79196","56892");
insert into Nurse(employeeID,treatmentGiverID) values("41599","57754");
insert into Nurse(employeeID,treatmentGiverID) values("97812","58566");
insert into Nurse(employeeID,treatmentGiverID) values("13771","58577");
insert into Nurse(employeeID,treatmentGiverID) values("46164","64004");
insert into Nurse(employeeID,treatmentGiverID) values("24120","65255");
insert into Nurse(employeeID,treatmentGiverID) values("91686","67791");
insert into Nurse(employeeID,treatmentGiverID) values("41674","67874");
insert into Nurse(employeeID,treatmentGiverID) values("80806","72793");
insert into Nurse(employeeID,treatmentGiverID) values("95302","75513");
insert into Nurse(employeeID,treatmentGiverID) values("74505","75634");
insert into Nurse(employeeID,treatmentGiverID) values("22634","80134");
insert into Nurse(employeeID,treatmentGiverID) values("45476","81047");
insert into Nurse(employeeID,treatmentGiverID) values("7393","81168");
insert into Nurse(employeeID,treatmentGiverID) values("95120","86624");
insert into Nurse(employeeID,treatmentGiverID) values("87057","88377");
insert into Nurse(employeeID,treatmentGiverID) values("77454","91354");
insert into Nurse(employeeID,treatmentGiverID) values("92510","95168");
insert into Nurse(employeeID,treatmentGiverID) values("13713","95986");
insert into Nurse(employeeID,treatmentGiverID) values("23172","98639");
insert into Nurse(employeeID,treatmentGiverID) values("32807","98776");
insert into Doctor(employeeID,treatmentGiverID) values("59176","246");
insert into Doctor(employeeID,treatmentGiverID) values("37217","4167");
insert into Doctor(employeeID,treatmentGiverID) values("86251","5112");
insert into Doctor(employeeID,treatmentGiverID) values("31599","5598");
insert into Doctor(employeeID,treatmentGiverID) values("66868","6076");
insert into Doctor(employeeID,treatmentGiverID) values("97855","7426");
insert into Doctor(employeeID,treatmentGiverID) values("3063","11804");
insert into Doctor(employeeID,treatmentGiverID) values("96649","12460");
insert into Doctor(employeeID,treatmentGiverID) values("97474","16839");
insert into Doctor(employeeID,treatmentGiverID) values("76506","17006");
insert into Doctor(employeeID,treatmentGiverID) values("92745","18520");
insert into Doctor(employeeID,treatmentGiverID) values("52985","23002");
insert into Doctor(employeeID,treatmentGiverID) values("41599","24160");
insert into Doctor(employeeID,treatmentGiverID) values("95120","27307");
insert into Doctor(employeeID,treatmentGiverID) values("87057","27444");
insert into Doctor(employeeID,treatmentGiverID) values("59876","28289");
insert into Doctor(employeeID,treatmentGiverID) values("53612","28410");
insert into Doctor(employeeID,treatmentGiverID) values("95302","29948");
insert into Doctor(employeeID,treatmentGiverID) values("74505","30373");
insert into Doctor(employeeID,treatmentGiverID) values("34165","31320");
insert into Doctor(employeeID,treatmentGiverID) values("88365","33220");
insert into Doctor(employeeID,treatmentGiverID) values("2439","33779");
insert into Doctor(employeeID,treatmentGiverID) values("80820","38398");
insert into Doctor(employeeID,treatmentGiverID) values("38287","39923");
insert into Doctor(employeeID,treatmentGiverID) values("46407","41767");
insert into Doctor(employeeID,treatmentGiverID) values("70396","44840");
insert into Doctor(employeeID,treatmentGiverID) values("78370","45099");
insert into Doctor(employeeID,treatmentGiverID) values("71484","47159");
insert into Doctor(employeeID,treatmentGiverID) values("47860","49173");
insert into Doctor(employeeID,treatmentGiverID) values("78072","51273");
insert into Doctor(employeeID,treatmentGiverID) values("9510","52993");
insert into Doctor(employeeID,treatmentGiverID) values("96124","53024");
insert into Doctor(employeeID,treatmentGiverID) values("95448","53306");
insert into Doctor(employeeID,treatmentGiverID) values("80806","54347");
insert into Doctor(employeeID,treatmentGiverID) values("41674","55440");
insert into Doctor(employeeID,treatmentGiverID) values("71666","55629");
insert into Doctor(employeeID,treatmentGiverID) values("80388","56489");
insert into Doctor(employeeID,treatmentGiverID) values("97812","56892");
insert into Doctor(employeeID,treatmentGiverID) values("79196","57754");
insert into Doctor(employeeID,treatmentGiverID) values("892","62788");
insert into Doctor(employeeID,treatmentGiverID) values("5648","64004");
insert into Doctor(employeeID,treatmentGiverID) values("62762","65255");
insert into Doctor(employeeID,treatmentGiverID) values("7393","67468");
insert into Doctor(employeeID,treatmentGiverID) values("52582","67874");
insert into Doctor(employeeID,treatmentGiverID) values("54892","75513");
insert into Doctor(employeeID,treatmentGiverID) values("74532","81168");
insert into Doctor(employeeID,treatmentGiverID) values("39031","86624");
insert into Doctor(employeeID,treatmentGiverID) values("9710","87979");
insert into Doctor(employeeID,treatmentGiverID) values("91686","88701");
insert into Doctor(employeeID,treatmentGiverID) values("92510","94170");
insert into Doctor(employeeID,treatmentGiverID) values("76553","95168");
insert into Doctor(employeeID,treatmentGiverID) values("13713","98639");
insert into Doctor(employeeID,treatmentGiverID) values("92067","98776");
insert into IsVolunteerRoom(roomDescription) values("Gift Shop");
insert into IsVolunteerRoom(roomDescription) values("Reading Cart");
insert into IsVolunteerRoom(roomDescription) values("Snack Cart");
insert into IsVolunteerRoom(roomDescription) values("Info Desk");
insert into InPatient(patientID) values("1423");
insert into InPatient(patientID) values("1840");
insert into InPatient(patientID) values("2731");
insert into InPatient(patientID) values("3759");
insert into InPatient(patientID) values("5762");
insert into InPatient(patientID) values("7662");
insert into InPatient(patientID) values("8607");
insert into InPatient(patientID) values("8714");
insert into InPatient(patientID) values("9025");
insert into InPatient(patientID) values("11525");
insert into InPatient(patientID) values("11554");
insert into InPatient(patientID) values("11737");
insert into InPatient(patientID) values("12106");
insert into InPatient(patientID) values("12819");
insert into InPatient(patientID) values("13200");
insert into InPatient(patientID) values("15174");
insert into InPatient(patientID) values("17230");
insert into InPatient(patientID) values("17391");
insert into InPatient(patientID) values("17579");
insert into InPatient(patientID) values("18075");
insert into InPatient(patientID) values("18829");
insert into InPatient(patientID) values("19486");
insert into InPatient(patientID) values("20332");
insert into InPatient(patientID) values("21522");
insert into InPatient(patientID) values("25455");
insert into InPatient(patientID) values("26160");
insert into InPatient(patientID) values("26541");
insert into InPatient(patientID) values("26610");
insert into InPatient(patientID) values("27495");
insert into InPatient(patientID) values("28290");
insert into InPatient(patientID) values("30013");
insert into InPatient(patientID) values("30713");
insert into InPatient(patientID) values("31032");
insert into InPatient(patientID) values("31554");
insert into InPatient(patientID) values("32536");
insert into InPatient(patientID) values("32926");
insert into InPatient(patientID) values("33074");
insert into InPatient(patientID) values("33753");
insert into InPatient(patientID) values("34215");
insert into InPatient(patientID) values("34509");
insert into InPatient(patientID) values("34626");
insert into InPatient(patientID) values("35004");
insert into InPatient(patientID) values("35049");
insert into InPatient(patientID) values("35106");
insert into InPatient(patientID) values("36122");
insert into InPatient(patientID) values("36442");
insert into InPatient(patientID) values("36476");
insert into InPatient(patientID) values("37616");
insert into InPatient(patientID) values("38170");
insert into InPatient(patientID) values("38616");
insert into InPatient(patientID) values("38755");
insert into InPatient(patientID) values("38805");
insert into InPatient(patientID) values("40821");
insert into InPatient(patientID) values("41721");
insert into InPatient(patientID) values("43205");
insert into InPatient(patientID) values("43595");
insert into InPatient(patientID) values("44014");
insert into InPatient(patientID) values("46271");
insert into InPatient(patientID) values("47151");
insert into InPatient(patientID) values("47214");
insert into InPatient(patientID) values("47331");
insert into InPatient(patientID) values("47876");
insert into InPatient(patientID) values("49545");
insert into InPatient(patientID) values("49753");
insert into InPatient(patientID) values("52769");
insert into InPatient(patientID) values("53246");
insert into InPatient(patientID) values("53600");
insert into InPatient(patientID) values("53635");
insert into InPatient(patientID) values("55141");
insert into InPatient(patientID) values("55917");
insert into InPatient(patientID) values("58086");
insert into InPatient(patientID) values("58464");
insert into InPatient(patientID) values("58660");
insert into InPatient(patientID) values("58815");
insert into InPatient(patientID) values("58903");
insert into InPatient(patientID) values("59248");
insert into InPatient(patientID) values("59337");
insert into InPatient(patientID) values("59352");
insert into InPatient(patientID) values("63118");
insert into InPatient(patientID) values("63292");
insert into InPatient(patientID) values("63715");
insert into InPatient(patientID) values("64823");
insert into InPatient(patientID) values("65151");
insert into InPatient(patientID) values("65503");
insert into InPatient(patientID) values("65516");
insert into InPatient(patientID) values("66134");
insert into InPatient(patientID) values("66938");
insert into InPatient(patientID) values("67258");
insert into InPatient(patientID) values("68501");
insert into InPatient(patientID) values("68598");
insert into InPatient(patientID) values("69068");
insert into InPatient(patientID) values("69366");
insert into InPatient(patientID) values("69694");
insert into InPatient(patientID) values("69807");
insert into InPatient(patientID) values("70432");
insert into InPatient(patientID) values("70753");
insert into InPatient(patientID) values("70887");
insert into InPatient(patientID) values("71899");
insert into InPatient(patientID) values("72105");
insert into InPatient(patientID) values("72483");
insert into InPatient(patientID) values("73417");
insert into InPatient(patientID) values("74209");
insert into InPatient(patientID) values("75151");
insert into InPatient(patientID) values("75668");
insert into InPatient(patientID) values("78585");
insert into InPatient(patientID) values("79555");
insert into InPatient(patientID) values("80459");
insert into InPatient(patientID) values("81472");
insert into InPatient(patientID) values("81682");
insert into InPatient(patientID) values("83622");
insert into InPatient(patientID) values("83876");
insert into InPatient(patientID) values("84269");
insert into InPatient(patientID) values("84543");
insert into InPatient(patientID) values("86961");
insert into InPatient(patientID) values("86965");
insert into InPatient(patientID) values("90639");
insert into InPatient(patientID) values("93726");
insert into InPatient(patientID) values("93744");
insert into InPatient(patientID) values("95472");
insert into InPatient(patientID) values("95830");
insert into InPatient(patientID) values("97676");
insert into InPatient(patientID) values("98529");
insert into InPatient(patientID) values("99117");
insert into diagnoses(doctorID,patientID,diagnosisID,name) values("96124","65151","8317","Prius's");
insert into diagnoses(doctorID,patientID,diagnosisID,name) values("95120","99362","567","plenitude");
insert into diagnoses(doctorID,patientID,diagnosisID,name) values("87057","40821","3503","Sloan");
insert into diagnoses(doctorID,patientID,diagnosisID,name) values("39031","30598","9218","chemists");
insert into diagnoses(doctorID,patientID,diagnosisID,name) values("13713","98556","5654","dispositions");
insert into diagnoses(doctorID,patientID,diagnosisID,name) values("97812","93726","4168","Castlereagh");
insert into diagnoses(doctorID,patientID,diagnosisID,name) values("53612","30013","3040","bitched");
insert into diagnoses(doctorID,patientID,diagnosisID,name) values("38287","35004","9436","Conan");
insert into diagnoses(doctorID,patientID,diagnosisID,name) values("70396","83876","3537","spume");
insert into diagnoses(doctorID,patientID,diagnosisID,name) values("86251","79555","7225","broomsticks");
insert into diagnoses(doctorID,patientID,diagnosisID,name) values("70396","1597","5734","olives");
insert into diagnoses(doctorID,patientID,diagnosisID,name) values("80388","26541","4490","chicle");
insert into diagnoses(doctorID,patientID,diagnosisID,name) values("80388","67980","4857","bitched");
insert into diagnoses(doctorID,patientID,diagnosisID,name) values("71484","93744","6808","alum's");
insert into diagnoses(doctorID,patientID,diagnosisID,name) values("13713","56335","5768","Kemp");
insert into diagnoses(doctorID,patientID,diagnosisID,name) values("66868","41721","4956","imperfect's");
insert into diagnoses(doctorID,patientID,diagnosisID,name) values("96124","63118","1000","Tuscon");
insert into diagnoses(doctorID,patientID,diagnosisID,name) values("52985","60794","9993","retake's");
insert into diagnoses(doctorID,patientID,diagnosisID,name) values("71666","72105","9024","Kemp");
insert into diagnoses(doctorID,patientID,diagnosisID,name) values("47860","44014","2880","Karin");
insert into diagnoses(doctorID,patientID,diagnosisID,name) values("88365","34635","8673","obduracy's");
insert into diagnoses(doctorID,patientID,diagnosisID,name) values("96124","34635","9035","Prius's");
insert into diagnoses(doctorID,patientID,diagnosisID,name) values("59876","70822","3545","Katmai");
insert into diagnoses(doctorID,patientID,diagnosisID,name) values("80806","83876","6661","obdurately");
insert into diagnoses(doctorID,patientID,diagnosisID,name) values("97812","70822","5896","Tuscon");
insert into diagnoses(doctorID,patientID,diagnosisID,name) values("80820","26541","5272","plenitude");
insert into diagnoses(doctorID,patientID,diagnosisID,name) values("66868","35561","3345","Tuscon");
insert into diagnoses(doctorID,patientID,diagnosisID,name) values("71666","68598","6937","nimble");
insert into diagnoses(doctorID,patientID,diagnosisID,name) values("92745","37893","2137","fetid");
insert into diagnoses(doctorID,patientID,diagnosisID,name) values("71666","72105","7016","cloud's");
insert into diagnoses(doctorID,patientID,diagnosisID,name) values("96124","61216","3404","edifice's");
insert into diagnoses(doctorID,patientID,diagnosisID,name) values("70396","67980","2077","Katmai");
insert into diagnoses(doctorID,patientID,diagnosisID,name) values("892","68501","541","Gordimer");
insert into diagnoses(doctorID,patientID,diagnosisID,name) values("80388","64823","1915","discrimination");
insert into diagnoses(doctorID,patientID,diagnosisID,name) values("31599","84378","7220","Prius's");
insert into diagnoses(doctorID,patientID,diagnosisID,name) values("46407","53600","7025","formulas");
insert into diagnoses(doctorID,patientID,diagnosisID,name) values("52985","1597","1229","tenors");
insert into diagnoses(doctorID,patientID,diagnosisID,name) values("92745","58660","9469","formulas");
insert into diagnoses(doctorID,patientID,diagnosisID,name) values("59176","64823","6260","murk");
insert into diagnoses(doctorID,patientID,diagnosisID,name) values("9510","17195","6586","sunless");
insert into diagnoses(doctorID,patientID,diagnosisID,name) values("66868","26610","6827","Karin");
insert into diagnoses(doctorID,patientID,diagnosisID,name) values("95120","98529","7096","broomsticks");
insert into diagnoses(doctorID,patientID,diagnosisID,name) values("92745","55179","4663","tenors");
insert into diagnoses(doctorID,patientID,diagnosisID,name) values("52985","30713","1779","chows");
insert into diagnoses(doctorID,patientID,diagnosisID,name) values("52582","77290","909","amnesiac");
insert into diagnoses(doctorID,patientID,diagnosisID,name) values("31599","83692","4910","starvation's");
insert into diagnoses(doctorID,patientID,diagnosisID,name) values("41674","80459","983","ancestry's");
insert into diagnoses(doctorID,patientID,diagnosisID,name) values("78072","17230","4264","urethras");
insert into diagnoses(doctorID,patientID,diagnosisID,name) values("95302","7662","2850","mellow");
insert into diagnoses(doctorID,patientID,diagnosisID,name) values("97812","61216","1785","plenitude");
insert into diagnoses(doctorID,patientID,diagnosisID,name) values("37217","93581","5517","wholeness's");
insert into diagnoses(doctorID,patientID,diagnosisID,name) values("892","37892","4045","Malthus's");
insert into diagnoses(doctorID,patientID,diagnosisID,name) values("13713","92654","8959","dissected");
insert into diagnoses(doctorID,patientID,diagnosisID,name) values("13713","99138","6230","bisectors");
insert into diagnoses(doctorID,patientID,diagnosisID,name) values("5648","55141","543","formulas");
insert into diagnoses(doctorID,patientID,diagnosisID,name) values("62762","2731","9207","trellised");
insert into diagnoses(doctorID,patientID,diagnosisID,name) values("76553","34509","7891","Karin");
insert into diagnoses(doctorID,patientID,diagnosisID,name) values("80820","46271","7324","Karin");
insert into diagnoses(doctorID,patientID,diagnosisID,name) values("41674","18829","9863","bitched");
insert into diagnoses(doctorID,patientID,diagnosisID,name) values("5648","34635","2114","Malthus's");
insert into diagnoses(doctorID,patientID,diagnosisID,name) values("31599","53600","3981","response");
insert into diagnoses(doctorID,patientID,diagnosisID,name) values("91686","79461","8179","ladyship's");
insert into diagnoses(doctorID,patientID,diagnosisID,name) values("41674","90639","7460","broncho's");
insert into diagnoses(doctorID,patientID,diagnosisID,name) values("97855","64823","2806","record");
insert into diagnoses(doctorID,patientID,diagnosisID,name) values("9710","41721","4426","bushwhackers");
insert into diagnoses(doctorID,patientID,diagnosisID,name) values("46407","17230","9106","tenors");
insert into diagnoses(doctorID,patientID,diagnosisID,name) values("52985","34215","1896","observed");
insert into diagnoses(doctorID,patientID,diagnosisID,name) values("76553","22064","4470","observed");
insert into diagnoses(doctorID,patientID,diagnosisID,name) values("96124","34635","7643","Karin");
insert into diagnoses(doctorID,patientID,diagnosisID,name) values("9510","77290","1892","pummeling");
insert into diagnoses(doctorID,patientID,diagnosisID,name) values("53612","56335","379","spirited");
insert into diagnoses(doctorID,patientID,diagnosisID,name) values("95302","69694","1731","ladyship's");
insert into diagnoses(doctorID,patientID,diagnosisID,name) values("76506","84543","6011","avidity");
insert into diagnoses(doctorID,patientID,diagnosisID,name) values("96124","93744","2656","obduracy's");
insert into diagnoses(doctorID,patientID,diagnosisID,name) values("92510","68598","1960","flaring");
insert into diagnoses(doctorID,patientID,diagnosisID,name) values("80806","84362","5596","wholeness's");
insert into diagnoses(doctorID,patientID,diagnosisID,name) values("87057","7662","6459","aperitifs");
insert into diagnoses(doctorID,patientID,diagnosisID,name) values("892","55917","1892","Tuscon");
insert into diagnoses(doctorID,patientID,diagnosisID,name) values("59176","52637","823","Prius's");
insert into diagnoses(doctorID,patientID,diagnosisID,name) values("86251","9163","5969","cloverleaf's");
insert into diagnoses(doctorID,patientID,diagnosisID,name) values("80820","78585","7008","Sloan");
insert into diagnoses(doctorID,patientID,diagnosisID,name) values("97855","92654","189","Conan");
insert into diagnoses(doctorID,patientID,diagnosisID,name) values("39031","52769","1394","Karin");
insert into diagnoses(doctorID,patientID,diagnosisID,name) values("70396","33753","1353","ladyship's");
insert into diagnoses(doctorID,patientID,diagnosisID,name) values("41599","98529","2711","Miaplacidus's");
insert into diagnoses(doctorID,patientID,diagnosisID,name) values("78370","70432","1482","avidity");
insert into diagnoses(doctorID,patientID,diagnosisID,name) values("80806","58464","6260","obduracy's");
insert into diagnoses(doctorID,patientID,diagnosisID,name) values("87057","84543","3518","alum's");
insert into diagnoses(doctorID,patientID,diagnosisID,name) values("74532","8299","7458","record");
insert into diagnoses(doctorID,patientID,diagnosisID,name) values("88365","35004","7884","uncleanness");
insert into diagnoses(doctorID,patientID,diagnosisID,name) values("95302","8714","5354","ordaining");
insert into diagnoses(doctorID,patientID,diagnosisID,name) values("80388","62724","2182","uncleanness");
insert into diagnoses(doctorID,patientID,diagnosisID,name) values("59176","53600","9148","flaring");
insert into diagnoses(doctorID,patientID,diagnosisID,name) values("41599","77290","692","crusty");
insert into diagnoses(doctorID,patientID,diagnosisID,name) values("88365","33753","7256","Yucatan");
insert into diagnoses(doctorID,patientID,diagnosisID,name) values("39031","55917","1311","niter's");
insert into diagnoses(doctorID,patientID,diagnosisID,name) values("41674","79461","1351","observed");
insert into diagnoses(doctorID,patientID,diagnosisID,name) values("79196","74698","3974","mousier");
insert into diagnoses(doctorID,patientID,diagnosisID,name) values("31599","22064","709","joviality");
insert into diagnoses(doctorID,patientID,diagnosisID,name) values("7393","21522","8800","bean");
insert into diagnoses(doctorID,patientID,diagnosisID,name) values("97474","28290","2538","instills");
insert into diagnoses(doctorID,patientID,diagnosisID,name) values("76506","43205","11","aperitifs");
insert into diagnoses(doctorID,patientID,diagnosisID,name) values("71484","60794","7812","oversensitive");
insert into diagnoses(doctorID,patientID,diagnosisID,name) values("62762","34509","2125","Conan");
insert into diagnoses(doctorID,patientID,diagnosisID,name) values("97855","60794","8510","starvation's");
insert into diagnoses(doctorID,patientID,diagnosisID,name) values("59176","78585","2680","blunts");
insert into diagnoses(doctorID,patientID,diagnosisID,name) values("95448","55917","5567","tiny");
insert into diagnoses(doctorID,patientID,diagnosisID,name) values("71484","44014","1776","seaman");
insert into diagnoses(doctorID,patientID,diagnosisID,name) values("97812","81472","9511","urethras");
insert into diagnoses(doctorID,patientID,diagnosisID,name) values("2439","8299","2801","starvation's");
insert into diagnoses(doctorID,patientID,diagnosisID,name) values("59876","93270","4668","undersea");
insert into diagnoses(doctorID,patientID,diagnosisID,name) values("80820","68598","5740","Sloan");
insert into diagnoses(doctorID,patientID,diagnosisID,name) values("86251","79555","7656","ladyship's");
insert into diagnoses(doctorID,patientID,diagnosisID,name) values("41674","43595","4404","crusty");
insert into diagnoses(doctorID,patientID,diagnosisID,name) values("59876","67980","4304","Malthus's");
insert into diagnoses(doctorID,patientID,diagnosisID,name) values("80820","98529","4211","observed");
insert into diagnoses(doctorID,patientID,diagnosisID,name) values("96649","65151","1615","solecism");
insert into diagnoses(doctorID,patientID,diagnosisID,name) values("97474","70432","4105","chemists");
insert into diagnoses(doctorID,patientID,diagnosisID,name) values("7393","13200","8579","chows");
insert into diagnoses(doctorID,patientID,diagnosisID,name) values("66868","55917","6939","brief's");
insert into diagnoses(doctorID,patientID,diagnosisID,name) values("87057","99138","5830","Conan");
insert into diagnoses(doctorID,patientID,diagnosisID,name) values("53612","7662","9062","niter's");
insert into diagnoses(doctorID,patientID,diagnosisID,name) values("5648","34215","275","uncleanness");
insert into diagnoses(doctorID,patientID,diagnosisID,name) values("66868","58660","4615","irreverence's");
insert into diagnoses(doctorID,patientID,diagnosisID,name) values("97474","63118","9216","record");
insert into diagnoses(doctorID,patientID,diagnosisID,name) values("97474","8299","1218","broncho's");
insert into diagnoses(doctorID,patientID,diagnosisID,name) values("53612","80459","3920","observed");
insert into diagnoses(doctorID,patientID,diagnosisID,name) values("41674","1597","3000","clothier's");
insert into diagnoses(doctorID,patientID,diagnosisID,name) values("59876","67980","8685","kitchen's");
insert into diagnoses(doctorID,patientID,diagnosisID,name) values("96649","55917","5869","pummeling");
insert into diagnoses(doctorID,patientID,diagnosisID,name) values("92510","44014","6528","obduracy's");
insert into diagnoses(doctorID,patientID,diagnosisID,name) values("74532","93744","9053","joviality");
insert into diagnoses(doctorID,patientID,diagnosisID,name) values("41674","46930","6594","ordaining");
insert into diagnoses(doctorID,patientID,diagnosisID,name) values("97474","52637","4718","dissected");
insert into diagnoses(doctorID,patientID,diagnosisID,name) values("9710","58903","8178","nimble");
insert into diagnoses(doctorID,patientID,diagnosisID,name) values("71484","30598","2517","uncleanness");
insert into diagnoses(doctorID,patientID,diagnosisID,name) values("95120","56335","6908","record");
insert into diagnoses(doctorID,patientID,diagnosisID,name) values("76506","44014","3030","oversensitive");
insert into diagnoses(doctorID,patientID,diagnosisID,name) values("80820","30598","5689","flaring");
insert into diagnoses(doctorID,patientID,diagnosisID,name) values("41599","8299","695","chemists");
insert into diagnoses(doctorID,patientID,diagnosisID,name) values("95302","49753","7","seaman");
insert into diagnoses(doctorID,patientID,diagnosisID,name) values("31599","59337","5739","blight");
insert into diagnoses(doctorID,patientID,diagnosisID,name) values("92067","9479","7560","undersea");
insert into diagnoses(doctorID,patientID,diagnosisID,name) values("59176","84543","2714","kitchen's");
insert into diagnoses(doctorID,patientID,diagnosisID,name) values("9710","7109","410","Malthus's");
insert into diagnoses(doctorID,patientID,diagnosisID,name) values("892","28290","2889","nimble");
insert into diagnoses(doctorID,patientID,diagnosisID,name) values("5648","93455","3962","undersea");
insert into diagnoses(doctorID,patientID,diagnosisID,name) values("5648","58660","9163","formulas");
insert into diagnoses(doctorID,patientID,diagnosisID,name) values("76506","35561","1424","retake's");
insert into diagnoses(doctorID,patientID,diagnosisID,name) values("52985","8299","7771","Tuscon");
insert into diagnoses(doctorID,patientID,diagnosisID,name) values("95302","25455","2049","uncleanness");
insert into diagnoses(doctorID,patientID,diagnosisID,name) values("59876","75151","9591","Malthus's");
insert into diagnoses(doctorID,patientID,diagnosisID,name) values("88365","58815","1128","pureeing");
insert into diagnoses(doctorID,patientID,diagnosisID,name) values("13713","55179","2276","aperitifs");
insert into diagnoses(doctorID,patientID,diagnosisID,name) values("9710","69366","388","broncho's");
insert into diagnoses(doctorID,patientID,diagnosisID,name) values("97812","68501","4416","jabs");
insert into diagnoses(doctorID,patientID,diagnosisID,name) values("52582","58249","226","segmentation's");
insert into diagnoses(doctorID,patientID,diagnosisID,name) values("9510","44014","4510","bisectors");
insert into diagnoses(doctorID,patientID,diagnosisID,name) values("80806","2731","3784","irreverence's");
insert into diagnoses(doctorID,patientID,diagnosisID,name) values("80806","93726","9141","rivalled");
insert into diagnoses(doctorID,patientID,diagnosisID,name) values("2439","83876","4753","indicate");
insert into diagnoses(doctorID,patientID,diagnosisID,name) values("31599","79464","5918","niter's");
insert into diagnoses(doctorID,patientID,diagnosisID,name) values("13713","33753","8285","joviality");
insert into diagnoses(doctorID,patientID,diagnosisID,name) values("96124","46930","9525","blunts");
insert into diagnoses(doctorID,patientID,diagnosisID,name) values("52985","53246","8930","broncho's");
insert into diagnoses(doctorID,patientID,diagnosisID,name) values("37217","79461","5912","flaring");
insert into diagnoses(doctorID,patientID,diagnosisID,name) values("38287","13200","3880","refusal");
insert into diagnoses(doctorID,patientID,diagnosisID,name) values("38287","9479","1102","starvation's");
insert into diagnoses(doctorID,patientID,diagnosisID,name) values("3063","37893","9151","ancestry's");
insert into diagnoses(doctorID,patientID,diagnosisID,name) values("41674","86961","1741","broomsticks");
insert into diagnoses(doctorID,patientID,diagnosisID,name) values("46407","7109","2292","Conan");
insert into diagnoses(doctorID,patientID,diagnosisID,name) values("86251","30013","3711","Photostatting");
insert into diagnoses(doctorID,patientID,diagnosisID,name) values("46407","81682","9385","ladyship's");
insert into diagnoses(doctorID,patientID,diagnosisID,name) values("66868","77290","5470","Prius's");
insert into diagnoses(doctorID,patientID,diagnosisID,name) values("46407","52637","271","tiny");
insert into diagnoses(doctorID,patientID,diagnosisID,name) values("47860","46930","8685","response");
insert into diagnoses(doctorID,patientID,diagnosisID,name) values("96124","46930","2800","cloud's");
insert into diagnoses(doctorID,patientID,diagnosisID,name) values("34165","38170","7774","chemists");
insert into diagnoses(doctorID,patientID,diagnosisID,name) values("892","17230","5836","seaman");
insert into diagnoses(doctorID,patientID,diagnosisID,name) values("2439","98529","4809","cloud's");
insert into diagnoses(doctorID,patientID,diagnosisID,name) values("80820","55179","7897","seaman");
insert into diagnoses(doctorID,patientID,diagnosisID,name) values("59176","55179","8597","pummeling");
insert into diagnoses(doctorID,patientID,diagnosisID,name) values("892","84362","1974","jackdaws");
insert into diagnoses(doctorID,patientID,diagnosisID,name) values("41599","69694","197","starvation's");
insert into diagnoses(doctorID,patientID,diagnosisID,name) values("53612","64823","5262","deliberately");
insert into diagnoses(doctorID,patientID,diagnosisID,name) values("80820","34215","6829","broncho's");
insert into diagnoses(doctorID,patientID,diagnosisID,name) values("37217","52769","8944","edifice's");
insert into diagnoses(doctorID,patientID,diagnosisID,name) values("54892","75151","8726","murk");
insert into diagnoses(doctorID,patientID,diagnosisID,name) values("88365","40821","6868","McCartney's");
insert into diagnoses(doctorID,patientID,diagnosisID,name) values("80806","37893","5513","joviality");
insert into diagnoses(doctorID,patientID,diagnosisID,name) values("52582","69807","6997","howl");
insert into diagnoses(doctorID,patientID,diagnosisID,name) values("92510","34635","6058","instills");
insert into diagnoses(doctorID,patientID,diagnosisID,name) values("95120","26610","8829","segmentation's");
insert into diagnoses(doctorID,patientID,diagnosisID,name) values("80806","56335","3914","olives");
insert into diagnoses(doctorID,patientID,diagnosisID,name) values("86251","35004","4319","decommission");
insert into diagnoses(doctorID,patientID,diagnosisID,name) values("41599","78585","6214","bitched");
insert into diagnoses(doctorID,patientID,diagnosisID,name) values("54892","43205","2678","kitchen's");
insert into diagnoses(doctorID,patientID,diagnosisID,name) values("37217","77290","3092","cloud's");
insert into diagnoses(doctorID,patientID,diagnosisID,name) values("87057","70432","5199","ancestry's");
insert into diagnoses(doctorID,patientID,diagnosisID,name) values("96124","47876","4961","tiny");
insert into AssignedTo(doctorID,patientID) values("2439","2731");
insert into AssignedTo(doctorID,patientID) values("7393","1423");
insert into AssignedTo(doctorID,patientID) values("892","37893");
insert into AssignedTo(doctorID,patientID) values("892","81878");
insert into AssignedTo(doctorID,patientID) values("2439","43205");
insert into AssignedTo(doctorID,patientID) values("3063","32926");
insert into AssignedTo(doctorID,patientID) values("3063","41371");
insert into AssignedTo(doctorID,patientID) values("3063","41721");
insert into AssignedTo(doctorID,patientID) values("47860","7109");
insert into AssignedTo(doctorID,patientID) values("52985","5762");
insert into AssignedTo(doctorID,patientID) values("54892","9479");
insert into AssignedTo(doctorID,patientID) values("5648","57352");
insert into AssignedTo(doctorID,patientID) values("70396","9163");
insert into AssignedTo(doctorID,patientID) values("70396","9479");
insert into AssignedTo(doctorID,patientID) values("71484","9479");
insert into AssignedTo(doctorID,patientID) values("7393","62684");
insert into AssignedTo(doctorID,patientID) values("7393","67258");
insert into AssignedTo(doctorID,patientID) values("74505","9479");
insert into AssignedTo(doctorID,patientID) values("86251","3759");
insert into AssignedTo(doctorID,patientID) values("92510","5762");
insert into AssignedTo(doctorID,patientID) values("9510","12106");
insert into AssignedTo(doctorID,patientID) values("9510","13700");
insert into AssignedTo(doctorID,patientID) values("9510","35561");
insert into AssignedTo(doctorID,patientID) values("9510","46271");
insert into AssignedTo(doctorID,patientID) values("9510","47214");
insert into AssignedTo(doctorID,patientID) values("9510","83692");
insert into AssignedTo(doctorID,patientID) values("9510","88629");
insert into AssignedTo(doctorID,patientID) values("95302","8607");
insert into AssignedTo(doctorID,patientID) values("95448","1840");
insert into AssignedTo(doctorID,patientID) values("9710","33822");
insert into AssignedTo(doctorID,patientID) values("9710","58295");
insert into AssignedTo(doctorID,patientID) values("9710","63292");
insert into AssignedTo(doctorID,patientID) values("9710","90639");
insert into AssignedTo(doctorID,patientID) values("13713","16991");
insert into AssignedTo(doctorID,patientID) values("13713","30713");
insert into AssignedTo(doctorID,patientID) values("13713","37892");
insert into AssignedTo(doctorID,patientID) values("13713","38170");
insert into AssignedTo(doctorID,patientID) values("13713","58295");
insert into AssignedTo(doctorID,patientID) values("31599","37893");
insert into AssignedTo(doctorID,patientID) values("31599","80459");
insert into AssignedTo(doctorID,patientID) values("34165","35004");
insert into AssignedTo(doctorID,patientID) values("34165","81682");
insert into AssignedTo(doctorID,patientID) values("37217","13200");
insert into AssignedTo(doctorID,patientID) values("37217","69198");
insert into AssignedTo(doctorID,patientID) values("37217","84378");
insert into AssignedTo(doctorID,patientID) values("37217","99362");
insert into AssignedTo(doctorID,patientID) values("38287","80459");
insert into AssignedTo(doctorID,patientID) values("39031","31032");
insert into AssignedTo(doctorID,patientID) values("39031","79555");
insert into AssignedTo(doctorID,patientID) values("41599","11554");
insert into AssignedTo(doctorID,patientID) values("41599","27114");
insert into AssignedTo(doctorID,patientID) values("41599","78585");
insert into AssignedTo(doctorID,patientID) values("41599","81682");
insert into AssignedTo(doctorID,patientID) values("41599","99117");
insert into AssignedTo(doctorID,patientID) values("41674","20127");
insert into AssignedTo(doctorID,patientID) values("41674","27493");
insert into AssignedTo(doctorID,patientID) values("41674","41721");
insert into AssignedTo(doctorID,patientID) values("41674","59248");
insert into AssignedTo(doctorID,patientID) values("41674","60794");
insert into AssignedTo(doctorID,patientID) values("41674","83218");
insert into AssignedTo(doctorID,patientID) values("66868","31032");
insert into AssignedTo(doctorID,patientID) values("59876","50211");
insert into AssignedTo(doctorID,patientID) values("59176","49545");
insert into AssignedTo(doctorID,patientID) values("53612","79461");
insert into AssignedTo(doctorID,patientID) values("74532","12106");
insert into AssignedTo(doctorID,patientID) values("46407","79461");
insert into AssignedTo(doctorID,patientID) values("95302","46930");
insert into AssignedTo(doctorID,patientID) values("74532","15174");
insert into AssignedTo(doctorID,patientID) values("87057","55141");
insert into AssignedTo(doctorID,patientID) values("97812","60794");
insert into AssignedTo(doctorID,patientID) values("70396","18075");
insert into AssignedTo(doctorID,patientID) values("74532","49545");
insert into AssignedTo(doctorID,patientID) values("62762","80459");
insert into AssignedTo(doctorID,patientID) values("78072","65516");
insert into AssignedTo(doctorID,patientID) values("92510","74698");
insert into AssignedTo(doctorID,patientID) values("52985","92654");
insert into AssignedTo(doctorID,patientID) values("71484","57352");
insert into AssignedTo(doctorID,patientID) values("71666","90639");
insert into AssignedTo(doctorID,patientID) values("46407","83201");
insert into AssignedTo(doctorID,patientID) values("52985","70887");
insert into AssignedTo(doctorID,patientID) values("91686","62724");
insert into AssignedTo(doctorID,patientID) values("71484","28290");
insert into AssignedTo(doctorID,patientID) values("80388","13048");
insert into AssignedTo(doctorID,patientID) values("46407","62724");
insert into AssignedTo(doctorID,patientID) values("80820","63118");
insert into AssignedTo(doctorID,patientID) values("97474","18075");
insert into AssignedTo(doctorID,patientID) values("97474","62684");
insert into AssignedTo(doctorID,patientID) values("86251","38616");
insert into AssignedTo(doctorID,patientID) values("78072","58249");
insert into AssignedTo(doctorID,patientID) values("53612","47331");
insert into AssignedTo(doctorID,patientID) values("78072","55179");
insert into AssignedTo(doctorID,patientID) values("74505","75151");
insert into AssignedTo(doctorID,patientID) values("97855","26610");
insert into AssignedTo(doctorID,patientID) values("62762","69807");
insert into AssignedTo(doctorID,patientID) values("96124","35106");
insert into AssignedTo(doctorID,patientID) values("87057","21522");
insert into AssignedTo(doctorID,patientID) values("76553","92087");
insert into AssignedTo(doctorID,patientID) values("70396","81472");
insert into AssignedTo(doctorID,patientID) values("80820","59248");
insert into AssignedTo(doctorID,patientID) values("92510","47331");
insert into AssignedTo(doctorID,patientID) values("78072","40821");
insert into AssignedTo(doctorID,patientID) values("59876","70887");
insert into AssignedTo(doctorID,patientID) values("95302","59352");
insert into AssignedTo(doctorID,patientID) values("91686","68501");
insert into AssignedTo(doctorID,patientID) values("95120","13048");
insert into AssignedTo(doctorID,patientID) values("97474","59248");
insert into AssignedTo(doctorID,patientID) values("71484","93455");
insert into AssignedTo(doctorID,patientID) values("74505","53600");
insert into AssignedTo(doctorID,patientID) values("52582","57460");
insert into AssignedTo(doctorID,patientID) values("92510","79555");
insert into AssignedTo(doctorID,patientID) values("95302","55141");
insert into AssignedTo(doctorID,patientID) values("70396","27495");
insert into AssignedTo(doctorID,patientID) values("96649","50211");
insert into AssignedTo(doctorID,patientID) values("92510","83622");
insert into AssignedTo(doctorID,patientID) values("78072","69807");
insert into AssignedTo(doctorID,patientID) values("53612","21365");
insert into AssignedTo(doctorID,patientID) values("95448","34635");
insert into AssignedTo(doctorID,patientID) values("95302","58464");
insert into AssignedTo(doctorID,patientID) values("76553","58295");
insert into AssignedTo(doctorID,patientID) values("96124","46930");
insert into AssignedTo(doctorID,patientID) values("47860","61216");
insert into AssignedTo(doctorID,patientID) values("96124","41721");
insert into AssignedTo(doctorID,patientID) values("92745","69364");
insert into AssignedTo(doctorID,patientID) values("52582","26541");
insert into AssignedTo(doctorID,patientID) values("76553","59248");
insert into AssignedTo(doctorID,patientID) values("80806","74209");
insert into AssignedTo(doctorID,patientID) values("76553","40821");
insert into AssignedTo(doctorID,patientID) values("47860","69162");
insert into AssignedTo(doctorID,patientID) values("95448","74698");
insert into AssignedTo(doctorID,patientID) values("46407","12819");
insert into AssignedTo(doctorID,patientID) values("59876","55917");
insert into AssignedTo(doctorID,patientID) values("91686","47151");
insert into AssignedTo(doctorID,patientID) values("97474","20332");
insert into AssignedTo(doctorID,patientID) values("66868","83876");
insert into AssignedTo(doctorID,patientID) values("97474","55141");
insert into AssignedTo(doctorID,patientID) values("47860","88629");
insert into AssignedTo(doctorID,patientID) values("92745","69200");
insert into AssignedTo(doctorID,patientID) values("54892","79464");
insert into AssignedTo(doctorID,patientID) values("96124","59337");
insert into AssignedTo(doctorID,patientID) values("96124","55141");
insert into AssignedTo(doctorID,patientID) values("78370","81472");
insert into AssignedTo(doctorID,patientID) values("74505","93559");
insert into AssignedTo(doctorID,patientID) values("96124","86965");
insert into AssignedTo(doctorID,patientID) values("62762","43595");
insert into AssignedTo(doctorID,patientID) values("92067","35004");
insert into AssignedTo(doctorID,patientID) values("96124","16991");
insert into AssignedTo(doctorID,patientID) values("97474","31032");
insert into AssignedTo(doctorID,patientID) values("52985","81682");
insert into AssignedTo(doctorID,patientID) values("71484","34626");
insert into AssignedTo(doctorID,patientID) values("79196","73417");
insert into AssignedTo(doctorID,patientID) values("92510","26487");
insert into AssignedTo(doctorID,patientID) values("95120","58464");
insert into AssignedTo(doctorID,patientID) values("91686","37616");
insert into AssignedTo(doctorID,patientID) values("46407","16991");
insert into AssignedTo(doctorID,patientID) values("97855","95472");
insert into AssignedTo(doctorID,patientID) values("96124","69200");
insert into AssignedTo(doctorID,patientID) values("80806","26521");
insert into AssignedTo(doctorID,patientID) values("91686","26487");
insert into AssignedTo(doctorID,patientID) values("87057","69068");
insert into AssignedTo(doctorID,patientID) values("97474","40821");
insert into AssignedTo(doctorID,patientID) values("79196","99117");
insert into AssignedTo(doctorID,patientID) values("97855","32536");
insert into AssignedTo(doctorID,patientID) values("71666","83622");
insert into AssignedTo(doctorID,patientID) values("86251","55179");
insert into AssignedTo(doctorID,patientID) values("74505","37616");
insert into AssignedTo(doctorID,patientID) values("46407","35561");
insert into AssignedTo(doctorID,patientID) values("92067","80459");
insert into AssignedTo(doctorID,patientID) values("71484","84378");
insert into AssignedTo(doctorID,patientID) values("53612","69366");
insert into AssignedTo(doctorID,patientID) values("92067","34635");
insert into AssignedTo(doctorID,patientID) values("95448","11525");
insert into AssignedTo(doctorID,patientID) values("86251","12819");
insert into AssignedTo(doctorID,patientID) values("76506","84543");
insert into AssignedTo(doctorID,patientID) values("87057","83622");
insert into AssignedTo(doctorID,patientID) values("52582","74209");
insert into AssignedTo(doctorID,patientID) values("53612","58295");
insert into AssignedTo(doctorID,patientID) values("97474","75668");
insert into AssignedTo(doctorID,patientID) values("52985","99362");
insert into AssignedTo(doctorID,patientID) values("76553","27495");
insert into AssignedTo(doctorID,patientID) values("80820","47876");
insert into AssignedTo(doctorID,patientID) values("62762","11554");
insert into AssignedTo(doctorID,patientID) values("79196","17391");
insert into AssignedTo(doctorID,patientID) values("71666","74209");
insert into AssignedTo(doctorID,patientID) values("76506","69200");
insert into AssignedTo(doctorID,patientID) values("66868","25455");
insert into AssignedTo(doctorID,patientID) values("71484","67258");
insert into AssignedTo(doctorID,patientID) values("97855","35004");
insert into AssignedTo(doctorID,patientID) values("92745","28240");
insert into AssignedTo(doctorID,patientID) values("52985","58464");
insert into AssignedTo(doctorID,patientID) values("53612","59337");
insert into AssignedTo(doctorID,patientID) values("74532","18075");
insert into AssignedTo(doctorID,patientID) values("78072","90639");
insert into AssignedTo(doctorID,patientID) values("52985","36442");
insert into AssignedTo(doctorID,patientID) values("54892","86909");
insert into AssignedTo(doctorID,patientID) values("95448","81878");
insert into AssignedTo(doctorID,patientID) values("97855","59248");
insert into AssignedTo(doctorID,patientID) values("71484","83692");
insert into AssignedTo(doctorID,patientID) values("88365","28240");
insert into AssignedTo(doctorID,patientID) values("88365","55590");
insert into AdmittingDoctor(employeeID) values("2439");
insert into AdmittingDoctor(employeeID) values("3063");
insert into AdmittingDoctor(employeeID) values("7393");
insert into AdmittingDoctor(employeeID) values("13713");
insert into AdmittingDoctor(employeeID) values("31599");
insert into AdmittingDoctor(employeeID) values("34165");
insert into AdmittingDoctor(employeeID) values("38287");
insert into AdmittingDoctor(employeeID) values("39031");
insert into AdmittingDoctor(employeeID) values("41674");
insert into AdmittingDoctor(employeeID) values("46407");
insert into AdmittingDoctor(employeeID) values("47860");
insert into AdmittingDoctor(employeeID) values("52985");
insert into AdmittingDoctor(employeeID) values("54892");
insert into AdmittingDoctor(employeeID) values("59176");
insert into AdmittingDoctor(employeeID) values("59876");
insert into AdmittingDoctor(employeeID) values("70396");
insert into AdmittingDoctor(employeeID) values("71484");
insert into AdmittingDoctor(employeeID) values("71666");
insert into AdmittingDoctor(employeeID) values("74505");
insert into AdmittingDoctor(employeeID) values("74532");
insert into AdmittingDoctor(employeeID) values("76553");
insert into AdmittingDoctor(employeeID) values("78072");
insert into AdmittingDoctor(employeeID) values("79196");
insert into AdmittingDoctor(employeeID) values("80388");
insert into AdmittingDoctor(employeeID) values("80806");
insert into AdmittingDoctor(employeeID) values("80820");
insert into AdmittingDoctor(employeeID) values("88365");
insert into AdmittingDoctor(employeeID) values("91686");
insert into AdmittingDoctor(employeeID) values("92067");
insert into AdmittingDoctor(employeeID) values("92510");
insert into AdmittingDoctor(employeeID) values("92745");
insert into AdmittingDoctor(employeeID) values("95302");
insert into AdmittingDoctor(employeeID) values("95448");
insert into AdmittingDoctor(employeeID) values("96124");
insert into AdmittingDoctor(employeeID) values("97812");
insert into Admits_temp(employeeID,patientID) values("7393","55141");
insert into Admits_temp(employeeID,patientID) values("97812","38805");
insert into Admits_temp(employeeID,patientID) values("97812","53246");
insert into Admits_temp(employeeID,patientID) values("95448","31554");
insert into Admits_temp(employeeID,patientID) values("52985","34626");
insert into Admits_temp(employeeID,patientID) values("80388","38755");
insert into Admits_temp(employeeID,patientID) values("7393","68501");
insert into Admits_temp(employeeID,patientID) values("3063","21522");
insert into Admits_temp(employeeID,patientID) values("91686","67258");
insert into Admits_temp(employeeID,patientID) values("97812","65151");
insert into Admits_temp(employeeID,patientID) values("2439","98529");
insert into Admits_temp(employeeID,patientID) values("38287","34215");
insert into Admits_temp(employeeID,patientID) values("74505","25455");
insert into Admits_temp(employeeID,patientID) values("39031","59337");
insert into Admits_temp(employeeID,patientID) values("80806","35004");
insert into Admits_temp(employeeID,patientID) values("54892","3759");
insert into Admits_temp(employeeID,patientID) values("71484","12819");
insert into Admits_temp(employeeID,patientID) values("96124","83876");
insert into Admits_temp(employeeID,patientID) values("71484","81472");
insert into Admits_temp(employeeID,patientID) values("59176","97676");
insert into Admits_temp(employeeID,patientID) values("78072","9025");
insert into Admits_temp(employeeID,patientID) values("95302","73417");
insert into Admits_temp(employeeID,patientID) values("92067","38616");
insert into Admits_temp(employeeID,patientID) values("79196","32536");
insert into Admits_temp(employeeID,patientID) values("92510","70432");
insert into Admits_temp(employeeID,patientID) values("46407","47151");
insert into Admits_temp(employeeID,patientID) values("34165","72483");
insert into Admits_temp(employeeID,patientID) values("80388","69694");
insert into Admits_temp(employeeID,patientID) values("92745","63715");
insert into Admits_temp(employeeID,patientID) values("7393","69068");
insert into Admits_temp(employeeID,patientID) values("92745","7662");
insert into Admits_temp(employeeID,patientID) values("92745","55141");
insert into Admits_temp(employeeID,patientID) values("38287","47151");
insert into Admits_temp(employeeID,patientID) values("70396","2731");
insert into Admits_temp(employeeID,patientID) values("34165","63118");
insert into Admits_temp(employeeID,patientID) values("91686","31032");
insert into Admits_temp(employeeID,patientID) values("88365","26610");
insert into Admits_temp(employeeID,patientID) values("34165","46271");
insert into Admits_temp(employeeID,patientID) values("74505","63292");
insert into Admits_temp(employeeID,patientID) values("71666","97676");
insert into Admits_temp(employeeID,patientID) values("74505","65516");
insert into Admits_temp(employeeID,patientID) values("38287","70753");
insert into Admits_temp(employeeID,patientID) values("46407","36476");
insert into Admits_temp(employeeID,patientID) values("92067","47876");
insert into Admits_temp(employeeID,patientID) values("74532","13200");
insert into Admits_temp(employeeID,patientID) values("46407","53600");
insert into Admits_temp(employeeID,patientID) values("92067","12106");
insert into Admits_temp(employeeID,patientID) values("39031","81682");
insert into Admits_temp(employeeID,patientID) values("80820","43595");
insert into Admits_temp(employeeID,patientID) values("47860","69366");
insert into Admits_temp(employeeID,patientID) values("80806","7662");
insert into Admits_temp(employeeID,patientID) values("80820","81682");
insert into Admits_temp(employeeID,patientID) values("95448","38616");
insert into Admits_temp(employeeID,patientID) values("95302","28290");
insert into Admits_temp(employeeID,patientID) values("79196","26160");
insert into Admits_temp(employeeID,patientID) values("52985","47876");
insert into Admits_temp(employeeID,patientID) values("7393","58464");
insert into Admits_temp(employeeID,patientID) values("80388","30713");
insert into Admits_temp(employeeID,patientID) values("3063","93726");
insert into Admits_temp(employeeID,patientID) values("80388","18075");
insert into Admits_temp(employeeID,patientID) values("80388","34509");
insert into Admits_temp(employeeID,patientID) values("46407","49753");
insert into Admits_temp(employeeID,patientID) values("34165","7662");
insert into Admits_temp(employeeID,patientID) values("3063","69366");
insert into Admits_temp(employeeID,patientID) values("70396","78585");
insert into Admits_temp(employeeID,patientID) values("31599","71899");
insert into Admits_temp(employeeID,patientID) values("31599","28290");
insert into Admits_temp(employeeID,patientID) values("59176","3759");
insert into Admits_temp(employeeID,patientID) values("78072","80459");
insert into Admits_temp(employeeID,patientID) values("31599","21522");
insert into Admits_temp(employeeID,patientID) values("71666","70432");
insert into Admits_temp(employeeID,patientID) values("88365","5762");
insert into Admits_temp(employeeID,patientID) values("54892","58086");
insert into Admits_temp(employeeID,patientID) values("74505","33074");
insert into Admits_temp(employeeID,patientID) values("46407","83622");
insert into Admits_temp(employeeID,patientID) values("54892","28290");
insert into Admits_temp(employeeID,patientID) values("97812","73417");
insert into Admits_temp(employeeID,patientID) values("74505","3759");
insert into Admits_temp(employeeID,patientID) values("46407","12819");
insert into Admits_temp(employeeID,patientID) values("59176","8714");
insert into Admits_temp(employeeID,patientID) values("39031","74209");
insert into Admits_temp(employeeID,patientID) values("41674","84269");
insert into Admits_temp(employeeID,patientID) values("74505","59248");
insert into Admits_temp(employeeID,patientID) values("74532","63715");
insert into Admits_temp(employeeID,patientID) values("88365","43205");
insert into Admits_temp(employeeID,patientID) values("54892","69366");
insert into Admits_temp(employeeID,patientID) values("95302","28290");
insert into Admits_temp(employeeID,patientID) values("96124","53635");
insert into Admits_temp(employeeID,patientID) values("3063","64823");
insert into Admits_temp(employeeID,patientID) values("47860","28290");
insert into Admits_temp(employeeID,patientID) values("31599","70753");
insert into Admits_temp(employeeID,patientID) values("46407","83876");
insert into Admits_temp(employeeID,patientID) values("74505","38755");
insert into Admits_temp(employeeID,patientID) values("80388","38170");
insert into Admits_temp(employeeID,patientID) values("80388","84269");
insert into Admits_temp(employeeID,patientID) values("74532","35049");
insert into Admits_temp(employeeID,patientID) values("71484","9025");
insert into Admits_temp(employeeID,patientID) values("13713","78585");
insert into Admits_temp(employeeID,patientID) values("74505","8607");
insert into Admits_temp(employeeID,patientID) values("39031","86961");
insert into Admits_temp(employeeID,patientID) values("78072","38170");
insert into Admits_temp(employeeID,patientID) values("88365","15174");
insert into Admits_temp(employeeID,patientID) values("91686","68598");
insert into Admits_temp(employeeID,patientID) values("38287","27495");
insert into Admits_temp(employeeID,patientID) values("79196","17579");
insert into Admits_temp(employeeID,patientID) values("2439","81472");
insert into Admits_temp(employeeID,patientID) values("47860","84269");
insert into Admits_temp(employeeID,patientID) values("46407","47214");
insert into Admits_temp(employeeID,patientID) values("88365","70887");
insert into Admits_temp(employeeID,patientID) values("71666","70432");
insert into Admits_temp(employeeID,patientID) values("92510","1840");
insert into Admits_temp(employeeID,patientID) values("95302","80459");
insert into Admits_temp(employeeID,patientID) values("71666","70753");
insert into Admits_temp(employeeID,patientID) values("74505","33074");
insert into Admits_temp(employeeID,patientID) values("46407","47151");
insert into Admits_temp(employeeID,patientID) values("41674","80459");
insert into Admits_temp(employeeID,patientID) values("97812","65151");
insert into Admits_temp(employeeID,patientID) values("92510","69068");
insert into Admits_temp(employeeID,patientID) values("92510","70753");
insert into Admits_temp(employeeID,patientID) values("71666","63715");
insert into Admits_temp(employeeID,patientID) values("78072","63118");
insert into Admits_temp(employeeID,patientID) values("71666","18075");
insert into Admits_temp(employeeID,patientID) values("97812","64823");
insert into Admits_temp(employeeID,patientID) values("91686","17579");
insert into Admits_temp(employeeID,patientID) values("80388","20332");
insert into Admits_temp(employeeID,patientID) values("76553","26610");
insert into Admits_temp(employeeID,patientID) values("95448","72105");
insert into Admits_temp(employeeID,patientID) values("13713","75668");
insert into Admits_temp(employeeID,patientID) values("2439","70753");
insert into Admits_temp(employeeID,patientID) values("39031","83622");
insert into Admits_temp(employeeID,patientID) values("92745","74209");
insert into Admits_temp(employeeID,patientID) values("80820","66938");
insert into Admits_temp(employeeID,patientID) values("91686","1423");
insert into Admits_temp(employeeID,patientID) values("92745","78585");
insert into Admits_temp(employeeID,patientID) values("71666","38170");
insert into Admits_temp(employeeID,patientID) values("97812","17579");
insert into Admits_temp(employeeID,patientID) values("74505","19486");
insert into Admits_temp(employeeID,patientID) values("70396","32926");
insert into Admits_temp(employeeID,patientID) values("41674","38755");
insert into Admits_temp(employeeID,patientID) values("97812","70432");
insert into Admits_temp(employeeID,patientID) values("39031","70887");
insert into Admits_temp(employeeID,patientID) values("80820","34215");
insert into Admits_temp(employeeID,patientID) values("80388","17230");
insert into Admits_temp(employeeID,patientID) values("79196","69068");
insert into Admits_temp(employeeID,patientID) values("3063","79555");
insert into Admits_temp(employeeID,patientID) values("92745","59337");
insert into Admits_temp(employeeID,patientID) values("31599","68598");
insert into Admits_temp(employeeID,patientID) values("2439","38755");
insert into Admits_temp(employeeID,patientID) values("13713","86961");
insert into Admits_temp(employeeID,patientID) values("92510","46271");
insert into Admits_temp(employeeID,patientID) values("80820","35106");
insert into Admits_temp(employeeID,patientID) values("59876","2731");
insert into Admits_temp(employeeID,patientID) values("79196","49545");
insert into Admits_temp(employeeID,patientID) values("91686","70887");
insert into Admits_temp(employeeID,patientID) values("80820","11525");
insert into Admits_temp(employeeID,patientID) values("80388","64823");
insert into Admits_temp(employeeID,patientID) values("39031","93726");
insert into Admits_temp(employeeID,patientID) values("59176","83622");
insert into Admits_temp(employeeID,patientID) values("91686","86961");
insert into Admits_temp(employeeID,patientID) values("74505","59337");
insert into Admits_temp(employeeID,patientID) values("91686","65516");
insert into Admits_temp(employeeID,patientID) values("78072","8607");
insert into Admits_temp(employeeID,patientID) values("34165","63118");
insert into Admits_temp(employeeID,patientID) values("91686","35049");
insert into Admits_temp(employeeID,patientID) values("71484","75668");
insert into Admits_temp(employeeID,patientID) values("95448","34509");
insert into Admits_temp(employeeID,patientID) values("70396","69807");
insert into Admits_temp(employeeID,patientID) values("2439","26541");
insert into Admits_temp(employeeID,patientID) values("2439","63715");
insert into Admits_temp(employeeID,patientID) values("92510","73417");
insert into Admits_temp(employeeID,patientID) values("39031","86965");
insert into Admits_temp(employeeID,patientID) values("7393","40821");
insert into Admits_temp(employeeID,patientID) values("13713","95830");
insert into Admits_temp(employeeID,patientID) values("74505","97676");
insert into Admits_temp(employeeID,patientID) values("95302","7662");
insert into Admits_temp(employeeID,patientID) values("95448","26541");
insert into Admits_temp(employeeID,patientID) values("59876","55917");
insert into Admits_temp(employeeID,patientID) values("71666","19486");
insert into Admits_temp(employeeID,patientID) values("59876","7662");
insert into Admits_temp(employeeID,patientID) values("78072","79555");
insert into Admits_temp(employeeID,patientID) values("80820","55917");
insert into Admits_temp(employeeID,patientID) values("95302","69068");
insert into Admits_temp(employeeID,patientID) values("41674","84543");
insert into Admits_temp(employeeID,patientID) values("34165","34626");
insert into Admits_temp(employeeID,patientID) values("95448","19486");
insert into Admits_temp(employeeID,patientID) values("31599","83876");
insert into Admits_temp(employeeID,patientID) values("92510","43595");
insert into Admits_temp(employeeID,patientID) values("13713","8607");
insert into Admits_temp(employeeID,patientID) values("46407","84543");
insert into Admits_temp(employeeID,patientID) values("2439","2731");
insert into Admits_temp(employeeID,patientID) values("2439","40821");
insert into Admits_temp(employeeID,patientID) values("31599","52769");
insert into Admits_temp(employeeID,patientID) values("59176","73417");
insert into Admits_temp(employeeID,patientID) values("92745","68501");
insert into Admits_temp(employeeID,patientID) values("7393","38170");
insert into Admits_temp(employeeID,patientID) values("70396","53600");
insert into Admits_temp(employeeID,patientID) values("7393","1840");
insert into Admits_temp(employeeID,patientID) values("39031","71899");
insert into Admits_temp(employeeID,patientID) values("59876","98529");
insert into Admits_temp(employeeID,patientID) values("59176","68598");
insert into Diagnoses(doctorID,patientID,diagnosisID,name) values("59176","68598","1338","ladyship's");
insert into Diagnoses(doctorID,patientID,diagnosisID,name) values("59876","98529","9345","bushwhackers");
insert into Diagnoses(doctorID,patientID,diagnosisID,name) values("39031","71899","1840","cloverleaf's");
insert into Diagnoses(doctorID,patientID,diagnosisID,name) values("7393","1840","6892","solecism");
insert into Diagnoses(doctorID,patientID,diagnosisID,name) values("70396","53600","5562","starvation's");
insert into Diagnoses(doctorID,patientID,diagnosisID,name) values("7393","38170","1041","segmentation's");
insert into Diagnoses(doctorID,patientID,diagnosisID,name) values("92745","68501","6477","Kemp");
insert into Diagnoses(doctorID,patientID,diagnosisID,name) values("59176","73417","865","instills");
insert into Diagnoses(doctorID,patientID,diagnosisID,name) values("31599","52769","1008","uncleanness");
insert into Diagnoses(doctorID,patientID,diagnosisID,name) values("2439","40821","1789","segmentation's");
insert into Diagnoses(doctorID,patientID,diagnosisID,name) values("2439","2731","952","decommission");
insert into Diagnoses(doctorID,patientID,diagnosisID,name) values("46407","84543","3042","aperitifs");
insert into Diagnoses(doctorID,patientID,diagnosisID,name) values("13713","8607","3341","solecism");
insert into Diagnoses(doctorID,patientID,diagnosisID,name) values("92510","43595","8683","Miaplacidus's");
insert into Diagnoses(doctorID,patientID,diagnosisID,name) values("31599","83876","2346","seaman");
insert into Diagnoses(doctorID,patientID,diagnosisID,name) values("95448","19486","2068","discrimination");
insert into Diagnoses(doctorID,patientID,diagnosisID,name) values("34165","34626","208","solecism");
insert into Diagnoses(doctorID,patientID,diagnosisID,name) values("41674","84543","9113","olives");
insert into Diagnoses(doctorID,patientID,diagnosisID,name) values("95302","69068","3951","spume");
insert into Diagnoses(doctorID,patientID,diagnosisID,name) values("80820","55917","3613","obdurately");
insert into Diagnoses(doctorID,patientID,diagnosisID,name) values("78072","79555","5678","brief's");
insert into Diagnoses(doctorID,patientID,diagnosisID,name) values("59876","7662","7693","jabs");
insert into Diagnoses(doctorID,patientID,diagnosisID,name) values("71666","19486","4764","Gordimer");
insert into Diagnoses(doctorID,patientID,diagnosisID,name) values("59876","55917","5115","sunless");
insert into Diagnoses(doctorID,patientID,diagnosisID,name) values("95448","26541","743","kitchen's");
insert into Diagnoses(doctorID,patientID,diagnosisID,name) values("95302","7662","2450","wholeness's");
insert into Diagnoses(doctorID,patientID,diagnosisID,name) values("74505","97676","5717","Prius's");
insert into Diagnoses(doctorID,patientID,diagnosisID,name) values("13713","95830","7382","chemists");
insert into Diagnoses(doctorID,patientID,diagnosisID,name) values("7393","40821","6657","accordion");
insert into Diagnoses(doctorID,patientID,diagnosisID,name) values("39031","86965","9918","wholeness's");
insert into Diagnoses(doctorID,patientID,diagnosisID,name) values("92510","73417","3333","obdurately");
insert into Diagnoses(doctorID,patientID,diagnosisID,name) values("2439","63715","3306","McCartney's");
insert into Diagnoses(doctorID,patientID,diagnosisID,name) values("2439","26541","8576","starvation's");
insert into Diagnoses(doctorID,patientID,diagnosisID,name) values("70396","69807","767","tiny");
insert into Diagnoses(doctorID,patientID,diagnosisID,name) values("95448","34509","6637","solecism");
insert into Diagnoses(doctorID,patientID,diagnosisID,name) values("71484","75668","3816","correlation's");
insert into Diagnoses(doctorID,patientID,diagnosisID,name) values("91686","35049","2058","niter's");
insert into Diagnoses(doctorID,patientID,diagnosisID,name) values("34165","63118","6268","spume");
insert into Diagnoses(doctorID,patientID,diagnosisID,name) values("78072","8607","3571","Kemp");
insert into Diagnoses(doctorID,patientID,diagnosisID,name) values("91686","65516","4399","Cimabue's");
insert into Diagnoses(doctorID,patientID,diagnosisID,name) values("74505","59337","3512","Karin");
insert into Diagnoses(doctorID,patientID,diagnosisID,name) values("91686","86961","1817","oversensitive");
insert into Diagnoses(doctorID,patientID,diagnosisID,name) values("59176","83622","2709","chows");
insert into Diagnoses(doctorID,patientID,diagnosisID,name) values("39031","93726","7918","kitchen's");
insert into Diagnoses(doctorID,patientID,diagnosisID,name) values("80388","64823","4291","demeans");
insert into Diagnoses(doctorID,patientID,diagnosisID,name) values("80820","11525","3064","segmentation's");
insert into Diagnoses(doctorID,patientID,diagnosisID,name) values("91686","70887","2947","bushwhackers");
insert into Diagnoses(doctorID,patientID,diagnosisID,name) values("79196","49545","3734","pureeing");
insert into Diagnoses(doctorID,patientID,diagnosisID,name) values("59876","2731","9649","Kemp");
insert into Diagnoses(doctorID,patientID,diagnosisID,name) values("80820","35106","4805","segmentation's");
insert into Diagnoses(doctorID,patientID,diagnosisID,name) values("92510","46271","8556","bushwhackers");
insert into Diagnoses(doctorID,patientID,diagnosisID,name) values("13713","86961","3139","edifice's");
insert into Diagnoses(doctorID,patientID,diagnosisID,name) values("2439","38755","434","retake's");
insert into Diagnoses(doctorID,patientID,diagnosisID,name) values("31599","68598","3506","hepatitis");
insert into Diagnoses(doctorID,patientID,diagnosisID,name) values("92745","59337","7226","segmentation's");
insert into Diagnoses(doctorID,patientID,diagnosisID,name) values("3063","79555","8761","bean");
insert into Diagnoses(doctorID,patientID,diagnosisID,name) values("79196","69068","4616","accordion");
insert into Diagnoses(doctorID,patientID,diagnosisID,name) values("80388","17230","8850","correlation's");
insert into Diagnoses(doctorID,patientID,diagnosisID,name) values("80820","34215","3421","dispositions");
insert into Diagnoses(doctorID,patientID,diagnosisID,name) values("39031","70887","633","cloud's");
insert into Diagnoses(doctorID,patientID,diagnosisID,name) values("97812","70432","3614","broomsticks");
insert into Diagnoses(doctorID,patientID,diagnosisID,name) values("41674","38755","5518","brief's");
insert into Diagnoses(doctorID,patientID,diagnosisID,name) values("70396","32926","787","oversensitive");
insert into Diagnoses(doctorID,patientID,diagnosisID,name) values("74505","19486","2116","Castlereagh");
insert into Diagnoses(doctorID,patientID,diagnosisID,name) values("97812","17579","5699","wholeness's");
insert into Diagnoses(doctorID,patientID,diagnosisID,name) values("71666","38170","3496","seaman");
insert into Diagnoses(doctorID,patientID,diagnosisID,name) values("92745","78585","4213","pureeing");
insert into Diagnoses(doctorID,patientID,diagnosisID,name) values("91686","1423","5728","inscribes");
insert into Diagnoses(doctorID,patientID,diagnosisID,name) values("80820","66938","1685","edifice's");
insert into Diagnoses(doctorID,patientID,diagnosisID,name) values("92745","74209","2177","demeans");
insert into Diagnoses(doctorID,patientID,diagnosisID,name) values("39031","83622","5977","bushwhackers");
insert into Diagnoses(doctorID,patientID,diagnosisID,name) values("2439","70753","4579","Karin");
insert into Diagnoses(doctorID,patientID,diagnosisID,name) values("13713","75668","1083","probability's");
insert into Diagnoses(doctorID,patientID,diagnosisID,name) values("95448","72105","3759","pureeing");
insert into Diagnoses(doctorID,patientID,diagnosisID,name) values("76553","26610","433","olives");
insert into Diagnoses(doctorID,patientID,diagnosisID,name) values("80388","20332","8391","jackdaws");
insert into Diagnoses(doctorID,patientID,diagnosisID,name) values("91686","17579","1265","tenors");
insert into Diagnoses(doctorID,patientID,diagnosisID,name) values("97812","64823","7432","retake's");
insert into Diagnoses(doctorID,patientID,diagnosisID,name) values("71666","18075","247","cloud's");
insert into Diagnoses(doctorID,patientID,diagnosisID,name) values("78072","63118","839","nimble");
insert into Diagnoses(doctorID,patientID,diagnosisID,name) values("71666","63715","7169","imperfect's");
insert into Diagnoses(doctorID,patientID,diagnosisID,name) values("92510","70753","4620","chemists");
insert into Diagnoses(doctorID,patientID,diagnosisID,name) values("92510","69068","8432","Photostatting");
insert into Diagnoses(doctorID,patientID,diagnosisID,name) values("97812","65151","2712","Mr");
insert into Diagnoses(doctorID,patientID,diagnosisID,name) values("41674","80459","6697","tenors");
insert into Diagnoses(doctorID,patientID,diagnosisID,name) values("46407","47151","8321","chicle");
insert into Diagnoses(doctorID,patientID,diagnosisID,name) values("74505","33074","7640","hepatitis");
insert into Diagnoses(doctorID,patientID,diagnosisID,name) values("71666","70753","1855","broomsticks");
insert into Diagnoses(doctorID,patientID,diagnosisID,name) values("95302","80459","5568","jackdaws");
insert into Diagnoses(doctorID,patientID,diagnosisID,name) values("92510","1840","2401","urethras");
insert into Diagnoses(doctorID,patientID,diagnosisID,name) values("71666","70432","6689","Photostatting");
insert into Diagnoses(doctorID,patientID,diagnosisID,name) values("88365","70887","5516","accordion");
insert into Diagnoses(doctorID,patientID,diagnosisID,name) values("46407","47214","4835","Conan");
insert into Diagnoses(doctorID,patientID,diagnosisID,name) values("47860","84269","8354","obdurately");
insert into Diagnoses(doctorID,patientID,diagnosisID,name) values("2439","81472","1561","miscue's");
insert into Diagnoses(doctorID,patientID,diagnosisID,name) values("79196","17579","4254","sunless");
insert into Diagnoses(doctorID,patientID,diagnosisID,name) values("38287","27495","6859","howl");
insert into Diagnoses(doctorID,patientID,diagnosisID,name) values("91686","68598","9973","edifice's");
insert into Diagnoses(doctorID,patientID,diagnosisID,name) values("88365","15174","6118","Karin");
insert into Diagnoses(doctorID,patientID,diagnosisID,name) values("78072","38170","5612","Miaplacidus's");
insert into Diagnoses(doctorID,patientID,diagnosisID,name) values("39031","86961","6261","mousier");
insert into Diagnoses(doctorID,patientID,diagnosisID,name) values("74505","8607","2978","Cimabue's");
insert into Diagnoses(doctorID,patientID,diagnosisID,name) values("13713","78585","8037","imperfect's");
insert into Diagnoses(doctorID,patientID,diagnosisID,name) values("71484","9025","6122","jabs");
insert into Diagnoses(doctorID,patientID,diagnosisID,name) values("74532","35049","1624","bitched");
insert into Diagnoses(doctorID,patientID,diagnosisID,name) values("80388","84269","9464","spume");
insert into Diagnoses(doctorID,patientID,diagnosisID,name) values("80388","38170","6352","cloud's");
insert into Diagnoses(doctorID,patientID,diagnosisID,name) values("74505","38755","7650","brief's");
insert into Diagnoses(doctorID,patientID,diagnosisID,name) values("46407","83876","178","chows");
insert into Diagnoses(doctorID,patientID,diagnosisID,name) values("31599","70753","4325","fetid");
insert into Diagnoses(doctorID,patientID,diagnosisID,name) values("47860","28290","5987","Conan");
insert into Diagnoses(doctorID,patientID,diagnosisID,name) values("3063","64823","3077","rivalled");
insert into Diagnoses(doctorID,patientID,diagnosisID,name) values("96124","53635","7181","alum's");
insert into Diagnoses(doctorID,patientID,diagnosisID,name) values("95302","28290","547","response");
insert into Diagnoses(doctorID,patientID,diagnosisID,name) values("54892","69366","4421","mousier");
insert into Diagnoses(doctorID,patientID,diagnosisID,name) values("88365","43205","2834","observed");
insert into Diagnoses(doctorID,patientID,diagnosisID,name) values("74532","63715","29","instills");
insert into Diagnoses(doctorID,patientID,diagnosisID,name) values("74505","59248","3639","pureeing");
insert into Diagnoses(doctorID,patientID,diagnosisID,name) values("41674","84269","7192","Yucatan");
insert into Diagnoses(doctorID,patientID,diagnosisID,name) values("39031","74209","4788","broncho's");
insert into Diagnoses(doctorID,patientID,diagnosisID,name) values("59176","8714","1182","plenitude");
insert into Diagnoses(doctorID,patientID,diagnosisID,name) values("46407","12819","3688","brief's");
insert into Diagnoses(doctorID,patientID,diagnosisID,name) values("74505","3759","5500","Gordimer");
insert into Diagnoses(doctorID,patientID,diagnosisID,name) values("97812","73417","8814","obduracy's");
insert into Diagnoses(doctorID,patientID,diagnosisID,name) values("54892","28290","4317","edifice's");
insert into Diagnoses(doctorID,patientID,diagnosisID,name) values("46407","83622","6971","Castlereagh");
insert into Diagnoses(doctorID,patientID,diagnosisID,name) values("74505","33074","6372","fetid");
insert into Diagnoses(doctorID,patientID,diagnosisID,name) values("54892","58086","7781","undersea");
insert into Diagnoses(doctorID,patientID,diagnosisID,name) values("88365","5762","792","avidity");
insert into Diagnoses(doctorID,patientID,diagnosisID,name) values("71666","70432","6839","indicate");
insert into Diagnoses(doctorID,patientID,diagnosisID,name) values("31599","21522","4458","urchins");
insert into Diagnoses(doctorID,patientID,diagnosisID,name) values("78072","80459","3973","ladyship's");
insert into Diagnoses(doctorID,patientID,diagnosisID,name) values("59176","3759","3204","bushwhackers");
insert into Diagnoses(doctorID,patientID,diagnosisID,name) values("31599","28290","5791","spirited");
insert into Diagnoses(doctorID,patientID,diagnosisID,name) values("31599","71899","204","broomsticks");
insert into Diagnoses(doctorID,patientID,diagnosisID,name) values("70396","78585","4348","spume");
insert into Diagnoses(doctorID,patientID,diagnosisID,name) values("3063","69366","3105","urchins");
insert into Diagnoses(doctorID,patientID,diagnosisID,name) values("34165","7662","8668","jackdaws");
insert into Diagnoses(doctorID,patientID,diagnosisID,name) values("46407","49753","7514","fetid");
insert into Diagnoses(doctorID,patientID,diagnosisID,name) values("80388","34509","5269","formulas");
insert into Diagnoses(doctorID,patientID,diagnosisID,name) values("80388","18075","1837","cloud's");
insert into Diagnoses(doctorID,patientID,diagnosisID,name) values("3063","93726","1232","bitched");
insert into Diagnoses(doctorID,patientID,diagnosisID,name) values("80388","30713","1207","probability's");
insert into Diagnoses(doctorID,patientID,diagnosisID,name) values("7393","58464","3382","miscue's");
insert into Diagnoses(doctorID,patientID,diagnosisID,name) values("52985","47876","2891","undersea");
insert into Diagnoses(doctorID,patientID,diagnosisID,name) values("79196","26160","410","uncleanness");
insert into Diagnoses(doctorID,patientID,diagnosisID,name) values("95302","28290","4186","Yucatan");
insert into Diagnoses(doctorID,patientID,diagnosisID,name) values("95448","38616","3584","trellised");
insert into Diagnoses(doctorID,patientID,diagnosisID,name) values("80820","81682","2269","McCartney's");
insert into Diagnoses(doctorID,patientID,diagnosisID,name) values("80806","7662","438","bum");
insert into Diagnoses(doctorID,patientID,diagnosisID,name) values("47860","69366","2103","hepatitis");
insert into Diagnoses(doctorID,patientID,diagnosisID,name) values("80820","43595","4112","sunless");
insert into Diagnoses(doctorID,patientID,diagnosisID,name) values("39031","81682","8641","spume");
insert into Diagnoses(doctorID,patientID,diagnosisID,name) values("92067","12106","2427","chicle");
insert into Diagnoses(doctorID,patientID,diagnosisID,name) values("46407","53600","7973","rivalled");
insert into Diagnoses(doctorID,patientID,diagnosisID,name) values("74532","13200","9674","accordion");
insert into Diagnoses(doctorID,patientID,diagnosisID,name) values("92067","47876","1316","obduracy's");
insert into Diagnoses(doctorID,patientID,diagnosisID,name) values("46407","36476","4125","Photostatting");
insert into Diagnoses(doctorID,patientID,diagnosisID,name) values("38287","70753","3266","record");
insert into Diagnoses(doctorID,patientID,diagnosisID,name) values("74505","65516","7512","cloverleaf's");
insert into Diagnoses(doctorID,patientID,diagnosisID,name) values("71666","97676","7860","Photostatting");
insert into Diagnoses(doctorID,patientID,diagnosisID,name) values("74505","63292","6925","undersea");
insert into Diagnoses(doctorID,patientID,diagnosisID,name) values("34165","46271","3132","urethras");
insert into Diagnoses(doctorID,patientID,diagnosisID,name) values("88365","26610","739","alum's");
insert into Diagnoses(doctorID,patientID,diagnosisID,name) values("91686","31032","2355","clothier's");
insert into Diagnoses(doctorID,patientID,diagnosisID,name) values("34165","63118","1016","bean");
insert into Diagnoses(doctorID,patientID,diagnosisID,name) values("70396","2731","627","chows");
insert into Diagnoses(doctorID,patientID,diagnosisID,name) values("38287","47151","2606","kitchen's");
insert into Diagnoses(doctorID,patientID,diagnosisID,name) values("92745","55141","8978","nimble");
insert into Diagnoses(doctorID,patientID,diagnosisID,name) values("92745","7662","2256","avidity");
insert into Diagnoses(doctorID,patientID,diagnosisID,name) values("7393","69068","1202","bum");
insert into Diagnoses(doctorID,patientID,diagnosisID,name) values("92745","63715","1588","mousier");
insert into Diagnoses(doctorID,patientID,diagnosisID,name) values("80388","69694","8761","record");
insert into Diagnoses(doctorID,patientID,diagnosisID,name) values("34165","72483","9897","ladyship's");
insert into Diagnoses(doctorID,patientID,diagnosisID,name) values("46407","47151","9156","uncleanness");
insert into Diagnoses(doctorID,patientID,diagnosisID,name) values("92510","70432","8309","blight");
insert into Diagnoses(doctorID,patientID,diagnosisID,name) values("79196","32536","9635","amusements");
insert into Diagnoses(doctorID,patientID,diagnosisID,name) values("92067","38616","193","edifice's");
insert into Diagnoses(doctorID,patientID,diagnosisID,name) values("95302","73417","4474","sunless");
insert into Diagnoses(doctorID,patientID,diagnosisID,name) values("78072","9025","9670","aperitifs");
insert into Diagnoses(doctorID,patientID,diagnosisID,name) values("59176","97676","9355","Cimabue's");
insert into Diagnoses(doctorID,patientID,diagnosisID,name) values("71484","81472","6971","alum's");
insert into Diagnoses(doctorID,patientID,diagnosisID,name) values("96124","83876","4473","instills");
insert into Diagnoses(doctorID,patientID,diagnosisID,name) values("71484","12819","4292","Tuscon");
insert into Diagnoses(doctorID,patientID,diagnosisID,name) values("54892","3759","6820","dissected");
insert into Diagnoses(doctorID,patientID,diagnosisID,name) values("80806","35004","408","joviality");
insert into Diagnoses(doctorID,patientID,diagnosisID,name) values("39031","59337","868","plenitude");
insert into Diagnoses(doctorID,patientID,diagnosisID,name) values("74505","25455","3185","edifice's");
insert into Diagnoses(doctorID,patientID,diagnosisID,name) values("38287","34215","8084","Prius's");
insert into Diagnoses(doctorID,patientID,diagnosisID,name) values("2439","98529","4920","inscribes");
insert into Diagnoses(doctorID,patientID,diagnosisID,name) values("97812","65151","2963","kitchen's");
insert into Diagnoses(doctorID,patientID,diagnosisID,name) values("91686","67258","167","broncho's");
insert into Diagnoses(doctorID,patientID,diagnosisID,name) values("3063","21522","8703","kitchen's");
insert into Diagnoses(doctorID,patientID,diagnosisID,name) values("7393","68501","1792","pureeing");
insert into Diagnoses(doctorID,patientID,diagnosisID,name) values("80388","38755","4893","undersea");
insert into Diagnoses(doctorID,patientID,diagnosisID,name) values("52985","34626","4006","cloverleaf's");
insert into Diagnoses(doctorID,patientID,diagnosisID,name) values("95448","31554","2416","seaman");
insert into Diagnoses(doctorID,patientID,diagnosisID,name) values("97812","53246","1730","cloud's");
insert into Diagnoses(doctorID,patientID,diagnosisID,name) values("97812","38805","203","wholeness's");
insert into Diagnoses(doctorID,patientID,diagnosisID,name) values("7393","55141","5536","amusements");
insert into Admits(employeeID,patientID,diagnosisID,timeAdmitted) values("59176","68598","1338","2015-07-26T13:35:27.000Z");
insert into Admits(employeeID,patientID,diagnosisID,timeAdmitted) values("59876","98529","9345","2016-09-22T12:37:42.000Z");
insert into Admits(employeeID,patientID,diagnosisID,timeAdmitted) values("39031","71899","1840","2016-12-09T23:23:22.000Z");
insert into Admits(employeeID,patientID,diagnosisID,timeAdmitted) values("7393","1840","6892","2015-11-20T03:59:00.000Z");
insert into Admits(employeeID,patientID,diagnosisID,timeAdmitted) values("70396","53600","5562","2014-01-19T16:33:35.000Z");
insert into Admits(employeeID,patientID,diagnosisID,timeAdmitted) values("7393","38170","1041","2015-08-09T09:32:25.000Z");
insert into Admits(employeeID,patientID,diagnosisID,timeAdmitted) values("92745","68501","6477","2014-01-21T22:37:49.000Z");
insert into Admits(employeeID,patientID,diagnosisID,timeAdmitted) values("59176","73417","865","2016-08-05T13:55:09.000Z");
insert into Admits(employeeID,patientID,diagnosisID,timeAdmitted) values("31599","52769","1008","2015-01-26T15:39:46.000Z");
insert into Admits(employeeID,patientID,diagnosisID,timeAdmitted) values("2439","40821","1789","2015-08-14T20:37:00.000Z");
insert into Admits(employeeID,patientID,diagnosisID,timeAdmitted) values("2439","2731","952","2016-04-03T14:11:05.000Z");
insert into Admits(employeeID,patientID,diagnosisID,timeAdmitted) values("46407","84543","3042","2014-01-19T05:44:08.000Z");
insert into Admits(employeeID,patientID,diagnosisID,timeAdmitted) values("13713","8607","3341","2015-08-18T15:42:08.000Z");
insert into Admits(employeeID,patientID,diagnosisID,timeAdmitted) values("92510","43595","8683","2015-12-16T01:27:28.000Z");
insert into Admits(employeeID,patientID,diagnosisID,timeAdmitted) values("31599","83876","2346","2015-02-11T23:36:41.000Z");
insert into Admits(employeeID,patientID,diagnosisID,timeAdmitted) values("95448","19486","2068","2014-01-09T22:37:11.000Z");
insert into Admits(employeeID,patientID,diagnosisID,timeAdmitted) values("34165","34626","208","2015-02-05T14:11:14.000Z");
insert into Admits(employeeID,patientID,diagnosisID,timeAdmitted) values("41674","84543","9113","2014-01-24T10:08:34.000Z");
insert into Admits(employeeID,patientID,diagnosisID,timeAdmitted) values("95302","69068","3951","2015-02-24T11:46:47.000Z");
insert into Admits(employeeID,patientID,diagnosisID,timeAdmitted) values("80820","55917","3613","2015-11-03T19:38:16.000Z");
insert into Admits(employeeID,patientID,diagnosisID,timeAdmitted) values("78072","79555","5678","2016-12-28T01:24:49.000Z");
insert into Admits(employeeID,patientID,diagnosisID,timeAdmitted) values("59876","7662","7693","2016-03-05T01:24:37.000Z");
insert into Admits(employeeID,patientID,diagnosisID,timeAdmitted) values("71666","19486","4764","2016-08-24T21:00:16.000Z");
insert into Admits(employeeID,patientID,diagnosisID,timeAdmitted) values("59876","55917","5115","2016-10-03T03:12:43.000Z");
insert into Admits(employeeID,patientID,diagnosisID,timeAdmitted) values("95448","26541","743","2015-05-06T22:18:40.000Z");
insert into Admits(employeeID,patientID,diagnosisID,timeAdmitted) values("95302","7662","2450","2016-12-23T18:13:17.000Z");
insert into Admits(employeeID,patientID,diagnosisID,timeAdmitted) values("74505","97676","5717","2014-01-13T23:02:28.000Z");
insert into Admits(employeeID,patientID,diagnosisID,timeAdmitted) values("13713","95830","7382","2015-02-17T03:18:34.000Z");
insert into Admits(employeeID,patientID,diagnosisID,timeAdmitted) values("7393","40821","6657","2016-12-03T14:07:49.000Z");
insert into Admits(employeeID,patientID,diagnosisID,timeAdmitted) values("39031","86965","9918","2014-01-10T11:45:28.000Z");
insert into Admits(employeeID,patientID,diagnosisID,timeAdmitted) values("92510","73417","3333","2016-10-27T12:29:42.000Z");
insert into Admits(employeeID,patientID,diagnosisID,timeAdmitted) values("2439","63715","3306","2015-10-25T15:59:19.000Z");
insert into Admits(employeeID,patientID,diagnosisID,timeAdmitted) values("2439","26541","8576","2016-05-10T02:39:28.000Z");
insert into Admits(employeeID,patientID,diagnosisID,timeAdmitted) values("70396","69807","767","2015-11-22T22:35:12.000Z");
insert into Admits(employeeID,patientID,diagnosisID,timeAdmitted) values("95448","34509","6637","2015-03-14T22:48:52.000Z");
insert into Admits(employeeID,patientID,diagnosisID,timeAdmitted) values("71484","75668","3816","2015-01-02T11:42:38.000Z");
insert into Admits(employeeID,patientID,diagnosisID,timeAdmitted) values("91686","35049","2058","2016-04-21T15:27:58.000Z");
insert into Admits(employeeID,patientID,diagnosisID,timeAdmitted) values("34165","63118","6268","2016-06-17T02:58:34.000Z");
insert into Admits(employeeID,patientID,diagnosisID,timeAdmitted) values("78072","8607","3571","2016-01-22T19:31:18.000Z");
insert into Admits(employeeID,patientID,diagnosisID,timeAdmitted) values("91686","65516","4399","2016-10-07T08:03:26.000Z");
insert into Admits(employeeID,patientID,diagnosisID,timeAdmitted) values("74505","59337","3512","2014-01-10T10:21:00.000Z");
insert into Admits(employeeID,patientID,diagnosisID,timeAdmitted) values("91686","86961","1817","2016-11-30T11:20:17.000Z");
insert into Admits(employeeID,patientID,diagnosisID,timeAdmitted) values("59176","83622","2709","2014-01-20T11:33:01.000Z");
insert into Admits(employeeID,patientID,diagnosisID,timeAdmitted) values("39031","93726","7918","2014-01-01T06:23:40.000Z");
insert into Admits(employeeID,patientID,diagnosisID,timeAdmitted) values("80388","64823","4291","2016-04-20T13:06:45.000Z");
insert into Admits(employeeID,patientID,diagnosisID,timeAdmitted) values("80820","11525","3064","2015-09-17T22:43:57.000Z");
insert into Admits(employeeID,patientID,diagnosisID,timeAdmitted) values("91686","70887","2947","2016-12-26T06:13:47.000Z");
insert into Admits(employeeID,patientID,diagnosisID,timeAdmitted) values("79196","49545","3734","2015-10-27T05:05:29.000Z");
insert into Admits(employeeID,patientID,diagnosisID,timeAdmitted) values("59876","2731","9649","2016-12-17T14:41:00.000Z");
insert into Admits(employeeID,patientID,diagnosisID,timeAdmitted) values("80820","35106","4805","2014-01-21T14:13:38.000Z");
insert into Admits(employeeID,patientID,diagnosisID,timeAdmitted) values("92510","46271","8556","2014-01-03T11:18:06.000Z");
insert into Admits(employeeID,patientID,diagnosisID,timeAdmitted) values("13713","86961","3139","2016-12-07T05:36:32.000Z");
insert into Admits(employeeID,patientID,diagnosisID,timeAdmitted) values("2439","38755","434","2014-01-24T10:16:28.000Z");
insert into Admits(employeeID,patientID,diagnosisID,timeAdmitted) values("31599","68598","3506","2016-05-27T18:18:08.000Z");
insert into Admits(employeeID,patientID,diagnosisID,timeAdmitted) values("92745","59337","7226","2016-12-23T17:51:45.000Z");
insert into Admits(employeeID,patientID,diagnosisID,timeAdmitted) values("3063","79555","8761","2016-12-28T05:08:07.000Z");
insert into Admits(employeeID,patientID,diagnosisID,timeAdmitted) values("79196","69068","4616","2016-02-17T21:13:18.000Z");
insert into Admits(employeeID,patientID,diagnosisID,timeAdmitted) values("80388","17230","8850","2015-05-11T01:41:50.000Z");
insert into Admits(employeeID,patientID,diagnosisID,timeAdmitted) values("80820","34215","3421","2015-03-02T12:37:21.000Z");
insert into Admits(employeeID,patientID,diagnosisID,timeAdmitted) values("39031","70887","633","2016-12-27T21:31:07.000Z");
insert into Admits(employeeID,patientID,diagnosisID,timeAdmitted) values("97812","70432","3614","2014-01-18T16:33:01.000Z");
insert into Admits(employeeID,patientID,diagnosisID,timeAdmitted) values("41674","38755","5518","2016-12-24T10:14:25.000Z");
insert into Admits(employeeID,patientID,diagnosisID,timeAdmitted) values("70396","32926","787","2016-08-17T01:53:49.000Z");
insert into Admits(employeeID,patientID,diagnosisID,timeAdmitted) values("74505","19486","2116","2016-09-22T13:40:53.000Z");
insert into Admits(employeeID,patientID,diagnosisID,timeAdmitted) values("97812","17579","5699","2014-01-02T11:38:54.000Z");
insert into Admits(employeeID,patientID,diagnosisID,timeAdmitted) values("71666","38170","3496","2016-12-27T20:47:02.000Z");
insert into Admits(employeeID,patientID,diagnosisID,timeAdmitted) values("92745","78585","4213","2016-07-13T06:46:07.000Z");
insert into Admits(employeeID,patientID,diagnosisID,timeAdmitted) values("91686","1423","5728","2015-09-20T00:35:46.000Z");
insert into Admits(employeeID,patientID,diagnosisID,timeAdmitted) values("80820","66938","1685","2014-01-15T12:01:26.000Z");
insert into Admits(employeeID,patientID,diagnosisID,timeAdmitted) values("92745","74209","2177","2015-01-17T09:07:07.000Z");
insert into Admits(employeeID,patientID,diagnosisID,timeAdmitted) values("39031","83622","5977","2015-05-21T14:02:47.000Z");
insert into Admits(employeeID,patientID,diagnosisID,timeAdmitted) values("2439","70753","4579","2016-04-02T04:41:09.000Z");
insert into Admits(employeeID,patientID,diagnosisID,timeAdmitted) values("13713","75668","1083","2016-10-24T02:14:28.000Z");
insert into Admits(employeeID,patientID,diagnosisID,timeAdmitted) values("95448","72105","3759","2016-03-24T22:13:48.000Z");
insert into Admits(employeeID,patientID,diagnosisID,timeAdmitted) values("76553","26610","433","2015-11-06T13:54:34.000Z");
insert into Admits(employeeID,patientID,diagnosisID,timeAdmitted) values("80388","20332","8391","2016-06-12T02:55:22.000Z");
insert into Admits(employeeID,patientID,diagnosisID,timeAdmitted) values("91686","17579","1265","2015-08-01T11:58:43.000Z");
insert into Admits(employeeID,patientID,diagnosisID,timeAdmitted) values("97812","64823","7432","2016-06-28T01:55:53.000Z");
insert into Admits(employeeID,patientID,diagnosisID,timeAdmitted) values("71666","18075","247","2016-06-14T12:03:01.000Z");
insert into Admits(employeeID,patientID,diagnosisID,timeAdmitted) values("78072","63118","839","2016-09-19T07:40:42.000Z");
insert into Admits(employeeID,patientID,diagnosisID,timeAdmitted) values("71666","63715","7169","2016-12-20T16:23:44.000Z");
insert into Admits(employeeID,patientID,diagnosisID,timeAdmitted) values("92510","70753","4620","2016-10-25T00:52:57.000Z");
insert into Admits(employeeID,patientID,diagnosisID,timeAdmitted) values("92510","69068","8432","2016-11-15T04:21:38.000Z");
insert into Admits(employeeID,patientID,diagnosisID,timeAdmitted) values("97812","65151","2712","2014-01-17T01:28:03.000Z");
insert into Admits(employeeID,patientID,diagnosisID,timeAdmitted) values("41674","80459","6697","2016-02-12T23:47:18.000Z");
insert into Admits(employeeID,patientID,diagnosisID,timeAdmitted) values("46407","47151","8321","2015-09-12T07:30:03.000Z");
insert into Admits(employeeID,patientID,diagnosisID,timeAdmitted) values("74505","33074","7640","2015-07-16T16:24:19.000Z");
insert into Admits(employeeID,patientID,diagnosisID,timeAdmitted) values("71666","70753","1855","2016-12-17T06:02:14.000Z");
insert into Admits(employeeID,patientID,diagnosisID,timeAdmitted) values("95302","80459","5568","2016-08-12T23:24:12.000Z");
insert into Admits(employeeID,patientID,diagnosisID,timeAdmitted) values("92510","1840","2401","2016-12-20T18:29:08.000Z");
insert into Admits(employeeID,patientID,diagnosisID,timeAdmitted) values("71666","70432","6689","2015-11-14T18:31:59.000Z");
insert into Admits(employeeID,patientID,diagnosisID,timeAdmitted) values("88365","70887","5516","2016-12-28T05:20:48.000Z");
insert into Admits(employeeID,patientID,diagnosisID,timeAdmitted) values("46407","47214","4835","2014-01-02T03:37:54.000Z");
insert into Admits(employeeID,patientID,diagnosisID,timeAdmitted) values("47860","84269","8354","2016-08-25T17:01:29.000Z");
insert into Admits(employeeID,patientID,diagnosisID,timeAdmitted) values("2439","81472","1561","2015-12-15T15:55:00.000Z");
insert into Admits(employeeID,patientID,diagnosisID,timeAdmitted) values("79196","17579","4254","2016-02-17T00:04:40.000Z");
insert into Admits(employeeID,patientID,diagnosisID,timeAdmitted) values("38287","27495","6859","2016-06-20T17:11:28.000Z");
insert into Admits(employeeID,patientID,diagnosisID,timeAdmitted) values("91686","68598","9973","2016-11-13T16:33:05.000Z");
insert into Admits(employeeID,patientID,diagnosisID,timeAdmitted) values("88365","15174","6118","2014-01-23T21:00:45.000Z");
insert into Admits(employeeID,patientID,diagnosisID,timeAdmitted) values("78072","38170","5612","2016-12-28T04:42:49.000Z");
insert into Admits(employeeID,patientID,diagnosisID,timeAdmitted) values("39031","86961","6261","2016-12-23T16:16:39.000Z");
insert into Admits(employeeID,patientID,diagnosisID,timeAdmitted) values("74505","8607","2978","2016-09-18T09:28:45.000Z");
insert into Admits(employeeID,patientID,diagnosisID,timeAdmitted) values("13713","78585","8037","2016-12-27T16:13:38.000Z");
insert into Admits(employeeID,patientID,diagnosisID,timeAdmitted) values("71484","9025","6122","2016-11-08T07:02:49.000Z");
insert into Admits(employeeID,patientID,diagnosisID,timeAdmitted) values("74532","35049","1624","2016-12-07T11:20:39.000Z");
insert into Admits(employeeID,patientID,diagnosisID,timeAdmitted) values("80388","84269","9464","2016-10-18T17:45:58.000Z");
insert into Admits(employeeID,patientID,diagnosisID,timeAdmitted) values("80388","38170","6352","2016-12-28T05:37:22.000Z");
insert into Admits(employeeID,patientID,diagnosisID,timeAdmitted) values("74505","38755","7650","2016-12-28T05:38:44.000Z");
insert into Admits(employeeID,patientID,diagnosisID,timeAdmitted) values("46407","83876","178","2016-03-19T15:18:44.000Z");
insert into Admits(employeeID,patientID,diagnosisID,timeAdmitted) values("31599","70753","4325","2016-12-25T16:35:52.000Z");
insert into Admits(employeeID,patientID,diagnosisID,timeAdmitted) values("47860","28290","5987","2014-01-18T15:03:36.000Z");
insert into Admits(employeeID,patientID,diagnosisID,timeAdmitted) values("3063","64823","3077","2016-12-27T05:31:20.000Z");
insert into Admits(employeeID,patientID,diagnosisID,timeAdmitted) values("96124","53635","7181","2014-01-11T01:49:12.000Z");
insert into Admits(employeeID,patientID,diagnosisID,timeAdmitted) values("95302","28290","547","2016-12-25T10:06:53.000Z");
insert into Admits(employeeID,patientID,diagnosisID,timeAdmitted) values("54892","69366","4421","2016-01-06T14:54:44.000Z");
insert into Admits(employeeID,patientID,diagnosisID,timeAdmitted) values("88365","43205","2834","2015-08-21T11:25:34.000Z");
insert into Admits(employeeID,patientID,diagnosisID,timeAdmitted) values("74532","63715","29","2016-12-28T01:46:31.000Z");
insert into Admits(employeeID,patientID,diagnosisID,timeAdmitted) values("74505","59248","3639","2014-01-26T20:50:52.000Z");
insert into Admits(employeeID,patientID,diagnosisID,timeAdmitted) values("41674","84269","7192","2016-10-26T10:59:20.000Z");
insert into Admits(employeeID,patientID,diagnosisID,timeAdmitted) values("39031","74209","4788","2016-12-26T14:41:59.000Z");
insert into Admits(employeeID,patientID,diagnosisID,timeAdmitted) values("59176","8714","1182","2016-04-03T06:12:11.000Z");
insert into Admits(employeeID,patientID,diagnosisID,timeAdmitted) values("46407","12819","3688","2015-10-20T00:48:52.000Z");
insert into Admits(employeeID,patientID,diagnosisID,timeAdmitted) values("74505","3759","5500","2014-01-26T22:35:50.000Z");
insert into Admits(employeeID,patientID,diagnosisID,timeAdmitted) values("97812","73417","8814","2016-12-22T23:32:07.000Z");
insert into Admits(employeeID,patientID,diagnosisID,timeAdmitted) values("54892","28290","4317","2016-12-27T06:47:24.000Z");
insert into Admits(employeeID,patientID,diagnosisID,timeAdmitted) values("46407","83622","6971","2016-02-03T03:13:33.000Z");
insert into Admits(employeeID,patientID,diagnosisID,timeAdmitted) values("74505","33074","7640","2016-10-19T14:53:00.000Z");
insert into Admits(employeeID,patientID,diagnosisID,timeAdmitted) values("54892","58086","7781","2016-09-09T12:58:59.000Z");
insert into Admits(employeeID,patientID,diagnosisID,timeAdmitted) values("88365","5762","792","2014-01-04T06:53:13.000Z");
insert into Admits(employeeID,patientID,diagnosisID,timeAdmitted) values("71666","70432","6689","2016-01-09T10:34:32.000Z");
insert into Admits(employeeID,patientID,diagnosisID,timeAdmitted) values("31599","21522","4458","2014-01-14T18:43:59.000Z");
insert into Admits(employeeID,patientID,diagnosisID,timeAdmitted) values("78072","80459","3973","2016-09-06T15:35:24.000Z");
insert into Admits(employeeID,patientID,diagnosisID,timeAdmitted) values("59176","3759","3204","2016-05-31T10:52:12.000Z");
insert into Admits(employeeID,patientID,diagnosisID,timeAdmitted) values("31599","28290","5791","2016-12-28T04:19:14.000Z");
insert into Admits(employeeID,patientID,diagnosisID,timeAdmitted) values("31599","71899","204","2016-12-27T14:23:13.000Z");
insert into Admits(employeeID,patientID,diagnosisID,timeAdmitted) values("70396","78585","4348","2016-12-28T02:54:13.000Z");
insert into Admits(employeeID,patientID,diagnosisID,timeAdmitted) values("3063","69366","3105","2016-09-16T04:42:22.000Z");
insert into Admits(employeeID,patientID,diagnosisID,timeAdmitted) values("34165","7662","8668","2016-12-26T12:18:34.000Z");
insert into Admits(employeeID,patientID,diagnosisID,timeAdmitted) values("46407","49753","7514","2015-08-13T01:37:02.000Z");
insert into Admits(employeeID,patientID,diagnosisID,timeAdmitted) values("80388","34509","5269","2015-11-30T19:08:05.000Z");
insert into Admits(employeeID,patientID,diagnosisID,timeAdmitted) values("80388","18075","1837","2016-11-09T08:18:00.000Z");
insert into Admits(employeeID,patientID,diagnosisID,timeAdmitted) values("3063","93726","1232","2016-10-21T20:07:39.000Z");
insert into Admits(employeeID,patientID,diagnosisID,timeAdmitted) values("80388","30713","1207","2014-01-27T05:33:34.000Z");
insert into Admits(employeeID,patientID,diagnosisID,timeAdmitted) values("7393","58464","3382","2016-07-02T21:00:43.000Z");
insert into Admits(employeeID,patientID,diagnosisID,timeAdmitted) values("52985","47876","2891","2016-12-17T03:57:55.000Z");
insert into Admits(employeeID,patientID,diagnosisID,timeAdmitted) values("79196","26160","410","2016-04-13T22:27:37.000Z");
insert into Admits(employeeID,patientID,diagnosisID,timeAdmitted) values("95302","28290","547","2016-12-28T05:43:35.000Z");
insert into Admits(employeeID,patientID,diagnosisID,timeAdmitted) values("95448","38616","3584","2014-01-22T22:15:32.000Z");
insert into Admits(employeeID,patientID,diagnosisID,timeAdmitted) values("80820","81682","2269","2016-12-18T03:05:11.000Z");
insert into Admits(employeeID,patientID,diagnosisID,timeAdmitted) values("80806","7662","438","2016-12-26T15:18:34.000Z");
insert into Admits(employeeID,patientID,diagnosisID,timeAdmitted) values("47860","69366","2103","2016-12-23T11:23:08.000Z");
insert into Admits(employeeID,patientID,diagnosisID,timeAdmitted) values("80820","43595","4112","2016-11-09T21:45:18.000Z");
insert into Admits(employeeID,patientID,diagnosisID,timeAdmitted) values("39031","81682","8641","2016-12-26T20:44:28.000Z");
insert into Admits(employeeID,patientID,diagnosisID,timeAdmitted) values("92067","12106","2427","2014-01-20T07:50:22.000Z");
insert into Admits(employeeID,patientID,diagnosisID,timeAdmitted) values("46407","53600","7973","2016-09-26T06:13:48.000Z");
insert into Admits(employeeID,patientID,diagnosisID,timeAdmitted) values("74532","13200","9674","2015-11-17T22:09:16.000Z");
insert into Admits(employeeID,patientID,diagnosisID,timeAdmitted) values("92067","47876","1316","2016-12-27T03:03:21.000Z");
insert into Admits(employeeID,patientID,diagnosisID,timeAdmitted) values("46407","36476","4125","2015-08-01T08:44:32.000Z");
insert into Admits(employeeID,patientID,diagnosisID,timeAdmitted) values("38287","70753","3266","2016-12-27T06:42:34.000Z");
insert into Admits(employeeID,patientID,diagnosisID,timeAdmitted) values("74505","65516","7512","2016-12-10T17:57:07.000Z");
insert into Admits(employeeID,patientID,diagnosisID,timeAdmitted) values("71666","97676","7860","2016-08-04T09:14:14.000Z");
insert into Admits(employeeID,patientID,diagnosisID,timeAdmitted) values("74505","63292","6925","2016-01-21T15:34:47.000Z");
insert into Admits(employeeID,patientID,diagnosisID,timeAdmitted) values("34165","46271","3132","2016-12-27T23:03:20.000Z");
insert into Admits(employeeID,patientID,diagnosisID,timeAdmitted) values("88365","26610","739","2016-12-18T22:57:21.000Z");
insert into Admits(employeeID,patientID,diagnosisID,timeAdmitted) values("91686","31032","2355","2015-12-11T03:55:42.000Z");
insert into Admits(employeeID,patientID,diagnosisID,timeAdmitted) values("34165","63118","6268","2016-11-22T09:34:00.000Z");
insert into Admits(employeeID,patientID,diagnosisID,timeAdmitted) values("70396","2731","627","2016-12-22T01:09:54.000Z");
insert into Admits(employeeID,patientID,diagnosisID,timeAdmitted) values("38287","47151","2606","2016-11-08T03:07:25.000Z");
insert into Admits(employeeID,patientID,diagnosisID,timeAdmitted) values("92745","55141","8978","2016-03-14T04:51:31.000Z");
insert into Admits(employeeID,patientID,diagnosisID,timeAdmitted) values("92745","7662","2256","2016-12-27T17:03:14.000Z");
insert into Admits(employeeID,patientID,diagnosisID,timeAdmitted) values("7393","69068","1202","2016-12-17T21:38:51.000Z");
insert into Admits(employeeID,patientID,diagnosisID,timeAdmitted) values("92745","63715","1588","2016-12-28T05:21:25.000Z");
insert into Admits(employeeID,patientID,diagnosisID,timeAdmitted) values("80388","69694","8761","2015-01-08T18:35:05.000Z");
insert into Admits(employeeID,patientID,diagnosisID,timeAdmitted) values("34165","72483","9897","2014-01-07T16:06:42.000Z");
insert into Admits(employeeID,patientID,diagnosisID,timeAdmitted) values("46407","47151","8321","2016-12-24T14:23:01.000Z");
insert into Admits(employeeID,patientID,diagnosisID,timeAdmitted) values("92510","70432","8309","2016-08-24T06:22:34.000Z");
insert into Admits(employeeID,patientID,diagnosisID,timeAdmitted) values("79196","32536","9635","2016-04-27T09:54:08.000Z");
insert into Admits(employeeID,patientID,diagnosisID,timeAdmitted) values("92067","38616","193","2015-03-17T17:34:48.000Z");
insert into Admits(employeeID,patientID,diagnosisID,timeAdmitted) values("95302","73417","4474","2016-12-27T06:02:59.000Z");
insert into Admits(employeeID,patientID,diagnosisID,timeAdmitted) values("78072","9025","9670","2016-12-04T02:46:54.000Z");
insert into Admits(employeeID,patientID,diagnosisID,timeAdmitted) values("59176","97676","9355","2016-12-13T12:50:00.000Z");
insert into Admits(employeeID,patientID,diagnosisID,timeAdmitted) values("71484","81472","6971","2016-11-14T21:43:15.000Z");
insert into Admits(employeeID,patientID,diagnosisID,timeAdmitted) values("96124","83876","4473","2016-09-09T17:36:59.000Z");
insert into Admits(employeeID,patientID,diagnosisID,timeAdmitted) values("71484","12819","4292","2016-10-12T10:22:19.000Z");
insert into Admits(employeeID,patientID,diagnosisID,timeAdmitted) values("54892","3759","6820","2016-09-15T03:55:14.000Z");
insert into Admits(employeeID,patientID,diagnosisID,timeAdmitted) values("80806","35004","408","2015-04-16T18:00:55.000Z");
insert into Admits(employeeID,patientID,diagnosisID,timeAdmitted) values("39031","59337","868","2016-12-28T01:39:14.000Z");
insert into Admits(employeeID,patientID,diagnosisID,timeAdmitted) values("74505","25455","3185","2016-05-12T00:39:37.000Z");
insert into Admits(employeeID,patientID,diagnosisID,timeAdmitted) values("38287","34215","8084","2015-12-19T16:53:02.000Z");
insert into Admits(employeeID,patientID,diagnosisID,timeAdmitted) values("2439","98529","4920","2016-11-11T08:54:43.000Z");
insert into Admits(employeeID,patientID,diagnosisID,timeAdmitted) values("97812","65151","2712","2016-02-14T16:33:01.000Z");
insert into Admits(employeeID,patientID,diagnosisID,timeAdmitted) values("91686","67258","167","2015-08-23T09:00:54.000Z");
insert into Admits(employeeID,patientID,diagnosisID,timeAdmitted) values("3063","21522","8703","2015-02-07T08:44:07.000Z");
insert into Admits(employeeID,patientID,diagnosisID,timeAdmitted) values("7393","68501","1792","2016-12-20T00:06:50.000Z");
insert into Admits(employeeID,patientID,diagnosisID,timeAdmitted) values("80388","38755","4893","2016-12-28T05:55:53.000Z");
insert into Admits(employeeID,patientID,diagnosisID,timeAdmitted) values("52985","34626","4006","2016-06-24T21:38:47.000Z");
insert into Admits(employeeID,patientID,diagnosisID,timeAdmitted) values("95448","31554","2416","2015-08-13T16:33:29.000Z");
insert into Admits(employeeID,patientID,diagnosisID,timeAdmitted) values("97812","53246","1730","2016-06-30T06:07:08.000Z");
insert into Admits(employeeID,patientID,diagnosisID,timeAdmitted) values("97812","38805","203","2014-01-18T01:12:04.000Z");
insert into Admits(employeeID,patientID,diagnosisID,timeAdmitted) values("7393","55141","5536","2016-12-26T16:49:36.000Z");
insert into Administers(treatmentGiverID,patientID,treatmentID,timeAdministered) values("81168","21365","93181","2015-10-03T08:10:40.000Z");
insert into Administers(treatmentGiverID,patientID,treatmentID,timeAdministered) values("30594","81472","63464","2014-01-11T03:32:19.000Z");
insert into Administers(treatmentGiverID,patientID,treatmentID,timeAdministered) values("60908","46930","78030","2015-07-27T05:13:22.000Z");
insert into Administers(treatmentGiverID,patientID,treatmentID,timeAdministered) values("28289","58464","61615","2014-01-12T14:42:19.000Z");
insert into Administers(treatmentGiverID,patientID,treatmentID,timeAdministered) values("26612","32926","28039","2015-12-17T02:01:49.000Z");
insert into Administers(treatmentGiverID,patientID,treatmentID,timeAdministered) values("30594","66134","83103","2015-06-08T10:51:24.000Z");
insert into Administers(treatmentGiverID,patientID,treatmentID,timeAdministered) values("5112","65503","78472","2014-01-09T05:12:41.000Z");
insert into Administers(treatmentGiverID,patientID,treatmentID,timeAdministered) values("31320","68598","43096","2015-12-22T07:12:09.000Z");
insert into Administers(treatmentGiverID,patientID,treatmentID,timeAdministered) values("56892","21522","19451","2015-12-10T01:56:32.000Z");
insert into Administers(treatmentGiverID,patientID,treatmentID,timeAdministered) values("16839","16991","39108","2015-12-13T03:35:32.000Z");
insert into Administers(treatmentGiverID,patientID,treatmentID,timeAdministered) values("16839","20332","26518","2016-09-25T17:01:45.000Z");
insert into Administers(treatmentGiverID,patientID,treatmentID,timeAdministered) values("81168","99117","12921","2016-03-14T18:14:39.000Z");
insert into Administers(treatmentGiverID,patientID,treatmentID,timeAdministered) values("98639","58249","19451","2016-01-21T07:47:52.000Z");
insert into Administers(treatmentGiverID,patientID,treatmentID,timeAdministered) values("9207","80459","38138","2015-01-27T23:45:40.000Z");
insert into Administers(treatmentGiverID,patientID,treatmentID,timeAdministered) values("42861","20127","80381","2015-06-16T03:53:58.000Z");
insert into Administers(treatmentGiverID,patientID,treatmentID,timeAdministered) values("58577","98529","6430","2015-10-14T03:17:57.000Z");
insert into Administers(treatmentGiverID,patientID,treatmentID,timeAdministered) values("54347","26487","33579","2015-01-04T03:57:32.000Z");
insert into Administers(treatmentGiverID,patientID,treatmentID,timeAdministered) values("49923","79461","38138","2014-01-27T19:11:03.000Z");
insert into Administers(treatmentGiverID,patientID,treatmentID,timeAdministered) values("12503","35106","77130","2015-09-17T20:06:19.000Z");
insert into Administers(treatmentGiverID,patientID,treatmentID,timeAdministered) values("30373","87391","35402","2016-08-23T11:11:48.000Z");
insert into Administers(treatmentGiverID,patientID,treatmentID,timeAdministered) values("16839","86961","18566","2016-04-22T15:24:21.000Z");
insert into Administers(treatmentGiverID,patientID,treatmentID,timeAdministered) values("65255","74209","94325","2014-01-02T00:54:52.000Z");
insert into Administers(treatmentGiverID,patientID,treatmentID,timeAdministered) values("29330","81682","29930","2016-07-22T01:05:34.000Z");
insert into Administers(treatmentGiverID,patientID,treatmentID,timeAdministered) values("64004","22064","74437","2016-10-22T21:15:47.000Z");
insert into Administers(treatmentGiverID,patientID,treatmentID,timeAdministered) values("39923","69364","74437","2016-02-24T10:15:03.000Z");
insert into Administers(treatmentGiverID,patientID,treatmentID,timeAdministered) values("13696","27114","55649","2015-09-22T17:54:35.000Z");
insert into Administers(treatmentGiverID,patientID,treatmentID,timeAdministered) values("7721","36476","55904","2015-07-13T21:21:17.000Z");
insert into Administers(treatmentGiverID,patientID,treatmentID,timeAdministered) values("53024","40821","82277","2014-01-18T01:53:46.000Z");
insert into Administers(treatmentGiverID,patientID,treatmentID,timeAdministered) values("18520","81472","38335","2015-02-21T15:29:56.000Z");
insert into Administers(treatmentGiverID,patientID,treatmentID,timeAdministered) values("79244","47214","86205","2014-01-26T20:27:00.000Z");
insert into Administers(treatmentGiverID,patientID,treatmentID,timeAdministered) values("30594","69694","72782","2016-12-15T04:17:59.000Z");
insert into Administers(treatmentGiverID,patientID,treatmentID,timeAdministered) values("94075","83201","55904","2014-01-05T06:03:31.000Z");
insert into Administers(treatmentGiverID,patientID,treatmentID,timeAdministered) values("18520","52637","38335","2014-01-07T02:47:34.000Z");
insert into Administers(treatmentGiverID,patientID,treatmentID,timeAdministered) values("5112","38755","28106","2016-04-06T14:22:20.000Z");
insert into Administers(treatmentGiverID,patientID,treatmentID,timeAdministered) values("75513","32536","18467","2014-01-12T16:13:33.000Z");
insert into Administers(treatmentGiverID,patientID,treatmentID,timeAdministered) values("33220","68598","80847","2014-01-01T02:01:43.000Z");
insert into Administers(treatmentGiverID,patientID,treatmentID,timeAdministered) values("29948","36122","38335","2015-10-18T06:13:54.000Z");
insert into Administers(treatmentGiverID,patientID,treatmentID,timeAdministered) values("11804","13700","30221","2016-06-01T15:24:51.000Z");
insert into Administers(treatmentGiverID,patientID,treatmentID,timeAdministered) values("62715","21522","35402","2014-01-12T05:20:05.000Z");
insert into Administers(treatmentGiverID,patientID,treatmentID,timeAdministered) values("37479","97676","35520","2016-09-20T01:06:16.000Z");
insert into Administers(treatmentGiverID,patientID,treatmentID,timeAdministered) values("37479","33822","47341","2016-12-06T04:19:55.000Z");
insert into Administers(treatmentGiverID,patientID,treatmentID,timeAdministered) values("31353","35004","29930","2016-10-11T21:41:10.000Z");
insert into Administers(treatmentGiverID,patientID,treatmentID,timeAdministered) values("55440","1597","21212","2016-06-12T02:29:03.000Z");
insert into Administers(treatmentGiverID,patientID,treatmentID,timeAdministered) values("45099","88081","12218","2015-10-13T10:18:22.000Z");
insert into Administers(treatmentGiverID,patientID,treatmentID,timeAdministered) values("51273","83201","23635","2014-01-10T14:16:46.000Z");
insert into Administers(treatmentGiverID,patientID,treatmentID,timeAdministered) values("80134","84378","29827","2015-07-02T14:27:24.000Z");
insert into Administers(treatmentGiverID,patientID,treatmentID,timeAdministered) values("73808","58086","39108","2015-04-11T14:20:44.000Z");
insert into Administers(treatmentGiverID,patientID,treatmentID,timeAdministered) values("31320","38805","45086","2016-08-28T04:38:52.000Z");
insert into Administers(treatmentGiverID,patientID,treatmentID,timeAdministered) values("60908","13700","77408","2016-02-07T08:02:13.000Z");
insert into Administers(treatmentGiverID,patientID,treatmentID,timeAdministered) values("56892","26541","35520","2016-04-16T19:02:50.000Z");
insert into Administers(treatmentGiverID,patientID,treatmentID,timeAdministered) values("47159","37893","16965","2016-02-27T15:17:17.000Z");
insert into Administers(treatmentGiverID,patientID,treatmentID,timeAdministered) values("43134","79464","85757","2014-01-11T11:38:26.000Z");
insert into Administers(treatmentGiverID,patientID,treatmentID,timeAdministered) values("45416","35561","44212","2014-01-06T13:59:25.000Z");
insert into Administers(treatmentGiverID,patientID,treatmentID,timeAdministered) values("39265","69200","89570","2015-11-03T12:54:07.000Z");
insert into Administers(treatmentGiverID,patientID,treatmentID,timeAdministered) values("80134","84362","83103","2014-01-21T15:09:11.000Z");
insert into Administers(treatmentGiverID,patientID,treatmentID,timeAdministered) values("97167","93455","35402","2014-01-04T05:29:15.000Z");
insert into Administers(treatmentGiverID,patientID,treatmentID,timeAdministered) values("28410","83218","18467","2015-05-23T05:49:13.000Z");
insert into Administers(treatmentGiverID,patientID,treatmentID,timeAdministered) values("80134","69162","99734","2016-07-20T04:40:02.000Z");
insert into Administers(treatmentGiverID,patientID,treatmentID,timeAdministered) values("27444","66691","55904","2015-02-07T05:18:02.000Z");
insert into Administers(treatmentGiverID,patientID,treatmentID,timeAdministered) values("27999","8714","35250","2014-01-06T00:56:46.000Z");
insert into Administers(treatmentGiverID,patientID,treatmentID,timeAdministered) values("31320","92087","86258","2016-04-17T19:15:17.000Z");
insert into Administers(treatmentGiverID,patientID,treatmentID,timeAdministered) values("23002","43205","16925","2014-01-16T17:12:23.000Z");
insert into Administers(treatmentGiverID,patientID,treatmentID,timeAdministered) values("52993","26521","47341","2014-01-05T10:55:57.000Z");
insert into Administers(treatmentGiverID,patientID,treatmentID,timeAdministered) values("47159","87391","93534","2015-01-16T11:21:36.000Z");
insert into Administers(treatmentGiverID,patientID,treatmentID,timeAdministered) values("31353","72105","30992","2016-06-03T21:49:02.000Z");
insert into Administers(treatmentGiverID,patientID,treatmentID,timeAdministered) values("60908","92654","6430","2016-06-27T20:53:53.000Z");
insert into Administers(treatmentGiverID,patientID,treatmentID,timeAdministered) values("24160","69364","18467","2016-07-19T03:16:29.000Z");
insert into Administers(treatmentGiverID,patientID,treatmentID,timeAdministered) values("5598","26610","21476","2014-01-18T09:34:42.000Z");
insert into Administers(treatmentGiverID,patientID,treatmentID,timeAdministered) values("33461","59248","72157","2016-05-12T16:10:38.000Z");
insert into Administers(treatmentGiverID,patientID,treatmentID,timeAdministered) values("27307","38805","6430","2016-11-02T20:37:38.000Z");
insert into Administers(treatmentGiverID,patientID,treatmentID,timeAdministered) values("12460","52769","80381","2015-10-19T18:16:07.000Z");
insert into Administers(treatmentGiverID,patientID,treatmentID,timeAdministered) values("93653","93559","67794","2015-08-14T18:24:27.000Z");
insert into Administers(treatmentGiverID,patientID,treatmentID,timeAdministered) values("5112","26610","80381","2015-08-22T07:36:31.000Z");
insert into Administers(treatmentGiverID,patientID,treatmentID,timeAdministered) values("80134","37616","61615","2015-08-08T05:28:03.000Z");
insert into Administers(treatmentGiverID,patientID,treatmentID,timeAdministered) values("55629","26610","69872","2016-05-06T21:00:36.000Z");
insert into Administers(treatmentGiverID,patientID,treatmentID,timeAdministered) values("72793","38755","34989","2015-11-22T23:17:20.000Z");
insert into Administers(treatmentGiverID,patientID,treatmentID,timeAdministered) values("62715","38755","23635","2014-01-17T07:07:49.000Z");
insert into Administers(treatmentGiverID,patientID,treatmentID,timeAdministered) values("29948","83201","39108","2014-01-17T06:04:18.000Z");
insert into Administers(treatmentGiverID,patientID,treatmentID,timeAdministered) values("87979","86965","28106","2016-01-07T19:27:15.000Z");
insert into Administers(treatmentGiverID,patientID,treatmentID,timeAdministered) values("95168","36442","46054","2016-03-20T08:22:26.000Z");
insert into Administers(treatmentGiverID,patientID,treatmentID,timeAdministered) values("94170","8299","35402","2016-02-16T00:26:57.000Z");
insert into Administers(treatmentGiverID,patientID,treatmentID,timeAdministered) values("64004","2731","45086","2015-05-11T21:49:22.000Z");
insert into Administers(treatmentGiverID,patientID,treatmentID,timeAdministered) values("16980","52769","21212","2015-11-07T08:19:08.000Z");
insert into Administers(treatmentGiverID,patientID,treatmentID,timeAdministered) values("17006","1840","85757","2016-11-10T19:03:44.000Z");
insert into Administers(treatmentGiverID,patientID,treatmentID,timeAdministered) values("75513","30598","44614","2015-02-14T18:29:52.000Z");
insert into Administers(treatmentGiverID,patientID,treatmentID,timeAdministered) values("9207","43205","33579","2015-04-09T02:56:23.000Z");
insert into Administers(treatmentGiverID,patientID,treatmentID,timeAdministered) values("56892","19486","28479","2014-01-25T10:49:40.000Z");
insert into Administers(treatmentGiverID,patientID,treatmentID,timeAdministered) values("37479","57352","77130","2016-11-26T06:06:45.000Z");
insert into Administers(treatmentGiverID,patientID,treatmentID,timeAdministered) values("27999","35004","44212","2014-01-02T19:07:22.000Z");
insert into Administers(treatmentGiverID,patientID,treatmentID,timeAdministered) values("38398","12819","30243","2015-02-24T12:29:16.000Z");
insert into Administers(treatmentGiverID,patientID,treatmentID,timeAdministered) values("16980","34626","54415","2014-01-03T07:21:21.000Z");
insert into Administers(treatmentGiverID,patientID,treatmentID,timeAdministered) values("41767","52769","38335","2016-03-04T20:42:05.000Z");
insert into Administers(treatmentGiverID,patientID,treatmentID,timeAdministered) values("24160","52637","94325","2014-01-15T12:03:00.000Z");
insert into Administers(treatmentGiverID,patientID,treatmentID,timeAdministered) values("67791","35049","55649","2015-09-07T01:19:01.000Z");
insert into Administers(treatmentGiverID,patientID,treatmentID,timeAdministered) values("54347","53635","35402","2015-07-03T18:15:18.000Z");
insert into Administers(treatmentGiverID,patientID,treatmentID,timeAdministered) values("67468","36122","93181","2016-02-06T18:12:11.000Z");
insert into Administers(treatmentGiverID,patientID,treatmentID,timeAdministered) values("45099","55917","16925","2016-09-09T03:54:48.000Z");
insert into Administers(treatmentGiverID,patientID,treatmentID,timeAdministered) values("246","17195","58760","2014-01-17T06:10:16.000Z");
insert into Administers(treatmentGiverID,patientID,treatmentID,timeAdministered) values("623","83692","82493","2015-03-27T11:45:10.000Z");
insert into Administers(treatmentGiverID,patientID,treatmentID,timeAdministered) values("56892","9479","87565","2016-07-14T05:07:37.000Z");
insert into Administers(treatmentGiverID,patientID,treatmentID,timeAdministered) values("98040","41721","44212","2016-09-03T00:25:33.000Z");
insert into Administers(treatmentGiverID,patientID,treatmentID,timeAdministered) values("246","17391","50864","2014-01-20T21:38:51.000Z");
insert into Administers(treatmentGiverID,patientID,treatmentID,timeAdministered) values("98040","33753","93534","2015-04-14T13:50:15.000Z");
insert into Administers(treatmentGiverID,patientID,treatmentID,timeAdministered) values("59975","50211","72782","2016-07-02T09:55:59.000Z");
insert into Administers(treatmentGiverID,patientID,treatmentID,timeAdministered) values("58566","99362","18566","2015-06-09T12:03:27.000Z");
insert into Administers(treatmentGiverID,patientID,treatmentID,timeAdministered) values("6076","87497","29827","2014-01-16T15:13:48.000Z");
insert into Administers(treatmentGiverID,patientID,treatmentID,timeAdministered) values("53306","86961","75337","2014-01-23T06:05:48.000Z");
insert into Administers(treatmentGiverID,patientID,treatmentID,timeAdministered) values("49923","84543","30535","2015-12-14T08:18:22.000Z");
insert into Administers(treatmentGiverID,patientID,treatmentID,timeAdministered) values("95986","64823","38335","2015-06-08T05:31:22.000Z");
insert into Administers(treatmentGiverID,patientID,treatmentID,timeAdministered) values("5598","47151","54415","2015-02-02T03:55:24.000Z");
insert into Administers(treatmentGiverID,patientID,treatmentID,timeAdministered) values("98040","18075","21212","2015-07-06T03:51:48.000Z");
insert into Administers(treatmentGiverID,patientID,treatmentID,timeAdministered) values("73808","27114","74437","2014-01-11T01:50:52.000Z");
insert into Administers(treatmentGiverID,patientID,treatmentID,timeAdministered) values("39265","74209","81759","2016-08-02T20:07:33.000Z");
insert into Administers(treatmentGiverID,patientID,treatmentID,timeAdministered) values("623","35004","22695","2016-04-10T18:23:01.000Z");
insert into Administers(treatmentGiverID,patientID,treatmentID,timeAdministered) values("4167","75668","47341","2016-11-01T02:07:10.000Z");
insert into Administers(treatmentGiverID,patientID,treatmentID,timeAdministered) values("91354","75151","35520","2016-11-12T02:09:40.000Z");
insert into Administers(treatmentGiverID,patientID,treatmentID,timeAdministered) values("11804","63715","33509","2015-10-15T11:41:30.000Z");
insert into Administers(treatmentGiverID,patientID,treatmentID,timeAdministered) values("79244","99362","81851","2014-01-12T02:52:49.000Z");
insert into Administers(treatmentGiverID,patientID,treatmentID,timeAdministered) values("623","46271","93534","2016-02-02T18:41:19.000Z");
insert into Administers(treatmentGiverID,patientID,treatmentID,timeAdministered) values("87979","17195","12921","2014-01-04T15:22:07.000Z");
insert into Administers(treatmentGiverID,patientID,treatmentID,timeAdministered) values("5598","30598","6430","2015-04-04T23:22:39.000Z");
insert into Administers(treatmentGiverID,patientID,treatmentID,timeAdministered) values("7426","49753","39108","2014-01-28T02:46:12.000Z");
insert into Administers(treatmentGiverID,patientID,treatmentID,timeAdministered) values("62788","28240","58760","2014-01-17T02:36:29.000Z");
insert into Administers(treatmentGiverID,patientID,treatmentID,timeAdministered) values("94170","55179","55904","2014-01-08T22:42:09.000Z");
insert into Administers(treatmentGiverID,patientID,treatmentID,timeAdministered) values("31353","46271","69754","2015-10-15T10:24:17.000Z");
insert into Administers(treatmentGiverID,patientID,treatmentID,timeAdministered) values("55440","69364","74389","2014-01-17T05:01:00.000Z");
insert into Administers(treatmentGiverID,patientID,treatmentID,timeAdministered) values("73808","28240","72178","2015-04-12T04:35:43.000Z");
insert into Administers(treatmentGiverID,patientID,treatmentID,timeAdministered) values("23002","84543","19325","2014-01-12T02:18:40.000Z");
insert into Administers(treatmentGiverID,patientID,treatmentID,timeAdministered) values("39265","84362","66445","2016-02-10T11:23:01.000Z");
insert into Administers(treatmentGiverID,patientID,treatmentID,timeAdministered) values("75634","17195","47341","2015-07-15T12:35:14.000Z");
insert into Administers(treatmentGiverID,patientID,treatmentID,timeAdministered) values("45099","71899","61615","2014-01-14T12:51:24.000Z");
insert into Administers(treatmentGiverID,patientID,treatmentID,timeAdministered) values("30594","81878","44614","2016-04-04T16:45:34.000Z");
insert into Administers(treatmentGiverID,patientID,treatmentID,timeAdministered) values("98639","19486","12089","2015-01-02T04:07:14.000Z");
insert into Administers(treatmentGiverID,patientID,treatmentID,timeAdministered) values("75513","38170","81851","2015-07-23T01:11:26.000Z");
insert into Administers(treatmentGiverID,patientID,treatmentID,timeAdministered) values("54347","34509","74389","2014-01-22T20:20:13.000Z");
insert into Administers(treatmentGiverID,patientID,treatmentID,timeAdministered) values("27444","59248","35402","2014-01-13T22:24:35.000Z");
insert into Administers(treatmentGiverID,patientID,treatmentID,timeAdministered) values("55440","31554","12218","2016-04-27T08:14:02.000Z");
insert into Administers(treatmentGiverID,patientID,treatmentID,timeAdministered) values("6076","70753","86205","2015-05-01T20:37:08.000Z");
insert into Administers(treatmentGiverID,patientID,treatmentID,timeAdministered) values("53306","1597","37977","2014-01-23T13:03:05.000Z");
insert into Administers(treatmentGiverID,patientID,treatmentID,timeAdministered) values("54347","8714","32448","2016-04-17T06:05:37.000Z");
insert into Administers(treatmentGiverID,patientID,treatmentID,timeAdministered) values("52834","33822","19451","2014-01-16T00:11:28.000Z");
insert into Administers(treatmentGiverID,patientID,treatmentID,timeAdministered) values("67874","55590","26518","2016-03-19T18:11:46.000Z");
insert into Administers(treatmentGiverID,patientID,treatmentID,timeAdministered) values("80134","86909","83103","2016-01-21T16:31:43.000Z");
insert into Administers(treatmentGiverID,patientID,treatmentID,timeAdministered) values("28289","79464","77130","2014-01-03T10:07:02.000Z");
insert into Administers(treatmentGiverID,patientID,treatmentID,timeAdministered) values("58566","58249","95829","2014-01-20T06:36:14.000Z");
insert into Administers(treatmentGiverID,patientID,treatmentID,timeAdministered) values("87979","99362","82493","2015-09-23T18:33:27.000Z");
insert into Administers(treatmentGiverID,patientID,treatmentID,timeAdministered) values("91354","9025","39108","2014-01-11T10:38:37.000Z");
insert into Administers(treatmentGiverID,patientID,treatmentID,timeAdministered) values("30594","41371","72178","2015-08-12T00:10:30.000Z");
insert into Administers(treatmentGiverID,patientID,treatmentID,timeAdministered) values("52993","67258","29930","2015-12-17T23:17:30.000Z");
insert into Administers(treatmentGiverID,patientID,treatmentID,timeAdministered) values("27307","55590","67794","2015-05-19T07:31:38.000Z");
insert into Administers(treatmentGiverID,patientID,treatmentID,timeAdministered) values("64004","44014","93667","2016-10-01T00:28:28.000Z");
insert into Administers(treatmentGiverID,patientID,treatmentID,timeAdministered) values("12503","58249","74389","2016-02-21T20:56:16.000Z");
insert into Administers(treatmentGiverID,patientID,treatmentID,timeAdministered) values("16980","66938","39108","2014-01-02T03:19:32.000Z");
insert into Administers(treatmentGiverID,patientID,treatmentID,timeAdministered) values("53725","77290","50864","2016-03-17T10:58:31.000Z");
insert into Administers(treatmentGiverID,patientID,treatmentID,timeAdministered) values("38398","28290","78472","2014-01-14T00:27:27.000Z");
insert into Administers(treatmentGiverID,patientID,treatmentID,timeAdministered) values("27444","40821","21476","2015-04-25T15:27:29.000Z");
insert into Administers(treatmentGiverID,patientID,treatmentID,timeAdministered) values("28410","62684","42506","2015-12-24T13:53:50.000Z");
insert into Administers(treatmentGiverID,patientID,treatmentID,timeAdministered) values("55422","99117","86205","2016-06-11T05:56:03.000Z");
insert into Administers(treatmentGiverID,patientID,treatmentID,timeAdministered) values("12460","67980","7017","2015-04-23T12:18:34.000Z");
insert into Administers(treatmentGiverID,patientID,treatmentID,timeAdministered) values("45099","13200","29827","2016-10-24T02:22:31.000Z");
insert into Administers(treatmentGiverID,patientID,treatmentID,timeAdministered) values("6076","69068","35402","2016-04-05T10:38:48.000Z");
insert into Administers(treatmentGiverID,patientID,treatmentID,timeAdministered) values("45099","66134","12921","2015-09-05T16:47:39.000Z");
insert into Administers(treatmentGiverID,patientID,treatmentID,timeAdministered) values("64004","86961","80847","2014-01-21T20:51:10.000Z");
insert into Administers(treatmentGiverID,patientID,treatmentID,timeAdministered) values("67874","56335","54415","2016-04-18T23:45:57.000Z");
insert into Administers(treatmentGiverID,patientID,treatmentID,timeAdministered) values("44505","58903","22695","2015-04-02T03:15:19.000Z");
insert into Administers(treatmentGiverID,patientID,treatmentID,timeAdministered) values("80134","62724","63464","2014-01-12T05:00:06.000Z");
insert into Administers(treatmentGiverID,patientID,treatmentID,timeAdministered) values("33779","93559","87565","2014-01-08T09:04:34.000Z");
insert into Administers(treatmentGiverID,patientID,treatmentID,timeAdministered) values("44840","79555","35520","2016-08-20T06:19:46.000Z");
insert into Administers(treatmentGiverID,patientID,treatmentID,timeAdministered) values("53725","95830","99734","2014-01-25T14:33:03.000Z");
insert into Administers(treatmentGiverID,patientID,treatmentID,timeAdministered) values("5112","74698","29930","2016-02-24T04:03:58.000Z");
insert into Administers(treatmentGiverID,patientID,treatmentID,timeAdministered) values("31353","28240","39108","2014-01-15T23:46:29.000Z");
insert into Administers(treatmentGiverID,patientID,treatmentID,timeAdministered) values("12503","69162","75337","2016-03-16T00:09:54.000Z");
insert into Administers(treatmentGiverID,patientID,treatmentID,timeAdministered) values("90021","83622","77408","2016-07-23T22:51:57.000Z");
insert into Administers(treatmentGiverID,patientID,treatmentID,timeAdministered) values("30594","26487","33579","2015-01-08T12:47:48.000Z");
insert into Administers(treatmentGiverID,patientID,treatmentID,timeAdministered) values("39923","35561","43096","2015-05-17T17:14:08.000Z");
insert into Administers(treatmentGiverID,patientID,treatmentID,timeAdministered) values("26612","57352","25028","2016-06-14T17:42:11.000Z");
insert into Administers(treatmentGiverID,patientID,treatmentID,timeAdministered) values("30594","71899","98721","2016-07-04T14:21:35.000Z");
insert into Administers(treatmentGiverID,patientID,treatmentID,timeAdministered) values("33461","35106","77130","2014-01-01T05:27:03.000Z");
insert into Administers(treatmentGiverID,patientID,treatmentID,timeAdministered) values("98040","56335","50077","2015-02-19T16:05:33.000Z");
insert into Administers(treatmentGiverID,patientID,treatmentID,timeAdministered) values("30498","58464","30535","2016-08-26T15:42:37.000Z");
insert into Administers(treatmentGiverID,patientID,treatmentID,timeAdministered) values("52993","13200","64609","2014-01-24T06:28:38.000Z");
insert into Administers(treatmentGiverID,patientID,treatmentID,timeAdministered) values("30143","27114","35520","2016-07-24T05:06:49.000Z");
insert into Administers(treatmentGiverID,patientID,treatmentID,timeAdministered) values("52834","82706","48783","2014-01-26T12:19:38.000Z");
insert into Administers(treatmentGiverID,patientID,treatmentID,timeAdministered) values("38398","65503","86258","2016-07-24T07:22:08.000Z");
insert into Administers(treatmentGiverID,patientID,treatmentID,timeAdministered) values("17006","17391","48783","2016-01-06T11:44:59.000Z");
insert into Administers(treatmentGiverID,patientID,treatmentID,timeAdministered) values("27444","9560","69754","2015-08-08T15:39:41.000Z");
insert into Administers(treatmentGiverID,patientID,treatmentID,timeAdministered) values("67874","65503","98721","2014-01-15T08:12:06.000Z");
insert into Administers(treatmentGiverID,patientID,treatmentID,timeAdministered) values("87979","33753","98721","2014-01-23T03:05:24.000Z");
insert into Administers(treatmentGiverID,patientID,treatmentID,timeAdministered) values("52993","17579","44614","2015-08-09T06:39:02.000Z");
insert into Administers(treatmentGiverID,patientID,treatmentID,timeAdministered) values("39923","77290","80847","2015-01-31T11:13:12.000Z");
insert into Administers(treatmentGiverID,patientID,treatmentID,timeAdministered) values("7426","5762","10471","2014-01-10T14:51:20.000Z");
insert into Administers(treatmentGiverID,patientID,treatmentID,timeAdministered) values("55629","11554","33579","2014-01-19T14:39:08.000Z");
insert into Administers(treatmentGiverID,patientID,treatmentID,timeAdministered) values("41141","66691","43096","2015-10-22T08:48:33.000Z");
insert into Administers(treatmentGiverID,patientID,treatmentID,timeAdministered) values("246","36442","35402","2014-01-23T09:50:58.000Z");
insert into Administers(treatmentGiverID,patientID,treatmentID,timeAdministered) values("38398","41371","55649","2016-09-16T13:32:08.000Z");
insert into Administers(treatmentGiverID,patientID,treatmentID,timeAdministered) values("52993","49545","70847","2016-07-24T15:10:28.000Z");
insert into Administers(treatmentGiverID,patientID,treatmentID,timeAdministered) values("67468","86961","67794","2016-06-14T07:43:59.000Z");
insert into Administers(treatmentGiverID,patientID,treatmentID,timeAdministered) values("42861","92654","44212","2015-06-26T18:52:12.000Z");
insert into Administers(treatmentGiverID,patientID,treatmentID,timeAdministered) values("98776","62392","95829","2015-01-17T07:44:40.000Z");
insert into Administers(treatmentGiverID,patientID,treatmentID,timeAdministered) values("57754","18075","21476","2016-05-12T14:01:15.000Z");
insert into Orders(doctorID,patientID,treatmentGiverID,treatmentID,date) values("46407","26541","27999","46054","2015-01-27T19:27:59.000Z");
insert into Orders(doctorID,patientID,treatmentGiverID,treatmentID,date) values("52985","84543","18520","6430","2016-11-20T05:06:26.000Z");
insert into Orders(doctorID,patientID,treatmentGiverID,treatmentID,date) values("13713","90639","12503","80847","2016-04-15T21:55:52.000Z");
insert into Orders(doctorID,patientID,treatmentGiverID,treatmentID,date) values("52985","21365","52993","21476","2016-03-19T08:46:34.000Z");
insert into Orders(doctorID,patientID,treatmentGiverID,treatmentID,date) values("54892","70887","67874","18467","2016-06-06T00:12:30.000Z");
insert into Orders(doctorID,patientID,treatmentGiverID,treatmentID,date) values("46407","70887","27999","93534","2015-01-25T11:04:37.000Z");
insert into Orders(doctorID,patientID,treatmentGiverID,treatmentID,date) values("97474","69807","59975","21476","2015-01-08T14:48:38.000Z");
insert into Orders(doctorID,patientID,treatmentGiverID,treatmentID,date) values("9710","49545","27444","72178","2015-01-07T02:05:49.000Z");
insert into Orders(doctorID,patientID,treatmentGiverID,treatmentID,date) values("59876","68501","52993","50864","2015-01-26T05:44:39.000Z");
insert into Orders(doctorID,patientID,treatmentGiverID,treatmentID,date) values("41674","26521","12503","35402","2015-01-05T16:17:55.000Z");
insert into Orders(doctorID,patientID,treatmentGiverID,treatmentID,date) values("95448","57460","80134","98721","2016-04-23T20:06:56.000Z");
insert into Orders(doctorID,patientID,treatmentGiverID,treatmentID,date) values("71484","90639","30594","21476","2016-06-02T06:37:21.000Z");
insert into Orders(doctorID,patientID,treatmentGiverID,treatmentID,date) values("87057","28290","16980","63464","2016-01-24T01:54:18.000Z");
insert into Orders(doctorID,patientID,treatmentGiverID,treatmentID,date) values("70396","47876","62715","72782","2014-12-31T09:03:32.000Z");
insert into Orders(doctorID,patientID,treatmentGiverID,treatmentID,date) values("52985","81878","53725","82493","2015-01-09T16:06:18.000Z");
insert into Orders(doctorID,patientID,treatmentGiverID,treatmentID,date) values("70396","17391","73808","38335","2016-04-18T21:20:45.000Z");
insert into Orders(doctorID,patientID,treatmentGiverID,treatmentID,date) values("41599","69162","80134","12921","2016-12-03T11:31:32.000Z");
insert into Orders(doctorID,patientID,treatmentGiverID,treatmentID,date) values("7393","3759","53024","47341","2015-01-15T20:38:58.000Z");
insert into Orders(doctorID,patientID,treatmentGiverID,treatmentID,date) values("80388","58464","39923","34989","2016-09-08T16:55:12.000Z");
insert into Orders(doctorID,patientID,treatmentGiverID,treatmentID,date) values("2439","35004","98639","12921","2016-07-14T05:20:21.000Z");
insert into Orders(doctorID,patientID,treatmentGiverID,treatmentID,date) values("9710","58249","64004","12921","2016-09-21T05:43:00.000Z");
insert into Orders(doctorID,patientID,treatmentGiverID,treatmentID,date) values("31599","69807","39265","18566","2015-01-04T14:23:13.000Z");
insert into Orders(doctorID,patientID,treatmentGiverID,treatmentID,date) values("97855","84378","5598","77130","2015-01-13T11:34:17.000Z");
insert into Orders(doctorID,patientID,treatmentGiverID,treatmentID,date) values("46407","70887","29948","35520","2015-01-23T11:18:47.000Z");
insert into Orders(doctorID,patientID,treatmentGiverID,treatmentID,date) values("54892","59248","29948","34989","2016-10-08T21:50:53.000Z");
insert into Orders(doctorID,patientID,treatmentGiverID,treatmentID,date) values("96124","18075","64004","38335","2016-03-19T14:53:18.000Z");
insert into Orders(doctorID,patientID,treatmentGiverID,treatmentID,date) values("41599","15174","28289","74389","2015-01-12T12:19:37.000Z");
insert into Orders(doctorID,patientID,treatmentGiverID,treatmentID,date) values("92745","26610","91354","35402","2015-01-09T09:41:08.000Z");
insert into Orders(doctorID,patientID,treatmentGiverID,treatmentID,date) values("70396","46930","45099","29827","2015-01-19T06:42:15.000Z");
insert into Orders(doctorID,patientID,treatmentGiverID,treatmentID,date) values("13713","79461","98639","80847","2015-01-27T20:31:10.000Z");
insert into Orders(doctorID,patientID,treatmentGiverID,treatmentID,date) values("80820","12106","45099","19451","2015-01-23T15:09:35.000Z");
insert into Orders(doctorID,patientID,treatmentGiverID,treatmentID,date) values("97812","90639","27999","50864","2015-01-19T11:51:40.000Z");
insert into Orders(doctorID,patientID,treatmentGiverID,treatmentID,date) values("76553","17391","93653","35402","2015-01-13T06:45:50.000Z");
insert into Orders(doctorID,patientID,treatmentGiverID,treatmentID,date) values("95120","84378","12503","83103","2016-01-26T17:32:52.000Z");
insert into Orders(doctorID,patientID,treatmentGiverID,treatmentID,date) values("95302","21365","39923","89570","2016-03-05T01:04:02.000Z");
insert into Orders(doctorID,patientID,treatmentGiverID,treatmentID,date) values("46407","9479","39265","29930","2015-01-05T17:02:40.000Z");
insert into Orders(doctorID,patientID,treatmentGiverID,treatmentID,date) values("92745","31032","30594","39108","2015-01-19T14:47:03.000Z");
insert into Orders(doctorID,patientID,treatmentGiverID,treatmentID,date) values("70396","63118","95168","77408","2016-12-27T09:26:06.000Z");
insert into Orders(doctorID,patientID,treatmentGiverID,treatmentID,date) values("71484","79464","5598","23635","2016-05-12T21:26:30.000Z");
insert into Orders(doctorID,patientID,treatmentGiverID,treatmentID,date) values("52582","41721","60908","30221","2016-12-06T02:33:58.000Z");
insert into Orders(doctorID,patientID,treatmentGiverID,treatmentID,date) values("87057","13048","39265","21212","2016-11-25T22:46:28.000Z");
insert into Orders(doctorID,patientID,treatmentGiverID,treatmentID,date) values("87057","83622","41141","10471","2015-01-03T23:52:37.000Z");
insert into Orders(doctorID,patientID,treatmentGiverID,treatmentID,date) values("37217","47331","5112","19325","2015-01-28T01:16:48.000Z");
insert into Orders(doctorID,patientID,treatmentGiverID,treatmentID,date) values("86251","32926","53306","19451","2015-01-17T11:18:20.000Z");
insert into Orders(doctorID,patientID,treatmentGiverID,treatmentID,date) values("52985","79461","42861","38138","2014-12-31T15:55:59.000Z");
insert into Orders(doctorID,patientID,treatmentGiverID,treatmentID,date) values("52985","83692","42861","12921","2015-01-15T16:51:29.000Z");
insert into Orders(doctorID,patientID,treatmentGiverID,treatmentID,date) values("62762","18075","23002","44614","2015-01-20T17:54:39.000Z");
insert into Orders(doctorID,patientID,treatmentGiverID,treatmentID,date) values("79196","27114","37479","39108","2016-09-27T04:50:04.000Z");
insert into Orders(doctorID,patientID,treatmentGiverID,treatmentID,date) values("62762","50211","41767","42506","2016-12-19T02:43:44.000Z");
insert into Orders(doctorID,patientID,treatmentGiverID,treatmentID,date) values("59176","35561","58577","54415","2015-01-03T06:19:51.000Z");
insert into Orders(doctorID,patientID,treatmentGiverID,treatmentID,date) values("7393","38170","39923","34989","2016-04-19T10:15:40.000Z");
insert into Orders(doctorID,patientID,treatmentGiverID,treatmentID,date) values("96649","59337","56892","38335","2016-01-19T06:21:39.000Z");
insert into Orders(doctorID,patientID,treatmentGiverID,treatmentID,date) values("76553","20332","55629","35402","2016-06-20T14:16:14.000Z");
insert into Orders(doctorID,patientID,treatmentGiverID,treatmentID,date) values("86251","26541","29330","44212","2016-03-11T19:50:52.000Z");
insert into Orders(doctorID,patientID,treatmentGiverID,treatmentID,date) values("78072","3759","67791","55649","2015-01-20T23:49:14.000Z");
insert into Orders(doctorID,patientID,treatmentGiverID,treatmentID,date) values("2439","58249","56892","86258","2015-01-05T14:35:39.000Z");
insert into Orders(doctorID,patientID,treatmentGiverID,treatmentID,date) values("74505","70887","54347","81851","2015-01-07T18:12:33.000Z");
insert into Orders(doctorID,patientID,treatmentGiverID,treatmentID,date) values("41599","99362","91354","77130","2015-01-24T01:31:40.000Z");
insert into Orders(doctorID,patientID,treatmentGiverID,treatmentID,date) values("41674","99117","27444","6430","2016-01-06T19:58:06.000Z");
insert into Orders(doctorID,patientID,treatmentGiverID,treatmentID,date) values("38287","55141","52993","67794","2016-04-23T20:17:32.000Z");
insert into Orders(doctorID,patientID,treatmentGiverID,treatmentID,date) values("96124","12106","79244","45086","2015-01-15T10:10:20.000Z");
insert into Orders(doctorID,patientID,treatmentGiverID,treatmentID,date) values("95448","55179","59975","81759","2016-04-26T10:39:27.000Z");
insert into Orders(doctorID,patientID,treatmentGiverID,treatmentID,date) values("38287","59352","98040","50077","2016-02-06T12:08:22.000Z");
insert into Orders(doctorID,patientID,treatmentGiverID,treatmentID,date) values("97855","63292","38398","38335","2016-11-15T18:41:29.000Z");
insert into Orders(doctorID,patientID,treatmentGiverID,treatmentID,date) values("59876","31032","54347","35402","2016-02-11T19:51:03.000Z");
insert into Orders(doctorID,patientID,treatmentGiverID,treatmentID,date) values("96649","34626","64004","18566","2016-02-04T14:41:09.000Z");
insert into Orders(doctorID,patientID,treatmentGiverID,treatmentID,date) values("52582","11525","67874","23635","2015-01-02T16:10:20.000Z");
insert into Orders(doctorID,patientID,treatmentGiverID,treatmentID,date) values("31599","38170","65255","30535","2016-11-09T17:51:02.000Z");
insert into Orders(doctorID,patientID,treatmentGiverID,treatmentID,date) values("91686","27495","79244","37977","2015-01-13T15:25:33.000Z");
insert into Orders(doctorID,patientID,treatmentGiverID,treatmentID,date) values("78072","55179","30594","78472","2015-01-26T22:14:21.000Z");
insert into Orders(doctorID,patientID,treatmentGiverID,treatmentID,date) values("97474","26487","33461","77408","2015-01-23T17:10:21.000Z");
insert into Orders(doctorID,patientID,treatmentGiverID,treatmentID,date) values("41599","38616","31320","50077","2016-12-23T07:52:19.000Z");
insert into Orders(doctorID,patientID,treatmentGiverID,treatmentID,date) values("3063","90639","62715","93181","2016-09-21T00:23:58.000Z");
insert into Orders(doctorID,patientID,treatmentGiverID,treatmentID,date) values("80820","35004","94075","18566","2015-01-17T10:13:30.000Z");
insert into Orders(doctorID,patientID,treatmentGiverID,treatmentID,date) values("9710","62724","98639","72178","2015-01-05T20:45:46.000Z");
insert into Orders(doctorID,patientID,treatmentGiverID,treatmentID,date) values("34165","57352","13696","69754","2015-01-03T08:12:39.000Z");
insert into Orders(doctorID,patientID,treatmentGiverID,treatmentID,date) values("88365","69364","12503","86258","2015-01-22T15:07:46.000Z");
insert into Orders(doctorID,patientID,treatmentGiverID,treatmentID,date) values("97474","84543","80134","38335","2015-01-09T07:20:23.000Z");
insert into Orders(doctorID,patientID,treatmentGiverID,treatmentID,date) values("74532","62684","30594","38335","2016-07-23T07:21:16.000Z");
insert into Orders(doctorID,patientID,treatmentGiverID,treatmentID,date) values("47860","83692","44505","44212","2016-12-03T00:32:44.000Z");
insert into Orders(doctorID,patientID,treatmentGiverID,treatmentID,date) values("34165","84543","73808","44212","2016-04-22T02:05:12.000Z");
insert into Orders(doctorID,patientID,treatmentGiverID,treatmentID,date) values("71484","40821","72793","7017","2016-04-30T05:14:30.000Z");
insert into Orders(doctorID,patientID,treatmentGiverID,treatmentID,date) values("92510","81878","47159","6430","2015-01-21T14:15:58.000Z");
insert into Orders(doctorID,patientID,treatmentGiverID,treatmentID,date) values("53612","67258","6076","19451","2016-06-16T14:25:40.000Z");
insert into Orders(doctorID,patientID,treatmentGiverID,treatmentID,date) values("71666","31032","17006","44212","2016-08-13T13:26:07.000Z");
insert into Orders(doctorID,patientID,treatmentGiverID,treatmentID,date) values("97474","26487","45099","82493","2016-04-02T23:04:33.000Z");
insert into Orders(doctorID,patientID,treatmentGiverID,treatmentID,date) values("41599","86909","73808","38138","2016-02-24T06:29:10.000Z");
insert into Orders(doctorID,patientID,treatmentGiverID,treatmentID,date) values("96124","62684","7426","83103","2016-11-06T09:00:35.000Z");
insert into Orders(doctorID,patientID,treatmentGiverID,treatmentID,date) values("87057","59337","73808","18566","2016-12-03T18:06:59.000Z");
insert into Orders(doctorID,patientID,treatmentGiverID,treatmentID,date) values("52582","70887","5598","32448","2016-02-15T21:30:41.000Z");
insert into Orders(doctorID,patientID,treatmentGiverID,treatmentID,date) values("95448","88629","67468","72178","2016-01-11T02:43:17.000Z");
insert into Orders(doctorID,patientID,treatmentGiverID,treatmentID,date) values("7393","40821","12503","19451","2016-03-17T00:00:07.000Z");
insert into Orders(doctorID,patientID,treatmentGiverID,treatmentID,date) values("97474","80459","80134","86258","2016-12-05T02:58:36.000Z");
insert into Orders(doctorID,patientID,treatmentGiverID,treatmentID,date) values("59876","83692","31353","30221","2015-01-19T15:08:13.000Z");
insert into Orders(doctorID,patientID,treatmentGiverID,treatmentID,date) values("9710","74698","52993","28039","2015-01-04T09:51:08.000Z");
insert into Orders(doctorID,patientID,treatmentGiverID,treatmentID,date) values("46407","21522","5598","38138","2015-01-04T04:46:20.000Z");
insert into Orders(doctorID,patientID,treatmentGiverID,treatmentID,date) values("2439","84378","52993","48783","2015-01-17T09:06:33.000Z");
insert into Orders(doctorID,patientID,treatmentGiverID,treatmentID,date) values("91686","88629","29948","43096","2016-10-24T14:13:15.000Z");
insert into Orders(doctorID,patientID,treatmentGiverID,treatmentID,date) values("71484","70887","12503","33579","2016-04-15T17:08:08.000Z");
insert into Orders(doctorID,patientID,treatmentGiverID,treatmentID,date) values("97855","57352","98040","39108","2016-06-07T23:46:44.000Z");
insert into Orders(doctorID,patientID,treatmentGiverID,treatmentID,date) values("71484","86965","87979","50864","2016-12-10T17:39:10.000Z");
insert into Orders(doctorID,patientID,treatmentGiverID,treatmentID,date) values("9510","67258","31320","30535","2016-02-02T03:52:17.000Z");
insert into Orders(doctorID,patientID,treatmentGiverID,treatmentID,date) values("80820","47331","5112","33579","2015-01-26T19:38:04.000Z");
insert into Orders(doctorID,patientID,treatmentGiverID,treatmentID,date) values("74532","9163","95986","44212","2015-01-15T01:51:46.000Z");
insert into Orders(doctorID,patientID,treatmentGiverID,treatmentID,date) values("95302","78585","33461","6430","2015-01-15T07:24:49.000Z");
insert into Orders(doctorID,patientID,treatmentGiverID,treatmentID,date) values("78072","59337","23002","63464","2016-02-13T23:42:09.000Z");
insert into Orders(doctorID,patientID,treatmentGiverID,treatmentID,date) values("41674","81878","64004","29930","2016-09-27T02:28:02.000Z");
insert into Orders(doctorID,patientID,treatmentGiverID,treatmentID,date) values("97855","25455","67874","77130","2016-11-18T15:26:34.000Z");
insert into Orders(doctorID,patientID,treatmentGiverID,treatmentID,date) values("92510","35561","67468","67794","2016-06-06T01:18:06.000Z");
insert into Orders(doctorID,patientID,treatmentGiverID,treatmentID,date) values("66868","55141","64004","46054","2015-01-23T16:01:18.000Z");
insert into Orders(doctorID,patientID,treatmentGiverID,treatmentID,date) values("7393","9479","80134","21476","2015-01-06T07:59:20.000Z");
insert into Orders(doctorID,patientID,treatmentGiverID,treatmentID,date) values("78072","41721","246","21476","2016-10-12T19:28:39.000Z");
insert into Orders(doctorID,patientID,treatmentGiverID,treatmentID,date) values("97474","83876","33461","74437","2015-01-08T04:56:30.000Z");
insert into Orders(doctorID,patientID,treatmentGiverID,treatmentID,date) values("9510","80459","246","34989","2015-01-16T18:20:22.000Z");
insert into Orders(doctorID,patientID,treatmentGiverID,treatmentID,date) values("95302","34626","67468","18467","2016-10-18T22:43:04.000Z");
insert into Orders(doctorID,patientID,treatmentGiverID,treatmentID,date) values("52582","69200","75513","38335","2016-02-23T02:46:50.000Z");
insert into Orders(doctorID,patientID,treatmentGiverID,treatmentID,date) values("92510","35106","55629","35402","2015-01-24T17:24:46.000Z");
insert into Orders(doctorID,patientID,treatmentGiverID,treatmentID,date) values("92510","21522","28410","19451","2016-06-07T21:35:34.000Z");
insert into Orders(doctorID,patientID,treatmentGiverID,treatmentID,date) values("31599","35004","52993","81851","2015-01-05T18:25:30.000Z");
insert into Orders(doctorID,patientID,treatmentGiverID,treatmentID,date) values("91686","83218","56892","55904","2016-02-12T04:55:40.000Z");
insert into Orders(doctorID,patientID,treatmentGiverID,treatmentID,date) values("13713","69200","47159","80381","2016-08-04T20:50:08.000Z");
insert into Orders(doctorID,patientID,treatmentGiverID,treatmentID,date) values("62762","62724","9207","35402","2015-01-23T20:04:13.000Z");
insert into Orders(doctorID,patientID,treatmentGiverID,treatmentID,date) values("96124","35004","98040","6430","2015-01-16T19:32:10.000Z");
insert into Orders(doctorID,patientID,treatmentGiverID,treatmentID,date) values("37217","69068","11804","74437","2015-01-04T08:54:35.000Z");
insert into Orders(doctorID,patientID,treatmentGiverID,treatmentID,date) values("95302","9479","60908","94325","2016-05-12T16:45:03.000Z");
insert into Orders(doctorID,patientID,treatmentGiverID,treatmentID,date) values("37217","7109","81168","18467","2015-01-27T17:46:50.000Z");
insert into Orders(doctorID,patientID,treatmentGiverID,treatmentID,date) values("7393","59248","98040","39108","2016-02-05T21:52:00.000Z");
insert into Orders(doctorID,patientID,treatmentGiverID,treatmentID,date) values("86251","16991","30594","44614","2016-08-18T00:28:34.000Z");
insert into Orders(doctorID,patientID,treatmentGiverID,treatmentID,date) values("96124","46271","52993","86258","2015-01-12T09:36:12.000Z");
insert into Orders(doctorID,patientID,treatmentGiverID,treatmentID,date) values("892","99117","27307","35402","2016-01-21T07:37:12.000Z");
insert into Orders(doctorID,patientID,treatmentGiverID,treatmentID,date) values("39031","74698","31320","48783","2016-05-09T17:29:50.000Z");
insert into Orders(doctorID,patientID,treatmentGiverID,treatmentID,date) values("96124","62684","31353","66445","2016-12-24T03:54:17.000Z");
insert into Orders(doctorID,patientID,treatmentGiverID,treatmentID,date) values("92067","58464","26612","72782","2016-01-01T00:28:23.000Z");
insert into Orders(doctorID,patientID,treatmentGiverID,treatmentID,date) values("46407","90639","27444","35520","2015-01-22T17:10:54.000Z");
insert into Orders(doctorID,patientID,treatmentGiverID,treatmentID,date) values("88365","99362","30498","35402","2015-01-17T15:25:49.000Z");
insert into Orders(doctorID,patientID,treatmentGiverID,treatmentID,date) values("95302","69807","12460","50077","2016-01-01T09:13:53.000Z");
insert into Orders(doctorID,patientID,treatmentGiverID,treatmentID,date) values("95302","69366","39923","35402","2015-01-22T14:45:22.000Z");
insert into Orders(doctorID,patientID,treatmentGiverID,treatmentID,date) values("92510","16991","57754","94325","2015-01-01T14:34:37.000Z");
insert into Orders(doctorID,patientID,treatmentGiverID,treatmentID,date) values("92510","9479","27444","29827","2015-01-04T01:32:24.000Z");
insert into Orders(doctorID,patientID,treatmentGiverID,treatmentID,date) values("80820","55141","37479","86258","2016-02-24T02:09:04.000Z");
insert into Orders(doctorID,patientID,treatmentGiverID,treatmentID,date) values("13713","55917","27307","25028","2016-06-05T19:49:16.000Z");
insert into Orders(doctorID,patientID,treatmentGiverID,treatmentID,date) values("7393","84378","38398","35402","2015-01-18T03:27:42.000Z");
insert into Orders(doctorID,patientID,treatmentGiverID,treatmentID,date) values("70396","68501","47159","80381","2015-01-05T13:21:33.000Z");
insert into Orders(doctorID,patientID,treatmentGiverID,treatmentID,date) values("74532","35561","94170","35402","2015-01-28T03:33:17.000Z");
insert into Orders(doctorID,patientID,treatmentGiverID,treatmentID,date) values("71484","26487","47159","55649","2015-01-07T05:53:39.000Z");
insert into Orders(doctorID,patientID,treatmentGiverID,treatmentID,date) values("97855","70887","80134","29827","2015-01-05T05:25:16.000Z");
insert into Orders(doctorID,patientID,treatmentGiverID,treatmentID,date) values("38287","55179","80134","29930","2015-01-12T11:27:11.000Z");
insert into Orders(doctorID,patientID,treatmentGiverID,treatmentID,date) values("7393","92654","64004","46054","2016-03-25T14:45:49.000Z");
insert into Orders(doctorID,patientID,treatmentGiverID,treatmentID,date) values("52985","83622","12503","38335","2016-01-23T00:17:23.000Z");
insert into Orders(doctorID,patientID,treatmentGiverID,treatmentID,date) values("97474","62684","31320","25028","2015-01-05T20:39:41.000Z");
insert into Orders(doctorID,patientID,treatmentGiverID,treatmentID,date) values("54892","79461","33220","33579","2015-01-09T17:16:00.000Z");
insert into Orders(doctorID,patientID,treatmentGiverID,treatmentID,date) values("41674","63292","6076","86258","2015-01-18T00:36:55.000Z");
insert into Orders(doctorID,patientID,treatmentGiverID,treatmentID,date) values("87057","9479","23002","74437","2015-01-17T15:14:47.000Z");
insert into Orders(doctorID,patientID,treatmentGiverID,treatmentID,date) values("71666","46930","94170","44212","2016-05-24T05:25:10.000Z");
insert into Orders(doctorID,patientID,treatmentGiverID,treatmentID,date) values("52985","47331","55440","42506","2016-12-06T21:07:15.000Z");
insert into Orders(doctorID,patientID,treatmentGiverID,treatmentID,date) values("78072","90639","60908","78472","2016-11-13T22:04:48.000Z");
insert into Orders(doctorID,patientID,treatmentGiverID,treatmentID,date) values("54892","50211","12503","12921","2016-05-02T23:56:56.000Z");
insert into Orders(doctorID,patientID,treatmentGiverID,treatmentID,date) values("70396","83201","28289","23635","2015-01-14T03:38:13.000Z");
insert into Orders(doctorID,patientID,treatmentGiverID,treatmentID,date) values("74532","31032","73808","43096","2015-01-15T22:25:59.000Z");
insert into Orders(doctorID,patientID,treatmentGiverID,treatmentID,date) values("87057","5762","28289","38335","2016-07-09T02:47:57.000Z");
insert into Orders(doctorID,patientID,treatmentGiverID,treatmentID,date) values("97855","55141","90021","42506","2015-01-21T01:33:04.000Z");
insert into Orders(doctorID,patientID,treatmentGiverID,treatmentID,date) values("59876","11554","6076","86205","2016-10-17T14:37:23.000Z");
insert into Orders(doctorID,patientID,treatmentGiverID,treatmentID,date) values("74532","12106","24160","38335","2015-01-25T05:13:03.000Z");
insert into Orders(doctorID,patientID,treatmentGiverID,treatmentID,date) values("53612","13048","623","26518","2016-08-16T03:13:10.000Z");
insert into Orders(doctorID,patientID,treatmentGiverID,treatmentID,date) values("47860","83218","80134","72178","2015-01-23T11:53:48.000Z");
insert into Orders(doctorID,patientID,treatmentGiverID,treatmentID,date) values("87057","58295","56892","35402","2016-03-02T03:33:20.000Z");
insert into Orders(doctorID,patientID,treatmentGiverID,treatmentID,date) values("80820","81472","16980","38335","2015-01-03T13:49:53.000Z");
insert into Orders(doctorID,patientID,treatmentGiverID,treatmentID,date) values("96124","95472","54347","38138","2015-01-10T19:02:17.000Z");
insert into Orders(doctorID,patientID,treatmentGiverID,treatmentID,date) values("37217","38170","60908","35520","2016-08-25T08:22:07.000Z");
insert into Orders(doctorID,patientID,treatmentGiverID,treatmentID,date) values("80820","20127","23002","43096","2016-04-08T16:51:55.000Z");
insert into Orders(doctorID,patientID,treatmentGiverID,treatmentID,date) values("97474","37892","62788","35520","2016-06-22T01:08:12.000Z");
insert into Orders(doctorID,patientID,treatmentGiverID,treatmentID,date) values("7393","7109","28289","35402","2015-01-14T13:32:48.000Z");
insert into Orders(doctorID,patientID,treatmentGiverID,treatmentID,date) values("92510","8607","98040","35520","2015-01-26T12:03:54.000Z");
insert into Orders(doctorID,patientID,treatmentGiverID,treatmentID,date) values("41599","92087","246","67794","2015-12-31T06:58:58.000Z");
insert into Orders(doctorID,patientID,treatmentGiverID,treatmentID,date) values("74532","28240","52834","6430","2015-01-22T14:46:31.000Z");
insert into Orders(doctorID,patientID,treatmentGiverID,treatmentID,date) values("79196","35004","57754","85757","2016-07-06T10:51:07.000Z");
insert into Orders(doctorID,patientID,treatmentGiverID,treatmentID,date) values("74505","35004","98040","38335","2015-01-12T19:20:12.000Z");
insert into Orders(doctorID,patientID,treatmentGiverID,treatmentID,date) values("62762","67258","17006","33579","2016-08-17T21:04:57.000Z");
insert into Orders(doctorID,patientID,treatmentGiverID,treatmentID,date) values("95448","16991","45099","34989","2015-01-26T04:38:48.000Z");
insert into Orders(doctorID,patientID,treatmentGiverID,treatmentID,date) values("70396","49545","62715","50077","2016-11-24T12:47:46.000Z");
insert into Orders(doctorID,patientID,treatmentGiverID,treatmentID,date) values("97855","93455","67874","39108","2016-08-21T06:21:33.000Z");
insert into Orders(doctorID,patientID,treatmentGiverID,treatmentID,date) values("53612","53600","33461","54415","2016-02-10T17:25:20.000Z");
insert into Orders(doctorID,patientID,treatmentGiverID,treatmentID,date) values("97855","43595","38398","18566","2015-01-12T05:05:36.000Z");
insert into Orders(doctorID,patientID,treatmentGiverID,treatmentID,date) values("31599","73417","6076","35402","2016-10-17T03:41:47.000Z");
insert into Orders(doctorID,patientID,treatmentGiverID,treatmentID,date) values("86251","33822","12460","35402","2016-03-09T12:56:00.000Z");
insert into Orders(doctorID,patientID,treatmentGiverID,treatmentID,date) values("31599","59248","29948","78472","2015-01-24T12:30:46.000Z");
insert into Orders(doctorID,patientID,treatmentGiverID,treatmentID,date) values("5648","58295","45099","80381","2016-03-21T21:08:32.000Z");
insert into Orders(doctorID,patientID,treatmentGiverID,treatmentID,date) values("91686","59248","75513","81851","2015-01-23T16:43:46.000Z");
insert into Orders(doctorID,patientID,treatmentGiverID,treatmentID,date) values("97474","83218","52993","74389","2015-01-27T01:50:24.000Z");
insert into Orders(doctorID,patientID,treatmentGiverID,treatmentID,date) values("71484","74209","5112","98721","2016-01-11T00:57:36.000Z");
insert into Orders(doctorID,patientID,treatmentGiverID,treatmentID,date) values("52985","35004","39265","35402","2016-05-15T13:02:51.000Z");
insert into Orders(doctorID,patientID,treatmentGiverID,treatmentID,date) values("46407","31032","31320","43096","2015-01-02T13:02:25.000Z");
insert into Orders(doctorID,patientID,treatmentGiverID,treatmentID,date) values("76506","83692","30594","89570","2016-12-03T11:32:09.000Z");
insert into Orders(doctorID,patientID,treatmentGiverID,treatmentID,date) values("47860","27495","39265","74437","2015-01-14T13:03:18.000Z");
insert into Orders(doctorID,patientID,treatmentGiverID,treatmentID,date) values("52985","26610","39265","47341","2015-01-05T16:38:35.000Z");
insert into Orders(doctorID,patientID,treatmentGiverID,treatmentID,date) values("97812","60794","67874","93534","2016-04-16T06:59:40.000Z");
insert into Orders(doctorID,patientID,treatmentGiverID,treatmentID,date) values("54892","9479","59975","6430","2015-01-21T02:15:53.000Z");
insert into Orders(doctorID,patientID,treatmentGiverID,treatmentID,date) values("62762","12819","80134","74437","2015-01-10T18:13:38.000Z");
insert into Orders(doctorID,patientID,treatmentGiverID,treatmentID,date) values("2439","55141","16839","47341","2015-01-10T16:16:43.000Z");
insert into Orders(doctorID,patientID,treatmentGiverID,treatmentID,date) values("9710","69200","81168","39108","2015-01-22T00:01:42.000Z");
insert into Discharges(AdminID,patientID,date) values("27488","68598","2015-12-21T06:09:29.000Z");
insert into Discharges(AdminID,patientID,date) values("76506","98529","2016-09-27T02:54:11.000Z");
insert into Discharges(AdminID,patientID,date) values("1565","71899","2016-12-14T05:09:02.000Z");
insert into Discharges(AdminID,patientID,date) values("892","1840","2016-09-08T07:03:38.000Z");
insert into Discharges(AdminID,patientID,date) values("60266","53600","2016-03-13T07:20:05.000Z");
insert into Discharges(AdminID,patientID,date) values("97855","38170","2016-12-27T05:05:35.000Z");
insert into Discharges(AdminID,patientID,date) values("74532","68501","2016-07-22T12:24:49.000Z");
insert into Discharges(AdminID,patientID,date) values("89074","73417","2016-08-15T06:42:54.000Z");
insert into Discharges(AdminID,patientID,date) values("55623","52769","2015-09-11T17:05:54.000Z");
insert into Discharges(AdminID,patientID,date) values("89074","40821","2016-09-25T23:17:56.000Z");
insert into Discharges(AdminID,patientID,date) values("61985","2731","2016-09-19T10:11:20.000Z");
insert into Discharges(AdminID,patientID,date) values("76506","84543","2014-01-20T14:35:16.000Z");
insert into Discharges(AdminID,patientID,date) values("30999","8607","2015-10-08T17:21:53.000Z");
insert into Discharges(AdminID,patientID,date) values("78072","43595","2016-09-05T20:46:20.000Z");
insert into Discharges(AdminID,patientID,date) values("13142","83876","2015-11-18T17:04:26.000Z");
insert into Discharges(AdminID,patientID,date) values("56355","19486","2016-07-21T06:08:33.000Z");
insert into Discharges(AdminID,patientID,date) values("6690","34626","2016-05-18T07:33:16.000Z");
insert into Discharges(AdminID,patientID,date) values("92745","84543","2016-03-09T14:49:15.000Z");
insert into Discharges(AdminID,patientID,date) values("59176","69068","2015-03-13T07:30:31.000Z");
insert into Discharges(AdminID,patientID,date) values("41674","55917","2016-06-05T15:44:33.000Z");
insert into Discharges(AdminID,patientID,date) values("83971","79555","2016-12-28T01:47:31.000Z");
insert into Discharges(AdminID,patientID,date) values("3063","7662","2016-10-05T05:21:07.000Z");
insert into Discharges(AdminID,patientID,date) values("74505","19486","2016-09-08T10:30:43.000Z");
insert into Discharges(AdminID,patientID,date) values("97855","55917","2016-11-19T22:46:49.000Z");
insert into Discharges(AdminID,patientID,date) values("7393","26541","2015-06-24T06:21:26.000Z");
insert into Discharges(AdminID,patientID,date) values("5648","7662","2016-12-26T02:10:03.000Z");
insert into Discharges(AdminID,patientID,date) values("44836","97676","2015-06-27T14:46:36.000Z");
insert into Discharges(AdminID,patientID,date) values("5648","95830","2015-12-28T04:40:07.000Z");
insert into Discharges(AdminID,patientID,date) values("13725","40821","2016-12-20T15:07:09.000Z");
insert into Discharges(AdminID,patientID,date) values("38287","86965","2016-02-22T06:48:58.000Z");
insert into Discharges(AdminID,patientID,date) values("59876","73417","2016-12-19T16:16:11.000Z");
insert into Discharges(AdminID,patientID,date) values("83971","63715","2016-02-02T20:52:40.000Z");
insert into Discharges(AdminID,patientID,date) values("95448","26541","2016-08-25T04:08:02.000Z");
insert into Discharges(AdminID,patientID,date) values("24120","69807","2016-10-25T17:40:12.000Z");
insert into Discharges(AdminID,patientID,date) values("80806","34509","2015-04-07T08:38:55.000Z");
insert into Discharges(AdminID,patientID,date) values("80388","75668","2015-01-08T02:28:19.000Z");
insert into Discharges(AdminID,patientID,date) values("6690","35049","2016-10-25T08:17:03.000Z");
insert into Discharges(AdminID,patientID,date) values("95120","63118","2016-07-23T17:55:42.000Z");
insert into Discharges(AdminID,patientID,date) values("83990","8607","2016-09-14T06:59:05.000Z");
insert into Discharges(AdminID,patientID,date) values("892","65516","2016-11-07T21:53:43.000Z");
insert into Discharges(AdminID,patientID,date) values("7393","59337","2016-06-26T03:06:35.000Z");
insert into Discharges(AdminID,patientID,date) values("13725","86961","2016-12-05T22:16:47.000Z");
insert into Discharges(AdminID,patientID,date) values("55411","83622","2015-02-05T19:20:56.000Z");
insert into Discharges(AdminID,patientID,date) values("37217","93726","2016-07-31T12:53:57.000Z");
insert into Discharges(AdminID,patientID,date) values("13713","64823","2016-05-21T00:50:51.000Z");
insert into Discharges(AdminID,patientID,date) values("11527","11525","2016-09-12T19:52:02.000Z");
insert into Discharges(AdminID,patientID,date) values("83990","70887","2016-12-27T20:13:28.000Z");
insert into Discharges(AdminID,patientID,date) values("22634","49545","2016-11-03T00:12:39.000Z");
insert into Discharges(AdminID,patientID,date) values("53612","2731","2016-12-21T06:13:16.000Z");
insert into Discharges(AdminID,patientID,date) values("91225","35106","2014-01-25T23:38:42.000Z");
insert into Discharges(AdminID,patientID,date) values("24480","46271","2016-11-27T02:37:15.000Z");
insert into Discharges(AdminID,patientID,date) values("89074","86961","2016-12-23T01:36:56.000Z");
insert into Discharges(AdminID,patientID,date) values("97034","38755","2016-12-07T01:50:22.000Z");
insert into Discharges(AdminID,patientID,date) values("83971","68598","2016-07-19T10:05:59.000Z");
insert into Discharges(AdminID,patientID,date) values("47860","59337","2016-12-27T04:30:10.000Z");
insert into Discharges(AdminID,patientID,date) values("24480","79555","2016-12-28T05:29:55.000Z");
insert into Discharges(AdminID,patientID,date) values("13142","69068","2016-08-09T18:59:40.000Z");
insert into Discharges(AdminID,patientID,date) values("13713","17230","2016-03-21T05:27:37.000Z");
insert into Discharges(AdminID,patientID,date) values("22634","34215","2015-05-24T16:49:41.000Z");
insert into Discharges(AdminID,patientID,date) values("38287","70887","2016-12-28T01:37:34.000Z");
insert into Discharges(AdminID,patientID,date) values("32807","70432","2015-08-22T10:43:23.000Z");
insert into Discharges(AdminID,patientID,date) values("34165","38755","2016-12-27T01:32:02.000Z");
insert into Discharges(AdminID,patientID,date) values("31599","32926","2016-12-13T16:54:51.000Z");
insert into Discharges(AdminID,patientID,date) values("88365","19486","2016-09-27T21:01:12.000Z");
insert into Discharges(AdminID,patientID,date) values("6690","17579","2015-06-13T19:20:39.000Z");
insert into Discharges(AdminID,patientID,date) values("76506","38170","2016-12-28T03:35:09.000Z");
insert into Discharges(AdminID,patientID,date) values("9710","78585","2016-12-26T17:56:08.000Z");
insert into Discharges(AdminID,patientID,date) values("6690","1423","2016-09-21T03:18:46.000Z");
insert into Discharges(AdminID,patientID,date) values("38287","66938","2016-05-01T10:49:24.000Z");
insert into Discharges(AdminID,patientID,date) values("1660","74209","2016-12-26T08:58:12.000Z");
insert into Discharges(AdminID,patientID,date) values("27488","83622","2015-06-08T15:29:48.000Z");
insert into Discharges(AdminID,patientID,date) values("95448","70753","2016-05-09T04:55:51.000Z");
insert into Discharges(AdminID,patientID,date) values("48934","75668","2016-11-14T08:06:22.000Z");
insert into Discharges(AdminID,patientID,date) values("35337","72105","2016-03-25T16:14:01.000Z");
insert into Discharges(AdminID,patientID,date) values("80806","26610","2015-12-25T02:53:44.000Z");
insert into Discharges(AdminID,patientID,date) values("13771","20332","2016-10-27T23:51:03.000Z");
insert into Discharges(AdminID,patientID,date) values("22634","17579","2016-02-07T21:48:36.000Z");
insert into Discharges(AdminID,patientID,date) values("55623","64823","2016-12-24T23:43:28.000Z");
insert into Discharges(AdminID,patientID,date) values("3696","18075","2016-09-16T10:46:51.000Z");
insert into Discharges(AdminID,patientID,date) values("39031","63118","2016-10-06T22:03:35.000Z");
insert into Discharges(AdminID,patientID,date) values("6690","63715","2016-12-27T09:35:13.000Z");
insert into Discharges(AdminID,patientID,date) values("54892","70753","2016-11-15T22:21:26.000Z");
insert into Discharges(AdminID,patientID,date) values("1660","69068","2016-11-18T19:00:34.000Z");
insert into Discharges(AdminID,patientID,date) values("27488","65151","2015-12-02T10:52:45.000Z");
insert into Discharges(AdminID,patientID,date) values("35337","80459","2016-07-24T16:03:27.000Z");
insert into Discharges(AdminID,patientID,date) values("76506","47151","2015-10-02T01:08:36.000Z");
insert into Discharges(AdminID,patientID,date) values("24480","33074","2016-10-14T04:54:12.000Z");
insert into Discharges(AdminID,patientID,date) values("22634","70753","2016-12-24T20:06:38.000Z");
insert into Discharges(AdminID,patientID,date) values("70396","80459","2016-08-14T13:59:18.000Z");
insert into Discharges(AdminID,patientID,date) values("3696","1840","2016-12-27T20:09:25.000Z");
insert into Discharges(AdminID,patientID,date) values("5648","70432","2015-12-27T07:15:38.000Z");
insert into Discharges(AdminID,patientID,date) values("24480","70887","2016-12-28T05:44:00.000Z");
insert into Discharges(AdminID,patientID,date) values("96649","47214","2015-11-27T16:31:35.000Z");
insert into Discharges(AdminID,patientID,date) values("6690","84269","2016-09-11T07:29:47.000Z");
insert into Discharges(AdminID,patientID,date) values("92745","81472","2016-09-14T14:49:09.000Z");
insert into Discharges(AdminID,patientID,date) values("22634","17579","2016-11-10T02:37:56.000Z");
insert into Discharges(AdminID,patientID,date) values("59876","27495","2016-07-05T18:33:30.000Z");
insert into Discharges(AdminID,patientID,date) values("70396","68598","2016-11-24T18:59:18.000Z");
insert into Discharges(AdminID,patientID,date) values("95120","15174","2016-08-31T18:01:53.000Z");
insert into Discharges(AdminID,patientID,date) values("3063","38170","2016-12-28T05:29:58.000Z");
insert into Discharges(AdminID,patientID,date) values("11527","86961","2016-12-24T15:27:46.000Z");
insert into Discharges(AdminID,patientID,date) values("96649","8607","2016-12-26T08:27:09.000Z");
insert into Discharges(AdminID,patientID,date) values("23172","78585","2016-12-28T01:11:29.000Z");
insert into Discharges(AdminID,patientID,date) values("38287","9025","2016-11-19T14:06:29.000Z");
insert into Discharges(AdminID,patientID,date) values("11527","35049","2016-12-12T14:39:01.000Z");
insert into Discharges(AdminID,patientID,date) values("74505","84269","2016-10-19T21:03:40.000Z");
insert into Discharges(AdminID,patientID,date) values("92745","38170","2016-12-28T05:51:30.000Z");
insert into Discharges(AdminID,patientID,date) values("892","38755","2016-12-28T05:49:57.000Z");
insert into Discharges(AdminID,patientID,date) values("7393","83876","2016-07-21T00:56:45.000Z");
insert into Discharges(AdminID,patientID,date) values("5648","70753","2016-12-27T06:16:43.000Z");
insert into Discharges(AdminID,patientID,date) values("5648","28290","2015-02-10T16:15:58.000Z");
insert into Discharges(AdminID,patientID,date) values("5648","64823","2016-12-27T12:11:30.000Z");
insert into Discharges(AdminID,patientID,date) values("13713","53635","2014-01-11T13:47:40.000Z");
insert into Discharges(AdminID,patientID,date) values("71484","28290","2016-12-25T21:59:15.000Z");
insert into Discharges(AdminID,patientID,date) values("55411","69366","2016-08-10T20:16:48.000Z");
insert into Discharges(AdminID,patientID,date) values("41674","43205","2015-08-25T10:23:14.000Z");
insert into Discharges(AdminID,patientID,date) values("96124","63715","2016-12-28T05:11:50.000Z");
insert into Discharges(AdminID,patientID,date) values("54892","59248","2016-12-04T05:45:05.000Z");
insert into Discharges(AdminID,patientID,date) values("5648","84269","2016-10-31T06:48:18.000Z");
insert into Discharges(AdminID,patientID,date) values("48934","74209","2016-12-26T15:25:49.000Z");
insert into Discharges(AdminID,patientID,date) values("46407","8714","2016-04-16T16:35:04.000Z");
insert into Discharges(AdminID,patientID,date) values("55623","12819","2016-05-25T05:47:51.000Z");
insert into Discharges(AdminID,patientID,date) values("71484","3759","2016-04-01T09:27:54.000Z");
insert into Discharges(AdminID,patientID,date) values("38287","73417","2016-12-25T20:12:49.000Z");
insert into Discharges(AdminID,patientID,date) values("1565","28290","2016-12-28T01:22:35.000Z");
insert into Discharges(AdminID,patientID,date) values("83990","83622","2016-11-21T10:59:40.000Z");
insert into Discharges(AdminID,patientID,date) values("1565","33074","2016-12-15T20:13:02.000Z");
insert into Discharges(AdminID,patientID,date) values("97474","58086","2016-11-23T15:56:19.000Z");
insert into Discharges(AdminID,patientID,date) values("48934","5762","2014-01-09T01:40:56.000Z");
insert into Discharges(AdminID,patientID,date) values("13142","70432","2016-05-24T21:31:43.000Z");
insert into Discharges(AdminID,patientID,date) values("53621","21522","2014-01-27T21:47:09.000Z");
insert into Discharges(AdminID,patientID,date) values("91225","80459","2016-09-26T11:26:54.000Z");
insert into Discharges(AdminID,patientID,date) values("59876","3759","2016-07-21T17:28:57.000Z");
insert into Discharges(AdminID,patientID,date) values("38287","28290","2016-12-28T05:33:43.000Z");
insert into Discharges(AdminID,patientID,date) values("3696","71899","2016-12-28T05:21:47.000Z");
insert into Discharges(AdminID,patientID,date) values("53621","78585","2016-12-28T04:17:41.000Z");
insert into Discharges(AdminID,patientID,date) values("39031","69366","2016-11-27T05:01:38.000Z");
insert into Discharges(AdminID,patientID,date) values("39031","7662","2016-12-26T13:50:45.000Z");
insert into Discharges(AdminID,patientID,date) values("91686","49753","2016-02-24T06:01:13.000Z");
insert into Discharges(AdminID,patientID,date) values("53621","34509","2016-01-23T19:41:56.000Z");
insert into Discharges(AdminID,patientID,date) values("96124","18075","2016-12-23T13:09:58.000Z");
insert into Discharges(AdminID,patientID,date) values("60266","93726","2016-12-14T06:30:37.000Z");
insert into Discharges(AdminID,patientID,date) values("32807","30713","2016-03-20T03:24:41.000Z");
insert into Discharges(AdminID,patientID,date) values("61985","58464","2016-09-24T15:03:27.000Z");
insert into Discharges(AdminID,patientID,date) values("59176","47876","2016-12-22T08:22:31.000Z");
insert into Discharges(AdminID,patientID,date) values("11527","26160","2016-06-23T18:42:40.000Z");
insert into Discharges(AdminID,patientID,date) values("9710","28290","2016-12-28T05:50:11.000Z");
insert into Discharges(AdminID,patientID,date) values("46164","38616","2015-02-09T17:58:10.000Z");
insert into Discharges(AdminID,patientID,date) values("41599","81682","2016-12-26T02:19:45.000Z");
insert into Discharges(AdminID,patientID,date) values("56355","7662","2016-12-27T05:12:51.000Z");
insert into Discharges(AdminID,patientID,date) values("52985","69366","2016-12-26T06:44:34.000Z");
insert into Discharges(AdminID,patientID,date) values("38287","43595","2016-11-23T15:56:21.000Z");
insert into Discharges(AdminID,patientID,date) values("70396","81682","2016-12-28T05:40:06.000Z");
insert into Discharges(AdminID,patientID,date) values("80368","12106","2015-12-06T08:32:08.000Z");
insert into Discharges(AdminID,patientID,date) values("83971","53600","2016-11-28T04:36:30.000Z");
insert into Discharges(AdminID,patientID,date) values("6690","13200","2016-02-28T05:15:17.000Z");
insert into Discharges(AdminID,patientID,date) values("892","47876","2016-12-27T10:10:01.000Z");
insert into Discharges(AdminID,patientID,date) values("41674","36476","2016-08-19T10:23:57.000Z");
insert into Discharges(AdminID,patientID,date) values("41674","70753","2016-12-27T07:53:56.000Z");
insert into Discharges(AdminID,patientID,date) values("42983","65516","2016-12-23T00:44:51.000Z");
insert into Discharges(AdminID,patientID,date) values("39031","97676","2016-09-16T00:59:50.000Z");
insert into Discharges(AdminID,patientID,date) values("13771","63292","2016-11-10T11:19:06.000Z");
insert into Discharges(AdminID,patientID,date) values("3063","46271","2016-12-28T05:41:03.000Z");
insert into Discharges(AdminID,patientID,date) values("38287","26610","2016-12-24T09:00:51.000Z");
insert into Discharges(AdminID,patientID,date) values("27488","31032","2016-05-03T22:53:08.000Z");
insert into Discharges(AdminID,patientID,date) values("9710","63118","2016-12-07T11:16:42.000Z");
insert into Discharges(AdminID,patientID,date) values("38287","2731","2016-12-25T17:40:41.000Z");
insert into Discharges(AdminID,patientID,date) values("77454","47151","2016-12-11T00:39:12.000Z");
insert into Discharges(AdminID,patientID,date) values("86387","55141","2016-12-22T22:47:46.000Z");
insert into Discharges(AdminID,patientID,date) values("18737","7662","2016-12-27T23:13:59.000Z");
insert into Discharges(AdminID,patientID,date) values("76506","69068","2016-12-22T12:32:56.000Z");
insert into Discharges(AdminID,patientID,date) values("6690","63715","2016-12-28T05:58:58.000Z");
insert into Discharges(AdminID,patientID,date) values("76553","69694","2016-12-25T03:37:53.000Z");
insert into Discharges(AdminID,patientID,date) values("1565","72483","2015-06-09T20:21:54.000Z");
insert into Discharges(AdminID,patientID,date) values("97474","47151","2016-12-28T02:16:02.000Z");
insert into Discharges(AdminID,patientID,date) values("89074","70432","2016-12-04T02:02:08.000Z");
insert into Discharges(AdminID,patientID,date) values("80820","32536","2016-05-19T14:46:11.000Z");
insert into Discharges(AdminID,patientID,date) values("18737","38616","2016-12-14T15:40:04.000Z");
insert into Discharges(AdminID,patientID,date) values("80368","73417","2016-12-27T15:44:05.000Z");
insert into Discharges(AdminID,patientID,date) values("88365","9025","2016-12-23T07:07:03.000Z");
insert into Discharges(AdminID,patientID,date) values("22634","97676","2016-12-23T19:14:58.000Z");
insert into Discharges(AdminID,patientID,date) values("76506","81472","2016-12-05T18:01:19.000Z");
insert into Discharges(AdminID,patientID,date) values("71484","83876","2016-10-19T16:16:16.000Z");
insert into Discharges(AdminID,patientID,date) values("97855","12819","2016-10-14T22:38:48.000Z");
insert into Discharges(AdminID,patientID,date) values("31599","3759","2016-10-08T23:30:23.000Z");
insert into Admin(employeeID) values("892");
insert into Admin(employeeID) values("1565");
insert into Admin(employeeID) values("1660");
insert into Admin(employeeID) values("2439");
insert into Admin(employeeID) values("3063");
insert into Admin(employeeID) values("3696");
insert into Admin(employeeID) values("5648");
insert into Admin(employeeID) values("6690");
insert into Admin(employeeID) values("7393");
insert into Admin(employeeID) values("9510");
insert into Admin(employeeID) values("9710");
insert into Admin(employeeID) values("11527");
insert into Admin(employeeID) values("13142");
insert into Admin(employeeID) values("13713");
insert into Admin(employeeID) values("13725");
insert into Admin(employeeID) values("13771");
insert into Admin(employeeID) values("18546");
insert into Admin(employeeID) values("18737");
insert into Admin(employeeID) values("22634");
insert into Admin(employeeID) values("23172");
insert into Admin(employeeID) values("24120");
insert into Admin(employeeID) values("24480");
insert into Admin(employeeID) values("27488");
insert into Admin(employeeID) values("30999");
insert into Admin(employeeID) values("31599");
insert into Admin(employeeID) values("32807");
insert into Admin(employeeID) values("34165");
insert into Admin(employeeID) values("35337");
insert into Admin(employeeID) values("37217");
insert into Admin(employeeID) values("38287");
insert into Admin(employeeID) values("38845");
insert into Admin(employeeID) values("39031");
insert into Admin(employeeID) values("41599");
insert into Admin(employeeID) values("41674");
insert into Admin(employeeID) values("42983");
insert into Admin(employeeID) values("44836");
insert into Admin(employeeID) values("46164");
insert into Admin(employeeID) values("46407");
insert into Admin(employeeID) values("47860");
insert into Admin(employeeID) values("48934");
insert into Admin(employeeID) values("49108");
insert into Admin(employeeID) values("52582");
insert into Admin(employeeID) values("52985");
insert into Admin(employeeID) values("53612");
insert into Admin(employeeID) values("53621");
insert into Admin(employeeID) values("54892");
insert into Admin(employeeID) values("55411");
insert into Admin(employeeID) values("55623");
insert into Admin(employeeID) values("56355");
insert into Admin(employeeID) values("59176");
insert into Admin(employeeID) values("59876");
insert into Admin(employeeID) values("60266");
insert into Admin(employeeID) values("61985");
insert into Admin(employeeID) values("62762");
insert into Admin(employeeID) values("70396");
insert into Admin(employeeID) values("71484");
insert into Admin(employeeID) values("74505");
insert into Admin(employeeID) values("74532");
insert into Admin(employeeID) values("76506");
insert into Admin(employeeID) values("76553");
insert into Admin(employeeID) values("77454");
insert into Admin(employeeID) values("78072");
insert into Admin(employeeID) values("78370");
insert into Admin(employeeID) values("79196");
insert into Admin(employeeID) values("80368");
insert into Admin(employeeID) values("80388");
insert into Admin(employeeID) values("80806");
insert into Admin(employeeID) values("80820");
insert into Admin(employeeID) values("83971");
insert into Admin(employeeID) values("83990");
insert into Admin(employeeID) values("86251");
insert into Admin(employeeID) values("86387");
insert into Admin(employeeID) values("87057");
insert into Admin(employeeID) values("88365");
insert into Admin(employeeID) values("89074");
insert into Admin(employeeID) values("91224");
insert into Admin(employeeID) values("91225");
insert into Admin(employeeID) values("91686");
insert into Admin(employeeID) values("92510");
insert into Admin(employeeID) values("92745");
insert into Admin(employeeID) values("95120");
insert into Admin(employeeID) values("95302");
insert into Admin(employeeID) values("95448");
insert into Admin(employeeID) values("96124");
insert into Admin(employeeID) values("96649");
insert into Admin(employeeID) values("97034");
insert into Admin(employeeID) values("97474");
insert into Admin(employeeID) values("97855");
