insert into Worker(employeeID,firstName,lastName,hireDate,salary) values("26732","haled","admiration","2013-12-15T21:20:40.000Z","38943");
insert into Worker(employeeID,firstName,lastName,hireDate,salary) values("29532","Liverpudlian","cunt","2013-03-21T13:14:50.000Z","21197");
insert into Worker(employeeID,firstName,lastName,hireDate,salary) values("92506","Tudor's","mimicries","2013-03-15T11:10:03.000Z","11637");
insert into Worker(employeeID,firstName,lastName,hireDate,salary) values("83394","Thea","gibe","2014-05-03T01:01:40.000Z","7395");
insert into Worker(employeeID,firstName,lastName,hireDate,salary) values("8769","butler's","dense","2013-11-21T11:24:57.000Z","9099");
insert into Worker(employeeID,firstName,lastName,hireDate,salary) values("71411","wheelbases","goodwill's","2012-01-16T16:25:53.000Z","93875");
insert into Worker(employeeID,firstName,lastName,hireDate,salary) values("96321","prudential","Hermite's","2013-11-26T15:59:36.000Z","62234");
insert into Worker(employeeID,firstName,lastName,hireDate,salary) values("41916","slouch's","offsprings","2014-01-08T14:50:22.000Z","53612");
insert into Worker(employeeID,firstName,lastName,hireDate,salary) values("6946","cushioning","Tudor's","2012-01-21T10:42:18.000Z","58226");
insert into Worker(employeeID,firstName,lastName,hireDate,salary) values("81726","calmness","Zambians","2013-04-10T12:46:19.000Z","17027");
insert into Worker(employeeID,firstName,lastName,hireDate,salary) values("63365","producer's","overcompensates","2013-01-24T04:08:49.000Z","7845");
insert into Worker(employeeID,firstName,lastName,hireDate,salary) values("83328","mandate","illegitimacy","2012-01-06T16:50:37.000Z","43236");
insert into Worker(employeeID,firstName,lastName,hireDate,salary) values("88465","mooched","Monroe's","2012-01-05T00:41:45.000Z","26445");
insert into Worker(employeeID,firstName,lastName,hireDate,salary) values("74676","Beatles","tattooed","2012-01-16T15:01:36.000Z","4844");
insert into Worker(employeeID,firstName,lastName,hireDate,salary) values("45751","hindquarters","alleged","2012-01-08T23:25:39.000Z","31879");
insert into Worker(employeeID,firstName,lastName,hireDate,salary) values("82646","interlarding","shiftiness","2014-06-27T04:24:31.000Z","43528");
insert into Worker(employeeID,firstName,lastName,hireDate,salary) values("56072","Thea","Sepoy","2013-09-26T07:52:27.000Z","23398");
insert into Worker(employeeID,firstName,lastName,hireDate,salary) values("59712","beating's","dense","2014-02-13T18:26:04.000Z","94691");
insert into Worker(employeeID,firstName,lastName,hireDate,salary) values("34206","bombard","Diann","2012-01-02T17:09:01.000Z","68905");
insert into Worker(employeeID,firstName,lastName,hireDate,salary) values("59321","Sepoy","Austen","2014-07-10T07:48:22.000Z","41909");
insert into Worker(employeeID,firstName,lastName,hireDate,salary) values("94094","illegitimacy","calmness","2013-07-13T12:06:52.000Z","46673");
insert into Worker(employeeID,firstName,lastName,hireDate,salary) values("57301","sight","kroner","2013-03-04T01:28:56.000Z","92052");
insert into Worker(employeeID,firstName,lastName,hireDate,salary) values("50761","gibe","Austen","2012-01-09T19:43:07.000Z","52653");
insert into Worker(employeeID,firstName,lastName,hireDate,salary) values("52335","Zambians","interlarding","2013-03-13T15:48:34.000Z","86931");
insert into Worker(employeeID,firstName,lastName,hireDate,salary) values("60676","copulas","trout","2013-05-02T20:59:09.000Z","48002");
insert into Worker(employeeID,firstName,lastName,hireDate,salary) values("79062","overcompensates","counseling","2014-11-30T22:28:33.000Z","18966");
insert into Worker(employeeID,firstName,lastName,hireDate,salary) values("88800","Huntington","remote's","2013-08-09T02:39:59.000Z","8023");
insert into Worker(employeeID,firstName,lastName,hireDate,salary) values("39673","bombard","charms","2012-01-08T09:34:10.000Z","82067");
insert into Worker(employeeID,firstName,lastName,hireDate,salary) values("47766","counseling","questioning","2014-04-15T11:01:35.000Z","85888");
insert into Worker(employeeID,firstName,lastName,hireDate,salary) values("98464","reorganize","professionalism","2014-02-27T15:07:38.000Z","32199");
insert into Worker(employeeID,firstName,lastName,hireDate,salary) values("14491","midwifes","Chihuahua's","2013-03-12T22:47:08.000Z","70545");
insert into Worker(employeeID,firstName,lastName,hireDate,salary) values("87295","bulkiness","Zambians","2012-01-19T21:32:53.000Z","13648");
insert into Worker(employeeID,firstName,lastName,hireDate,salary) values("51374","bombard","Crux","2012-01-10T12:17:39.000Z","61498");
insert into Worker(employeeID,firstName,lastName,hireDate,salary) values("63859","copulas","admiration","2012-01-19T01:44:30.000Z","92112");
insert into Worker(employeeID,firstName,lastName,hireDate,salary) values("30459","prudential","Terran","2012-01-12T18:09:31.000Z","38934");
insert into Worker(employeeID,firstName,lastName,hireDate,salary) values("33793","midwifes","outstandingly","2014-10-22T01:40:59.000Z","55892");
insert into Worker(employeeID,firstName,lastName,hireDate,salary) values("82918","admiration","Mafias","2014-05-05T15:27:53.000Z","24001");
insert into Worker(employeeID,firstName,lastName,hireDate,salary) values("73222","bulkiness","carfare","2013-04-18T14:21:07.000Z","15860");
insert into Worker(employeeID,firstName,lastName,hireDate,salary) values("36661","carfare","bombard","2014-02-22T12:33:03.000Z","28207");
insert into Worker(employeeID,firstName,lastName,hireDate,salary) values("66802","haled","zero","2013-12-14T13:22:23.000Z","19777");
insert into Worker(employeeID,firstName,lastName,hireDate,salary) values("88449","trout","progress's","2013-04-19T20:28:22.000Z","60197");
insert into Worker(employeeID,firstName,lastName,hireDate,salary) values("23699","alleged","jail's","2012-01-18T21:08:43.000Z","84860");
insert into Worker(employeeID,firstName,lastName,hireDate,salary) values("6178","jail's","Kikuyu","2013-11-17T00:16:22.000Z","96496");
insert into Worker(employeeID,firstName,lastName,hireDate,salary) values("79575","flees","swearword","2014-10-14T14:44:11.000Z","77020");
insert into Worker(employeeID,firstName,lastName,hireDate,salary) values("3045","slouch's","burglary's","2012-01-22T06:17:31.000Z","48330");
insert into Worker(employeeID,firstName,lastName,hireDate,salary) values("22143","Packard's","Mafias","2014-04-11T02:45:16.000Z","33454");
insert into Worker(employeeID,firstName,lastName,hireDate,salary) values("92152","interlarding","sight","2013-05-13T01:56:59.000Z","85554");
insert into Worker(employeeID,firstName,lastName,hireDate,salary) values("16584","Chihuahua's","metallurgy","2014-06-07T10:56:25.000Z","32017");
insert into Worker(employeeID,firstName,lastName,hireDate,salary) values("52608","Monroe's","Zambians","2014-12-16T22:03:23.000Z","75768");
insert into Worker(employeeID,firstName,lastName,hireDate,salary) values("31547","trout","mandate","2013-08-14T07:11:16.000Z","43586");
insert into Worker(employeeID,firstName,lastName,hireDate,salary) values("31023","Liverpudlian","Ortega","2014-09-17T21:26:05.000Z","10635");
insert into Worker(employeeID,firstName,lastName,hireDate,salary) values("42103","liberation's","interlarding","2014-03-17T09:56:17.000Z","75957");
insert into Worker(employeeID,firstName,lastName,hireDate,salary) values("64020","teeter","charms","2011-12-31T06:37:39.000Z","23171");
insert into Worker(employeeID,firstName,lastName,hireDate,salary) values("855","suburban","hindquarters","2014-10-16T17:28:25.000Z","57083");
insert into Worker(employeeID,firstName,lastName,hireDate,salary) values("80033","Zambians","shiftiness","2013-12-31T09:19:12.000Z","59876");
insert into Worker(employeeID,firstName,lastName,hireDate,salary) values("33183","mandate","reorganize","2014-10-17T12:52:10.000Z","14098");
insert into Worker(employeeID,firstName,lastName,hireDate,salary) values("5155","monetary","Huntington","2012-01-24T17:48:02.000Z","36811");
insert into Worker(employeeID,firstName,lastName,hireDate,salary) values("8646","illiterates","noun's","2012-01-13T15:43:24.000Z","39174");
insert into Worker(employeeID,firstName,lastName,hireDate,salary) values("69051","swearword","bulkiness","2012-01-06T23:03:16.000Z","73636");
insert into Worker(employeeID,firstName,lastName,hireDate,salary) values("15776","Packard's","slouch's","2012-01-04T10:10:34.000Z","1334");
insert into Worker(employeeID,firstName,lastName,hireDate,salary) values("11006","mandate","Zambians","2014-05-06T20:37:55.000Z","45225");
insert into Worker(employeeID,firstName,lastName,hireDate,salary) values("29777","Chihuahua's","Dzerzhinsky","2014-06-07T08:05:34.000Z","18792");
insert into Worker(employeeID,firstName,lastName,hireDate,salary) values("68298","sight","midwifes","2012-01-08T13:27:50.000Z","22516");
insert into Worker(employeeID,firstName,lastName,hireDate,salary) values("41156","Zambians","alleged","2013-02-22T11:35:50.000Z","23168");
insert into Worker(employeeID,firstName,lastName,hireDate,salary) values("22539","Chihuahua's","attendant","2011-12-31T10:10:20.000Z","9235");
insert into Worker(employeeID,firstName,lastName,hireDate,salary) values("99287","bolder","cone's","2012-01-09T03:09:25.000Z","66643");
insert into Worker(employeeID,firstName,lastName,hireDate,salary) values("45590","Crux","shiftiness","2014-04-25T06:26:48.000Z","63423");
insert into Worker(employeeID,firstName,lastName,hireDate,salary) values("74600","Crux","haled","2014-05-24T10:12:37.000Z","27968");
insert into Worker(employeeID,firstName,lastName,hireDate,salary) values("28456","hellhole's","butler's","2014-10-19T23:17:59.000Z","96774");
insert into Worker(employeeID,firstName,lastName,hireDate,salary) values("3674","precondition's","carfare","2012-01-19T06:24:49.000Z","34065");
insert into Worker(employeeID,firstName,lastName,hireDate,salary) values("48121","Shetlands","Arneb's","2014-10-09T16:28:43.000Z","248");
insert into Worker(employeeID,firstName,lastName,hireDate,salary) values("30720","slouch's","professionalism","2013-04-19T11:37:33.000Z","54902");
insert into Worker(employeeID,firstName,lastName,hireDate,salary) values("71876","gibe","ErvIn","2012-01-10T22:48:57.000Z","91355");
insert into Worker(employeeID,firstName,lastName,hireDate,salary) values("57243","Austen","midwifes","2012-01-22T23:42:20.000Z","52486");
insert into Worker(employeeID,firstName,lastName,hireDate,salary) values("29839","metallurgy","Dzerzhinsky","2013-10-25T08:34:40.000Z","94918");
insert into Worker(employeeID,firstName,lastName,hireDate,salary) values("77799","Terran","interlarding","2012-01-13T22:55:26.000Z","42995");
insert into Worker(employeeID,firstName,lastName,hireDate,salary) values("15598","flees","Ortega","2014-12-15T14:04:39.000Z","4513");
insert into Worker(employeeID,firstName,lastName,hireDate,salary) values("56354","Verona's","plating","2013-05-16T20:31:09.000Z","32081");
insert into Worker(employeeID,firstName,lastName,hireDate,salary) values("37674","Kikuyu","Verona's","2012-01-24T17:20:55.000Z","29737");
insert into Worker(employeeID,firstName,lastName,hireDate,salary) values("2087","teeter","Chihuahua's","2013-12-13T06:46:44.000Z","86749");
insert into Worker(employeeID,firstName,lastName,hireDate,salary) values("20859","progress's","Shetlands","2012-01-02T22:16:31.000Z","35522");
insert into Worker(employeeID,firstName,lastName,hireDate,salary) values("86409","suburban","Tbilisi","2013-11-01T00:09:42.000Z","17167");
insert into Worker(employeeID,firstName,lastName,hireDate,salary) values("89804","Beatles","illiterates","2014-06-03T23:51:50.000Z","79197");
insert into Worker(employeeID,firstName,lastName,hireDate,salary) values("70571","mandate","goodwill's","2012-01-20T21:10:24.000Z","79325");
insert into Worker(employeeID,firstName,lastName,hireDate,salary) values("91477","reorganize","overcompensates","2014-02-11T02:32:59.000Z","8531");
insert into Worker(employeeID,firstName,lastName,hireDate,salary) values("23915","suburban","Shell's","2012-01-28T00:59:34.000Z","72619");
insert into Worker(employeeID,firstName,lastName,hireDate,salary) values("13955","illegitimacy","cunt","2012-01-26T23:31:04.000Z","42790");
insert into Worker(employeeID,firstName,lastName,hireDate,salary) values("45724","mandate","bolder","2013-01-23T12:18:47.000Z","83865");
insert into Worker(employeeID,firstName,lastName,hireDate,salary) values("39575","impostor","charms","2014-03-13T16:28:18.000Z","77100");
insert into Worker(employeeID,firstName,lastName,hireDate,salary) values("2247","hindquarters","charms","2012-01-19T10:15:29.000Z","28538");
insert into Worker(employeeID,firstName,lastName,hireDate,salary) values("53786","Kikuyu","cunt","2013-08-08T01:21:08.000Z","24260");
insert into Worker(employeeID,firstName,lastName,hireDate,salary) values("26744","illegitimacy","goodwill's","2012-01-11T22:03:28.000Z","16798");
insert into Worker(employeeID,firstName,lastName,hireDate,salary) values("81263","metallurgy","noun's","2012-01-16T17:34:58.000Z","79693");
insert into Worker(employeeID,firstName,lastName,hireDate,salary) values("56075","questioning","monetary","2014-07-18T05:41:12.000Z","58546");
insert into Worker(employeeID,firstName,lastName,hireDate,salary) values("94207","Kikuyu","jetty","2012-01-02T03:10:45.000Z","33515");
insert into Worker(employeeID,firstName,lastName,hireDate,salary) values("95792","Esterházy's","cushioning","2014-01-26T20:01:16.000Z","6301");
insert into Worker(employeeID,firstName,lastName,hireDate,salary) values("52192","Terran","cone's","2013-05-18T15:05:41.000Z","42858");
insert into Worker(employeeID,firstName,lastName,hireDate,salary) values("3271","Austen","highball's","2012-01-23T23:19:59.000Z","52963");
insert into Worker(employeeID,firstName,lastName,hireDate,salary) values("71055","prudential","bulkiness","2014-07-12T01:07:43.000Z","31974");
insert into Worker(employeeID,firstName,lastName,hireDate,salary) values("78922","Tbilisi","prudential","2013-01-22T14:17:37.000Z","57753");
insert into Volunteer(employeeID) values("855");
insert into Volunteer(employeeID) values("2087");
insert into Volunteer(employeeID) values("2247");
insert into Volunteer(employeeID) values("3271");
insert into Volunteer(employeeID) values("5155");
insert into Volunteer(employeeID) values("11006");
insert into Volunteer(employeeID) values("14491");
insert into Volunteer(employeeID) values("15598");
insert into Volunteer(employeeID) values("16584");
insert into Volunteer(employeeID) values("23699");
insert into Volunteer(employeeID) values("23915");
insert into Volunteer(employeeID) values("26732");
insert into Volunteer(employeeID) values("26744");
insert into Volunteer(employeeID) values("28456");
insert into Volunteer(employeeID) values("29532");
insert into Volunteer(employeeID) values("29777");
insert into Volunteer(employeeID) values("29839");
insert into Volunteer(employeeID) values("30720");
insert into Volunteer(employeeID) values("31547");
insert into Volunteer(employeeID) values("33793");
insert into Volunteer(employeeID) values("34206");
insert into Volunteer(employeeID) values("41156");
insert into Volunteer(employeeID) values("42103");
insert into Volunteer(employeeID) values("45590");
insert into Volunteer(employeeID) values("45724");
insert into Volunteer(employeeID) values("45751");
insert into Volunteer(employeeID) values("47766");
insert into Volunteer(employeeID) values("50761");
insert into Volunteer(employeeID) values("51374");
insert into Volunteer(employeeID) values("52335");
insert into Volunteer(employeeID) values("53786");
insert into Volunteer(employeeID) values("56354");
insert into Volunteer(employeeID) values("57243");
insert into Volunteer(employeeID) values("57301");
insert into Volunteer(employeeID) values("59321");
insert into Volunteer(employeeID) values("59712");
insert into Volunteer(employeeID) values("63365");
insert into Volunteer(employeeID) values("63859");
insert into Volunteer(employeeID) values("64020");
insert into Volunteer(employeeID) values("66802");
insert into Volunteer(employeeID) values("68298");
insert into Volunteer(employeeID) values("69051");
insert into Volunteer(employeeID) values("71055");
insert into Volunteer(employeeID) values("71876");
insert into Volunteer(employeeID) values("73222");
insert into Volunteer(employeeID) values("74600");
insert into Volunteer(employeeID) values("74676");
insert into Volunteer(employeeID) values("77799");
insert into Volunteer(employeeID) values("78922");
insert into Volunteer(employeeID) values("79062");
insert into Volunteer(employeeID) values("79575");
insert into Volunteer(employeeID) values("81263");
insert into Volunteer(employeeID) values("81726");
insert into Volunteer(employeeID) values("82646");
insert into Volunteer(employeeID) values("83328");
insert into Volunteer(employeeID) values("83394");
insert into Volunteer(employeeID) values("86409");
insert into Volunteer(employeeID) values("88800");
insert into Volunteer(employeeID) values("89804");
insert into Volunteer(employeeID) values("91477");
insert into Volunteer(employeeID) values("92152");
insert into Volunteer(employeeID) values("94094");
insert into Volunteer(employeeID) values("99287");
insert into TreatmentGiver(treatmentGiverID) values("1209");
insert into TreatmentGiver(treatmentGiverID) values("3291");
insert into TreatmentGiver(treatmentGiverID) values("4096");
insert into TreatmentGiver(treatmentGiverID) values("7111");
insert into TreatmentGiver(treatmentGiverID) values("8113");
insert into TreatmentGiver(treatmentGiverID) values("9121");
insert into TreatmentGiver(treatmentGiverID) values("9676");
insert into TreatmentGiver(treatmentGiverID) values("10442");
insert into TreatmentGiver(treatmentGiverID) values("10451");
insert into TreatmentGiver(treatmentGiverID) values("12373");
insert into TreatmentGiver(treatmentGiverID) values("12847");
insert into TreatmentGiver(treatmentGiverID) values("13945");
insert into TreatmentGiver(treatmentGiverID) values("14538");
insert into TreatmentGiver(treatmentGiverID) values("15361");
insert into TreatmentGiver(treatmentGiverID) values("15773");
insert into TreatmentGiver(treatmentGiverID) values("17537");
insert into TreatmentGiver(treatmentGiverID) values("17990");
insert into TreatmentGiver(treatmentGiverID) values("18935");
insert into TreatmentGiver(treatmentGiverID) values("20073");
insert into TreatmentGiver(treatmentGiverID) values("20189");
insert into TreatmentGiver(treatmentGiverID) values("22279");
insert into TreatmentGiver(treatmentGiverID) values("22363");
insert into TreatmentGiver(treatmentGiverID) values("22461");
insert into TreatmentGiver(treatmentGiverID) values("22737");
insert into TreatmentGiver(treatmentGiverID) values("23317");
insert into TreatmentGiver(treatmentGiverID) values("23531");
insert into TreatmentGiver(treatmentGiverID) values("23943");
insert into TreatmentGiver(treatmentGiverID) values("27485");
insert into TreatmentGiver(treatmentGiverID) values("28917");
insert into TreatmentGiver(treatmentGiverID) values("31012");
insert into TreatmentGiver(treatmentGiverID) values("31234");
insert into TreatmentGiver(treatmentGiverID) values("31897");
insert into TreatmentGiver(treatmentGiverID) values("35305");
insert into TreatmentGiver(treatmentGiverID) values("36534");
insert into TreatmentGiver(treatmentGiverID) values("36614");
insert into TreatmentGiver(treatmentGiverID) values("36729");
insert into TreatmentGiver(treatmentGiverID) values("38666");
insert into TreatmentGiver(treatmentGiverID) values("39992");
insert into TreatmentGiver(treatmentGiverID) values("40462");
insert into TreatmentGiver(treatmentGiverID) values("40564");
insert into TreatmentGiver(treatmentGiverID) values("40988");
insert into TreatmentGiver(treatmentGiverID) values("42351");
insert into TreatmentGiver(treatmentGiverID) values("44956");
insert into TreatmentGiver(treatmentGiverID) values("45292");
insert into TreatmentGiver(treatmentGiverID) values("46138");
insert into TreatmentGiver(treatmentGiverID) values("47669");
insert into TreatmentGiver(treatmentGiverID) values("51284");
insert into TreatmentGiver(treatmentGiverID) values("51794");
insert into TreatmentGiver(treatmentGiverID) values("52760");
insert into TreatmentGiver(treatmentGiverID) values("53109");
insert into TreatmentGiver(treatmentGiverID) values("53756");
insert into TreatmentGiver(treatmentGiverID) values("53803");
insert into TreatmentGiver(treatmentGiverID) values("54548");
insert into TreatmentGiver(treatmentGiverID) values("55996");
insert into TreatmentGiver(treatmentGiverID) values("56829");
insert into TreatmentGiver(treatmentGiverID) values("57264");
insert into TreatmentGiver(treatmentGiverID) values("57875");
insert into TreatmentGiver(treatmentGiverID) values("58195");
insert into TreatmentGiver(treatmentGiverID) values("58267");
insert into TreatmentGiver(treatmentGiverID) values("61622");
insert into TreatmentGiver(treatmentGiverID) values("62359");
insert into TreatmentGiver(treatmentGiverID) values("62942");
insert into TreatmentGiver(treatmentGiverID) values("63147");
insert into TreatmentGiver(treatmentGiverID) values("63568");
insert into TreatmentGiver(treatmentGiverID) values("65867");
insert into TreatmentGiver(treatmentGiverID) values("66370");
insert into TreatmentGiver(treatmentGiverID) values("67175");
insert into TreatmentGiver(treatmentGiverID) values("68765");
insert into TreatmentGiver(treatmentGiverID) values("68876");
insert into TreatmentGiver(treatmentGiverID) values("69411");
insert into TreatmentGiver(treatmentGiverID) values("70463");
insert into TreatmentGiver(treatmentGiverID) values("72668");
insert into TreatmentGiver(treatmentGiverID) values("74488");
insert into TreatmentGiver(treatmentGiverID) values("76055");
insert into TreatmentGiver(treatmentGiverID) values("76255");
insert into TreatmentGiver(treatmentGiverID) values("77122");
insert into TreatmentGiver(treatmentGiverID) values("77329");
insert into TreatmentGiver(treatmentGiverID) values("78694");
insert into TreatmentGiver(treatmentGiverID) values("79431");
insert into TreatmentGiver(treatmentGiverID) values("81679");
insert into TreatmentGiver(treatmentGiverID) values("82215");
insert into TreatmentGiver(treatmentGiverID) values("82257");
insert into TreatmentGiver(treatmentGiverID) values("82937");
insert into TreatmentGiver(treatmentGiverID) values("83027");
insert into TreatmentGiver(treatmentGiverID) values("83257");
insert into TreatmentGiver(treatmentGiverID) values("83656");
insert into TreatmentGiver(treatmentGiverID) values("86507");
insert into TreatmentGiver(treatmentGiverID) values("86886");
insert into TreatmentGiver(treatmentGiverID) values("87611");
insert into TreatmentGiver(treatmentGiverID) values("87710");
insert into TreatmentGiver(treatmentGiverID) values("88974");
insert into TreatmentGiver(treatmentGiverID) values("91271");
insert into TreatmentGiver(treatmentGiverID) values("92007");
insert into TreatmentGiver(treatmentGiverID) values("92864");
insert into TreatmentGiver(treatmentGiverID) values("93219");
insert into TreatmentGiver(treatmentGiverID) values("95150");
insert into TreatmentGiver(treatmentGiverID) values("96892");
insert into TreatmentGiver(treatmentGiverID) values("97485");
insert into TreatmentGiver(treatmentGiverID) values("98959");
insert into TreatmentGiver(treatmentGiverID) values("99313");
insert into Treatment(treatmentID,name,isMedication) values("676","wheelbases","1");
insert into Treatment(treatmentID,name,isMedication) values("3245","Malibu's","1");
insert into Treatment(treatmentID,name,isMedication) values("3805","tattooed","1");
insert into Treatment(treatmentID,name,isMedication) values("4240","prudential","1");
insert into Treatment(treatmentID,name,isMedication) values("4628","swearword","0");
insert into Treatment(treatmentID,name,isMedication) values("4955","reorganize","1");
insert into Treatment(treatmentID,name,isMedication) values("5044","zero","0");
insert into Treatment(treatmentID,name,isMedication) values("5202","monetary","0");
insert into Treatment(treatmentID,name,isMedication) values("5773","Tudor's","1");
insert into Treatment(treatmentID,name,isMedication) values("6346","cunt","0");
insert into Treatment(treatmentID,name,isMedication) values("6435","chandelier","1");
insert into Treatment(treatmentID,name,isMedication) values("6468","bombard","0");
insert into Treatment(treatmentID,name,isMedication) values("9145","Austen","1");
insert into Treatment(treatmentID,name,isMedication) values("9705","mooched","1");
insert into Treatment(treatmentID,name,isMedication) values("10164","bolder","0");
insert into Treatment(treatmentID,name,isMedication) values("10878","mimicries","1");
insert into Treatment(treatmentID,name,isMedication) values("15130","zero","1");
insert into Treatment(treatmentID,name,isMedication) values("16557","Crux","1");
insert into Treatment(treatmentID,name,isMedication) values("17241","Zambians","0");
insert into Treatment(treatmentID,name,isMedication) values("17247","gibe","0");
insert into Treatment(treatmentID,name,isMedication) values("17577","cone's","1");
insert into Treatment(treatmentID,name,isMedication) values("17994","Chihuahua's","1");
insert into Treatment(treatmentID,name,isMedication) values("18262","precondition's","1");
insert into Treatment(treatmentID,name,isMedication) values("18284","illiterates","0");
insert into Treatment(treatmentID,name,isMedication) values("20012","plating","0");
insert into Treatment(treatmentID,name,isMedication) values("20026","hindquarters","0");
insert into Treatment(treatmentID,name,isMedication) values("25399","jetty","0");
insert into Treatment(treatmentID,name,isMedication) values("27150","progress's","0");
insert into Treatment(treatmentID,name,isMedication) values("29274","teeter","0");
insert into Treatment(treatmentID,name,isMedication) values("30095","professionalism","0");
insert into Treatment(treatmentID,name,isMedication) values("30514","Ortega","0");
insert into Treatment(treatmentID,name,isMedication) values("30892","ErvIn","1");
insert into Treatment(treatmentID,name,isMedication) values("32241","questioning","1");
insert into Treatment(treatmentID,name,isMedication) values("33021","Hebrew's","1");
insert into Treatment(treatmentID,name,isMedication) values("35359","Hebrew's","1");
insert into Treatment(treatmentID,name,isMedication) values("36497","Arneb's","0");
insert into Treatment(treatmentID,name,isMedication) values("39110","Chihuahua's","1");
insert into Treatment(treatmentID,name,isMedication) values("40208","attendant","0");
insert into Treatment(treatmentID,name,isMedication) values("41618","mandate","1");
insert into Treatment(treatmentID,name,isMedication) values("41990","gibe","1");
insert into Treatment(treatmentID,name,isMedication) values("42170","remote's","0");
insert into Treatment(treatmentID,name,isMedication) values("43208","mimicries","0");
insert into Treatment(treatmentID,name,isMedication) values("43346","cunt","0");
insert into Treatment(treatmentID,name,isMedication) values("43855","Hebrew's","1");
insert into Treatment(treatmentID,name,isMedication) values("44235","kroner","0");
insert into Treatment(treatmentID,name,isMedication) values("45654","Sepoy","1");
insert into Treatment(treatmentID,name,isMedication) values("48383","Muriel's","1");
insert into Treatment(treatmentID,name,isMedication) values("49245","wigwagged","1");
insert into Treatment(treatmentID,name,isMedication) values("49453","punch","0");
insert into Treatment(treatmentID,name,isMedication) values("50051","bulkiness","0");
insert into Treatment(treatmentID,name,isMedication) values("52476","cone's","0");
insert into Treatment(treatmentID,name,isMedication) values("53589","calmness","0");
insert into Treatment(treatmentID,name,isMedication) values("53621","Huntington","0");
insert into Treatment(treatmentID,name,isMedication) values("55853","Beatles","1");
insert into Treatment(treatmentID,name,isMedication) values("58077","reorganize","0");
insert into Treatment(treatmentID,name,isMedication) values("60131","attendant","1");
insert into Treatment(treatmentID,name,isMedication) values("61614","interlarding","0");
insert into Treatment(treatmentID,name,isMedication) values("63639","Dzerzhinsky","1");
insert into Treatment(treatmentID,name,isMedication) values("63726","jail's","1");
insert into Treatment(treatmentID,name,isMedication) values("64568","chandelier","1");
insert into Treatment(treatmentID,name,isMedication) values("65027","overcompensates","1");
insert into Treatment(treatmentID,name,isMedication) values("66909","haled","0");
insert into Treatment(treatmentID,name,isMedication) values("68553","illegitimacy","0");
insert into Treatment(treatmentID,name,isMedication) values("68897","Huntington","0");
insert into Treatment(treatmentID,name,isMedication) values("69062","Terran","1");
insert into Treatment(treatmentID,name,isMedication) values("69190","Terran","1");
insert into Treatment(treatmentID,name,isMedication) values("69922","Shetlands","0");
insert into Treatment(treatmentID,name,isMedication) values("72777","Zambians","0");
insert into Treatment(treatmentID,name,isMedication) values("73100","flees","0");
insert into Treatment(treatmentID,name,isMedication) values("73501","teeter","1");
insert into Treatment(treatmentID,name,isMedication) values("73723","Crux","0");
insert into Treatment(treatmentID,name,isMedication) values("74561","swearword","1");
insert into Treatment(treatmentID,name,isMedication) values("75154","slouch's","1");
insert into Treatment(treatmentID,name,isMedication) values("75372","metallurgy","0");
insert into Treatment(treatmentID,name,isMedication) values("76280","Beatles","0");
insert into Treatment(treatmentID,name,isMedication) values("76439","slouch's","0");
insert into Treatment(treatmentID,name,isMedication) values("80164","remote's","1");
insert into Treatment(treatmentID,name,isMedication) values("82117","burglary's","1");
insert into Treatment(treatmentID,name,isMedication) values("82643","cunt","0");
insert into Treatment(treatmentID,name,isMedication) values("84094","precondition's","1");
insert into Treatment(treatmentID,name,isMedication) values("84798","sight","1");
insert into Treatment(treatmentID,name,isMedication) values("85582","attendant","1");
insert into Treatment(treatmentID,name,isMedication) values("86153","scream","0");
insert into Treatment(treatmentID,name,isMedication) values("87581","interlarding","1");
insert into Treatment(treatmentID,name,isMedication) values("88225","plating","0");
insert into Treatment(treatmentID,name,isMedication) values("88757","sight","1");
insert into Treatment(treatmentID,name,isMedication) values("91977","Arneb's","1");
insert into Treatment(treatmentID,name,isMedication) values("92212","carfare","0");
insert into Treatment(treatmentID,name,isMedication) values("92598","attendant","1");
insert into Treatment(treatmentID,name,isMedication) values("93092","jail's","0");
insert into Treatment(treatmentID,name,isMedication) values("94748","Monroe's","1");
insert into Treatment(treatmentID,name,isMedication) values("94834","ErvIn","1");
insert into Treatment(treatmentID,name,isMedication) values("95110","Chihuahua's","0");
insert into Treatment(treatmentID,name,isMedication) values("96157","impostor","0");
insert into Treatment(treatmentID,name,isMedication) values("96645","illiterates","1");
insert into Treatment(treatmentID,name,isMedication) values("96927","haled","1");
insert into Treatment(treatmentID,name,isMedication) values("97826","Malibu's","1");
insert into Treatment(treatmentID,name,isMedication) values("98501","Monroe's","0");
insert into Treatment(treatmentID,name,isMedication) values("98558","Ortega","0");
insert into Treatment(treatmentID,name,isMedication) values("99554","copulas","0");
insert into Technician(employeeID,treatmentGiverID) values("94094","1209");
insert into Technician(employeeID,treatmentGiverID) values("59712","3291");
insert into Technician(employeeID,treatmentGiverID) values("33793","4096");
insert into Technician(employeeID,treatmentGiverID) values("92506","7111");
insert into Technician(employeeID,treatmentGiverID) values("69051","12847");
insert into Technician(employeeID,treatmentGiverID) values("89804","13945");
insert into Technician(employeeID,treatmentGiverID) values("30720","14538");
insert into Technician(employeeID,treatmentGiverID) values("34206","15361");
insert into Technician(employeeID,treatmentGiverID) values("60676","17990");
insert into Technician(employeeID,treatmentGiverID) values("78922","18935");
insert into Technician(employeeID,treatmentGiverID) values("81726","22737");
insert into Technician(employeeID,treatmentGiverID) values("56075","23317");
insert into Technician(employeeID,treatmentGiverID) values("45751","23531");
insert into Technician(employeeID,treatmentGiverID) values("45590","23943");
insert into Technician(employeeID,treatmentGiverID) values("92152","27485");
insert into Technician(employeeID,treatmentGiverID) values("14491","28917");
insert into Technician(employeeID,treatmentGiverID) values("2247","36614");
insert into Technician(employeeID,treatmentGiverID) values("74676","36729");
insert into Technician(employeeID,treatmentGiverID) values("88465","38666");
insert into Technician(employeeID,treatmentGiverID) values("37674","39992");
insert into Technician(employeeID,treatmentGiverID) values("83394","40462");
insert into Technician(employeeID,treatmentGiverID) values("74600","40564");
insert into Technician(employeeID,treatmentGiverID) values("22539","40988");
insert into Technician(employeeID,treatmentGiverID) values("87295","42351");
insert into Technician(employeeID,treatmentGiverID) values("80033","44956");
insert into Technician(employeeID,treatmentGiverID) values("71055","45292");
insert into Technician(employeeID,treatmentGiverID) values("66802","46138");
insert into Technician(employeeID,treatmentGiverID) values("64020","51284");
insert into Technician(employeeID,treatmentGiverID) values("91477","51794");
insert into Technician(employeeID,treatmentGiverID) values("98464","53109");
insert into Technician(employeeID,treatmentGiverID) values("41916","53756");
insert into Technician(employeeID,treatmentGiverID) values("2087","53803");
insert into Technician(employeeID,treatmentGiverID) values("29839","54548");
insert into Technician(employeeID,treatmentGiverID) values("71876","55996");
insert into Technician(employeeID,treatmentGiverID) values("29532","56829");
insert into Technician(employeeID,treatmentGiverID) values("52608","57264");
insert into Technician(employeeID,treatmentGiverID) values("77799","57875");
insert into Technician(employeeID,treatmentGiverID) values("88800","58195");
insert into Technician(employeeID,treatmentGiverID) values("15776","61622");
insert into Technician(employeeID,treatmentGiverID) values("855","62359");
insert into Technician(employeeID,treatmentGiverID) values("56354","62942");
insert into Technician(employeeID,treatmentGiverID) values("57243","67175");
insert into Technician(employeeID,treatmentGiverID) values("26744","68765");
insert into Technician(employeeID,treatmentGiverID) values("82646","68876");
insert into Technician(employeeID,treatmentGiverID) values("8769","69411");
insert into Technician(employeeID,treatmentGiverID) values("79575","72668");
insert into Technician(employeeID,treatmentGiverID) values("94207","76055");
insert into Technician(employeeID,treatmentGiverID) values("63365","78694");
insert into Technician(employeeID,treatmentGiverID) values("23915","81679");
insert into Technician(employeeID,treatmentGiverID) values("29777","82257");
insert into Technician(employeeID,treatmentGiverID) values("99287","83257");
insert into Technician(employeeID,treatmentGiverID) values("6178","86507");
insert into Technician(employeeID,treatmentGiverID) values("79062","87710");
insert into Technician(employeeID,treatmentGiverID) values("36661","88974");
insert into Technician(employeeID,treatmentGiverID) values("70571","92007");
insert into Technician(employeeID,treatmentGiverID) values("33183","92864");
insert into Technician(employeeID,treatmentGiverID) values("52335","95150");
insert into Technician(employeeID,treatmentGiverID) values("71411","97485");
insert into Staff(employeeID) values("855");
insert into Staff(employeeID) values("2087");
insert into Staff(employeeID) values("2247");
insert into Staff(employeeID) values("3271");
insert into Staff(employeeID) values("3674");
insert into Staff(employeeID) values("5155");
insert into Staff(employeeID) values("6178");
insert into Staff(employeeID) values("6946");
insert into Staff(employeeID) values("8646");
insert into Staff(employeeID) values("8769");
insert into Staff(employeeID) values("11006");
insert into Staff(employeeID) values("13955");
insert into Staff(employeeID) values("14491");
insert into Staff(employeeID) values("15598");
insert into Staff(employeeID) values("20859");
insert into Staff(employeeID) values("22143");
insert into Staff(employeeID) values("22539");
insert into Staff(employeeID) values("23915");
insert into Staff(employeeID) values("26732");
insert into Staff(employeeID) values("26744");
insert into Staff(employeeID) values("28456");
insert into Staff(employeeID) values("29532");
insert into Staff(employeeID) values("29777");
insert into Staff(employeeID) values("29839");
insert into Staff(employeeID) values("30459");
insert into Staff(employeeID) values("30720");
insert into Staff(employeeID) values("31023");
insert into Staff(employeeID) values("31547");
insert into Staff(employeeID) values("33183");
insert into Staff(employeeID) values("33793");
insert into Staff(employeeID) values("37674");
insert into Staff(employeeID) values("39575");
insert into Staff(employeeID) values("39673");
insert into Staff(employeeID) values("41156");
insert into Staff(employeeID) values("41916");
insert into Staff(employeeID) values("42103");
insert into Staff(employeeID) values("45724");
insert into Staff(employeeID) values("45751");
insert into Staff(employeeID) values("47766");
insert into Staff(employeeID) values("48121");
insert into Staff(employeeID) values("50761");
insert into Staff(employeeID) values("51374");
insert into Staff(employeeID) values("52192");
insert into Staff(employeeID) values("52335");
insert into Staff(employeeID) values("52608");
insert into Staff(employeeID) values("53786");
insert into Staff(employeeID) values("56072");
insert into Staff(employeeID) values("56075");
insert into Staff(employeeID) values("56354");
insert into Staff(employeeID) values("57243");
insert into Staff(employeeID) values("57301");
insert into Staff(employeeID) values("59321");
insert into Staff(employeeID) values("59712");
insert into Staff(employeeID) values("60676");
insert into Staff(employeeID) values("63365");
insert into Staff(employeeID) values("63859");
insert into Staff(employeeID) values("64020");
insert into Staff(employeeID) values("66802");
insert into Staff(employeeID) values("68298");
insert into Staff(employeeID) values("69051");
insert into Staff(employeeID) values("70571");
insert into Staff(employeeID) values("71055");
insert into Staff(employeeID) values("71411");
insert into Staff(employeeID) values("71876");
insert into Staff(employeeID) values("73222");
insert into Staff(employeeID) values("74600");
insert into Staff(employeeID) values("74676");
insert into Staff(employeeID) values("77799");
insert into Staff(employeeID) values("78922");
insert into Staff(employeeID) values("79575");
insert into Staff(employeeID) values("80033");
insert into Staff(employeeID) values("81726");
insert into Staff(employeeID) values("82646");
insert into Staff(employeeID) values("82918");
insert into Staff(employeeID) values("83328");
insert into Staff(employeeID) values("83394");
insert into Staff(employeeID) values("88449");
insert into Staff(employeeID) values("88465");
insert into Staff(employeeID) values("88800");
insert into Staff(employeeID) values("89804");
insert into Staff(employeeID) values("91477");
insert into Staff(employeeID) values("92152");
insert into Staff(employeeID) values("92506");
insert into Staff(employeeID) values("94094");
insert into Staff(employeeID) values("94207");
insert into Staff(employeeID) values("98464");
insert into Staff(employeeID) values("99287");
insert into Room(roomNumber,employeeID,roomDescription,volunteerRoom) values("101","47766","Info Desk","true");
insert into Room(roomNumber,employeeID,roomDescription,volunteerRoom) values("102","79062","Gift Shop","true");
insert into Room(roomNumber,employeeID,roomDescription,volunteerRoom) values("103","2247","Info Desk","true");
insert into Room(roomNumber,employeeID,roomDescription,volunteerRoom) values("104","73222","Cafeteria","false");
insert into Room(roomNumber,employeeID,roomDescription,volunteerRoom) values("105","37674","Info Desk","true");
insert into Room(roomNumber,employeeID,roomDescription,volunteerRoom) values("106","71876","Cafeteria","true");
insert into Room(roomNumber,employeeID,roomDescription,volunteerRoom) values("107","60676","Info Desk","false");
insert into Room(roomNumber,employeeID,roomDescription,volunteerRoom) values("108","855","Info Desk","false");
insert into Room(roomNumber,employeeID,roomDescription,volunteerRoom) values("109","855","Janitor Closet","true");
insert into Room(roomNumber,employeeID,roomDescription,volunteerRoom) values("110","81726","Cafeteria","true");
insert into Room(roomNumber,employeeID,roomDescription,volunteerRoom) values("111","3045","Info Desk","false");
insert into Room(roomNumber,employeeID,roomDescription,volunteerRoom) values("112","81263","Gift Shop","false");
insert into Room(roomNumber,employeeID,roomDescription,volunteerRoom) values("113","96321","Janitor Closet","true");
insert into Room(roomNumber,employeeID,roomDescription,volunteerRoom) values("114","42103","Gift Shop","false");
insert into Room(roomNumber,employeeID,roomDescription,volunteerRoom) values("115","92506","Janitor Closet","true");
insert into Room(roomNumber,employeeID,roomDescription,volunteerRoom) values("116","8646","Janitor Closet","false");
insert into Room(roomNumber,employeeID,roomDescription,volunteerRoom) values("117","30720","Gift Shop","false");
insert into Room(roomNumber,employeeID,roomDescription,volunteerRoom) values("118","5155","Cafeteria","true");
insert into Room(roomNumber,employeeID,roomDescription,volunteerRoom) values("119","79062","Gift Shop","false");
insert into Room(roomNumber,employeeID,roomDescription,volunteerRoom) values("120","45751","Janitor Closet","false");
insert into Room(roomNumber,employeeID,roomDescription,volunteerRoom) values("121","86409","Info Desk","true");
insert into Room(roomNumber,employeeID,roomDescription,volunteerRoom) values("122","51374","Info Desk","true");
insert into Room(roomNumber,employeeID,roomDescription,volunteerRoom) values("123","8646","Cafeteria","true");
insert into Room(roomNumber,employeeID,roomDescription,volunteerRoom) values("124","57301","Janitor Closet","false");
insert into Room(roomNumber,employeeID,roomDescription,volunteerRoom) values("125","91477","Janitor Closet","true");
insert into Room(roomNumber,employeeID,roomDescription,volunteerRoom) values("126","79062","Cafeteria","true");
insert into Room(roomNumber,employeeID,roomDescription,volunteerRoom) values("127","23915","Cafeteria","true");
insert into Room(roomNumber,employeeID,roomDescription,volunteerRoom) values("128","59712","Info Desk","false");
insert into Room(roomNumber,employeeID,roomDescription,volunteerRoom) values("129","81263","Janitor Closet","true");
insert into Room(roomNumber,employeeID,roomDescription,volunteerRoom) values("130","56075","Cafeteria","false");
insert into Room(roomNumber,employeeID,roomDescription,volunteerRoom) values("131","71411","Info Desk","false");
insert into Room(roomNumber,employeeID,roomDescription,volunteerRoom) values("132","70571","Cafeteria","true");
insert into Room(roomNumber,employeeID,roomDescription,volunteerRoom) values("133","88449","Janitor Closet","true");
insert into Room(roomNumber,employeeID,roomDescription,volunteerRoom) values("134","5155","Gift Shop","false");
insert into Room(roomNumber,employeeID,roomDescription,volunteerRoom) values("135","83394","Cafeteria","false");
insert into Room(roomNumber,employeeID,roomDescription,volunteerRoom) values("136","29839","Gift Shop","true");
insert into Room(roomNumber,employeeID,roomDescription,volunteerRoom) values("137","73222","Info Desk","true");
insert into Room(roomNumber,employeeID,roomDescription,volunteerRoom) values("138","86409","Gift Shop","true");
insert into Room(roomNumber,employeeID,roomDescription,volunteerRoom) values("139","82646","Info Desk","true");
insert into Room(roomNumber,employeeID,roomDescription,volunteerRoom) values("140","37674","Gift Shop","false");
insert into Room(roomNumber,employeeID,roomDescription,volunteerRoom) values("141","39575","Gift Shop","false");
insert into Room(roomNumber,employeeID,roomDescription,volunteerRoom) values("142","59321","Janitor Closet","true");
insert into Room(roomNumber,employeeID,roomDescription,volunteerRoom) values("143","69051","Info Desk","false");
insert into Room(roomNumber,employeeID,roomDescription,volunteerRoom) values("144","92506","Info Desk","true");
insert into Room(roomNumber,employeeID,roomDescription,volunteerRoom) values("145","71055","Gift Shop","true");
insert into Room(roomNumber,employeeID,roomDescription,volunteerRoom) values("146","23915","Gift Shop","true");
insert into Room(roomNumber,employeeID,roomDescription,volunteerRoom) values("147","13955","Cafeteria","false");
insert into Room(roomNumber,employeeID,roomDescription,volunteerRoom) values("148","2247","Janitor Closet","false");
insert into Room(roomNumber,employeeID,roomDescription,volunteerRoom) values("149","2087","Info Desk","true");
insert into Patient(patientID,firstName,lastName,insurancePolicy,emergencyContact) values("70648","kroner","cone's","95076","prominent");
insert into Patient(patientID,firstName,lastName,insurancePolicy,emergencyContact) values("40850","Chihuahua's","reorganize","93862","zero");
insert into Patient(patientID,firstName,lastName,insurancePolicy,emergencyContact) values("5374","mandate","zero","77332","Esterházy's");
insert into Patient(patientID,firstName,lastName,insurancePolicy,emergencyContact) values("4447","hindquarters","excoriate","24743","mandate");
insert into Patient(patientID,firstName,lastName,insurancePolicy,emergencyContact) values("41697","gibe","Monroe's","38606","butler's");
insert into Patient(patientID,firstName,lastName,insurancePolicy,emergencyContact) values("96196","Thea","Thea","40456","precondition's");
insert into Patient(patientID,firstName,lastName,insurancePolicy,emergencyContact) values("65189","questioning","suburban","93573","charms");
insert into Patient(patientID,firstName,lastName,insurancePolicy,emergencyContact) values("87043","Austen","Shetlands","44261","ticked");
insert into Patient(patientID,firstName,lastName,insurancePolicy,emergencyContact) values("40805","kroner","Austen","47412","cunt");
insert into Patient(patientID,firstName,lastName,insurancePolicy,emergencyContact) values("24138","Beatles","prudential","88319","wheelbases");
insert into Patient(patientID,firstName,lastName,insurancePolicy,emergencyContact) values("77048","prominent","hellhole's","63877","admiration");
insert into Patient(patientID,firstName,lastName,insurancePolicy,emergencyContact) values("14597","interlarding","Packard's","70169","excoriate");
insert into Patient(patientID,firstName,lastName,insurancePolicy,emergencyContact) values("74780","Malibu's","Arneb's","56715","cunt");
insert into Patient(patientID,firstName,lastName,insurancePolicy,emergencyContact) values("62494","chandelier","punch","80658","Austen");
insert into Patient(patientID,firstName,lastName,insurancePolicy,emergencyContact) values("19229","jail's","impostor","58628","Terran");
insert into Patient(patientID,firstName,lastName,insurancePolicy,emergencyContact) values("57343","Dzerzhinsky","Thea","31062","butler's");
insert into Patient(patientID,firstName,lastName,insurancePolicy,emergencyContact) values("26032","bolder","beating's","26913","highball's");
insert into Patient(patientID,firstName,lastName,insurancePolicy,emergencyContact) values("58117","highball's","Shetlands","55110","counseling");
insert into Patient(patientID,firstName,lastName,insurancePolicy,emergencyContact) values("86896","wheelbases","mooched","92300","highball's");
insert into Patient(patientID,firstName,lastName,insurancePolicy,emergencyContact) values("30696","suburban","hellhole's","24372","noun's");
insert into Patient(patientID,firstName,lastName,insurancePolicy,emergencyContact) values("41504","burglary's","swearword","49728","teeter");
insert into Patient(patientID,firstName,lastName,insurancePolicy,emergencyContact) values("69323","butler's","zero","79961","burglary's");
insert into Patient(patientID,firstName,lastName,insurancePolicy,emergencyContact) values("73430","producer's","Crux","76169","ErvIn");
insert into Patient(patientID,firstName,lastName,insurancePolicy,emergencyContact) values("67836","jetty","metallurgy","67178","shiftiness");
insert into Patient(patientID,firstName,lastName,insurancePolicy,emergencyContact) values("89461","mooched","zero","12243","calmness");
insert into Patient(patientID,firstName,lastName,insurancePolicy,emergencyContact) values("64407","mandate","highball's","9348","jetty");
insert into Patient(patientID,firstName,lastName,insurancePolicy,emergencyContact) values("91524","outstandingly","Muriel's","76734","hindquarters");
insert into Patient(patientID,firstName,lastName,insurancePolicy,emergencyContact) values("57604","Beatles","progress's","23044","bolder");
insert into Patient(patientID,firstName,lastName,insurancePolicy,emergencyContact) values("11966","Diann","noun's","52018","sight");
insert into Patient(patientID,firstName,lastName,insurancePolicy,emergencyContact) values("10293","Liverpudlian","professionalism","68722","ErvIn");
insert into Patient(patientID,firstName,lastName,insurancePolicy,emergencyContact) values("24509","chandelier","excoriate","70678","wheelbases");
insert into Patient(patientID,firstName,lastName,insurancePolicy,emergencyContact) values("68376","offsprings","Austen","69675","questioning");
insert into Patient(patientID,firstName,lastName,insurancePolicy,emergencyContact) values("12414","attendant","Zambians","2981","Huntington");
insert into Patient(patientID,firstName,lastName,insurancePolicy,emergencyContact) values("27295","Austen","Liverpudlian","5928","Dzerzhinsky");
insert into Patient(patientID,firstName,lastName,insurancePolicy,emergencyContact) values("61537","punch","Austen","5541","excoriate");
insert into Patient(patientID,firstName,lastName,insurancePolicy,emergencyContact) values("19457","questioning","teeter","3596","beating's");
insert into Patient(patientID,firstName,lastName,insurancePolicy,emergencyContact) values("997","chandelier","jetty","48198","Sepoy");
insert into Patient(patientID,firstName,lastName,insurancePolicy,emergencyContact) values("99387","Chihuahua's","kroner","83304","mooched");
insert into Patient(patientID,firstName,lastName,insurancePolicy,emergencyContact) values("517","haled","cunt","39157","illegitimacy");
insert into Patient(patientID,firstName,lastName,insurancePolicy,emergencyContact) values("87956","illegitimacy","mimicries","28252","wigwagged");
insert into Patient(patientID,firstName,lastName,insurancePolicy,emergencyContact) values("77206","ticked","punch","57940","calmness");
insert into Patient(patientID,firstName,lastName,insurancePolicy,emergencyContact) values("61298","questioning","cushioning","6321","wheelbases");
insert into Patient(patientID,firstName,lastName,insurancePolicy,emergencyContact) values("17913","Monroe's","shiftiness","45212","monetary");
insert into Patient(patientID,firstName,lastName,insurancePolicy,emergencyContact) values("62012","bulkiness","burglary's","23951","carfare");
insert into Patient(patientID,firstName,lastName,insurancePolicy,emergencyContact) values("4301","impostor","Sepoy","21312","plating");
insert into Patient(patientID,firstName,lastName,insurancePolicy,emergencyContact) values("69922","questioning","swearword","37139","sight");
insert into Patient(patientID,firstName,lastName,insurancePolicy,emergencyContact) values("4947","alleged","Zambians","6161","alleged");
insert into Patient(patientID,firstName,lastName,insurancePolicy,emergencyContact) values("86215","sight","suburban","22631","Beatles");
insert into Patient(patientID,firstName,lastName,insurancePolicy,emergencyContact) values("72967","counseling","illegitimacy","35704","bolder");
insert into Patient(patientID,firstName,lastName,insurancePolicy,emergencyContact) values("3409","Beatles","impostor","67617","jail's");
insert into Patient(patientID,firstName,lastName,insurancePolicy,emergencyContact) values("27847","metallurgy","Packard's","42868","noun's");
insert into Patient(patientID,firstName,lastName,insurancePolicy,emergencyContact) values("74771","Miltonic","gibe","91526","bombard");
insert into Patient(patientID,firstName,lastName,insurancePolicy,emergencyContact) values("62708","teeter","mooched","53741","butler's");
insert into Patient(patientID,firstName,lastName,insurancePolicy,emergencyContact) values("78167","Huntington","shiftiness","64979","scream");
insert into Patient(patientID,firstName,lastName,insurancePolicy,emergencyContact) values("27258","sight","highball's","51217","jetty");
insert into Patient(patientID,firstName,lastName,insurancePolicy,emergencyContact) values("39884","noun's","Thea","20580","scream");
insert into Patient(patientID,firstName,lastName,insurancePolicy,emergencyContact) values("15108","cushioning","jetty","97890","calmness");
insert into Patient(patientID,firstName,lastName,insurancePolicy,emergencyContact) values("30700","punch","outstandingly","18575","hellhole's");
insert into Patient(patientID,firstName,lastName,insurancePolicy,emergencyContact) values("82571","zero","metallurgy","87675","bulkiness");
insert into Patient(patientID,firstName,lastName,insurancePolicy,emergencyContact) values("51491","beating's","briskly","33557","jail's");
insert into Patient(patientID,firstName,lastName,insurancePolicy,emergencyContact) values("51224","hindquarters","trout","67689","monetary");
insert into Patient(patientID,firstName,lastName,insurancePolicy,emergencyContact) values("47001","copulas","wheelbases","97602","kroner");
insert into Patient(patientID,firstName,lastName,insurancePolicy,emergencyContact) values("53458","Tudor's","questioning","95436","Arneb's");
insert into Patient(patientID,firstName,lastName,insurancePolicy,emergencyContact) values("72058","teeter","alleged","84795","prudential");
insert into Patient(patientID,firstName,lastName,insurancePolicy,emergencyContact) values("17375","alleged","interlarding","87315","scream");
insert into Patient(patientID,firstName,lastName,insurancePolicy,emergencyContact) values("36056","carfare","burglary's","40463","Huntington");
insert into Patient(patientID,firstName,lastName,insurancePolicy,emergencyContact) values("16262","precondition's","Beatles","48344","haled");
insert into Patient(patientID,firstName,lastName,insurancePolicy,emergencyContact) values("56614","Dzerzhinsky","Hermite's","31793","gibe");
insert into Patient(patientID,firstName,lastName,insurancePolicy,emergencyContact) values("87846","monetary","beating's","93117","Sepoy");
insert into Patient(patientID,firstName,lastName,insurancePolicy,emergencyContact) values("78698","tattooed","flees","7549","highball's");
insert into Patient(patientID,firstName,lastName,insurancePolicy,emergencyContact) values("855","cunt","Verona's","94829","flees");
insert into Patient(patientID,firstName,lastName,insurancePolicy,emergencyContact) values("72958","Terran","mooched","18620","midwifes");
insert into Patient(patientID,firstName,lastName,insurancePolicy,emergencyContact) values("38679","admiration","monetary","36885","jail's");
insert into Patient(patientID,firstName,lastName,insurancePolicy,emergencyContact) values("51689","carfare","illegitimacy","2936","professionalism");
insert into Patient(patientID,firstName,lastName,insurancePolicy,emergencyContact) values("10900","outstandingly","Austen","24441","swearword");
insert into Patient(patientID,firstName,lastName,insurancePolicy,emergencyContact) values("7573","alleged","hindquarters","99372","excoriate");
insert into Patient(patientID,firstName,lastName,insurancePolicy,emergencyContact) values("76020","counseling","Terran","84493","midwifes");
insert into Patient(patientID,firstName,lastName,insurancePolicy,emergencyContact) values("40514","butler's","carfare","64771","mimicries");
insert into Patient(patientID,firstName,lastName,insurancePolicy,emergencyContact) values("12114","butler's","overcompensates","7387","slouch's");
insert into Patient(patientID,firstName,lastName,insurancePolicy,emergencyContact) values("59464","shiftiness","bolder","89047","producer's");
insert into Patient(patientID,firstName,lastName,insurancePolicy,emergencyContact) values("99809","illegitimacy","bolder","16408","Hermite's");
insert into Patient(patientID,firstName,lastName,insurancePolicy,emergencyContact) values("46829","Ortega","ticked","4063","illegitimacy");
insert into Patient(patientID,firstName,lastName,insurancePolicy,emergencyContact) values("69768","Hermite's","interlarding","31975","scream");
insert into Patient(patientID,firstName,lastName,insurancePolicy,emergencyContact) values("96926","bulkiness","gibe","91423","Ortega");
insert into Patient(patientID,firstName,lastName,insurancePolicy,emergencyContact) values("98754","shiftiness","counseling","12084","beating's");
insert into Patient(patientID,firstName,lastName,insurancePolicy,emergencyContact) values("56256","illiterates","producer's","62232","overcompensates");
insert into Patient(patientID,firstName,lastName,insurancePolicy,emergencyContact) values("56886","bulkiness","Hebrew's","54861","cunt");
insert into Patient(patientID,firstName,lastName,insurancePolicy,emergencyContact) values("94937","Arneb's","swearword","10816","sight");
insert into Patient(patientID,firstName,lastName,insurancePolicy,emergencyContact) values("87078","slouch's","mimicries","82046","copulas");
insert into Patient(patientID,firstName,lastName,insurancePolicy,emergencyContact) values("66929","plating","ticked","18196","tattooed");
insert into Patient(patientID,firstName,lastName,insurancePolicy,emergencyContact) values("86729","shiftiness","liberation's","84443","monetary");
insert into Patient(patientID,firstName,lastName,insurancePolicy,emergencyContact) values("63108","cunt","metallurgy","85663","gibe");
insert into Patient(patientID,firstName,lastName,insurancePolicy,emergencyContact) values("68631","Diann","counseling","76508","swearword");
insert into Patient(patientID,firstName,lastName,insurancePolicy,emergencyContact) values("53092","monetary","haled","45515","liberation's");
insert into Patient(patientID,firstName,lastName,insurancePolicy,emergencyContact) values("7917","Mafias","kroner","65906","reorganize");
insert into Patient(patientID,firstName,lastName,insurancePolicy,emergencyContact) values("91650","midwifes","Hermite's","77112","Muriel's");
insert into Patient(patientID,firstName,lastName,insurancePolicy,emergencyContact) values("61508","hellhole's","teeter","78798","carfare");
insert into Patient(patientID,firstName,lastName,insurancePolicy,emergencyContact) values("59512","admiration","Tudor's","56598","cushioning");
insert into Patient(patientID,firstName,lastName,insurancePolicy,emergencyContact) values("64424","precondition's","Dzerzhinsky","34169","bulkiness");
insert into Patient(patientID,firstName,lastName,insurancePolicy,emergencyContact) values("10056","outstandingly","jetty","87983","highball's");
insert into Patient(patientID,firstName,lastName,insurancePolicy,emergencyContact) values("77051","kroner","Thea","4169","ErvIn");
insert into Patient(patientID,firstName,lastName,insurancePolicy,emergencyContact) values("34564","plating","questioning","76458","Ortega");
insert into Patient(patientID,firstName,lastName,insurancePolicy,emergencyContact) values("20841","Kikuyu","interlarding","29258","bombard");
insert into Patient(patientID,firstName,lastName,insurancePolicy,emergencyContact) values("63775","copulas","dense","24992","Liverpudlian");
insert into Patient(patientID,firstName,lastName,insurancePolicy,emergencyContact) values("10984","bolder","Monroe's","91889","briskly");
insert into Patient(patientID,firstName,lastName,insurancePolicy,emergencyContact) values("129","Terran","dense","49652","excoriate");
insert into Patient(patientID,firstName,lastName,insurancePolicy,emergencyContact) values("86053","suburban","Muriel's","47949","punch");
insert into Patient(patientID,firstName,lastName,insurancePolicy,emergencyContact) values("2437","Huntington","remote's","51267","Sepoy");
insert into Patient(patientID,firstName,lastName,insurancePolicy,emergencyContact) values("41993","liberation's","Beatles","68338","hellhole's");
insert into Patient(patientID,firstName,lastName,insurancePolicy,emergencyContact) values("8440","Hermite's","questioning","56475","swearword");
insert into Patient(patientID,firstName,lastName,insurancePolicy,emergencyContact) values("78421","Liverpudlian","precondition's","42804","slouch's");
insert into Patient(patientID,firstName,lastName,insurancePolicy,emergencyContact) values("52387","prudential","cone's","29761","highball's");
insert into Patient(patientID,firstName,lastName,insurancePolicy,emergencyContact) values("9718","ErvIn","mandate","39949","cone's");
insert into Patient(patientID,firstName,lastName,insurancePolicy,emergencyContact) values("45776","swearword","burglary's","10897","Tbilisi");
insert into Patient(patientID,firstName,lastName,insurancePolicy,emergencyContact) values("18420","Tudor's","Esterházy's","84003","Malibu's");
insert into Patient(patientID,firstName,lastName,insurancePolicy,emergencyContact) values("64550","noun's","trout","33573","Tudor's");
insert into Patient(patientID,firstName,lastName,insurancePolicy,emergencyContact) values("89233","highball's","swearword","92075","noun's");
insert into Patient(patientID,firstName,lastName,insurancePolicy,emergencyContact) values("88495","overcompensates","hindquarters","44018","Tbilisi");
insert into Patient(patientID,firstName,lastName,insurancePolicy,emergencyContact) values("7678","Zambians","Monroe's","257","beating's");
insert into Patient(patientID,firstName,lastName,insurancePolicy,emergencyContact) values("11472","admiration","Dzerzhinsky","96072","suburban");
insert into Patient(patientID,firstName,lastName,insurancePolicy,emergencyContact) values("16091","Terran","charms","80541","prudential");
insert into Patient(patientID,firstName,lastName,insurancePolicy,emergencyContact) values("16132","swearword","cushioning","50555","kroner");
insert into Patient(patientID,firstName,lastName,insurancePolicy,emergencyContact) values("63923","producer's","questioning","27609","Kikuyu");
insert into Patient(patientID,firstName,lastName,insurancePolicy,emergencyContact) values("93997","Shetlands","Zambians","12491","Huntington");
insert into Patient(patientID,firstName,lastName,insurancePolicy,emergencyContact) values("17944","suburban","haled","80976","Liverpudlian");
insert into Patient(patientID,firstName,lastName,insurancePolicy,emergencyContact) values("5089","plating","admiration","76341","bulkiness");
insert into Patient(patientID,firstName,lastName,insurancePolicy,emergencyContact) values("28403","plating","suburban","27021","mandate");
insert into Patient(patientID,firstName,lastName,insurancePolicy,emergencyContact) values("74058","Austen","Monroe's","37817","suburban");
insert into Patient(patientID,firstName,lastName,insurancePolicy,emergencyContact) values("60234","Kikuyu","Crux","32965","mandate");
insert into Patient(patientID,firstName,lastName,insurancePolicy,emergencyContact) values("97437","Thea","reorganize","19827","shiftiness");
insert into Patient(patientID,firstName,lastName,insurancePolicy,emergencyContact) values("80451","professionalism","midwifes","34247","overcompensates");
insert into Patient(patientID,firstName,lastName,insurancePolicy,emergencyContact) values("49338","gibe","calmness","24861","hindquarters");
insert into Patient(patientID,firstName,lastName,insurancePolicy,emergencyContact) values("98002","carfare","Zambians","90519","calmness");
insert into Patient(patientID,firstName,lastName,insurancePolicy,emergencyContact) values("11517","bombard","metallurgy","72181","bolder");
insert into Patient(patientID,firstName,lastName,insurancePolicy,emergencyContact) values("11120","metallurgy","beating's","68811","burglary's");
insert into Patient(patientID,firstName,lastName,insurancePolicy,emergencyContact) values("42197","shiftiness","prominent","87571","hellhole's");
insert into Patient(patientID,firstName,lastName,insurancePolicy,emergencyContact) values("98576","dense","cunt","96728","haled");
insert into Patient(patientID,firstName,lastName,insurancePolicy,emergencyContact) values("66433","Kikuyu","Packard's","48732","cone's");
insert into Patient(patientID,firstName,lastName,insurancePolicy,emergencyContact) values("76686","Beatles","Huntington","18160","counseling");
insert into Patient(patientID,firstName,lastName,insurancePolicy,emergencyContact) values("40650","Liverpudlian","Liverpudlian","76775","producer's");
insert into Patient(patientID,firstName,lastName,insurancePolicy,emergencyContact) values("31236","Shetlands","Dzerzhinsky","57298","copulas");
insert into Patient(patientID,firstName,lastName,insurancePolicy,emergencyContact) values("5265","trout","flees","57230","Liverpudlian");
insert into Patient(patientID,firstName,lastName,insurancePolicy,emergencyContact) values("28235","impostor","suburban","11573","prudential");
insert into Patient(patientID,firstName,lastName,insurancePolicy,emergencyContact) values("67178","mooched","hellhole's","44043","interlarding");
insert into Patient(patientID,firstName,lastName,insurancePolicy,emergencyContact) values("18503","Liverpudlian","sight","39889","precondition's");
insert into Patient(patientID,firstName,lastName,insurancePolicy,emergencyContact) values("59062","precondition's","beating's","23810","bombard");
insert into Patient(patientID,firstName,lastName,insurancePolicy,emergencyContact) values("25437","charms","chandelier","37206","shiftiness");
insert into Patient(patientID,firstName,lastName,insurancePolicy,emergencyContact) values("69293","shiftiness","hellhole's","17934","cushioning");
insert into Patient(patientID,firstName,lastName,insurancePolicy,emergencyContact) values("77489","copulas","interlarding","30291","Zambians");
insert into Patient(patientID,firstName,lastName,insurancePolicy,emergencyContact) values("21752","punch","Packard's","73043","zero");
insert into Patient(patientID,firstName,lastName,insurancePolicy,emergencyContact) values("96652","beating's","bombard","58153","interlarding");
insert into Patient(patientID,firstName,lastName,insurancePolicy,emergencyContact) values("66708","copulas","midwifes","76146","excoriate");
insert into Patient(patientID,firstName,lastName,insurancePolicy,emergencyContact) values("19441","teeter","Muriel's","79533","jail's");
insert into Patient(patientID,firstName,lastName,insurancePolicy,emergencyContact) values("24406","liberation's","kroner","95560","bombard");
insert into Patient(patientID,firstName,lastName,insurancePolicy,emergencyContact) values("70043","cunt","counseling","42747","Crux");
insert into Patient(patientID,firstName,lastName,insurancePolicy,emergencyContact) values("6380","charms","Hebrew's","67484","liberation's");
insert into Patient(patientID,firstName,lastName,insurancePolicy,emergencyContact) values("58715","butler's","midwifes","32827","Beatles");
insert into Patient(patientID,firstName,lastName,insurancePolicy,emergencyContact) values("31562","sight","Ortega","62185","overcompensates");
insert into Patient(patientID,firstName,lastName,insurancePolicy,emergencyContact) values("29431","Diann","jetty","11604","illegitimacy");
insert into Patient(patientID,firstName,lastName,insurancePolicy,emergencyContact) values("21883","scream","chandelier","98647","hindquarters");
insert into Patient(patientID,firstName,lastName,insurancePolicy,emergencyContact) values("17454","reorganize","alleged","17751","alleged");
insert into Patient(patientID,firstName,lastName,insurancePolicy,emergencyContact) values("7804","Austen","liberation's","25309","cushioning");
insert into Patient(patientID,firstName,lastName,insurancePolicy,emergencyContact) values("20607","cunt","outstandingly","30427","tattooed");
insert into Patient(patientID,firstName,lastName,insurancePolicy,emergencyContact) values("88922","noun's","monetary","85849","Dzerzhinsky");
insert into Patient(patientID,firstName,lastName,insurancePolicy,emergencyContact) values("9053","Thea","Diann","89385","bulkiness");
insert into Patient(patientID,firstName,lastName,insurancePolicy,emergencyContact) values("34574","Kikuyu","Sepoy","70649","sight");
insert into Patient(patientID,firstName,lastName,insurancePolicy,emergencyContact) values("51087","copulas","mooched","9555","charms");
insert into Patient(patientID,firstName,lastName,insurancePolicy,emergencyContact) values("72764","precondition's","haled","52535","Malibu's");
insert into Patient(patientID,firstName,lastName,insurancePolicy,emergencyContact) values("84385","Kikuyu","prudential","2669","illegitimacy");
insert into Patient(patientID,firstName,lastName,insurancePolicy,emergencyContact) values("1428","scream","impostor","68233","Verona's");
insert into Patient(patientID,firstName,lastName,insurancePolicy,emergencyContact) values("53652","impostor","plating","90294","flees");
insert into Patient(patientID,firstName,lastName,insurancePolicy,emergencyContact) values("82763","Tudor's","alleged","16887","sight");
insert into Patient(patientID,firstName,lastName,insurancePolicy,emergencyContact) values("8120","Miltonic","monetary","61565","Malibu's");
insert into Patient(patientID,firstName,lastName,insurancePolicy,emergencyContact) values("87601","plating","dense","71954","shiftiness");
insert into Patient(patientID,firstName,lastName,insurancePolicy,emergencyContact) values("27333","liberation's","mimicries","41794","Muriel's");
insert into Patient(patientID,firstName,lastName,insurancePolicy,emergencyContact) values("46470","Chihuahua's","monetary","87155","bombard");
insert into Patient(patientID,firstName,lastName,insurancePolicy,emergencyContact) values("49218","Terran","shiftiness","56520","dense");
insert into Patient(patientID,firstName,lastName,insurancePolicy,emergencyContact) values("31524","Crux","Huntington","32026","Diann");
insert into Patient(patientID,firstName,lastName,insurancePolicy,emergencyContact) values("80170","cunt","cushioning","90418","Hermite's");
insert into Patient(patientID,firstName,lastName,insurancePolicy,emergencyContact) values("89542","hellhole's","offsprings","32646","hindquarters");
insert into Patient(patientID,firstName,lastName,insurancePolicy,emergencyContact) values("85066","liberation's","Mafias","72281","Dzerzhinsky");
insert into Patient(patientID,firstName,lastName,insurancePolicy,emergencyContact) values("3167","Zambians","teeter","20341","reorganize");
insert into Patient(patientID,firstName,lastName,insurancePolicy,emergencyContact) values("19171","charms","burglary's","82997","bolder");
insert into Patient(patientID,firstName,lastName,insurancePolicy,emergencyContact) values("95197","prominent","Hebrew's","62025","calmness");
insert into Patient(patientID,firstName,lastName,insurancePolicy,emergencyContact) values("62493","scream","Zambians","94288","noun's");
insert into Patient(patientID,firstName,lastName,insurancePolicy,emergencyContact) values("75703","admiration","excoriate","66852","bombard");
insert into Patient(patientID,firstName,lastName,insurancePolicy,emergencyContact) values("59312","wheelbases","prudential","30612","progress's");
insert into Patient(patientID,firstName,lastName,insurancePolicy,emergencyContact) values("70898","charms","noun's","89877","flees");
insert into Patient(patientID,firstName,lastName,insurancePolicy,emergencyContact) values("8918","Mafias","prominent","22434","remote's");
insert into Patient(patientID,firstName,lastName,insurancePolicy,emergencyContact) values("65566","bombard","ticked","35012","trout");
insert into Patient(patientID,firstName,lastName,insurancePolicy,emergencyContact) values("3509","bolder","Packard's","60845","Arneb's");
insert into Patient(patientID,firstName,lastName,insurancePolicy,emergencyContact) values("68049","Tbilisi","Kikuyu","82363","swearword");
insert into Patient(patientID,firstName,lastName,insurancePolicy,emergencyContact) values("51450","Kikuyu","kroner","66025","charms");
insert into Patient(patientID,firstName,lastName,insurancePolicy,emergencyContact) values("52627","burglary's","flees","85093","Mafias");
insert into Patient(patientID,firstName,lastName,insurancePolicy,emergencyContact) values("25362","Austen","scream","6658","Liverpudlian");
insert into Patient(patientID,firstName,lastName,insurancePolicy,emergencyContact) values("80545","Verona's","Chihuahua's","1329","Shell's");
insert into Patient(patientID,firstName,lastName,insurancePolicy,emergencyContact) values("64503","jail's","midwifes","32926","bulkiness");
insert into Patient(patientID,firstName,lastName,insurancePolicy,emergencyContact) values("70455","beating's","Tbilisi","13570","Malibu's");
insert into Patient(patientID,firstName,lastName,insurancePolicy,emergencyContact) values("37603","progress's","alleged","82336","suburban");
insert into Patient(patientID,firstName,lastName,insurancePolicy,emergencyContact) values("97853","liberation's","slouch's","57348","ticked");
insert into PatientRoom(roomNumber,patientID) values("0","65566");
insert into PatientRoom(roomNumber,patientID) values("1","56256");
insert into PatientRoom(roomNumber,patientID) values("2","66929");
insert into PatientRoom(roomNumber,patientID) values("3","51087");
insert into PatientRoom(roomNumber,patientID) values("4","93997");
insert into PatientRoom(roomNumber,patientID) values("5","19441");
insert into PatientRoom(roomNumber,patientID) values("6","80451");
insert into PatientRoom(roomNumber,patientID) values("7","30696");
insert into PatientRoom(roomNumber,patientID) values("8","72764");
insert into PatientRoom(roomNumber,patientID) values("9","8440");
insert into PatientRoom(roomNumber,patientID) values("10","70898");
insert into PatientRoom(roomNumber,patientID) values("11","24509");
insert into PatientRoom(roomNumber,patientID) values("12","517");
insert into PatientRoom(roomNumber,patientID) values("13","5089");
insert into PatientRoom(roomNumber,patientID) values("14","89542");
insert into PatientRoom(roomNumber,patientID) values("16","3409");
insert into PatientRoom(roomNumber,patientID) values("17","25437");
insert into PatientRoom(roomNumber,patientID) values("18","74780");
insert into PatientRoom(roomNumber,patientID) values("19","10293");
insert into PatientRoom(roomNumber,patientID) values("20","67836");
insert into PatientRoom(roomNumber,patientID) values("21","63923");
insert into PatientRoom(roomNumber,patientID) values("23","16091");
insert into PatientRoom(roomNumber,patientID) values("24","129");
insert into PatientRoom(roomNumber,patientID) values("26","7573");
insert into PatientRoom(roomNumber,patientID) values("27","8918");
insert into PatientRoom(roomNumber,patientID) values("28","41504");
insert into PatientRoom(roomNumber,patientID) values("29","91524");
insert into PatientRoom(roomNumber,patientID) values("30","94937");
insert into PatientRoom(roomNumber,patientID) values("31","73430");
insert into PatientRoom(roomNumber,patientID) values("32","91650");
insert into PatientRoom(roomNumber,patientID) values("33","45776");
insert into PatientRoom(roomNumber,patientID) values("34","57604");
insert into PatientRoom(roomNumber,patientID) values("35","16262");
insert into PatientRoom(roomNumber,patientID) values("36","26032");
insert into PatientRoom(roomNumber,patientID) values("37","28403");
insert into PatientRoom(roomNumber,patientID) values("38","21752");
insert into PatientRoom(roomNumber,patientID) values("39","25437");
insert into PatientRoom(roomNumber,patientID) values("40","93997");
insert into PatientRoom(roomNumber,patientID) values("41","69293");
insert into PatientRoom(roomNumber,patientID) values("42","57604");
insert into PatientRoom(roomNumber,patientID) values("44","87601");
insert into PatientRoom(roomNumber,patientID) values("45","61508");
insert into PatientRoom(roomNumber,patientID) values("46","64503");
insert into PatientRoom(roomNumber,patientID) values("47","99809");
insert into PatientRoom(roomNumber,patientID) values("48","46470");
insert into PatientRoom(roomNumber,patientID) values("50","78698");
insert into PatientRoom(roomNumber,patientID) values("51","4447");
insert into PatientRoom(roomNumber,patientID) values("52","59512");
insert into PatientRoom(roomNumber,patientID) values("53","20841");
insert into PatientRoom(roomNumber,patientID) values("54","94937");
insert into PatientRoom(roomNumber,patientID) values("55","27258");
insert into PatientRoom(roomNumber,patientID) values("56","39884");
insert into PatientRoom(roomNumber,patientID) values("57","88495");
insert into PatientRoom(roomNumber,patientID) values("58","61537");
insert into PatientRoom(roomNumber,patientID) values("59","91524");
insert into PatientRoom(roomNumber,patientID) values("60","64503");
insert into PatientRoom(roomNumber,patientID) values("61","855");
insert into PatientRoom(roomNumber,patientID) values("62","74058");
insert into PatientRoom(roomNumber,patientID) values("63","85066");
insert into PatientRoom(roomNumber,patientID) values("64","1428");
insert into PatientRoom(roomNumber,patientID) values("65","42197");
insert into PatientRoom(roomNumber,patientID) values("66","19229");
insert into PatientRoom(roomNumber,patientID) values("67","17454");
insert into PatientRoom(roomNumber,patientID) values("68","17913");
insert into PatientRoom(roomNumber,patientID) values("69","98002");
insert into PatientRoom(roomNumber,patientID) values("70","74780");
insert into PatientRoom(roomNumber,patientID) values("71","96196");
insert into PatientRoom(roomNumber,patientID) values("72","82571");
insert into PatientRoom(roomNumber,patientID) values("73","28403");
insert into PatientRoom(roomNumber,patientID) values("74","19457");
insert into PatientRoom(roomNumber,patientID) values("76","28235");
insert into PatientRoom(roomNumber,patientID) values("77","31236");
insert into PatientRoom(roomNumber,patientID) values("80","19171");
insert into PatientRoom(roomNumber,patientID) values("81","62012");
insert into PatientRoom(roomNumber,patientID) values("82","72764");
insert into PatientRoom(roomNumber,patientID) values("83","20841");
insert into PatientRoom(roomNumber,patientID) values("84","34574");
insert into PatientRoom(roomNumber,patientID) values("85","40514");
insert into PatientRoom(roomNumber,patientID) values("86","52627");
insert into PatientRoom(roomNumber,patientID) values("88","11120");
insert into PatientRoom(roomNumber,patientID) values("89","99809");
insert into PatientRoom(roomNumber,patientID) values("90","26032");
insert into PatientRoom(roomNumber,patientID) values("92","80545");
insert into PatientRoom(roomNumber,patientID) values("93","85066");
insert into PatientRoom(roomNumber,patientID) values("94","80545");
insert into PatientRoom(roomNumber,patientID) values("95","69768");
insert into PatientRoom(roomNumber,patientID) values("96","66929");
insert into PatientRoom(roomNumber,patientID) values("97","89461");
insert into PatientRoom(roomNumber,patientID) values("98","17454");
insert into PatientRoom(roomNumber,patientID) values("99","8440");
insert into OutPatient(patientID) values("129");
insert into OutPatient(patientID) values("517");
insert into OutPatient(patientID) values("855");
insert into OutPatient(patientID) values("997");
insert into OutPatient(patientID) values("1428");
insert into OutPatient(patientID) values("2437");
insert into OutPatient(patientID) values("3167");
insert into OutPatient(patientID) values("3409");
insert into OutPatient(patientID) values("3509");
insert into OutPatient(patientID) values("4447");
insert into OutPatient(patientID) values("4947");
insert into OutPatient(patientID) values("5374");
insert into OutPatient(patientID) values("6380");
insert into OutPatient(patientID) values("7678");
insert into OutPatient(patientID) values("8918");
insert into OutPatient(patientID) values("9718");
insert into OutPatient(patientID) values("10056");
insert into OutPatient(patientID) values("10984");
insert into OutPatient(patientID) values("11472");
insert into OutPatient(patientID) values("12114");
insert into OutPatient(patientID) values("14597");
insert into OutPatient(patientID) values("15108");
insert into OutPatient(patientID) values("16132");
insert into OutPatient(patientID) values("16262");
insert into OutPatient(patientID) values("17375");
insert into OutPatient(patientID) values("17913");
insert into OutPatient(patientID) values("18420");
insert into OutPatient(patientID) values("18503");
insert into OutPatient(patientID) values("19171");
insert into OutPatient(patientID) values("19229");
insert into OutPatient(patientID) values("19441");
insert into OutPatient(patientID) values("20841");
insert into OutPatient(patientID) values("21752");
insert into OutPatient(patientID) values("24138");
insert into OutPatient(patientID) values("24406");
insert into OutPatient(patientID) values("25437");
insert into OutPatient(patientID) values("26032");
insert into OutPatient(patientID) values("27258");
insert into OutPatient(patientID) values("27295");
insert into OutPatient(patientID) values("27333");
insert into OutPatient(patientID) values("28235");
insert into OutPatient(patientID) values("28403");
insert into OutPatient(patientID) values("29431");
insert into OutPatient(patientID) values("30696");
insert into OutPatient(patientID) values("30700");
insert into OutPatient(patientID) values("31236");
insert into OutPatient(patientID) values("31562");
insert into OutPatient(patientID) values("34564");
insert into OutPatient(patientID) values("38679");
insert into OutPatient(patientID) values("39884");
insert into OutPatient(patientID) values("41504");
insert into OutPatient(patientID) values("41697");
insert into OutPatient(patientID) values("41993");
insert into OutPatient(patientID) values("42197");
insert into OutPatient(patientID) values("45776");
insert into OutPatient(patientID) values("46470");
insert into OutPatient(patientID) values("46829");
insert into OutPatient(patientID) values("47001");
insert into OutPatient(patientID) values("49338");
insert into OutPatient(patientID) values("51087");
insert into OutPatient(patientID) values("51450");
insert into OutPatient(patientID) values("51689");
insert into OutPatient(patientID) values("52387");
insert into OutPatient(patientID) values("52627");
insert into OutPatient(patientID) values("53092");
insert into OutPatient(patientID) values("56256");
insert into OutPatient(patientID) values("56614");
insert into OutPatient(patientID) values("56886");
insert into OutPatient(patientID) values("57604");
insert into OutPatient(patientID) values("58715");
insert into OutPatient(patientID) values("59062");
insert into OutPatient(patientID) values("59312");
insert into OutPatient(patientID) values("59464");
insert into OutPatient(patientID) values("59512");
insert into OutPatient(patientID) values("60234");
insert into OutPatient(patientID) values("61298");
insert into OutPatient(patientID) values("61508");
insert into OutPatient(patientID) values("61537");
insert into OutPatient(patientID) values("62493");
insert into OutPatient(patientID) values("62708");
insert into OutPatient(patientID) values("63108");
insert into OutPatient(patientID) values("63923");
insert into OutPatient(patientID) values("64407");
insert into OutPatient(patientID) values("64424");
insert into OutPatient(patientID) values("64503");
insert into OutPatient(patientID) values("64550");
insert into OutPatient(patientID) values("65189");
insert into OutPatient(patientID) values("65566");
insert into OutPatient(patientID) values("66433");
insert into OutPatient(patientID) values("67836");
insert into OutPatient(patientID) values("68049");
insert into OutPatient(patientID) values("69293");
insert into OutPatient(patientID) values("69323");
insert into OutPatient(patientID) values("70043");
insert into OutPatient(patientID) values("70455");
insert into OutPatient(patientID) values("70648");
insert into OutPatient(patientID) values("70898");
insert into OutPatient(patientID) values("72764");
insert into OutPatient(patientID) values("72958");
insert into OutPatient(patientID) values("72967");
insert into OutPatient(patientID) values("73430");
insert into OutPatient(patientID) values("74771");
insert into OutPatient(patientID) values("74780");
insert into OutPatient(patientID) values("76020");
insert into OutPatient(patientID) values("77048");
insert into OutPatient(patientID) values("78698");
insert into OutPatient(patientID) values("82571");
insert into OutPatient(patientID) values("82763");
insert into OutPatient(patientID) values("86053");
insert into OutPatient(patientID) values("86215");
insert into OutPatient(patientID) values("86729");
insert into OutPatient(patientID) values("86896");
insert into OutPatient(patientID) values("87043");
insert into OutPatient(patientID) values("87846");
insert into OutPatient(patientID) values("87956");
insert into OutPatient(patientID) values("88495");
insert into OutPatient(patientID) values("88922");
insert into OutPatient(patientID) values("89233");
insert into OutPatient(patientID) values("89542");
insert into OutPatient(patientID) values("91524");
insert into OutPatient(patientID) values("91650");
insert into OutPatient(patientID) values("93997");
insert into OutPatient(patientID) values("94937");
insert into OutPatient(patientID) values("95197");
insert into OutPatient(patientID) values("96926");
insert into OutPatient(patientID) values("97437");
insert into OutPatient(patientID) values("97853");
insert into OutPatient(patientID) values("98754");
insert into OutPatient(patientID) values("99387");
insert into OutPatient(patientID) values("99809");
insert into Nurse(employeeID,treatmentGiverID) values("79575","8113");
insert into Nurse(employeeID,treatmentGiverID) values("31547","9121");
insert into Nurse(employeeID,treatmentGiverID) values("47766","9676");
insert into Nurse(employeeID,treatmentGiverID) values("31023","10442");
insert into Nurse(employeeID,treatmentGiverID) values("74600","10451");
insert into Nurse(employeeID,treatmentGiverID) values("57243","12847");
insert into Nurse(employeeID,treatmentGiverID) values("33183","13945");
insert into Nurse(employeeID,treatmentGiverID) values("2247","17537");
insert into Nurse(employeeID,treatmentGiverID) values("96321","17990");
insert into Nurse(employeeID,treatmentGiverID) values("20859","18935");
insert into Nurse(employeeID,treatmentGiverID) values("99287","20073");
insert into Nurse(employeeID,treatmentGiverID) values("41916","22279");
insert into Nurse(employeeID,treatmentGiverID) values("70571","22461");
insert into Nurse(employeeID,treatmentGiverID) values("83328","23317");
insert into Nurse(employeeID,treatmentGiverID) values("59321","27485");
insert into Nurse(employeeID,treatmentGiverID) values("82918","31897");
insert into Nurse(employeeID,treatmentGiverID) values("94094","35305");
insert into Nurse(employeeID,treatmentGiverID) values("89804","36534");
insert into Nurse(employeeID,treatmentGiverID) values("3271","36729");
insert into Nurse(employeeID,treatmentGiverID) values("81263","38666");
insert into Nurse(employeeID,treatmentGiverID) values("88449","39992");
insert into Nurse(employeeID,treatmentGiverID) values("48121","40988");
insert into Nurse(employeeID,treatmentGiverID) values("92506","42351");
insert into Nurse(employeeID,treatmentGiverID) values("15598","45292");
insert into Nurse(employeeID,treatmentGiverID) values("13955","46138");
insert into Nurse(employeeID,treatmentGiverID) values("15776","47669");
insert into Nurse(employeeID,treatmentGiverID) values("8769","51794");
insert into Nurse(employeeID,treatmentGiverID) values("79062","52760");
insert into Nurse(employeeID,treatmentGiverID) values("51374","53109");
insert into Nurse(employeeID,treatmentGiverID) values("80033","53803");
insert into Nurse(employeeID,treatmentGiverID) values("29777","55996");
insert into Nurse(employeeID,treatmentGiverID) values("71411","56829");
insert into Nurse(employeeID,treatmentGiverID) values("50761","57264");
insert into Nurse(employeeID,treatmentGiverID) values("30720","58195");
insert into Nurse(employeeID,treatmentGiverID) values("77799","58267");
insert into Nurse(employeeID,treatmentGiverID) values("88800","61622");
insert into Nurse(employeeID,treatmentGiverID) values("45724","63568");
insert into Nurse(employeeID,treatmentGiverID) values("22143","66370");
insert into Nurse(employeeID,treatmentGiverID) values("74676","67175");
insert into Nurse(employeeID,treatmentGiverID) values("94207","68765");
insert into Nurse(employeeID,treatmentGiverID) values("98464","69411");
insert into Nurse(employeeID,treatmentGiverID) values("14491","72668");
insert into Nurse(employeeID,treatmentGiverID) values("34206","74488");
insert into Nurse(employeeID,treatmentGiverID) values("45590","76055");
insert into Nurse(employeeID,treatmentGiverID) values("29839","76255");
insert into Nurse(employeeID,treatmentGiverID) values("23915","78694");
insert into Nurse(employeeID,treatmentGiverID) values("855","82257");
insert into Nurse(employeeID,treatmentGiverID) values("59712","83027");
insert into Nurse(employeeID,treatmentGiverID) values("3674","83257");
insert into Nurse(employeeID,treatmentGiverID) values("71876","83656");
insert into Nurse(employeeID,treatmentGiverID) values("41156","86507");
insert into Nurse(employeeID,treatmentGiverID) values("56354","92864");
insert into Nurse(employeeID,treatmentGiverID) values("60676","93219");
insert into Nurse(employeeID,treatmentGiverID) values("92152","95150");
insert into Nurse(employeeID,treatmentGiverID) values("11006","96892");
insert into Nurse(employeeID,treatmentGiverID) values("63365","97485");
insert into Nurse(employeeID,treatmentGiverID) values("78922","98959");
insert into InPatient(patientID) values("129");
insert into InPatient(patientID) values("517");
insert into InPatient(patientID) values("855");
insert into InPatient(patientID) values("2437");
insert into InPatient(patientID) values("3409");
insert into InPatient(patientID) values("4301");
insert into InPatient(patientID) values("4447");
insert into InPatient(patientID) values("4947");
insert into InPatient(patientID) values("5089");
insert into InPatient(patientID) values("5265");
insert into InPatient(patientID) values("6380");
insert into InPatient(patientID) values("7573");
insert into InPatient(patientID) values("8440");
insert into InPatient(patientID) values("8918");
insert into InPatient(patientID) values("9053");
insert into InPatient(patientID) values("9718");
insert into InPatient(patientID) values("10293");
insert into InPatient(patientID) values("10900");
insert into InPatient(patientID) values("11517");
insert into InPatient(patientID) values("12114");
insert into InPatient(patientID) values("14597");
insert into InPatient(patientID) values("15108");
insert into InPatient(patientID) values("16091");
insert into InPatient(patientID) values("16262");
insert into InPatient(patientID) values("17375");
insert into InPatient(patientID) values("17454");
insert into InPatient(patientID) values("18420");
insert into InPatient(patientID) values("18503");
insert into InPatient(patientID) values("19441");
insert into InPatient(patientID) values("20841");
insert into InPatient(patientID) values("21752");
insert into InPatient(patientID) values("21883");
insert into InPatient(patientID) values("24138");
insert into InPatient(patientID) values("24406");
insert into InPatient(patientID) values("25362");
insert into InPatient(patientID) values("26032");
insert into InPatient(patientID) values("27258");
insert into InPatient(patientID) values("27333");
insert into InPatient(patientID) values("27847");
insert into InPatient(patientID) values("28403");
insert into InPatient(patientID) values("30696");
insert into InPatient(patientID) values("31236");
insert into InPatient(patientID) values("34574");
insert into InPatient(patientID) values("36056");
insert into InPatient(patientID) values("39884");
insert into InPatient(patientID) values("40650");
insert into InPatient(patientID) values("40805");
insert into InPatient(patientID) values("41697");
insert into InPatient(patientID) values("41993");
insert into InPatient(patientID) values("42197");
insert into InPatient(patientID) values("46829");
insert into InPatient(patientID) values("47001");
insert into InPatient(patientID) values("51087");
insert into InPatient(patientID) values("51224");
insert into InPatient(patientID) values("51491");
insert into InPatient(patientID) values("51689");
insert into InPatient(patientID) values("52387");
insert into InPatient(patientID) values("53458");
insert into InPatient(patientID) values("53652");
insert into InPatient(patientID) values("56614");
insert into InPatient(patientID) values("56886");
insert into InPatient(patientID) values("57343");
insert into InPatient(patientID) values("57604");
insert into InPatient(patientID) values("58117");
insert into InPatient(patientID) values("58715");
insert into InPatient(patientID) values("59062");
insert into InPatient(patientID) values("59312");
insert into InPatient(patientID) values("59464");
insert into InPatient(patientID) values("59512");
insert into InPatient(patientID) values("60234");
insert into InPatient(patientID) values("61298");
insert into InPatient(patientID) values("61537");
insert into InPatient(patientID) values("62012");
insert into InPatient(patientID) values("62493");
insert into InPatient(patientID) values("62494");
insert into InPatient(patientID) values("62708");
insert into InPatient(patientID) values("63108");
insert into InPatient(patientID) values("63923");
insert into InPatient(patientID) values("64503");
insert into InPatient(patientID) values("64550");
insert into InPatient(patientID) values("65189");
insert into InPatient(patientID) values("65566");
insert into InPatient(patientID) values("66433");
insert into InPatient(patientID) values("66708");
insert into InPatient(patientID) values("67178");
insert into InPatient(patientID) values("67836");
insert into InPatient(patientID) values("68631");
insert into InPatient(patientID) values("69293");
insert into InPatient(patientID) values("69768");
insert into InPatient(patientID) values("69922");
insert into InPatient(patientID) values("70043");
insert into InPatient(patientID) values("70648");
insert into InPatient(patientID) values("70898");
insert into InPatient(patientID) values("72058");
insert into InPatient(patientID) values("73430");
insert into InPatient(patientID) values("74771");
insert into InPatient(patientID) values("74780");
insert into InPatient(patientID) values("76686");
insert into InPatient(patientID) values("77051");
insert into InPatient(patientID) values("77206");
insert into InPatient(patientID) values("78167");
insert into InPatient(patientID) values("78421");
insert into InPatient(patientID) values("78698");
insert into InPatient(patientID) values("80170");
insert into InPatient(patientID) values("80451");
insert into InPatient(patientID) values("82571");
insert into InPatient(patientID) values("82763");
insert into InPatient(patientID) values("84385");
insert into InPatient(patientID) values("85066");
insert into InPatient(patientID) values("86729");
insert into InPatient(patientID) values("86896");
insert into InPatient(patientID) values("87078");
insert into InPatient(patientID) values("87601");
insert into InPatient(patientID) values("88495");
insert into InPatient(patientID) values("89461");
insert into InPatient(patientID) values("89542");
insert into InPatient(patientID) values("91650");
insert into InPatient(patientID) values("94937");
insert into InPatient(patientID) values("96652");
insert into InPatient(patientID) values("97437");
insert into InPatient(patientID) values("97853");
insert into InPatient(patientID) values("98002");
insert into InPatient(patientID) values("98754");
insert into InPatient(patientID) values("99387");
insert into InPatient(patientID) values("99809");
insert into Doctor(employeeID,treatmentGiverID) values("34206","3291");
insert into Doctor(employeeID,treatmentGiverID) values("74600","4096");
insert into Doctor(employeeID,treatmentGiverID) values("60676","9121");
insert into Doctor(employeeID,treatmentGiverID) values("83394","9676");
insert into Doctor(employeeID,treatmentGiverID) values("39673","10442");
insert into Doctor(employeeID,treatmentGiverID) values("5155","10451");
insert into Doctor(employeeID,treatmentGiverID) values("13955","12373");
insert into Doctor(employeeID,treatmentGiverID) values("99287","12847");
insert into Doctor(employeeID,treatmentGiverID) values("45590","13945");
insert into Doctor(employeeID,treatmentGiverID) values("53786","14538");
insert into Doctor(employeeID,treatmentGiverID) values("8646","15773");
insert into Doctor(employeeID,treatmentGiverID) values("59321","17990");
insert into Doctor(employeeID,treatmentGiverID) values("79062","18935");
insert into Doctor(employeeID,treatmentGiverID) values("31023","20073");
insert into Doctor(employeeID,treatmentGiverID) values("88449","20189");
insert into Doctor(employeeID,treatmentGiverID) values("36661","22279");
insert into Doctor(employeeID,treatmentGiverID) values("74676","22737");
insert into Doctor(employeeID,treatmentGiverID) values("94207","23317");
insert into Doctor(employeeID,treatmentGiverID) values("71876","23531");
insert into Doctor(employeeID,treatmentGiverID) values("50761","27485");
insert into Doctor(employeeID,treatmentGiverID) values("79575","31012");
insert into Doctor(employeeID,treatmentGiverID) values("92506","31234");
insert into Doctor(employeeID,treatmentGiverID) values("52192","31897");
insert into Doctor(employeeID,treatmentGiverID) values("73222","35305");
insert into Doctor(employeeID,treatmentGiverID) values("57301","36534");
insert into Doctor(employeeID,treatmentGiverID) values("63859","39992");
insert into Doctor(employeeID,treatmentGiverID) values("80033","44956");
insert into Doctor(employeeID,treatmentGiverID) values("63365","45292");
insert into Doctor(employeeID,treatmentGiverID) values("78922","46138");
insert into Doctor(employeeID,treatmentGiverID) values("89804","47669");
insert into Doctor(employeeID,treatmentGiverID) values("64020","51794");
insert into Doctor(employeeID,treatmentGiverID) values("86409","52760");
insert into Doctor(employeeID,treatmentGiverID) values("96321","53109");
insert into Doctor(employeeID,treatmentGiverID) values("77799","53756");
insert into Doctor(employeeID,treatmentGiverID) values("70571","54548");
insert into Doctor(employeeID,treatmentGiverID) values("29777","56829");
insert into Doctor(employeeID,treatmentGiverID) values("88465","57264");
insert into Doctor(employeeID,treatmentGiverID) values("94094","58195");
insert into Doctor(employeeID,treatmentGiverID) values("29532","58267");
insert into Doctor(employeeID,treatmentGiverID) values("30459","62359");
insert into Doctor(employeeID,treatmentGiverID) values("82918","63147");
insert into Doctor(employeeID,treatmentGiverID) values("56072","63568");
insert into Doctor(employeeID,treatmentGiverID) values("91477","65867");
insert into Doctor(employeeID,treatmentGiverID) values("2247","66370");
insert into Doctor(employeeID,treatmentGiverID) values("98464","69411");
insert into Doctor(employeeID,treatmentGiverID) values("52335","72668");
insert into Doctor(employeeID,treatmentGiverID) values("30720","76055");
insert into Doctor(employeeID,treatmentGiverID) values("81726","76255");
insert into Doctor(employeeID,treatmentGiverID) values("6946","77329");
insert into Doctor(employeeID,treatmentGiverID) values("28456","78694");
insert into Doctor(employeeID,treatmentGiverID) values("26744","79431");
insert into Doctor(employeeID,treatmentGiverID) values("82646","81679");
insert into Doctor(employeeID,treatmentGiverID) values("6178","82215");
insert into Doctor(employeeID,treatmentGiverID) values("23699","82257");
insert into Doctor(employeeID,treatmentGiverID) values("87295","82937");
insert into Doctor(employeeID,treatmentGiverID) values("3674","83257");
insert into Doctor(employeeID,treatmentGiverID) values("66802","86886");
insert into Doctor(employeeID,treatmentGiverID) values("95792","87611");
insert into Doctor(employeeID,treatmentGiverID) values("88800","87710");
insert into Doctor(employeeID,treatmentGiverID) values("59712","88974");
insert into Doctor(employeeID,treatmentGiverID) values("14491","91271");
insert into Doctor(employeeID,treatmentGiverID) values("92152","92864");
insert into Doctor(employeeID,treatmentGiverID) values("47766","99313");
insert into AssignedTo(doctorID,patientID) values("29532","517");
insert into AssignedTo(doctorID,patientID) values("86409","129");
insert into AssignedTo(doctorID,patientID) values("2247","68376");
insert into AssignedTo(doctorID,patientID) values("2247","70898");
insert into AssignedTo(doctorID,patientID) values("29532","6380");
insert into AssignedTo(doctorID,patientID) values("30720","7573");
insert into AssignedTo(doctorID,patientID) values("36661","8120");
insert into AssignedTo(doctorID,patientID) values("3674","34574");
insert into AssignedTo(doctorID,patientID) values("3674","65566");
insert into AssignedTo(doctorID,patientID) values("3674","86215");
insert into AssignedTo(doctorID,patientID) values("39673","2437");
insert into AssignedTo(doctorID,patientID) values("45590","5089");
insert into AssignedTo(doctorID,patientID) values("50761","5374");
insert into AssignedTo(doctorID,patientID) values("5155","16132");
insert into AssignedTo(doctorID,patientID) values("5155","24406");
insert into AssignedTo(doctorID,patientID) values("5155","96926");
insert into AssignedTo(doctorID,patientID) values("57301","5089");
insert into AssignedTo(doctorID,patientID) values("6178","51087");
insert into AssignedTo(doctorID,patientID) values("6178","63923");
insert into AssignedTo(doctorID,patientID) values("6178","64424");
insert into AssignedTo(doctorID,patientID) values("64020","8440");
insert into AssignedTo(doctorID,patientID) values("6946","30700");
insert into AssignedTo(doctorID,patientID) values("74600","4447");
insert into AssignedTo(doctorID,patientID) values("74676","3509");
insert into AssignedTo(doctorID,patientID) values("79575","4301");
insert into AssignedTo(doctorID,patientID) values("8646","28235");
insert into AssignedTo(doctorID,patientID) values("8646","49338");
insert into AssignedTo(doctorID,patientID) values("8646","53652");
insert into AssignedTo(doctorID,patientID) values("8646","60234");
insert into AssignedTo(doctorID,patientID) values("8646","82571");
insert into AssignedTo(doctorID,patientID) values("91477","7804");
insert into AssignedTo(doctorID,patientID) values("13955","30700");
insert into AssignedTo(doctorID,patientID) values("13955","62012");
insert into AssignedTo(doctorID,patientID) values("14491","94937");
insert into AssignedTo(doctorID,patientID) values("23699","40514");
insert into AssignedTo(doctorID,patientID) values("23699","64407");
insert into AssignedTo(doctorID,patientID) values("23699","66708");
insert into AssignedTo(doctorID,patientID) values("26744","11517");
insert into AssignedTo(doctorID,patientID) values("26744","17913");
insert into AssignedTo(doctorID,patientID) values("26744","21752");
insert into AssignedTo(doctorID,patientID) values("26744","31524");
insert into AssignedTo(doctorID,patientID) values("26744","80451");
insert into AssignedTo(doctorID,patientID) values("26744","97437");
insert into AssignedTo(doctorID,patientID) values("28456","29431");
insert into AssignedTo(doctorID,patientID) values("28456","38679");
insert into AssignedTo(doctorID,patientID) values("28456","74058");
insert into AssignedTo(doctorID,patientID) values("28456","76020");
insert into AssignedTo(doctorID,patientID) values("29532","11472");
insert into AssignedTo(doctorID,patientID) values("29532","17944");
insert into AssignedTo(doctorID,patientID) values("29532","87846");
insert into AssignedTo(doctorID,patientID) values("29777","30696");
insert into AssignedTo(doctorID,patientID) values("29777","40514");
insert into AssignedTo(doctorID,patientID) values("29777","46829");
insert into AssignedTo(doctorID,patientID) values("29777","68631");
insert into AssignedTo(doctorID,patientID) values("30459","95197");
insert into AssignedTo(doctorID,patientID) values("30720","40805");
insert into AssignedTo(doctorID,patientID) values("30720","63923");
insert into AssignedTo(doctorID,patientID) values("31023","19441");
insert into AssignedTo(doctorID,patientID) values("31023","40805");
insert into AssignedTo(doctorID,patientID) values("31023","60234");
insert into AssignedTo(doctorID,patientID) values("34206","51087");
insert into AssignedTo(doctorID,patientID) values("34206","57343");
insert into AssignedTo(doctorID,patientID) values("39673","70648");
insert into AssignedTo(doctorID,patientID) values("88800","11120");
insert into AssignedTo(doctorID,patientID) values("47766","80451");
insert into AssignedTo(doctorID,patientID) values("52192","45776");
insert into AssignedTo(doctorID,patientID) values("88800","70455");
insert into AssignedTo(doctorID,patientID) values("88465","70648");
insert into AssignedTo(doctorID,patientID) values("87295","15108");
insert into AssignedTo(doctorID,patientID) values("81726","91650");
insert into AssignedTo(doctorID,patientID) values("78922","86215");
insert into AssignedTo(doctorID,patientID) values("96321","27258");
insert into AssignedTo(doctorID,patientID) values("74676","21883");
insert into AssignedTo(doctorID,patientID) values("78922","85066");
insert into AssignedTo(doctorID,patientID) values("91477","59062");
insert into AssignedTo(doctorID,patientID) values("96321","56256");
insert into AssignedTo(doctorID,patientID) values("66802","62012");
insert into AssignedTo(doctorID,patientID) values("91477","59312");
insert into AssignedTo(doctorID,patientID) values("96321","31524");
insert into AssignedTo(doctorID,patientID) values("95792","51450");
insert into AssignedTo(doctorID,patientID) values("99287","82763");
insert into AssignedTo(doctorID,patientID) values("99287","80451");
insert into AssignedTo(doctorID,patientID) values("86409","66708");
insert into AssignedTo(doctorID,patientID) values("95792","87043");
insert into AssignedTo(doctorID,patientID) values("56072","66708");
insert into AssignedTo(doctorID,patientID) values("99287","88922");
insert into AssignedTo(doctorID,patientID) values("79062","12114");
insert into AssignedTo(doctorID,patientID) values("82646","30700");
insert into AssignedTo(doctorID,patientID) values("52335","57604");
insert into AssignedTo(doctorID,patientID) values("71876","20607");
insert into AssignedTo(doctorID,patientID) values("74676","82571");
insert into AssignedTo(doctorID,patientID) values("83394","53092");
insert into AssignedTo(doctorID,patientID) values("92152","67836");
insert into AssignedTo(doctorID,patientID) values("71876","70898");
insert into AssignedTo(doctorID,patientID) values("56072","47001");
insert into AssignedTo(doctorID,patientID) values("83394","74058");
insert into AssignedTo(doctorID,patientID) values("88800","56256");
insert into AssignedTo(doctorID,patientID) values("79575","10293");
insert into AssignedTo(doctorID,patientID) values("60676","87846");
insert into AssignedTo(doctorID,patientID) values("56072","80170");
insert into AssignedTo(doctorID,patientID) values("63859","12414");
insert into AssignedTo(doctorID,patientID) values("56072","60234");
insert into AssignedTo(doctorID,patientID) values("86409","11517");
insert into AssignedTo(doctorID,patientID) values("87295","86896");
insert into AssignedTo(doctorID,patientID) values("88449","91524");
insert into AssignedTo(doctorID,patientID) values("95792","64550");
insert into AssignedTo(doctorID,patientID) values("94207","51450");
insert into AssignedTo(doctorID,patientID) values("82646","66929");
insert into AssignedTo(doctorID,patientID) values("95792","72764");
insert into AssignedTo(doctorID,patientID) values("82918","99387");
insert into AssignedTo(doctorID,patientID) values("60676","89233");
insert into AssignedTo(doctorID,patientID) values("73222","28235");
insert into AssignedTo(doctorID,patientID) values("79062","76686");
insert into AssignedTo(doctorID,patientID) values("50761","34574");
insert into AssignedTo(doctorID,patientID) values("87295","64550");
insert into AssignedTo(doctorID,patientID) values("86409","21883");
insert into AssignedTo(doctorID,patientID) values("56072","25362");
insert into AssignedTo(doctorID,patientID) values("79062","95197");
insert into AssignedTo(doctorID,patientID) values("52335","28403");
insert into AssignedTo(doctorID,patientID) values("91477","12114");
insert into AssignedTo(doctorID,patientID) values("81726","78167");
insert into AssignedTo(doctorID,patientID) values("80033","77051");
insert into AssignedTo(doctorID,patientID) values("82646","18503");
insert into AssignedTo(doctorID,patientID) values("52335","39884");
insert into AssignedTo(doctorID,patientID) values("96321","24406");
insert into AssignedTo(doctorID,patientID) values("98464","10293");
insert into AssignedTo(doctorID,patientID) values("73222","64424");
insert into AssignedTo(doctorID,patientID) values("99287","62494");
insert into AssignedTo(doctorID,patientID) values("60676","15108");
insert into AssignedTo(doctorID,patientID) values("86409","74771");
insert into AssignedTo(doctorID,patientID) values("80033","51491");
insert into AssignedTo(doctorID,patientID) values("70571","96926");
insert into AssignedTo(doctorID,patientID) values("94094","62708");
insert into AssignedTo(doctorID,patientID) values("92506","89233");
insert into AssignedTo(doctorID,patientID) values("52335","77489");
insert into AssignedTo(doctorID,patientID) values("98464","18503");
insert into AssignedTo(doctorID,patientID) values("79575","47001");
insert into AssignedTo(doctorID,patientID) values("64020","25437");
insert into AssignedTo(doctorID,patientID) values("63859","99809");
insert into AssignedTo(doctorID,patientID) values("83394","77206");
insert into AssignedTo(doctorID,patientID) values("64020","20841");
insert into AssignedTo(doctorID,patientID) values("70571","96652");
insert into AssignedTo(doctorID,patientID) values("73222","25437");
insert into AssignedTo(doctorID,patientID) values("91477","62493");
insert into AssignedTo(doctorID,patientID) values("74676","42197");
insert into AssignedTo(doctorID,patientID) values("77799","19441");
insert into AssignedTo(doctorID,patientID) values("66802","26032");
insert into AssignedTo(doctorID,patientID) values("89804","41697");
insert into AssignedTo(doctorID,patientID) values("88465","87846");
insert into AssignedTo(doctorID,patientID) values("74676","28235");
insert into AssignedTo(doctorID,patientID) values("78922","62012");
insert into AssignedTo(doctorID,patientID) values("92152","86729");
insert into AssignedTo(doctorID,patientID) values("59712","67178");
insert into AssignedTo(doctorID,patientID) values("91477","70648");
insert into AssignedTo(doctorID,patientID) values("92506","76686");
insert into AssignedTo(doctorID,patientID) values("91477","64503");
insert into AssignedTo(doctorID,patientID) values("92152","62494");
insert into AssignedTo(doctorID,patientID) values("74676","10984");
insert into AssignedTo(doctorID,patientID) values("52335","20841");
insert into AssignedTo(doctorID,patientID) values("96321","64550");
insert into AssignedTo(doctorID,patientID) values("63365","64503");
insert into AssignedTo(doctorID,patientID) values("80033","66708");
insert into AssignedTo(doctorID,patientID) values("66802","91524");
insert into AssignedTo(doctorID,patientID) values("50761","36056");
insert into AssignedTo(doctorID,patientID) values("98464","87846");
insert into AssignedTo(doctorID,patientID) values("70571","57604");
insert into AssignedTo(doctorID,patientID) values("70571","94937");
insert into AssignedTo(doctorID,patientID) values("74676","12114");
insert into AssignedTo(doctorID,patientID) values("95792","24138");
insert into AssignedTo(doctorID,patientID) values("71876","89461");
insert into AssignedTo(doctorID,patientID) values("57301","37603");
insert into AssignedTo(doctorID,patientID) values("73222","98754");
insert into AssignedTo(doctorID,patientID) values("89804","98754");
insert into AssignedTo(doctorID,patientID) values("52335","52387");
insert into AssignedTo(doctorID,patientID) values("79062","76020");
insert into AssignedTo(doctorID,patientID) values("63365","99809");
insert into AssignedTo(doctorID,patientID) values("94207","37603");
insert into AssignedTo(doctorID,patientID) values("59321","51491");
insert into AssignedTo(doctorID,patientID) values("50761","66929");
insert into AssignedTo(doctorID,patientID) values("59321","98754");
insert into AssignedTo(doctorID,patientID) values("53786","28403");
insert into AssignedTo(doctorID,patientID) values("98464","53092");
insert into AssignedTo(doctorID,patientID) values("74600","11472");
insert into AssignedTo(doctorID,patientID) values("60676","68631");
insert into AssignedTo(doctorID,patientID) values("73222","19457");
insert into AssignedTo(doctorID,patientID) values("59712","99809");
insert into AssignedTo(doctorID,patientID) values("80033","86053");
insert into AssignedTo(doctorID,patientID) values("59321","65566");
insert into AssignedTo(doctorID,patientID) values("52335","70648");
insert into AssignedTo(doctorID,patientID) values("63365","10984");
insert into AssignedTo(doctorID,patientID) values("50761","57343");
insert into AssignedTo(doctorID,patientID) values("89804","17454");
insert into AssignedTo(doctorID,patientID) values("74600","73430");
insert into AssignedTo(doctorID,patientID) values("74600","87846");
insert into AssignedTo(doctorID,patientID) values("50761","78167");
insert into AssignedTo(doctorID,patientID) values("60676","45776");
insert into AssignedTo(doctorID,patientID) values("91477","11120");
insert into AssignedTo(doctorID,patientID) values("79062","77048");
insert into AssignedTo(doctorID,patientID) values("77799","31236");
insert into Cart(cartNumber,employeeID,cartDescription) values("151","63859","Reading Cart");
insert into Cart(cartNumber,employeeID,cartDescription) values("152","23915","Snack Cart");
insert into Cart(cartNumber,employeeID,cartDescription) values("153","88449","Reading Cart");
insert into Cart(cartNumber,employeeID,cartDescription) values("154","52335","Snack Cart");
insert into Cart(cartNumber,employeeID,cartDescription) values("155","73222","Reading Cart");
insert into Cart(cartNumber,employeeID,cartDescription) values("156","56075","Snack Cart");
insert into Cart(cartNumber,employeeID,cartDescription) values("157","71055","Reading Cart");
insert into Cart(cartNumber,employeeID,cartDescription) values("158","11006","Reading Cart");
insert into Cart(cartNumber,employeeID,cartDescription) values("159","29839","Reading Cart");
insert into Cart(cartNumber,employeeID,cartDescription) values("160","80033","Snack Cart");
insert into Cart(cartNumber,employeeID,cartDescription) values("161","22539","Reading Cart");
insert into Cart(cartNumber,employeeID,cartDescription) values("162","52608","Snack Cart");
insert into Cart(cartNumber,employeeID,cartDescription) values("163","96321","Snack Cart");
insert into Cart(cartNumber,employeeID,cartDescription) values("164","74600","Snack Cart");
insert into Cart(cartNumber,employeeID,cartDescription) values("165","47766","Reading Cart");
insert into Cart(cartNumber,employeeID,cartDescription) values("166","80033","Reading Cart");
insert into Cart(cartNumber,employeeID,cartDescription) values("167","95792","Reading Cart");
insert into Cart(cartNumber,employeeID,cartDescription) values("168","23915","Snack Cart");
insert into Cart(cartNumber,employeeID,cartDescription) values("169","73222","Snack Cart");
insert into Admits(employeeID,patientID,timeAdmitted) values("81263","36056","2015-09-21T05:43:07.000Z");
insert into Admits(employeeID,patientID,timeAdmitted) values("82646","78167","2016-02-14T19:16:45.000Z");
insert into Admits(employeeID,patientID,timeAdmitted) values("52335","5374","2015-09-02T14:45:40.000Z");
insert into Admits(employeeID,patientID,timeAdmitted) values("11006","62708","2016-02-26T00:12:36.000Z");
insert into Admits(employeeID,patientID,timeAdmitted) values("39575","53652","2014-01-08T13:40:33.000Z");
insert into Admits(employeeID,patientID,timeAdmitted) values("29532","17944","2015-09-10T08:12:31.000Z");
insert into Admits(employeeID,patientID,timeAdmitted) values("22539","19441","2014-01-12T07:19:25.000Z");
insert into Admits(employeeID,patientID,timeAdmitted) values("45724","89542","2016-02-07T18:48:01.000Z");
insert into Admits(employeeID,patientID,timeAdmitted) values("74676","89233","2014-01-05T01:01:59.000Z");
insert into Admits(employeeID,patientID,timeAdmitted) values("3674","67178","2014-01-04T06:16:54.000Z");
insert into Admits(employeeID,patientID,timeAdmitted) values("52335","63108","2016-04-02T01:12:12.000Z");
insert into Admits(employeeID,patientID,timeAdmitted) values("33793","87078","2016-03-19T02:39:40.000Z");
insert into Admits(employeeID,patientID,timeAdmitted) values("79575","87846","2016-07-11T14:22:48.000Z");
insert into Admits(employeeID,patientID,timeAdmitted) values("71411","76686","2015-01-28T02:11:38.000Z");
insert into Admits(employeeID,patientID,timeAdmitted) values("87295","51450","2014-01-15T15:57:31.000Z");
insert into Admits(employeeID,patientID,timeAdmitted) values("88465","95197","2015-07-27T15:22:28.000Z");
insert into Admits(employeeID,patientID,timeAdmitted) values("94207","8918","2016-05-14T01:37:39.000Z");
insert into Admits(employeeID,patientID,timeAdmitted) values("79062","78698","2016-06-22T08:30:41.000Z");
insert into Admits(employeeID,patientID,timeAdmitted) values("30459","3167","2015-11-26T05:59:59.000Z");
insert into Admits(employeeID,patientID,timeAdmitted) values("11006","93997","2014-01-13T01:40:27.000Z");
insert into Admits(employeeID,patientID,timeAdmitted) values("70571","95197","2016-09-01T21:00:07.000Z");
insert into Admits(employeeID,patientID,timeAdmitted) values("79062","47001","2016-07-13T00:28:17.000Z");
insert into Admits(employeeID,patientID,timeAdmitted) values("79062","86053","2013-12-31T07:14:11.000Z");
insert into Admits(employeeID,patientID,timeAdmitted) values("82918","91650","2016-06-16T12:06:01.000Z");
insert into Admits(employeeID,patientID,timeAdmitted) values("37674","20607","2015-06-17T12:39:44.000Z");
insert into Admits(employeeID,patientID,timeAdmitted) values("63365","88495","2016-04-13T16:25:21.000Z");
insert into Admits(employeeID,patientID,timeAdmitted) values("45590","41504","2014-12-31T07:35:30.000Z");
insert into Admits(employeeID,patientID,timeAdmitted) values("57243","76020","2016-08-04T14:55:38.000Z");
insert into Admits(employeeID,patientID,timeAdmitted) values("91477","60234","2016-07-10T09:11:42.000Z");
insert into Admits(employeeID,patientID,timeAdmitted) values("8769","24406","2015-01-03T18:12:56.000Z");
insert into Admits(employeeID,patientID,timeAdmitted) values("3271","30696","2013-12-31T14:59:45.000Z");
insert into Admits(employeeID,patientID,timeAdmitted) values("92152","96652","2015-10-14T19:31:48.000Z");
insert into Admits(employeeID,patientID,timeAdmitted) values("8769","61298","2015-08-26T00:46:13.000Z");
insert into Admits(employeeID,patientID,timeAdmitted) values("52335","70648","2014-01-08T03:48:52.000Z");
insert into Admits(employeeID,patientID,timeAdmitted) values("82646","12414","2016-12-08T02:23:09.000Z");
insert into Admits(employeeID,patientID,timeAdmitted) values("8769","93997","2016-09-13T23:56:45.000Z");
insert into Admits(employeeID,patientID,timeAdmitted) values("23915","31524","2016-09-21T01:19:51.000Z");
insert into Admits(employeeID,patientID,timeAdmitted) values("87295","66433","2014-01-21T15:53:52.000Z");
insert into Admits(employeeID,patientID,timeAdmitted) values("59321","17913","2015-08-12T12:33:17.000Z");
insert into Admits(employeeID,patientID,timeAdmitted) values("22143","57343","2016-12-12T17:43:51.000Z");
insert into Admits(employeeID,patientID,timeAdmitted) values("26732","24406","2016-05-20T10:02:45.000Z");
insert into Admits(employeeID,patientID,timeAdmitted) values("26732","17454","2016-05-21T08:58:57.000Z");
insert into Admits(employeeID,patientID,timeAdmitted) values("23915","56886","2014-01-01T14:42:51.000Z");
insert into Admits(employeeID,patientID,timeAdmitted) values("69051","42197","2014-01-15T00:49:37.000Z");
insert into Admits(employeeID,patientID,timeAdmitted) values("41916","78698","2016-10-18T05:12:17.000Z");
insert into Admits(employeeID,patientID,timeAdmitted) values("87295","76020","2016-10-15T06:02:18.000Z");
insert into Admits(employeeID,patientID,timeAdmitted) values("2087","51491","2015-09-13T06:18:40.000Z");
insert into Admits(employeeID,patientID,timeAdmitted) values("11006","56614","2015-03-18T11:21:24.000Z");
insert into Admits(employeeID,patientID,timeAdmitted) values("45590","49218","2015-12-17T05:59:19.000Z");
insert into Admits(employeeID,patientID,timeAdmitted) values("74600","73430","2014-01-19T23:00:09.000Z");
insert into Admits(employeeID,patientID,timeAdmitted) values("81726","7917","2015-05-08T12:11:40.000Z");
insert into Admits(employeeID,patientID,timeAdmitted) values("30720","31562","2014-01-07T21:06:27.000Z");
insert into Admits(employeeID,patientID,timeAdmitted) values("74676","39884","2015-02-26T01:28:11.000Z");
insert into Admits(employeeID,patientID,timeAdmitted) values("74676","74771","2016-05-02T14:52:05.000Z");
insert into Admits(employeeID,patientID,timeAdmitted) values("52608","97853","2016-12-25T19:47:42.000Z");
insert into Admits(employeeID,patientID,timeAdmitted) values("88800","70898","2015-11-05T11:58:43.000Z");
insert into Admits(employeeID,patientID,timeAdmitted) values("63365","40850","2016-10-20T13:57:37.000Z");
insert into Admits(employeeID,patientID,timeAdmitted) values("33183","3409","2014-01-19T14:07:12.000Z");
insert into Admits(employeeID,patientID,timeAdmitted) values("82646","61537","2015-11-07T11:26:05.000Z");
insert into Admits(employeeID,patientID,timeAdmitted) values("28456","87043","2014-01-03T15:07:46.000Z");
insert into Admits(employeeID,patientID,timeAdmitted) values("11006","76020","2016-12-28T02:03:07.000Z");
insert into Admits(employeeID,patientID,timeAdmitted) values("11006","11472","2015-04-22T21:39:34.000Z");
insert into Admits(employeeID,patientID,timeAdmitted) values("74676","88922","2016-12-02T14:52:35.000Z");
insert into Admits(employeeID,patientID,timeAdmitted) values("20859","63775","2016-11-13T13:54:18.000Z");
insert into Admits(employeeID,patientID,timeAdmitted) values("77799","40850","2016-12-09T19:56:28.000Z");
insert into Admits(employeeID,patientID,timeAdmitted) values("48121","68049","2015-12-01T14:26:11.000Z");
insert into Admits(employeeID,patientID,timeAdmitted) values("60676","17375","2014-01-25T16:21:45.000Z");
insert into Admits(employeeID,patientID,timeAdmitted) values("82918","56614","2016-05-04T02:44:35.000Z");
insert into Admits(employeeID,patientID,timeAdmitted) values("30720","40850","2016-12-17T18:46:37.000Z");
insert into Admits(employeeID,patientID,timeAdmitted) values("59712","64424","2014-01-16T12:38:25.000Z");
insert into Admits(employeeID,patientID,timeAdmitted) values("52192","34574","2014-01-09T22:13:58.000Z");
insert into Admits(employeeID,patientID,timeAdmitted) values("30720","5374","2016-11-22T18:50:29.000Z");
insert into Admits(employeeID,patientID,timeAdmitted) values("39575","5374","2016-12-20T07:06:56.000Z");
insert into Admits(employeeID,patientID,timeAdmitted) values("45590","9718","2016-06-08T15:58:27.000Z");
insert into Admits(employeeID,patientID,timeAdmitted) values("56075","7804","2016-12-20T07:11:11.000Z");
insert into Admits(employeeID,patientID,timeAdmitted) values("94207","52387","2016-09-17T02:27:43.000Z");
insert into Admits(employeeID,patientID,timeAdmitted) values("41156","77489","2014-01-02T06:51:55.000Z");
insert into Admits(employeeID,patientID,timeAdmitted) values("51374","96652","2016-09-19T12:16:26.000Z");
insert into Admits(employeeID,patientID,timeAdmitted) values("95792","42197","2016-03-06T08:53:47.000Z");
insert into Admits(employeeID,patientID,timeAdmitted) values("73222","16132","2016-12-14T05:36:20.000Z");
insert into Admits(employeeID,patientID,timeAdmitted) values("3271","88495","2016-12-24T16:35:39.000Z");
insert into Admits(employeeID,patientID,timeAdmitted) values("13955","98002","2014-01-13T21:27:10.000Z");
insert into Admits(employeeID,patientID,timeAdmitted) values("56075","30696","2015-01-14T19:08:23.000Z");
insert into Admits(employeeID,patientID,timeAdmitted) values("14491","68376","2015-07-02T15:52:18.000Z");
insert into Admits(employeeID,patientID,timeAdmitted) values("59321","70648","2016-07-21T18:05:22.000Z");
insert into Admits(employeeID,patientID,timeAdmitted) values("39575","6380","2015-06-12T05:28:38.000Z");
insert into Admits(employeeID,patientID,timeAdmitted) values("82646","41504","2016-11-23T18:43:49.000Z");
insert into Admits(employeeID,patientID,timeAdmitted) values("45751","68376","2016-05-13T23:32:18.000Z");
insert into Admits(employeeID,patientID,timeAdmitted) values("88449","91650","2016-09-20T15:09:57.000Z");
insert into Admits(employeeID,patientID,timeAdmitted) values("98464","20841","2014-01-06T06:16:46.000Z");
insert into Admits(employeeID,patientID,timeAdmitted) values("71411","86729","2014-01-26T09:47:31.000Z");
insert into Admits(employeeID,patientID,timeAdmitted) values("855","82763","2016-09-24T06:40:46.000Z");
insert into Admits(employeeID,patientID,timeAdmitted) values("91477","95197","2016-11-17T07:52:08.000Z");
insert into Admits(employeeID,patientID,timeAdmitted) values("31023","59312","2016-02-19T20:59:53.000Z");
insert into Admits(employeeID,patientID,timeAdmitted) values("52608","62494","2015-11-15T12:31:30.000Z");
insert into Admits(employeeID,patientID,timeAdmitted) values("20859","51224","2014-01-05T02:22:17.000Z");
insert into Admits(employeeID,patientID,timeAdmitted) values("29777","41504","2016-12-17T19:24:38.000Z");
insert into Admits(employeeID,patientID,timeAdmitted) values("64020","69293","2015-05-03T03:40:51.000Z");
insert into Admits(employeeID,patientID,timeAdmitted) values("3045","2437","2014-01-15T15:29:49.000Z");
insert into Admits(employeeID,patientID,timeAdmitted) values("66802","58715","2015-01-09T12:21:57.000Z");
insert into Admits(employeeID,patientID,timeAdmitted) values("94207","24509","2014-01-18T14:57:26.000Z");
insert into Admits(employeeID,patientID,timeAdmitted) values("22539","52387","2016-12-24T06:54:37.000Z");
insert into Admits(employeeID,patientID,timeAdmitted) values("74676","69922","2016-05-20T16:14:16.000Z");
insert into Admits(employeeID,patientID,timeAdmitted) values("855","98754","2014-01-04T18:13:59.000Z");
insert into Admits(employeeID,patientID,timeAdmitted) values("31547","93997","2016-11-08T01:48:56.000Z");
insert into Admits(employeeID,patientID,timeAdmitted) values("39575","3409","2015-04-13T02:29:40.000Z");
insert into Admits(employeeID,patientID,timeAdmitted) values("99287","11517","2015-03-13T09:22:40.000Z");
insert into Admits(employeeID,patientID,timeAdmitted) values("88465","12114","2016-06-16T18:25:35.000Z");
insert into Admits(employeeID,patientID,timeAdmitted) values("8769","29431","2016-04-10T07:01:41.000Z");
insert into Admits(employeeID,patientID,timeAdmitted) values("59712","59512","2015-06-06T20:51:23.000Z");
insert into Admits(employeeID,patientID,timeAdmitted) values("88465","59512","2016-08-12T06:00:54.000Z");
insert into Admits(employeeID,patientID,timeAdmitted) values("88465","10056","2016-02-18T08:57:34.000Z");
insert into Admits(employeeID,patientID,timeAdmitted) values("71411","29431","2016-09-09T19:08:45.000Z");
insert into Admits(employeeID,patientID,timeAdmitted) values("52608","63775","2016-12-24T06:14:04.000Z");
insert into Admits(employeeID,patientID,timeAdmitted) values("80033","129","2015-10-11T09:49:55.000Z");
insert into Admits(employeeID,patientID,timeAdmitted) values("91477","19229","2016-10-26T21:03:09.000Z");
insert into Admits(employeeID,patientID,timeAdmitted) values("70571","8440","2016-09-05T11:10:38.000Z");
insert into Admits(employeeID,patientID,timeAdmitted) values("60676","24138","2016-04-15T06:49:41.000Z");
insert into Admits(employeeID,patientID,timeAdmitted) values("63859","70043","2014-01-09T04:23:33.000Z");
insert into Admits(employeeID,patientID,timeAdmitted) values("23915","96652","2016-12-24T13:52:39.000Z");
insert into Admits(employeeID,patientID,timeAdmitted) values("47766","30696","2016-10-03T11:57:27.000Z");
insert into Admits(employeeID,patientID,timeAdmitted) values("71055","66708","2015-02-24T06:03:04.000Z");
insert into Admits(employeeID,patientID,timeAdmitted) values("83328","997","2015-07-03T07:18:15.000Z");
insert into Admits(employeeID,patientID,timeAdmitted) values("66802","16091","2014-01-02T20:04:44.000Z");
insert into Admits(employeeID,patientID,timeAdmitted) values("80033","19171","2015-07-20T02:38:52.000Z");
insert into Admits(employeeID,patientID,timeAdmitted) values("92506","34574","2014-01-28T05:33:16.000Z");
insert into Admits(employeeID,patientID,timeAdmitted) values("92152","18503","2015-04-19T20:55:08.000Z");
insert into Admits(employeeID,patientID,timeAdmitted) values("8646","31562","2016-02-02T01:34:02.000Z");
insert into Admits(employeeID,patientID,timeAdmitted) values("83394","27258","2014-01-03T03:16:52.000Z");
insert into Admits(employeeID,patientID,timeAdmitted) values("33793","19441","2016-11-02T20:04:14.000Z");
insert into Admits(employeeID,patientID,timeAdmitted) values("37674","99809","2016-04-17T22:19:30.000Z");
insert into Admits(employeeID,patientID,timeAdmitted) values("95792","46829","2016-06-25T16:42:54.000Z");
insert into Admits(employeeID,patientID,timeAdmitted) values("34206","16262","2015-03-18T16:55:58.000Z");
insert into Admits(employeeID,patientID,timeAdmitted) values("8646","88495","2016-12-27T19:18:25.000Z");
insert into Admits(employeeID,patientID,timeAdmitted) values("81263","27295","2014-01-14T05:19:29.000Z");
insert into Admits(employeeID,patientID,timeAdmitted) values("5155","34574","2016-07-31T18:01:16.000Z");
insert into Admits(employeeID,patientID,timeAdmitted) values("73222","74058","2014-01-06T17:20:22.000Z");
insert into Admits(employeeID,patientID,timeAdmitted) values("94094","62494","2016-10-03T19:46:52.000Z");
insert into Admits(employeeID,patientID,timeAdmitted) values("74600","17375","2016-11-18T02:16:33.000Z");
insert into Admits(employeeID,patientID,timeAdmitted) values("33183","78167","2016-12-26T01:26:16.000Z");
insert into Admits(employeeID,patientID,timeAdmitted) values("33183","17375","2016-12-08T03:06:28.000Z");
insert into Admits(employeeID,patientID,timeAdmitted) values("5155","89542","2016-03-04T21:20:02.000Z");
insert into Admits(employeeID,patientID,timeAdmitted) values("57301","87043","2016-11-25T20:11:09.000Z");
insert into Admits(employeeID,patientID,timeAdmitted) values("83328","11517","2016-06-16T19:28:14.000Z");
insert into Admits(employeeID,patientID,timeAdmitted) values("6178","74780","2014-01-26T14:53:57.000Z");
insert into Admits(employeeID,patientID,timeAdmitted) values("89804","5374","2016-12-27T11:24:23.000Z");
insert into Admits(employeeID,patientID,timeAdmitted) values("23699","42197","2016-12-08T13:16:50.000Z");
insert into Admits(employeeID,patientID,timeAdmitted) values("94207","58715","2015-08-12T06:44:05.000Z");
insert into Admits(employeeID,patientID,timeAdmitted) values("26744","1428","2016-03-23T06:39:46.000Z");
insert into Admits(employeeID,patientID,timeAdmitted) values("52335","89233","2015-12-01T10:11:37.000Z");
insert into Admits(employeeID,patientID,timeAdmitted) values("71055","62494","2016-12-21T10:53:32.000Z");
insert into Admits(employeeID,patientID,timeAdmitted) values("91477","91524","2016-04-17T10:42:52.000Z");
insert into Admits(employeeID,patientID,timeAdmitted) values("69051","3509","2015-02-07T23:13:34.000Z");
insert into Admits(employeeID,patientID,timeAdmitted) values("16584","51224","2016-01-25T11:00:34.000Z");
insert into Admits(employeeID,patientID,timeAdmitted) values("60676","28403","2014-01-20T01:23:54.000Z");
insert into Admits(employeeID,patientID,timeAdmitted) values("79575","17944","2016-03-12T06:50:08.000Z");
insert into Admits(employeeID,patientID,timeAdmitted) values("87295","80170","2015-10-01T02:44:41.000Z");
insert into Admits(employeeID,patientID,timeAdmitted) values("63365","84385","2015-05-02T11:55:25.000Z");
insert into Admits(employeeID,patientID,timeAdmitted) values("56072","73430","2015-07-06T19:54:07.000Z");
insert into Admits(employeeID,patientID,timeAdmitted) values("64020","997","2016-03-15T12:47:47.000Z");
insert into Admits(employeeID,patientID,timeAdmitted) values("8646","17454","2016-07-16T14:20:28.000Z");
insert into Admits(employeeID,patientID,timeAdmitted) values("91477","68376","2016-06-18T02:24:09.000Z");
insert into Admits(employeeID,patientID,timeAdmitted) values("39673","59512","2016-12-07T20:20:58.000Z");
insert into Admits(employeeID,patientID,timeAdmitted) values("41916","20607","2016-12-22T11:06:29.000Z");
insert into Admits(employeeID,patientID,timeAdmitted) values("83328","59512","2016-12-13T10:19:59.000Z");
insert into Admits(employeeID,patientID,timeAdmitted) values("70571","16262","2016-12-05T23:40:44.000Z");
insert into Admits(employeeID,patientID,timeAdmitted) values("77799","86896","2015-07-31T21:48:44.000Z");
insert into Admits(employeeID,patientID,timeAdmitted) values("33183","74780","2016-03-08T07:04:22.000Z");
insert into Admits(employeeID,patientID,timeAdmitted) values("52335","95197","2016-12-01T20:29:07.000Z");
insert into Admits(employeeID,patientID,timeAdmitted) values("2087","67836","2014-01-05T21:02:23.000Z");
insert into Admits(employeeID,patientID,timeAdmitted) values("92506","74780","2016-08-17T06:01:17.000Z");
insert into Admits(employeeID,patientID,timeAdmitted) values("59712","28403","2015-09-09T23:20:09.000Z");
insert into Admits(employeeID,patientID,timeAdmitted) values("11006","86729","2016-10-12T18:54:50.000Z");
insert into Admits(employeeID,patientID,timeAdmitted) values("60676","89233","2016-07-19T23:53:01.000Z");
insert into Admits(employeeID,patientID,timeAdmitted) values("78922","73430","2016-06-27T18:51:03.000Z");
insert into Admits(employeeID,patientID,timeAdmitted) values("39673","68631","2014-01-07T12:26:29.000Z");
insert into Admits(employeeID,patientID,timeAdmitted) values("71411","11517","2016-07-24T16:36:09.000Z");
insert into Admits(employeeID,patientID,timeAdmitted) values("855","82763","2016-10-26T08:54:31.000Z");
insert into Admits(employeeID,patientID,timeAdmitted) values("16584","30700","2015-02-13T06:01:30.000Z");
insert into Admits(employeeID,patientID,timeAdmitted) values("36661","4947","2014-01-01T23:20:15.000Z");
insert into Admits(employeeID,patientID,timeAdmitted) values("3045","72967","2014-01-13T17:31:09.000Z");
insert into Admits(employeeID,patientID,timeAdmitted) values("78922","94937","2016-01-22T17:16:18.000Z");
insert into Admits(employeeID,patientID,timeAdmitted) values("88449","61298","2016-09-09T23:52:13.000Z");
insert into Admits(employeeID,patientID,timeAdmitted) values("83328","76686","2015-07-24T20:18:54.000Z");
insert into Admits(employeeID,patientID,timeAdmitted) values("29839","86053","2014-01-10T08:36:03.000Z");
insert into Admits(employeeID,patientID,timeAdmitted) values("8646","18420","2016-05-03T09:44:57.000Z");
insert into Admits(employeeID,patientID,timeAdmitted) values("70571","30696","2016-12-13T17:22:32.000Z");
insert into Admits(employeeID,patientID,timeAdmitted) values("8769","19229","2016-12-18T00:40:26.000Z");
insert into Admits(employeeID,patientID,timeAdmitted) values("91477","36056","2016-12-22T01:31:09.000Z");
insert into Admits(employeeID,patientID,timeAdmitted) values("47766","65566","2016-02-26T03:15:39.000Z");
insert into Admits(employeeID,patientID,timeAdmitted) values("91477","39884","2016-11-02T19:34:37.000Z");
insert into Admits(employeeID,patientID,timeAdmitted) values("81726","62012","2014-01-02T12:30:30.000Z");
insert into Admits(employeeID,patientID,timeAdmitted) values("94094","25437","2014-01-18T16:46:08.000Z");
insert into Admits(employeeID,patientID,timeAdmitted) values("5155","20607","2016-12-26T18:20:32.000Z");
insert into Admits(employeeID,patientID,timeAdmitted) values("42103","31524","2016-12-23T03:56:43.000Z");
insert into Admits(employeeID,patientID,timeAdmitted) values("36661","9718","2016-10-09T03:39:03.000Z");
insert into Admits(employeeID,patientID,timeAdmitted) values("63859","88495","2016-12-28T05:51:05.000Z");
insert into Admits(employeeID,patientID,timeAdmitted) values("88449","11120","2016-08-24T23:41:45.000Z");
insert into Admits(employeeID,patientID,timeAdmitted) values("31547","67836","2016-09-19T16:53:02.000Z");
insert into Admits(employeeID,patientID,timeAdmitted) values("23915","30700","2016-08-06T04:56:41.000Z");
insert into Administers(treatmentGiverID,patientID,treatmentID,timeAdministered) values("53109","41993","85582","2015-01-19T22:13:49.000Z");
insert into Administers(treatmentGiverID,patientID,treatmentID,timeAdministered) values("57264","56614","53589","2015-10-10T23:45:42.000Z");
insert into Administers(treatmentGiverID,patientID,treatmentID,timeAdministered) values("36729","77206","20012","2015-07-13T02:15:39.000Z");
insert into Administers(treatmentGiverID,patientID,treatmentID,timeAdministered) values("53109","4301","73100","2016-03-15T01:12:55.000Z");
insert into Administers(treatmentGiverID,patientID,treatmentID,timeAdministered) values("83257","77489","87581","2015-12-13T12:29:50.000Z");
insert into Administers(treatmentGiverID,patientID,treatmentID,timeAdministered) values("38666","16262","41618","2015-09-16T12:31:50.000Z");
insert into Administers(treatmentGiverID,patientID,treatmentID,timeAdministered) values("4096","26032","80164","2016-06-26T00:06:28.000Z");
insert into Administers(treatmentGiverID,patientID,treatmentID,timeAdministered) values("31012","25437","45654","2016-09-14T06:27:07.000Z");
insert into Administers(treatmentGiverID,patientID,treatmentID,timeAdministered) values("13945","11966","82117","2014-01-23T09:22:24.000Z");
insert into Administers(treatmentGiverID,patientID,treatmentID,timeAdministered) values("22279","77051","97826","2014-01-27T14:24:11.000Z");
insert into Administers(treatmentGiverID,patientID,treatmentID,timeAdministered) values("63568","19229","41618","2015-07-22T10:28:39.000Z");
insert into Administers(treatmentGiverID,patientID,treatmentID,timeAdministered) values("66370","16132","6468","2016-02-05T22:52:00.000Z");
insert into Administers(treatmentGiverID,patientID,treatmentID,timeAdministered) values("17537","85066","5202","2014-01-21T22:45:54.000Z");
insert into Administers(treatmentGiverID,patientID,treatmentID,timeAdministered) values("20073","73430","30892","2014-01-08T14:34:50.000Z");
insert into Administers(treatmentGiverID,patientID,treatmentID,timeAdministered) values("70463","53092","91977","2015-12-13T20:35:08.000Z");
insert into Administers(treatmentGiverID,patientID,treatmentID,timeAdministered) values("9121","64407","58077","2014-01-13T10:34:21.000Z");
insert into Administers(treatmentGiverID,patientID,treatmentID,timeAdministered) values("98959","41993","99554","2014-01-10T18:39:22.000Z");
insert into Administers(treatmentGiverID,patientID,treatmentID,timeAdministered) values("68876","78698","72777","2014-01-27T05:30:43.000Z");
insert into Administers(treatmentGiverID,patientID,treatmentID,timeAdministered) values("18935","20607","20026","2015-04-26T14:18:41.000Z");
insert into Administers(treatmentGiverID,patientID,treatmentID,timeAdministered) values("96892","59512","43346","2015-04-09T20:55:49.000Z");
insert into Administers(treatmentGiverID,patientID,treatmentID,timeAdministered) values("57875","78421","84094","2014-01-27T21:34:12.000Z");
insert into Administers(treatmentGiverID,patientID,treatmentID,timeAdministered) values("86507","46470","10878","2015-05-24T08:52:21.000Z");
insert into Administers(treatmentGiverID,patientID,treatmentID,timeAdministered) values("58267","11120","82643","2015-06-22T17:43:32.000Z");
insert into Administers(treatmentGiverID,patientID,treatmentID,timeAdministered) values("91271","27258","17247","2014-01-09T04:08:10.000Z");
insert into Administers(treatmentGiverID,patientID,treatmentID,timeAdministered) values("22279","78421","29274","2016-10-17T20:15:13.000Z");
insert into Administers(treatmentGiverID,patientID,treatmentID,timeAdministered) values("96892","65566","42170","2015-10-11T20:31:09.000Z");
insert into Administers(treatmentGiverID,patientID,treatmentID,timeAdministered) values("56829","19229","39110","2015-12-01T21:17:47.000Z");
insert into Administers(treatmentGiverID,patientID,treatmentID,timeAdministered) values("66370","87078","68897","2015-09-27T09:09:13.000Z");
insert into Administers(treatmentGiverID,patientID,treatmentID,timeAdministered) values("8113","70455","48383","2015-10-14T17:19:13.000Z");
insert into Administers(treatmentGiverID,patientID,treatmentID,timeAdministered) values("1209","3409","95110","2015-08-24T00:14:34.000Z");
insert into Administers(treatmentGiverID,patientID,treatmentID,timeAdministered) values("67175","94937","96927","2014-01-05T03:52:01.000Z");
insert into Administers(treatmentGiverID,patientID,treatmentID,timeAdministered) values("22737","65566","69922","2015-06-07T17:04:04.000Z");
insert into Administers(treatmentGiverID,patientID,treatmentID,timeAdministered) values("22363","96926","17577","2014-01-20T00:29:40.000Z");
insert into Administers(treatmentGiverID,patientID,treatmentID,timeAdministered) values("53803","93997","30095","2015-08-31T06:21:28.000Z");
insert into Administers(treatmentGiverID,patientID,treatmentID,timeAdministered) values("68765","61298","68897","2014-01-05T11:36:43.000Z");
insert into Administers(treatmentGiverID,patientID,treatmentID,timeAdministered) values("76055","41697","97826","2016-11-08T21:07:52.000Z");
insert into Administers(treatmentGiverID,patientID,treatmentID,timeAdministered) values("17537","91650","4240","2016-11-25T10:32:30.000Z");
insert into Administers(treatmentGiverID,patientID,treatmentID,timeAdministered) values("98959","70043","88757","2015-09-28T01:23:31.000Z");
insert into Administers(treatmentGiverID,patientID,treatmentID,timeAdministered) values("62359","11966","58077","2014-01-12T22:32:24.000Z");
insert into Administers(treatmentGiverID,patientID,treatmentID,timeAdministered) values("67175","63108","41990","2016-11-23T11:22:18.000Z");
insert into Administers(treatmentGiverID,patientID,treatmentID,timeAdministered) values("86507","82763","43346","2015-02-08T18:09:29.000Z");
insert into Administers(treatmentGiverID,patientID,treatmentID,timeAdministered) values("58267","51087","4955","2015-08-18T17:16:48.000Z");
insert into Administers(treatmentGiverID,patientID,treatmentID,timeAdministered) values("38666","86729","92598","2014-01-10T16:54:09.000Z");
insert into Administers(treatmentGiverID,patientID,treatmentID,timeAdministered) values("79431","59062","33021","2015-09-09T23:38:18.000Z");
insert into Administers(treatmentGiverID,patientID,treatmentID,timeAdministered) values("44956","51224","39110","2015-10-05T18:33:36.000Z");
insert into Administers(treatmentGiverID,patientID,treatmentID,timeAdministered) values("53803","88922","5202","2016-03-08T13:46:57.000Z");
insert into Administers(treatmentGiverID,patientID,treatmentID,timeAdministered) values("56829","41504","73501","2016-06-11T16:17:11.000Z");
insert into Administers(treatmentGiverID,patientID,treatmentID,timeAdministered) values("53803","21883","15130","2014-01-11T22:46:52.000Z");
insert into Administers(treatmentGiverID,patientID,treatmentID,timeAdministered) values("63568","69768","43346","2015-06-05T13:36:51.000Z");
insert into Administers(treatmentGiverID,patientID,treatmentID,timeAdministered) values("22363","9718","88757","2015-09-01T04:45:31.000Z");
insert into Administers(treatmentGiverID,patientID,treatmentID,timeAdministered) values("57875","70648","50051","2014-01-14T14:26:50.000Z");
insert into Administers(treatmentGiverID,patientID,treatmentID,timeAdministered) values("10442","87846","94748","2014-01-02T00:52:33.000Z");
insert into Administers(treatmentGiverID,patientID,treatmentID,timeAdministered) values("12373","80170","17241","2015-01-22T20:22:56.000Z");
insert into Administers(treatmentGiverID,patientID,treatmentID,timeAdministered) values("1209","31562","96927","2016-01-01T22:05:59.000Z");
insert into Administers(treatmentGiverID,patientID,treatmentID,timeAdministered) values("10442","6380","73723","2014-01-10T15:31:50.000Z");
insert into Administers(treatmentGiverID,patientID,treatmentID,timeAdministered) values("18935","63108","45654","2015-05-02T01:13:29.000Z");
insert into Administers(treatmentGiverID,patientID,treatmentID,timeAdministered) values("87611","5374","94748","2014-01-03T22:13:17.000Z");
insert into Administers(treatmentGiverID,patientID,treatmentID,timeAdministered) values("10451","34574","53621","2015-11-26T23:36:22.000Z");
insert into Administers(treatmentGiverID,patientID,treatmentID,timeAdministered) values("67175","58715","75372","2015-06-16T02:32:02.000Z");
insert into Administers(treatmentGiverID,patientID,treatmentID,timeAdministered) values("9121","25437","50051","2015-06-13T23:53:37.000Z");
insert into Administers(treatmentGiverID,patientID,treatmentID,timeAdministered) values("12373","8918","88225","2014-01-09T00:34:09.000Z");
insert into Administers(treatmentGiverID,patientID,treatmentID,timeAdministered) values("28917","20841","16557","2015-01-02T02:32:52.000Z");
insert into Administers(treatmentGiverID,patientID,treatmentID,timeAdministered) values("42351","68049","96645","2016-09-03T03:43:02.000Z");
insert into Administers(treatmentGiverID,patientID,treatmentID,timeAdministered) values("23317","5265","39110","2014-01-16T00:39:58.000Z");
insert into Administers(treatmentGiverID,patientID,treatmentID,timeAdministered) values("4096","84385","84094","2016-11-06T11:50:15.000Z");
insert into Administers(treatmentGiverID,patientID,treatmentID,timeAdministered) values("69411","56614","93092","2014-01-24T05:08:22.000Z");
insert into Administers(treatmentGiverID,patientID,treatmentID,timeAdministered) values("36534","3409","94834","2014-01-14T12:32:23.000Z");
insert into Administers(treatmentGiverID,patientID,treatmentID,timeAdministered) values("4096","80451","29274","2016-09-14T03:53:43.000Z");
insert into Administers(treatmentGiverID,patientID,treatmentID,timeAdministered) values("93219","3167","55853","2014-01-27T06:58:48.000Z");
insert into Administers(treatmentGiverID,patientID,treatmentID,timeAdministered) values("39992","76020","55853","2016-06-16T05:43:55.000Z");
insert into Administers(treatmentGiverID,patientID,treatmentID,timeAdministered) values("62359","12114","96645","2015-01-19T03:20:04.000Z");
insert into Administers(treatmentGiverID,patientID,treatmentID,timeAdministered) values("40462","95197","44235","2014-01-20T19:25:13.000Z");
insert into Administers(treatmentGiverID,patientID,treatmentID,timeAdministered) values("36614","2437","96645","2016-02-15T10:54:58.000Z");
insert into Administers(treatmentGiverID,patientID,treatmentID,timeAdministered) values("3291","61537","98558","2015-01-07T00:52:10.000Z");
insert into Administers(treatmentGiverID,patientID,treatmentID,timeAdministered) values("99313","10056","3805","2016-07-17T09:52:00.000Z");
insert into Administers(treatmentGiverID,patientID,treatmentID,timeAdministered) values("39992","9718","43346","2016-05-14T03:45:10.000Z");
insert into Administers(treatmentGiverID,patientID,treatmentID,timeAdministered) values("22461","51087","43855","2014-01-07T23:44:49.000Z");
insert into Administers(treatmentGiverID,patientID,treatmentID,timeAdministered) values("20189","80170","41990","2015-11-04T23:19:20.000Z");
insert into Administers(treatmentGiverID,patientID,treatmentID,timeAdministered) values("13945","10293","84798","2016-12-19T03:10:28.000Z");
insert into Administers(treatmentGiverID,patientID,treatmentID,timeAdministered) values("74488","41697","91977","2015-02-01T15:56:20.000Z");
insert into Administers(treatmentGiverID,patientID,treatmentID,timeAdministered) values("31897","97853","63726","2014-01-10T21:09:45.000Z");
insert into Administers(treatmentGiverID,patientID,treatmentID,timeAdministered) values("17537","3167","3805","2016-07-19T21:58:09.000Z");
insert into Administers(treatmentGiverID,patientID,treatmentID,timeAdministered) values("93219","88922","10878","2014-01-20T09:43:27.000Z");
insert into Administers(treatmentGiverID,patientID,treatmentID,timeAdministered) values("27485","96926","42170","2014-01-05T07:44:41.000Z");
insert into Administers(treatmentGiverID,patientID,treatmentID,timeAdministered) values("53756","47001","92212","2014-01-23T08:20:45.000Z");
insert into Administers(treatmentGiverID,patientID,treatmentID,timeAdministered) values("20189","42197","91977","2015-01-01T23:43:32.000Z");
insert into Administers(treatmentGiverID,patientID,treatmentID,timeAdministered) values("36614","5265","97826","2014-01-26T04:14:30.000Z");
insert into Administers(treatmentGiverID,patientID,treatmentID,timeAdministered) values("81679","36056","58077","2016-04-23T09:00:31.000Z");
insert into Administers(treatmentGiverID,patientID,treatmentID,timeAdministered) values("91271","52627","27150","2014-01-18T11:08:26.000Z");
insert into Administers(treatmentGiverID,patientID,treatmentID,timeAdministered) values("47669","56886","82643","2014-01-14T17:36:47.000Z");
insert into Administers(treatmentGiverID,patientID,treatmentID,timeAdministered) values("78694","78421","25399","2015-01-04T03:27:17.000Z");
insert into Administers(treatmentGiverID,patientID,treatmentID,timeAdministered) values("13945","68376","30514","2014-01-25T00:08:00.000Z");
insert into Administers(treatmentGiverID,patientID,treatmentID,timeAdministered) values("78694","64503","4955","2016-10-13T17:27:46.000Z");
insert into Administers(treatmentGiverID,patientID,treatmentID,timeAdministered) values("51794","36056","49453","2015-07-06T12:44:35.000Z");
insert into Administers(treatmentGiverID,patientID,treatmentID,timeAdministered) values("87611","64503","49245","2014-01-02T23:40:55.000Z");
insert into Administers(treatmentGiverID,patientID,treatmentID,timeAdministered) values("12373","10984","69922","2015-06-08T08:32:21.000Z");
insert into Administers(treatmentGiverID,patientID,treatmentID,timeAdministered) values("77329","60234","45654","2015-08-15T13:45:44.000Z");
insert into Administers(treatmentGiverID,patientID,treatmentID,timeAdministered) values("58195","4301","68553","2016-03-26T11:08:05.000Z");
insert into Administers(treatmentGiverID,patientID,treatmentID,timeAdministered) values("77329","9053","17247","2015-02-25T20:49:44.000Z");
insert into Administers(treatmentGiverID,patientID,treatmentID,timeAdministered) values("82215","28403","73723","2014-01-05T16:15:23.000Z");
insert into Administers(treatmentGiverID,patientID,treatmentID,timeAdministered) values("1209","7678","4240","2016-11-14T22:29:13.000Z");
insert into Administers(treatmentGiverID,patientID,treatmentID,timeAdministered) values("10451","5374","17241","2014-01-22T02:58:08.000Z");
insert into Administers(treatmentGiverID,patientID,treatmentID,timeAdministered) values("77122","58715","52476","2014-01-19T08:38:11.000Z");
insert into Administers(treatmentGiverID,patientID,treatmentID,timeAdministered) values("76055","34574","76439","2016-03-07T12:52:35.000Z");
insert into Administers(treatmentGiverID,patientID,treatmentID,timeAdministered) values("87611","72958","44235","2016-01-01T15:44:40.000Z");
insert into Administers(treatmentGiverID,patientID,treatmentID,timeAdministered) values("83656","94937","6346","2015-12-22T07:25:10.000Z");
insert into Administers(treatmentGiverID,patientID,treatmentID,timeAdministered) values("40988","74780","88757","2016-08-16T12:40:29.000Z");
insert into Administers(treatmentGiverID,patientID,treatmentID,timeAdministered) values("4096","89461","17994","2014-01-21T16:52:53.000Z");
insert into Administers(treatmentGiverID,patientID,treatmentID,timeAdministered) values("7111","51689","68553","2015-11-08T08:06:58.000Z");
insert into Administers(treatmentGiverID,patientID,treatmentID,timeAdministered) values("77329","15108","68553","2016-02-06T03:24:57.000Z");
insert into Administers(treatmentGiverID,patientID,treatmentID,timeAdministered) values("86886","16132","5773","2016-09-18T11:04:26.000Z");
insert into Administers(treatmentGiverID,patientID,treatmentID,timeAdministered) values("66370","69768","98558","2016-01-22T22:20:36.000Z");
insert into Administers(treatmentGiverID,patientID,treatmentID,timeAdministered) values("17537","30700","17994","2014-01-21T14:58:27.000Z");
insert into Administers(treatmentGiverID,patientID,treatmentID,timeAdministered) values("82257","69293","676","2016-03-02T18:09:52.000Z");
insert into Administers(treatmentGiverID,patientID,treatmentID,timeAdministered) values("17990","87956","20026","2015-01-12T11:59:49.000Z");
insert into Administers(treatmentGiverID,patientID,treatmentID,timeAdministered) values("12373","63108","53621","2015-07-21T04:55:25.000Z");
insert into Administers(treatmentGiverID,patientID,treatmentID,timeAdministered) values("65867","82763","82643","2015-08-17T20:20:16.000Z");
insert into Administers(treatmentGiverID,patientID,treatmentID,timeAdministered) values("7111","9053","35359","2015-09-13T03:31:26.000Z");
insert into Administers(treatmentGiverID,patientID,treatmentID,timeAdministered) values("62942","73430","96157","2014-01-01T22:13:05.000Z");
insert into Administers(treatmentGiverID,patientID,treatmentID,timeAdministered) values("65867","42197","92598","2015-11-07T17:27:41.000Z");
insert into Administers(treatmentGiverID,patientID,treatmentID,timeAdministered) values("44956","86896","4628","2015-05-14T00:22:56.000Z");
insert into Administers(treatmentGiverID,patientID,treatmentID,timeAdministered) values("58195","8440","3245","2015-10-16T01:28:59.000Z");
insert into Administers(treatmentGiverID,patientID,treatmentID,timeAdministered) values("14538","3167","17994","2014-01-18T10:41:18.000Z");
insert into Administers(treatmentGiverID,patientID,treatmentID,timeAdministered) values("23317","51689","91977","2016-07-23T07:20:10.000Z");
insert into Administers(treatmentGiverID,patientID,treatmentID,timeAdministered) values("22737","68376","15130","2016-02-08T10:00:13.000Z");
insert into Administers(treatmentGiverID,patientID,treatmentID,timeAdministered) values("9676","31562","36497","2014-01-10T19:28:36.000Z");
insert into Administers(treatmentGiverID,patientID,treatmentID,timeAdministered) values("22279","53652","86153","2014-01-04T15:15:53.000Z");
insert into Administers(treatmentGiverID,patientID,treatmentID,timeAdministered) values("36614","19171","69190","2015-10-21T04:50:18.000Z");
insert into Administers(treatmentGiverID,patientID,treatmentID,timeAdministered) values("44956","62012","93092","2014-01-25T15:50:20.000Z");
insert into Administers(treatmentGiverID,patientID,treatmentID,timeAdministered) values("47669","53092","6468","2016-11-12T07:47:20.000Z");
insert into Administers(treatmentGiverID,patientID,treatmentID,timeAdministered) values("62942","11120","84094","2016-07-11T06:37:03.000Z");
insert into Administers(treatmentGiverID,patientID,treatmentID,timeAdministered) values("79431","10056","72777","2014-01-03T21:21:06.000Z");
insert into Administers(treatmentGiverID,patientID,treatmentID,timeAdministered) values("38666","10293","43346","2015-01-04T18:44:04.000Z");
insert into Administers(treatmentGiverID,patientID,treatmentID,timeAdministered) values("3291","77489","98558","2014-01-21T14:10:11.000Z");
insert into Administers(treatmentGiverID,patientID,treatmentID,timeAdministered) values("91271","74058","88225","2015-10-27T23:52:35.000Z");
insert into Administers(treatmentGiverID,patientID,treatmentID,timeAdministered) values("44956","65566","5044","2016-05-07T19:09:24.000Z");
insert into Administers(treatmentGiverID,patientID,treatmentID,timeAdministered) values("67175","87846","58077","2014-01-18T23:09:12.000Z");
insert into Administers(treatmentGiverID,patientID,treatmentID,timeAdministered) values("31012","80451","10878","2014-01-18T09:31:21.000Z");
insert into Administers(treatmentGiverID,patientID,treatmentID,timeAdministered) values("83027","129","92598","2015-12-13T18:15:37.000Z");
insert into Administers(treatmentGiverID,patientID,treatmentID,timeAdministered) values("62359","69768","76439","2015-07-14T16:02:33.000Z");
insert into Administers(treatmentGiverID,patientID,treatmentID,timeAdministered) values("53803","76686","84094","2016-07-10T23:36:11.000Z");
insert into Administers(treatmentGiverID,patientID,treatmentID,timeAdministered) values("79431","8440","18262","2016-04-26T00:19:44.000Z");
insert into Administers(treatmentGiverID,patientID,treatmentID,timeAdministered) values("39992","16132","17241","2016-07-16T17:00:13.000Z");
insert into Administers(treatmentGiverID,patientID,treatmentID,timeAdministered) values("98959","76686","68897","2014-01-10T12:32:12.000Z");
insert into Administers(treatmentGiverID,patientID,treatmentID,timeAdministered) values("86507","61537","42170","2016-09-27T19:25:43.000Z");
insert into Administers(treatmentGiverID,patientID,treatmentID,timeAdministered) values("76055","40514","48383","2014-01-04T09:47:59.000Z");
insert into Administers(treatmentGiverID,patientID,treatmentID,timeAdministered) values("53109","21883","4240","2014-01-25T08:12:41.000Z");
insert into Administers(treatmentGiverID,patientID,treatmentID,timeAdministered) values("61622","63775","3245","2014-01-21T01:25:36.000Z");
insert into Administers(treatmentGiverID,patientID,treatmentID,timeAdministered) values("55996","30700","63726","2015-02-28T20:39:30.000Z");
insert into Administers(treatmentGiverID,patientID,treatmentID,timeAdministered) values("28917","49338","33021","2016-01-24T17:29:07.000Z");
insert into Administers(treatmentGiverID,patientID,treatmentID,timeAdministered) values("69411","98576","63726","2015-07-25T21:22:42.000Z");
insert into Administers(treatmentGiverID,patientID,treatmentID,timeAdministered) values("88974","69323","30892","2014-01-02T16:10:41.000Z");
insert into Administers(treatmentGiverID,patientID,treatmentID,timeAdministered) values("12847","66929","39110","2015-11-13T05:38:45.000Z");
insert into Administers(treatmentGiverID,patientID,treatmentID,timeAdministered) values("77122","11120","17577","2016-06-20T03:26:50.000Z");
insert into Administers(treatmentGiverID,patientID,treatmentID,timeAdministered) values("17537","87043","5773","2014-01-25T08:17:42.000Z");
insert into Administers(treatmentGiverID,patientID,treatmentID,timeAdministered) values("92864","59464","75372","2016-09-04T00:42:17.000Z");
insert into Administers(treatmentGiverID,patientID,treatmentID,timeAdministered) values("23531","40850","76439","2014-01-27T00:47:38.000Z");
insert into Administers(treatmentGiverID,patientID,treatmentID,timeAdministered) values("14538","82763","96157","2015-06-12T02:57:41.000Z");
insert into Administers(treatmentGiverID,patientID,treatmentID,timeAdministered) values("40564","9718","32241","2016-10-10T17:15:34.000Z");
insert into Administers(treatmentGiverID,patientID,treatmentID,timeAdministered) values("77122","17454","17247","2014-01-12T16:37:09.000Z");
insert into Administers(treatmentGiverID,patientID,treatmentID,timeAdministered) values("76055","77048","80164","2014-01-21T09:19:22.000Z");
insert into Administers(treatmentGiverID,patientID,treatmentID,timeAdministered) values("31897","11472","17247","2016-02-07T03:02:01.000Z");
insert into Administers(treatmentGiverID,patientID,treatmentID,timeAdministered) values("74488","59312","66909","2015-06-23T09:33:31.000Z");
insert into Administers(treatmentGiverID,patientID,treatmentID,timeAdministered) values("58267","24509","88757","2015-09-15T07:56:04.000Z");
insert into Administers(treatmentGiverID,patientID,treatmentID,timeAdministered) values("51284","517","73501","2015-02-25T09:46:11.000Z");
insert into Administers(treatmentGiverID,patientID,treatmentID,timeAdministered) values("15773","67178","82643","2016-09-04T06:19:26.000Z");
insert into Administers(treatmentGiverID,patientID,treatmentID,timeAdministered) values("76255","88922","94834","2014-01-17T04:00:10.000Z");
insert into Administers(treatmentGiverID,patientID,treatmentID,timeAdministered) values("44956","72058","43855","2016-08-15T15:40:31.000Z");
insert into Administers(treatmentGiverID,patientID,treatmentID,timeAdministered) values("39992","17375","82643","2014-01-03T15:13:49.000Z");
insert into Administers(treatmentGiverID,patientID,treatmentID,timeAdministered) values("92007","67836","49245","2014-01-01T07:19:06.000Z");
insert into Administers(treatmentGiverID,patientID,treatmentID,timeAdministered) values("15773","42197","18284","2015-07-11T21:44:08.000Z");
insert into Administers(treatmentGiverID,patientID,treatmentID,timeAdministered) values("22461","66929","92598","2015-02-28T19:21:12.000Z");
insert into Administers(treatmentGiverID,patientID,treatmentID,timeAdministered) values("36614","19171","73100","2015-01-17T15:41:11.000Z");
insert into Administers(treatmentGiverID,patientID,treatmentID,timeAdministered) values("92864","56256","39110","2014-01-02T22:25:18.000Z");
insert into Administers(treatmentGiverID,patientID,treatmentID,timeAdministered) values("88974","77489","55853","2016-01-23T10:42:16.000Z");
insert into Administers(treatmentGiverID,patientID,treatmentID,timeAdministered) values("10442","34564","94748","2015-03-26T14:04:17.000Z");
insert into Administers(treatmentGiverID,patientID,treatmentID,timeAdministered) values("4096","25437","66909","2015-12-10T05:52:58.000Z");
insert into Administers(treatmentGiverID,patientID,treatmentID,timeAdministered) values("87611","77051","75372","2016-05-01T22:13:52.000Z");
insert into Administers(treatmentGiverID,patientID,treatmentID,timeAdministered) values("15773","70043","6468","2016-03-08T21:55:53.000Z");
insert into Administers(treatmentGiverID,patientID,treatmentID,timeAdministered) values("14538","88495","41990","2014-01-20T17:07:58.000Z");
insert into Administers(treatmentGiverID,patientID,treatmentID,timeAdministered) values("97485","77048","52476","2015-04-27T16:01:21.000Z");
insert into Administers(treatmentGiverID,patientID,treatmentID,timeAdministered) values("40564","91524","52476","2016-05-02T09:35:57.000Z");
insert into Administers(treatmentGiverID,patientID,treatmentID,timeAdministered) values("57875","74780","4628","2015-09-14T22:06:53.000Z");
insert into Administers(treatmentGiverID,patientID,treatmentID,timeAdministered) values("53803","14597","16557","2016-03-25T01:53:09.000Z");
insert into Administers(treatmentGiverID,patientID,treatmentID,timeAdministered) values("22461","5374","76280","2015-08-06T04:45:52.000Z");
insert into Administers(treatmentGiverID,patientID,treatmentID,timeAdministered) values("10451","86215","88757","2016-03-23T23:21:59.000Z");
insert into Administers(treatmentGiverID,patientID,treatmentID,timeAdministered) values("22461","86729","9705","2014-01-20T18:34:03.000Z");
insert into Administers(treatmentGiverID,patientID,treatmentID,timeAdministered) values("15361","56256","4628","2015-08-02T22:58:17.000Z");
insert into Administers(treatmentGiverID,patientID,treatmentID,timeAdministered) values("22363","31524","66909","2015-07-21T22:19:47.000Z");
insert into Administers(treatmentGiverID,patientID,treatmentID,timeAdministered) values("12847","89542","49453","2016-07-11T12:57:50.000Z");
insert into Administers(treatmentGiverID,patientID,treatmentID,timeAdministered) values("31897","25362","49245","2016-03-03T02:49:48.000Z");
insert into Administers(treatmentGiverID,patientID,treatmentID,timeAdministered) values("44956","69922","18262","2014-01-27T14:56:39.000Z");
insert into Administers(treatmentGiverID,patientID,treatmentID,timeAdministered) values("86886","98002","76439","2015-07-13T21:40:33.000Z");
insert into Administers(treatmentGiverID,patientID,treatmentID,timeAdministered) values("22279","64503","69190","2014-01-25T12:35:34.000Z");
insert into Administers(treatmentGiverID,patientID,treatmentID,timeAdministered) values("95150","76020","43855","2015-06-07T03:39:19.000Z");
insert into Administers(treatmentGiverID,patientID,treatmentID,timeAdministered) values("54548","88922","30514","2014-01-05T23:46:19.000Z");
insert into Administers(treatmentGiverID,patientID,treatmentID,timeAdministered) values("56829","89461","4240","2015-05-22T22:17:33.000Z");
insert into Administers(treatmentGiverID,patientID,treatmentID,timeAdministered) values("82215","88922","40208","2016-07-11T21:26:21.000Z");
insert into Administers(treatmentGiverID,patientID,treatmentID,timeAdministered) values("76255","25362","69922","2016-06-07T09:52:56.000Z");
insert into Administers(treatmentGiverID,patientID,treatmentID,timeAdministered) values("40462","11472","72777","2016-02-21T01:36:18.000Z");
insert into Orders(doctorID,patientID,treatmentGiverID,treatmentID,date) values("2247","47001","77329","6468","2015-01-20T23:37:25.000Z");
insert into Orders(doctorID,patientID,treatmentGiverID,treatmentID,date) values("52192","94937","40462","44235","2015-01-24T17:54:58.000Z");
insert into Orders(doctorID,patientID,treatmentGiverID,treatmentID,date) values("47766","21883","56829","43346","2015-01-15T13:41:15.000Z");
insert into Orders(doctorID,patientID,treatmentGiverID,treatmentID,date) values("88465","77489","87611","17241","2015-01-13T12:37:41.000Z");
insert into Orders(doctorID,patientID,treatmentGiverID,treatmentID,date) values("29777","20841","63568","73723","2015-01-12T18:26:48.000Z");
insert into Orders(doctorID,patientID,treatmentGiverID,treatmentID,date) values("56072","78167","58267","75372","2014-12-31T07:07:24.000Z");
insert into Orders(doctorID,patientID,treatmentGiverID,treatmentID,date) values("66802","5089","92007","69190","2016-11-02T16:00:39.000Z");
insert into Orders(doctorID,patientID,treatmentGiverID,treatmentID,date) values("83394","87043","7111","82643","2015-01-08T23:37:07.000Z");
insert into Orders(doctorID,patientID,treatmentGiverID,treatmentID,date) values("56072","59312","20189","4240","2016-01-16T20:18:03.000Z");
insert into Orders(doctorID,patientID,treatmentGiverID,treatmentID,date) values("56072","76020","96892","69922","2016-05-12T20:55:50.000Z");
insert into Orders(doctorID,patientID,treatmentGiverID,treatmentID,date) values("52192","64503","86507","30892","2015-01-17T15:52:25.000Z");
insert into Orders(doctorID,patientID,treatmentGiverID,treatmentID,date) values("89804","68376","36614","10878","2015-01-20T13:07:23.000Z");
insert into Orders(doctorID,patientID,treatmentGiverID,treatmentID,date) values("5155","51087","9676","98558","2016-11-16T17:32:18.000Z");
insert into Orders(doctorID,patientID,treatmentGiverID,treatmentID,date) values("59321","87043","22737","10878","2015-01-14T20:57:58.000Z");
insert into Orders(doctorID,patientID,treatmentGiverID,treatmentID,date) values("59321","77206","95150","43346","2016-01-17T09:32:49.000Z");
insert into Orders(doctorID,patientID,treatmentGiverID,treatmentID,date) values("83394","51450","77329","58077","2016-04-16T20:02:35.000Z");
insert into Orders(doctorID,patientID,treatmentGiverID,treatmentID,date) values("95792","4301","13945","69922","2016-01-12T14:53:55.000Z");
insert into Orders(doctorID,patientID,treatmentGiverID,treatmentID,date) values("70571","2437","42351","18262","2016-05-18T15:12:51.000Z");
insert into Orders(doctorID,patientID,treatmentGiverID,treatmentID,date) values("52335","15108","53109","10878","2016-03-23T00:46:14.000Z");
insert into Orders(doctorID,patientID,treatmentGiverID,treatmentID,date) values("79575","70898","67175","39110","2016-06-07T23:34:23.000Z");
insert into Orders(doctorID,patientID,treatmentGiverID,treatmentID,date) values("81726","24406","23531","73723","2016-07-09T06:32:11.000Z");
insert into Orders(doctorID,patientID,treatmentGiverID,treatmentID,date) values("29777","46829","36614","17994","2015-01-09T09:29:05.000Z");
insert into Orders(doctorID,patientID,treatmentGiverID,treatmentID,date) values("64020","88922","7111","43855","2016-08-06T09:47:19.000Z");
insert into Orders(doctorID,patientID,treatmentGiverID,treatmentID,date) values("64020","78167","39992","5202","2015-01-01T12:37:23.000Z");
insert into Orders(doctorID,patientID,treatmentGiverID,treatmentID,date) values("74676","51450","39992","97826","2015-01-23T10:20:51.000Z");
insert into Orders(doctorID,patientID,treatmentGiverID,treatmentID,date) values("74600","66708","53109","39110","2016-01-14T04:28:24.000Z");
insert into Orders(doctorID,patientID,treatmentGiverID,treatmentID,date) values("91477","99809","66370","93092","2016-12-19T09:07:59.000Z");
insert into Orders(doctorID,patientID,treatmentGiverID,treatmentID,date) values("74676","98754","22461","80164","2014-12-31T12:16:01.000Z");
insert into Orders(doctorID,patientID,treatmentGiverID,treatmentID,date) values("86409","64503","68876","5044","2016-04-16T13:17:05.000Z");
insert into Orders(doctorID,patientID,treatmentGiverID,treatmentID,date) values("74676","46829","96892","42170","2016-01-21T15:11:38.000Z");
insert into Orders(doctorID,patientID,treatmentGiverID,treatmentID,date) values("99287","36056","55996","39110","2016-01-24T14:57:09.000Z");
insert into Orders(doctorID,patientID,treatmentGiverID,treatmentID,date) values("60676","30700","15773","50051","2016-04-20T11:16:44.000Z");
insert into Orders(doctorID,patientID,treatmentGiverID,treatmentID,date) values("74676","89233","95150","49453","2016-09-18T02:47:45.000Z");
insert into Orders(doctorID,patientID,treatmentGiverID,treatmentID,date) values("95792","80451","47669","50051","2016-01-13T20:40:11.000Z");
insert into Orders(doctorID,patientID,treatmentGiverID,treatmentID,date) values("13955","87846","62359","73100","2016-08-27T15:56:15.000Z");
insert into Orders(doctorID,patientID,treatmentGiverID,treatmentID,date) values("3674","86729","4096","4628","2015-01-13T18:50:42.000Z");
insert into Orders(doctorID,patientID,treatmentGiverID,treatmentID,date) values("78922","20841","63568","6346","2015-01-14T02:33:12.000Z");
insert into Orders(doctorID,patientID,treatmentGiverID,treatmentID,date) values("60676","85066","68876","92598","2016-02-15T14:25:59.000Z");
insert into Orders(doctorID,patientID,treatmentGiverID,treatmentID,date) values("60676","20841","88974","69922","2015-01-01T01:14:38.000Z");
insert into Orders(doctorID,patientID,treatmentGiverID,treatmentID,date) values("64020","63923","87611","98558","2016-09-05T02:38:02.000Z");
insert into Orders(doctorID,patientID,treatmentGiverID,treatmentID,date) values("56072","89461","88974","63726","2015-01-21T19:29:33.000Z");
insert into Orders(doctorID,patientID,treatmentGiverID,treatmentID,date) values("79062","60234","31012","96645","2015-01-14T17:02:20.000Z");
insert into Orders(doctorID,patientID,treatmentGiverID,treatmentID,date) values("50761","40805","88974","49245","2015-01-24T05:39:47.000Z");
insert into Orders(doctorID,patientID,treatmentGiverID,treatmentID,date) values("83394","98754","58195","58077","2016-05-03T13:35:32.000Z");
insert into Orders(doctorID,patientID,treatmentGiverID,treatmentID,date) values("70571","10293","86507","72777","2016-08-18T00:54:47.000Z");
insert into Orders(doctorID,patientID,treatmentGiverID,treatmentID,date) values("88800","86215","14538","3805","2016-09-19T04:26:47.000Z");
insert into Orders(doctorID,patientID,treatmentGiverID,treatmentID,date) values("88800","19441","39992","30514","2015-01-10T05:02:49.000Z");
insert into Orders(doctorID,patientID,treatmentGiverID,treatmentID,date) values("78922","66708","40564","49245","2016-02-11T09:24:40.000Z");
insert into Orders(doctorID,patientID,treatmentGiverID,treatmentID,date) values("73222","73430","62359","17241","2015-01-20T04:12:25.000Z");
insert into Orders(doctorID,patientID,treatmentGiverID,treatmentID,date) values("96321","2437","57875","92598","2016-05-25T10:31:50.000Z");
insert into Orders(doctorID,patientID,treatmentGiverID,treatmentID,date) values("83394","12114","12373","55853","2015-01-04T17:30:03.000Z");
insert into Orders(doctorID,patientID,treatmentGiverID,treatmentID,date) values("56072","87846","13945","44235","2015-01-02T16:33:54.000Z");
insert into Orders(doctorID,patientID,treatmentGiverID,treatmentID,date) values("30459","57604","10451","63726","2016-08-25T15:03:00.000Z");
insert into Orders(doctorID,patientID,treatmentGiverID,treatmentID,date) values("26744","94937","22737","4628","2015-01-16T00:27:09.000Z");
insert into Orders(doctorID,patientID,treatmentGiverID,treatmentID,date) values("28456","76020","87611","99554","2015-01-15T04:46:17.000Z");
insert into Orders(doctorID,patientID,treatmentGiverID,treatmentID,date) values("63859","56256","56829","49245","2015-01-16T15:09:50.000Z");
insert into Orders(doctorID,patientID,treatmentGiverID,treatmentID,date) values("89804","64407","10442","66909","2016-01-23T13:59:32.000Z");
insert into Orders(doctorID,patientID,treatmentGiverID,treatmentID,date) values("52335","30700","12847","17247","2016-04-26T06:55:47.000Z");
insert into Orders(doctorID,patientID,treatmentGiverID,treatmentID,date) values("26744","99809","13945","17247","2016-08-17T02:08:24.000Z");
insert into Orders(doctorID,patientID,treatmentGiverID,treatmentID,date) values("74600","80170","78694","66909","2016-08-20T09:59:45.000Z");
insert into Orders(doctorID,patientID,treatmentGiverID,treatmentID,date) values("78922","29431","36614","94834","2015-01-15T23:21:48.000Z");
insert into Orders(doctorID,patientID,treatmentGiverID,treatmentID,date) values("23699","74058","10451","17247","2015-01-08T18:55:29.000Z");
insert into Orders(doctorID,patientID,treatmentGiverID,treatmentID,date) values("63365","24406","39992","63726","2015-01-01T22:48:19.000Z");
insert into Orders(doctorID,patientID,treatmentGiverID,treatmentID,date) values("80033","94937","61622","88757","2014-12-31T11:51:08.000Z");
insert into Orders(doctorID,patientID,treatmentGiverID,treatmentID,date) values("63859","30700","58267","5202","2015-01-16T20:11:21.000Z");
insert into Orders(doctorID,patientID,treatmentGiverID,treatmentID,date) values("29777","96926","39992","52476","2015-01-15T21:41:41.000Z");
insert into Orders(doctorID,patientID,treatmentGiverID,treatmentID,date) values("59321","60234","4096","43346","2016-08-22T06:04:58.000Z");
insert into Orders(doctorID,patientID,treatmentGiverID,treatmentID,date) values("79062","94937","12373","87581","2015-01-12T23:05:34.000Z");
insert into Orders(doctorID,patientID,treatmentGiverID,treatmentID,date) values("3674","53652","12373","72777","2016-01-26T08:23:20.000Z");
insert into Orders(doctorID,patientID,treatmentGiverID,treatmentID,date) values("26744","24138","70463","17247","2016-05-13T05:12:46.000Z");
insert into Orders(doctorID,patientID,treatmentGiverID,treatmentID,date) values("59712","21883","31897","96645","2015-01-06T23:07:48.000Z");
insert into Orders(doctorID,patientID,treatmentGiverID,treatmentID,date) values("87295","51450","83656","58077","2016-05-17T11:06:32.000Z");
insert into Orders(doctorID,patientID,treatmentGiverID,treatmentID,date) values("26744","86729","99313","66909","2016-11-17T14:59:36.000Z");
insert into Orders(doctorID,patientID,treatmentGiverID,treatmentID,date) values("86409","99809","47669","97826","2016-06-28T03:11:52.000Z");
insert into Orders(doctorID,patientID,treatmentGiverID,treatmentID,date) values("73222","18503","67175","92598","2016-01-18T23:12:30.000Z");
insert into Orders(doctorID,patientID,treatmentGiverID,treatmentID,date) values("45590","20841","53803","48383","2015-01-19T05:59:09.000Z");
insert into Orders(doctorID,patientID,treatmentGiverID,treatmentID,date) values("63859","17913","39992","17247","2016-05-09T16:10:35.000Z");
insert into Orders(doctorID,patientID,treatmentGiverID,treatmentID,date) values("95792","80451","77329","75372","2015-01-21T09:37:41.000Z");
insert into Orders(doctorID,patientID,treatmentGiverID,treatmentID,date) values("77799","78167","53803","676","2015-01-13T10:35:22.000Z");
insert into Orders(doctorID,patientID,treatmentGiverID,treatmentID,date) values("63365","12114","65867","43855","2016-05-26T11:47:22.000Z");
insert into Orders(doctorID,patientID,treatmentGiverID,treatmentID,date) values("13955","25437","53109","53621","2016-06-10T07:33:55.000Z");
insert into Orders(doctorID,patientID,treatmentGiverID,treatmentID,date) values("6178","7573","18935","32241","2016-10-19T19:44:31.000Z");
insert into Orders(doctorID,patientID,treatmentGiverID,treatmentID,date) values("74600","3509","17537","68897","2016-03-22T17:18:24.000Z");
insert into Orders(doctorID,patientID,treatmentGiverID,treatmentID,date) values("81726","5374","12373","49245","2015-01-19T07:27:23.000Z");
insert into Orders(doctorID,patientID,treatmentGiverID,treatmentID,date) values("87295","53652","10451","10878","2016-02-13T15:40:40.000Z");
insert into Orders(doctorID,patientID,treatmentGiverID,treatmentID,date) values("79062","86215","66370","88225","2015-01-08T16:53:33.000Z");
insert into Orders(doctorID,patientID,treatmentGiverID,treatmentID,date) values("36661","94937","17537","76439","2016-12-05T21:25:16.000Z");
insert into Orders(doctorID,patientID,treatmentGiverID,treatmentID,date) values("74600","87846","10451","80164","2016-08-21T14:41:26.000Z");
insert into Orders(doctorID,patientID,treatmentGiverID,treatmentID,date) values("98464","47001","12373","43346","2015-01-25T18:35:07.000Z");
insert into Orders(doctorID,patientID,treatmentGiverID,treatmentID,date) values("74600","86215","40564","4240","2016-12-19T10:46:33.000Z");
insert into Orders(doctorID,patientID,treatmentGiverID,treatmentID,date) values("52335","66929","40462","73501","2015-01-11T07:59:07.000Z");
insert into Orders(doctorID,patientID,treatmentGiverID,treatmentID,date) values("91477","517","4096","53589","2016-03-07T13:06:10.000Z");
insert into Orders(doctorID,patientID,treatmentGiverID,treatmentID,date) values("13955","16132","65867","10878","2016-04-21T13:40:56.000Z");
insert into Orders(doctorID,patientID,treatmentGiverID,treatmentID,date) values("79062","29431","77122","18284","2015-01-01T16:09:17.000Z");
insert into Orders(doctorID,patientID,treatmentGiverID,treatmentID,date) values("99287","64424","14538","55853","2016-01-13T11:40:52.000Z");
insert into Orders(doctorID,patientID,treatmentGiverID,treatmentID,date) values("82918","70455","10442","6468","2015-01-18T04:07:21.000Z");
insert into Orders(doctorID,patientID,treatmentGiverID,treatmentID,date) values("92506","20841","4096","45654","2015-01-14T18:13:51.000Z");
insert into Orders(doctorID,patientID,treatmentGiverID,treatmentID,date) values("74600","62494","28917","17577","2016-02-25T21:36:49.000Z");
insert into Orders(doctorID,patientID,treatmentGiverID,treatmentID,date) values("28456","70898","44956","41990","2015-01-07T14:14:00.000Z");
insert into Orders(doctorID,patientID,treatmentGiverID,treatmentID,date) values("29777","80451","40462","63726","2016-02-25T06:19:25.000Z");
insert into Orders(doctorID,patientID,treatmentGiverID,treatmentID,date) values("28456","65566","31012","97826","2016-11-06T12:20:30.000Z");
insert into Orders(doctorID,patientID,treatmentGiverID,treatmentID,date) values("92506","98754","76255","73501","2015-01-13T08:28:36.000Z");
insert into Orders(doctorID,patientID,treatmentGiverID,treatmentID,date) values("29777","3509","10442","6468","2016-08-10T06:10:53.000Z");
insert into Orders(doctorID,patientID,treatmentGiverID,treatmentID,date) values("83394","10293","93219","53621","2016-01-28T02:52:17.000Z");
insert into Orders(doctorID,patientID,treatmentGiverID,treatmentID,date) values("88465","87846","91271","58077","2015-01-06T04:46:11.000Z");
insert into Orders(doctorID,patientID,treatmentGiverID,treatmentID,date) values("92506","24406","79431","27150","2016-12-26T11:28:37.000Z");
insert into Orders(doctorID,patientID,treatmentGiverID,treatmentID,date) values("79062","37603","69411","45654","2015-01-18T00:23:31.000Z");
insert into Orders(doctorID,patientID,treatmentGiverID,treatmentID,date) values("6946","16132","17537","69922","2015-01-01T22:03:13.000Z");
insert into Orders(doctorID,patientID,treatmentGiverID,treatmentID,date) values("56072","62494","18935","39110","2015-01-08T04:35:54.000Z");
insert into Orders(doctorID,patientID,treatmentGiverID,treatmentID,date) values("50761","89233","10442","69190","2016-11-05T17:45:27.000Z");
insert into Orders(doctorID,patientID,treatmentGiverID,treatmentID,date) values("94094","66929","36614","93092","2015-01-05T10:07:52.000Z");
insert into Orders(doctorID,patientID,treatmentGiverID,treatmentID,date) values("71876","70648","68876","92212","2016-01-24T20:00:52.000Z");
insert into Orders(doctorID,patientID,treatmentGiverID,treatmentID,date) values("8646","94937","53803","30095","2016-05-28T02:09:27.000Z");
insert into Orders(doctorID,patientID,treatmentGiverID,treatmentID,date) values("79062","40514","44956","94748","2016-08-24T14:24:18.000Z");
insert into Orders(doctorID,patientID,treatmentGiverID,treatmentID,date) values("83394","45776","22461","76280","2015-01-18T06:14:18.000Z");
insert into Orders(doctorID,patientID,treatmentGiverID,treatmentID,date) values("81726","80451","58267","5773","2016-03-26T14:39:14.000Z");
insert into Orders(doctorID,patientID,treatmentGiverID,treatmentID,date) values("52192","11472","57875","76439","2016-06-05T00:27:52.000Z");
insert into Orders(doctorID,patientID,treatmentGiverID,treatmentID,date) values("80033","30696","53803","43346","2016-08-18T01:06:09.000Z");
insert into Orders(doctorID,patientID,treatmentGiverID,treatmentID,date) values("70571","68631","22363","3245","2016-11-26T03:23:21.000Z");
insert into Orders(doctorID,patientID,treatmentGiverID,treatmentID,date) values("95792","11120","38666","72777","2016-10-18T14:38:58.000Z");
insert into Orders(doctorID,patientID,treatmentGiverID,treatmentID,date) values("81726","68376","10451","15130","2016-12-14T15:54:16.000Z");
insert into Orders(doctorID,patientID,treatmentGiverID,treatmentID,date) values("30720","8120","79431","18262","2015-01-25T19:08:25.000Z");
insert into Orders(doctorID,patientID,treatmentGiverID,treatmentID,date) values("31023","64424","10451","30095","2016-08-20T23:31:21.000Z");
insert into Orders(doctorID,patientID,treatmentGiverID,treatmentID,date) values("79062","63923","74488","5773","2016-12-07T09:15:04.000Z");
insert into Orders(doctorID,patientID,treatmentGiverID,treatmentID,date) values("6178","80170","31012","92598","2015-01-05T22:19:21.000Z");
insert into Orders(doctorID,patientID,treatmentGiverID,treatmentID,date) values("66802","20841","40564","92212","2015-01-21T00:22:21.000Z");
insert into Orders(doctorID,patientID,treatmentGiverID,treatmentID,date) values("74676","86729","88974","58077","2015-01-02T13:50:50.000Z");
insert into Orders(doctorID,patientID,treatmentGiverID,treatmentID,date) values("80033","34574","77122","15130","2015-01-04T17:21:41.000Z");
insert into Orders(doctorID,patientID,treatmentGiverID,treatmentID,date) values("91477","517","7111","4240","2015-01-14T00:24:57.000Z");
insert into Orders(doctorID,patientID,treatmentGiverID,treatmentID,date) values("95792","82571","61622","97826","2015-01-07T21:55:15.000Z");
insert into Orders(doctorID,patientID,treatmentGiverID,treatmentID,date) values("80033","24406","62942","84094","2016-08-21T07:12:25.000Z");
insert into Orders(doctorID,patientID,treatmentGiverID,treatmentID,date) values("91477","38679","78694","4240","2016-04-20T14:21:17.000Z");
insert into Orders(doctorID,patientID,treatmentGiverID,treatmentID,date) values("31023","74058","53803","68553","2015-01-10T14:46:22.000Z");
insert into Orders(doctorID,patientID,treatmentGiverID,treatmentID,date) values("8646","87043","65867","42170","2015-01-22T07:25:12.000Z");
insert into Orders(doctorID,patientID,treatmentGiverID,treatmentID,date) values("30720","20607","86886","4240","2016-07-17T14:46:40.000Z");
insert into Orders(doctorID,patientID,treatmentGiverID,treatmentID,date) values("79062","5089","9121","86153","2015-01-09T11:30:30.000Z");
insert into Orders(doctorID,patientID,treatmentGiverID,treatmentID,date) values("89804","62708","31012","98558","2015-01-11T01:58:42.000Z");
insert into Orders(doctorID,patientID,treatmentGiverID,treatmentID,date) values("50761","37603","15361","94834","2016-05-11T15:45:38.000Z");
insert into Orders(doctorID,patientID,treatmentGiverID,treatmentID,date) values("59321","31524","1209","73501","2015-01-25T06:15:12.000Z");
insert into Orders(doctorID,patientID,treatmentGiverID,treatmentID,date) values("64020","91524","56829","52476","2016-12-05T04:06:54.000Z");
insert into Orders(doctorID,patientID,treatmentGiverID,treatmentID,date) values("50761","77206","10442","92598","2016-08-08T21:33:31.000Z");
insert into Orders(doctorID,patientID,treatmentGiverID,treatmentID,date) values("57301","11472","17537","66909","2015-01-20T09:38:28.000Z");
insert into Orders(doctorID,patientID,treatmentGiverID,treatmentID,date) values("80033","87043","96892","95110","2015-01-05T19:35:26.000Z");
insert into Orders(doctorID,patientID,treatmentGiverID,treatmentID,date) values("28456","95197","77329","5044","2016-06-07T07:38:22.000Z");
insert into Orders(doctorID,patientID,treatmentGiverID,treatmentID,date) values("96321","72764","83656","50051","2015-01-04T07:58:03.000Z");
insert into Orders(doctorID,patientID,treatmentGiverID,treatmentID,date) values("34206","27258","92864","39110","2016-07-22T07:27:10.000Z");
insert into Orders(doctorID,patientID,treatmentGiverID,treatmentID,date) values("57301","66708","22279","48383","2016-08-13T20:29:29.000Z");
insert into Orders(doctorID,patientID,treatmentGiverID,treatmentID,date) values("71876","20841","36614","72777","2016-10-19T21:29:27.000Z");
insert into Orders(doctorID,patientID,treatmentGiverID,treatmentID,date) values("63365","87846","77122","43346","2016-08-09T09:54:11.000Z");
insert into Orders(doctorID,patientID,treatmentGiverID,treatmentID,date) values("92152","64503","44956","84094","2015-01-27T19:52:37.000Z");
insert into Orders(doctorID,patientID,treatmentGiverID,treatmentID,date) values("26744","67836","22461","82643","2016-05-22T09:23:47.000Z");
insert into Orders(doctorID,patientID,treatmentGiverID,treatmentID,date) values("79062","66929","77329","40208","2016-04-10T00:34:16.000Z");
insert into Orders(doctorID,patientID,treatmentGiverID,treatmentID,date) values("96321","41697","12373","72777","2016-05-09T10:36:01.000Z");
insert into Orders(doctorID,patientID,treatmentGiverID,treatmentID,date) values("78922","59062","53803","98558","2014-12-31T06:49:38.000Z");
insert into Orders(doctorID,patientID,treatmentGiverID,treatmentID,date) values("28456","11120","10451","63726","2016-06-04T15:44:25.000Z");
insert into Orders(doctorID,patientID,treatmentGiverID,treatmentID,date) values("88800","28235","63568","20026","2016-01-20T18:14:29.000Z");
insert into Orders(doctorID,patientID,treatmentGiverID,treatmentID,date) values("28456","34574","63568","43855","2016-06-07T06:52:44.000Z");
insert into Orders(doctorID,patientID,treatmentGiverID,treatmentID,date) values("74600","77051","27485","27150","2016-02-09T22:42:56.000Z");
insert into Orders(doctorID,patientID,treatmentGiverID,treatmentID,date) values("34206","76020","62359","41618","2015-01-18T08:46:12.000Z");
insert into Orders(doctorID,patientID,treatmentGiverID,treatmentID,date) values("94094","62494","66370","52476","2016-02-23T02:02:23.000Z");
insert into Orders(doctorID,patientID,treatmentGiverID,treatmentID,date) values("92152","57604","13945","82643","2015-01-24T08:10:08.000Z");
insert into Orders(doctorID,patientID,treatmentGiverID,treatmentID,date) values("50761","11472","77122","69922","2015-01-16T07:36:52.000Z");
insert into Orders(doctorID,patientID,treatmentGiverID,treatmentID,date) values("74600","62012","91271","73100","2014-12-31T23:42:49.000Z");
insert into Orders(doctorID,patientID,treatmentGiverID,treatmentID,date) values("26744","30700","86507","73723","2015-01-13T06:42:48.000Z");
insert into Orders(doctorID,patientID,treatmentGiverID,treatmentID,date) values("92506","31524","86507","69922","2015-01-25T20:46:37.000Z");
insert into Orders(doctorID,patientID,treatmentGiverID,treatmentID,date) values("29777","64424","86507","82643","2015-01-18T05:40:09.000Z");
insert into Orders(doctorID,patientID,treatmentGiverID,treatmentID,date) values("63859","31524","22279","96927","2016-01-08T22:53:41.000Z");
insert into Orders(doctorID,patientID,treatmentGiverID,treatmentID,date) values("14491","64550","10442","4628","2016-04-10T22:50:46.000Z");
insert into Orders(doctorID,patientID,treatmentGiverID,treatmentID,date) values("23699","3509","15773","17994","2015-01-12T03:03:50.000Z");
insert into Orders(doctorID,patientID,treatmentGiverID,treatmentID,date) values("8646","51450","10442","73501","2015-01-04T02:34:44.000Z");
insert into Orders(doctorID,patientID,treatmentGiverID,treatmentID,date) values("95792","59062","9121","52476","2016-10-23T18:43:19.000Z");
insert into Orders(doctorID,patientID,treatmentGiverID,treatmentID,date) values("52335","82571","82215","15130","2015-01-19T15:17:39.000Z");
insert into Orders(doctorID,patientID,treatmentGiverID,treatmentID,date) values("29777","67836","77329","17247","2016-01-22T02:17:00.000Z");
insert into Orders(doctorID,patientID,treatmentGiverID,treatmentID,date) values("66802","30700","4096","76280","2015-01-03T20:31:52.000Z");
insert into Orders(doctorID,patientID,treatmentGiverID,treatmentID,date) values("78922","20841","98959","39110","2016-03-11T22:28:36.000Z");
insert into Orders(doctorID,patientID,treatmentGiverID,treatmentID,date) values("30720","12114","1209","73723","2016-06-30T06:42:05.000Z");
insert into Orders(doctorID,patientID,treatmentGiverID,treatmentID,date) values("6178","98754","22737","5202","2016-01-17T13:26:47.000Z");
insert into Orders(doctorID,patientID,treatmentGiverID,treatmentID,date) values("50761","77489","10451","96645","2016-05-19T21:41:21.000Z");
insert into Orders(doctorID,patientID,treatmentGiverID,treatmentID,date) values("98464","86053","44956","30892","2016-02-05T04:36:27.000Z");
insert into Orders(doctorID,patientID,treatmentGiverID,treatmentID,date) values("26744","68376","55996","53589","2015-01-03T07:48:26.000Z");
insert into Orders(doctorID,patientID,treatmentGiverID,treatmentID,date) values("8646","41697","57875","15130","2016-07-17T14:24:38.000Z");
insert into Orders(doctorID,patientID,treatmentGiverID,treatmentID,date) values("71876","51450","4096","30892","2015-01-25T07:10:40.000Z");
insert into Orders(doctorID,patientID,treatmentGiverID,treatmentID,date) values("56072","25362","62359","17247","2015-01-01T05:16:34.000Z");
insert into Orders(doctorID,patientID,treatmentGiverID,treatmentID,date) values("52335","64407","96892","63726","2016-07-14T10:40:36.000Z");
insert into Orders(doctorID,patientID,treatmentGiverID,treatmentID,date) values("73222","12114","58267","66909","2016-05-04T15:26:04.000Z");
insert into Orders(doctorID,patientID,treatmentGiverID,treatmentID,date) values("70571","66708","62942","3245","2015-01-06T10:45:05.000Z");
insert into Orders(doctorID,patientID,treatmentGiverID,treatmentID,date) values("79575","24406","53109","50051","2015-01-22T05:52:48.000Z");
insert into Orders(doctorID,patientID,treatmentGiverID,treatmentID,date) values("94094","25437","3291","84094","2016-09-14T08:09:28.000Z");
insert into Orders(doctorID,patientID,treatmentGiverID,treatmentID,date) values("91477","24406","15773","92212","2015-01-10T11:56:09.000Z");
insert into Orders(doctorID,patientID,treatmentGiverID,treatmentID,date) values("6946","20841","62359","35359","2015-01-22T10:31:21.000Z");
insert into Orders(doctorID,patientID,treatmentGiverID,treatmentID,date) values("2247","4447","67175","55853","2016-10-04T18:02:11.000Z");
insert into Orders(doctorID,patientID,treatmentGiverID,treatmentID,date) values("98464","87846","39992","42170","2016-02-17T08:19:25.000Z");
insert into Orders(doctorID,patientID,treatmentGiverID,treatmentID,date) values("70571","6380","79431","39110","2015-01-23T16:30:56.000Z");
insert into Orders(doctorID,patientID,treatmentGiverID,treatmentID,date) values("30720","45776","57875","17241","2015-01-04T01:53:25.000Z");
insert into Orders(doctorID,patientID,treatmentGiverID,treatmentID,date) values("80033","76686","23531","17247","2016-03-08T07:47:52.000Z");
insert into Orders(doctorID,patientID,treatmentGiverID,treatmentID,date) values("70571","86896","83656","91977","2016-07-09T15:16:42.000Z");
insert into Orders(doctorID,patientID,treatmentGiverID,treatmentID,date) values("31023","68631","31897","4240","2015-01-23T06:58:06.000Z");
insert into Orders(doctorID,patientID,treatmentGiverID,treatmentID,date) values("71876","30700","53109","76439","2015-01-24T08:56:12.000Z");
insert into Orders(doctorID,patientID,treatmentGiverID,treatmentID,date) values("52335","74771","36614","10878","2016-03-21T15:56:26.000Z");
insert into Orders(doctorID,patientID,treatmentGiverID,treatmentID,date) values("74600","88922","17537","17241","2016-09-25T13:31:42.000Z");
insert into Admin(employeeID) values("855");
insert into Admin(employeeID) values("2087");
insert into Admin(employeeID) values("2247");
insert into Admin(employeeID) values("3045");
insert into Admin(employeeID) values("3271");
insert into Admin(employeeID) values("3674");
insert into Admin(employeeID) values("5155");
insert into Admin(employeeID) values("6178");
insert into Admin(employeeID) values("6946");
insert into Admin(employeeID) values("8646");
insert into Admin(employeeID) values("8769");
insert into Admin(employeeID) values("11006");
insert into Admin(employeeID) values("13955");
insert into Admin(employeeID) values("14491");
insert into Admin(employeeID) values("15776");
insert into Admin(employeeID) values("16584");
insert into Admin(employeeID) values("22143");
insert into Admin(employeeID) values("23699");
insert into Admin(employeeID) values("26732");
insert into Admin(employeeID) values("28456");
insert into Admin(employeeID) values("29777");
insert into Admin(employeeID) values("29839");
insert into Admin(employeeID) values("30459");
insert into Admin(employeeID) values("30720");
insert into Admin(employeeID) values("31023");
insert into Admin(employeeID) values("31547");
insert into Admin(employeeID) values("33183");
insert into Admin(employeeID) values("33793");
insert into Admin(employeeID) values("36661");
insert into Admin(employeeID) values("37674");
insert into Admin(employeeID) values("39575");
insert into Admin(employeeID) values("41156");
insert into Admin(employeeID) values("41916");
insert into Admin(employeeID) values("45751");
insert into Admin(employeeID) values("47766");
insert into Admin(employeeID) values("48121");
insert into Admin(employeeID) values("50761");
insert into Admin(employeeID) values("52192");
insert into Admin(employeeID) values("52335");
insert into Admin(employeeID) values("52608");
insert into Admin(employeeID) values("53786");
insert into Admin(employeeID) values("56072");
insert into Admin(employeeID) values("56075");
insert into Admin(employeeID) values("57243");
insert into Admin(employeeID) values("59321");
insert into Admin(employeeID) values("59712");
insert into Admin(employeeID) values("60676");
insert into Admin(employeeID) values("63365");
insert into Admin(employeeID) values("63859");
insert into Admin(employeeID) values("64020");
insert into Admin(employeeID) values("66802");
insert into Admin(employeeID) values("68298");
insert into Admin(employeeID) values("69051");
insert into Admin(employeeID) values("70571");
insert into Admin(employeeID) values("71055");
insert into Admin(employeeID) values("73222");
insert into Admin(employeeID) values("74600");
insert into Admin(employeeID) values("74676");
insert into Admin(employeeID) values("77799");
insert into Admin(employeeID) values("78922");
insert into Admin(employeeID) values("79062");
insert into Admin(employeeID) values("79575");
insert into Admin(employeeID) values("80033");
insert into Admin(employeeID) values("81726");
insert into Admin(employeeID) values("82646");
insert into Admin(employeeID) values("82918");
insert into Admin(employeeID) values("83328");
insert into Admin(employeeID) values("83394");
insert into Admin(employeeID) values("86409");
insert into Admin(employeeID) values("88449");
insert into Admin(employeeID) values("88800");
insert into Admin(employeeID) values("89804");
insert into Admin(employeeID) values("91477");
insert into Admin(employeeID) values("92152");
insert into Admin(employeeID) values("92506");
insert into Admin(employeeID) values("94094");
insert into Admin(employeeID) values("94207");
insert into Admin(employeeID) values("95792");
insert into Admin(employeeID) values("96321");
insert into Admin(employeeID) values("98464");
insert into Admin(employeeID) values("99287");
insert into Discharges(AdminID,patientID,date) values("56072","36056","2016-05-31T19:25:22.000Z");
insert into Discharges(AdminID,patientID,date) values("31547","78167","2016-12-12T10:40:19.000Z");
insert into Discharges(AdminID,patientID,date) values("52192","5374","2016-09-16T10:16:02.000Z");
insert into Discharges(AdminID,patientID,date) values("52608","62708","2016-08-01T18:15:21.000Z");
insert into Discharges(AdminID,patientID,date) values("92152","53652","2015-07-26T22:06:05.000Z");
insert into Discharges(AdminID,patientID,date) values("26732","17944","2015-09-27T14:18:37.000Z");
insert into Discharges(AdminID,patientID,date) values("15776","19441","2016-10-20T09:21:00.000Z");
insert into Discharges(AdminID,patientID,date) values("63859","89542","2016-02-11T15:58:11.000Z");
insert into Discharges(AdminID,patientID,date) values("66802","89233","2014-01-11T11:38:48.000Z");
insert into Discharges(AdminID,patientID,date) values("30720","67178","2015-11-11T20:35:15.000Z");
insert into Discharges(AdminID,patientID,date) values("57243","63108","2016-11-11T00:55:06.000Z");
insert into Discharges(AdminID,patientID,date) values("56075","87078","2016-12-10T08:22:40.000Z");
insert into Discharges(AdminID,patientID,date) values("83328","87846","2016-08-14T05:44:25.000Z");
insert into Discharges(AdminID,patientID,date) values("86409","76686","2015-04-28T00:10:14.000Z");
insert into Discharges(AdminID,patientID,date) values("47766","51450","2015-04-09T12:57:29.000Z");
insert into Discharges(AdminID,patientID,date) values("99287","95197","2015-10-08T05:56:36.000Z");
insert into Discharges(AdminID,patientID,date) values("63859","8918","2016-11-02T04:22:13.000Z");
insert into Discharges(AdminID,patientID,date) values("96321","78698","2016-10-12T23:19:17.000Z");
insert into Discharges(AdminID,patientID,date) values("11006","3167","2016-03-27T20:30:03.000Z");
insert into Discharges(AdminID,patientID,date) values("99287","93997","2016-02-14T23:14:22.000Z");
insert into Discharges(AdminID,patientID,date) values("78922","95197","2016-10-12T00:59:31.000Z");
insert into Discharges(AdminID,patientID,date) values("3674","47001","2016-12-17T02:11:21.000Z");
insert into Discharges(AdminID,patientID,date) values("6178","86053","2014-01-06T10:06:22.000Z");
insert into Discharges(AdminID,patientID,date) values("52608","91650","2016-08-11T10:33:05.000Z");
insert into Discharges(AdminID,patientID,date) values("82646","20607","2016-11-30T21:57:57.000Z");
insert into Discharges(AdminID,patientID,date) values("39575","88495","2016-11-18T01:05:56.000Z");
insert into Discharges(AdminID,patientID,date) values("78922","41504","2015-12-04T19:49:24.000Z");
insert into Discharges(AdminID,patientID,date) values("71055","76020","2016-09-14T18:05:15.000Z");
insert into Discharges(AdminID,patientID,date) values("56072","60234","2016-11-22T14:39:22.000Z");
insert into Discharges(AdminID,patientID,date) values("80033","24406","2015-09-09T14:12:46.000Z");
insert into Discharges(AdminID,patientID,date) values("56075","30696","2014-01-13T14:22:49.000Z");
insert into Discharges(AdminID,patientID,date) values("15776","96652","2016-08-09T03:06:22.000Z");
insert into Discharges(AdminID,patientID,date) values("14491","61298","2016-06-10T19:51:24.000Z");
insert into Discharges(AdminID,patientID,date) values("57243","70648","2016-05-10T04:07:27.000Z");
insert into Discharges(AdminID,patientID,date) values("26732","12414","2016-12-24T03:40:49.000Z");
insert into Discharges(AdminID,patientID,date) values("82646","93997","2016-10-23T20:39:25.000Z");
insert into Discharges(AdminID,patientID,date) values("83328","31524","2016-11-20T07:27:29.000Z");
insert into Discharges(AdminID,patientID,date) values("8769","66433","2015-02-28T22:51:53.000Z");
insert into Discharges(AdminID,patientID,date) values("56075","17913","2015-12-17T17:41:36.000Z");
insert into Discharges(AdminID,patientID,date) values("2087","57343","2016-12-26T14:58:15.000Z");
insert into Discharges(AdminID,patientID,date) values("53786","24406","2016-12-15T10:38:51.000Z");
insert into Discharges(AdminID,patientID,date) values("81726","17454","2016-06-05T13:50:58.000Z");
insert into Discharges(AdminID,patientID,date) values("30459","56886","2016-02-21T16:49:11.000Z");
insert into Discharges(AdminID,patientID,date) values("59321","42197","2015-12-17T11:02:27.000Z");
insert into Discharges(AdminID,patientID,date) values("83394","78698","2016-11-15T10:41:09.000Z");
insert into Discharges(AdminID,patientID,date) values("52335","76020","2016-12-13T11:17:35.000Z");
insert into Discharges(AdminID,patientID,date) values("92152","51491","2016-03-26T03:01:18.000Z");
insert into Discharges(AdminID,patientID,date) values("88449","56614","2015-03-21T13:05:45.000Z");
insert into Discharges(AdminID,patientID,date) values("60676","49218","2016-09-06T22:43:52.000Z");
insert into Discharges(AdminID,patientID,date) values("45751","73430","2015-02-05T21:12:08.000Z");
insert into Discharges(AdminID,patientID,date) values("45751","7917","2015-08-18T04:22:00.000Z");
insert into Discharges(AdminID,patientID,date) values("86409","31562","2014-01-14T17:30:42.000Z");
insert into Discharges(AdminID,patientID,date) values("52608","39884","2015-10-02T12:22:05.000Z");
insert into Discharges(AdminID,patientID,date) values("41156","74771","2016-11-02T00:50:17.000Z");
insert into Discharges(AdminID,patientID,date) values("2247","97853","2016-12-25T22:19:23.000Z");
insert into Discharges(AdminID,patientID,date) values("33183","70898","2016-06-24T07:29:54.000Z");
insert into Discharges(AdminID,patientID,date) values("82918","40850","2016-11-11T06:42:26.000Z");
insert into Discharges(AdminID,patientID,date) values("31547","3409","2015-02-28T12:09:25.000Z");
insert into Discharges(AdminID,patientID,date) values("74676","61537","2016-12-12T16:36:43.000Z");
insert into Discharges(AdminID,patientID,date) values("77799","87043","2016-10-05T13:11:08.000Z");
insert into Discharges(AdminID,patientID,date) values("52608","76020","2016-12-28T05:16:07.000Z");
insert into Discharges(AdminID,patientID,date) values("6178","11472","2016-08-15T07:26:58.000Z");
insert into Discharges(AdminID,patientID,date) values("71055","88922","2016-12-12T00:33:06.000Z");
insert into Discharges(AdminID,patientID,date) values("41916","63775","2016-12-23T06:32:02.000Z");
insert into Discharges(AdminID,patientID,date) values("11006","40850","2016-12-17T17:07:56.000Z");
insert into Discharges(AdminID,patientID,date) values("30459","68049","2015-12-03T16:38:04.000Z");
insert into Discharges(AdminID,patientID,date) values("94094","17375","2016-09-17T11:53:07.000Z");
insert into Discharges(AdminID,patientID,date) values("78922","56614","2016-11-13T20:25:30.000Z");
insert into Discharges(AdminID,patientID,date) values("59321","40850","2016-12-19T08:09:46.000Z");
insert into Discharges(AdminID,patientID,date) values("91477","64424","2016-05-18T20:58:51.000Z");
insert into Discharges(AdminID,patientID,date) values("2247","34574","2014-01-09T23:37:49.000Z");
insert into Discharges(AdminID,patientID,date) values("31023","5374","2016-12-09T11:18:18.000Z");
insert into Discharges(AdminID,patientID,date) values("63859","5374","2016-12-26T15:23:29.000Z");
insert into Discharges(AdminID,patientID,date) values("59321","9718","2016-06-18T01:13:25.000Z");
insert into Discharges(AdminID,patientID,date) values("79062","7804","2016-12-26T02:05:16.000Z");
insert into Discharges(AdminID,patientID,date) values("2247","52387","2016-12-10T21:01:11.000Z");
insert into Discharges(AdminID,patientID,date) values("64020","77489","2014-01-13T10:52:40.000Z");
insert into Discharges(AdminID,patientID,date) values("74600","96652","2016-12-02T03:52:09.000Z");
insert into Discharges(AdminID,patientID,date) values("82646","42197","2016-08-20T12:15:21.000Z");
insert into Discharges(AdminID,patientID,date) values("6178","16132","2016-12-20T07:03:30.000Z");
insert into Discharges(AdminID,patientID,date) values("91477","88495","2016-12-26T20:14:53.000Z");
insert into Discharges(AdminID,patientID,date) values("83394","98002","2014-01-27T18:53:55.000Z");
insert into Discharges(AdminID,patientID,date) values("70571","30696","2015-07-23T10:31:15.000Z");
insert into Discharges(AdminID,patientID,date) values("59712","68376","2016-03-15T16:38:51.000Z");
insert into Discharges(AdminID,patientID,date) values("2247","70648","2016-10-04T05:19:49.000Z");
insert into Discharges(AdminID,patientID,date) values("6946","6380","2015-08-27T06:25:27.000Z");
insert into Discharges(AdminID,patientID,date) values("80033","41504","2016-12-12T21:25:56.000Z");
insert into Discharges(AdminID,patientID,date) values("56072","68376","2016-06-11T06:47:09.000Z");
insert into Discharges(AdminID,patientID,date) values("80033","91650","2016-12-27T06:43:44.000Z");
insert into Discharges(AdminID,patientID,date) values("91477","20841","2015-11-20T20:48:54.000Z");
insert into Discharges(AdminID,patientID,date) values("3674","86729","2016-09-04T13:57:30.000Z");
insert into Discharges(AdminID,patientID,date) values("63859","82763","2016-10-24T20:37:36.000Z");
insert into Discharges(AdminID,patientID,date) values("30459","95197","2016-11-19T07:02:28.000Z");
insert into Discharges(AdminID,patientID,date) values("2247","59312","2016-06-14T17:57:25.000Z");
insert into Discharges(AdminID,patientID,date) values("28456","62494","2015-12-31T15:17:11.000Z");
insert into Discharges(AdminID,patientID,date) values("31547","51224","2015-03-15T16:46:16.000Z");
insert into Discharges(AdminID,patientID,date) values("59321","41504","2016-12-24T09:16:03.000Z");
insert into Discharges(AdminID,patientID,date) values("22143","69293","2016-10-05T16:58:01.000Z");
insert into Discharges(AdminID,patientID,date) values("5155","2437","2015-12-16T16:18:43.000Z");
insert into Discharges(AdminID,patientID,date) values("74600","58715","2015-03-15T03:57:39.000Z");
insert into Discharges(AdminID,patientID,date) values("78922","24509","2016-07-07T20:38:03.000Z");
insert into Discharges(AdminID,patientID,date) values("74600","52387","2016-12-26T17:03:27.000Z");
insert into Discharges(AdminID,patientID,date) values("8646","69922","2016-08-24T23:16:55.000Z");
insert into Discharges(AdminID,patientID,date) values("79575","98754","2016-01-13T18:49:23.000Z");
insert into Discharges(AdminID,patientID,date) values("16584","93997","2016-12-16T12:33:55.000Z");
insert into Discharges(AdminID,patientID,date) values("5155","3409","2015-07-27T21:34:30.000Z");
insert into Discharges(AdminID,patientID,date) values("79575","11517","2016-06-01T23:38:17.000Z");
insert into Discharges(AdminID,patientID,date) values("52335","12114","2016-12-19T06:17:04.000Z");
insert into Discharges(AdminID,patientID,date) values("37674","29431","2016-07-25T08:55:20.000Z");
insert into Discharges(AdminID,patientID,date) values("52335","59512","2015-10-01T23:57:59.000Z");
insert into Discharges(AdminID,patientID,date) values("91477","59512","2016-09-09T19:13:57.000Z");
insert into Discharges(AdminID,patientID,date) values("96321","10056","2016-08-17T03:35:29.000Z");
insert into Discharges(AdminID,patientID,date) values("88800","29431","2016-10-14T17:58:37.000Z");
insert into Discharges(AdminID,patientID,date) values("74676","63775","2016-12-27T12:57:03.000Z");
insert into Discharges(AdminID,patientID,date) values("69051","129","2016-01-09T15:43:56.000Z");
insert into Discharges(AdminID,patientID,date) values("94207","19229","2016-12-02T21:24:36.000Z");
insert into Discharges(AdminID,patientID,date) values("70571","8440","2016-11-14T22:21:52.000Z");
insert into Discharges(AdminID,patientID,date) values("68298","24138","2016-05-12T16:51:16.000Z");
insert into Discharges(AdminID,patientID,date) values("31547","70043","2015-02-28T00:14:36.000Z");
insert into Discharges(AdminID,patientID,date) values("6178","96652","2016-12-24T15:38:17.000Z");
insert into Discharges(AdminID,patientID,date) values("89804","30696","2016-10-19T21:36:13.000Z");
insert into Discharges(AdminID,patientID,date) values("92152","66708","2016-09-11T14:11:45.000Z");
insert into Discharges(AdminID,patientID,date) values("6178","997","2015-08-10T01:56:02.000Z");
insert into Discharges(AdminID,patientID,date) values("92152","16091","2015-08-04T23:57:57.000Z");
insert into Discharges(AdminID,patientID,date) values("56072","19171","2015-12-28T01:46:33.000Z");
insert into Discharges(AdminID,patientID,date) values("36661","34574","2015-10-15T20:31:42.000Z");
insert into Discharges(AdminID,patientID,date) values("33183","18503","2015-11-11T19:14:15.000Z");
insert into Discharges(AdminID,patientID,date) values("66802","31562","2016-12-09T05:41:08.000Z");
insert into Discharges(AdminID,patientID,date) values("16584","27258","2016-07-24T22:33:44.000Z");
insert into Discharges(AdminID,patientID,date) values("6946","19441","2016-12-13T06:56:38.000Z");
insert into Discharges(AdminID,patientID,date) values("81726","99809","2016-10-19T03:43:34.000Z");
insert into Discharges(AdminID,patientID,date) values("36661","46829","2016-09-14T12:42:55.000Z");
insert into Discharges(AdminID,patientID,date) values("70571","16262","2015-06-08T09:25:46.000Z");
insert into Discharges(AdminID,patientID,date) values("855","88495","2016-12-28T05:34:10.000Z");
insert into Discharges(AdminID,patientID,date) values("30720","27295","2016-11-30T11:33:23.000Z");
insert into Discharges(AdminID,patientID,date) values("89804","34574","2016-12-13T04:20:44.000Z");
insert into Discharges(AdminID,patientID,date) values("77799","74058","2016-09-01T01:32:21.000Z");
insert into Discharges(AdminID,patientID,date) values("8646","62494","2016-10-23T17:19:46.000Z");
insert into Discharges(AdminID,patientID,date) values("45751","17375","2016-11-22T02:51:08.000Z");
insert into Discharges(AdminID,patientID,date) values("6946","78167","2016-12-27T07:28:39.000Z");
insert into Discharges(AdminID,patientID,date) values("59712","17375","2016-12-14T19:20:55.000Z");
insert into Discharges(AdminID,patientID,date) values("30720","89542","2016-03-27T04:14:05.000Z");
insert into Discharges(AdminID,patientID,date) values("3045","87043","2016-12-23T20:13:57.000Z");
insert into Discharges(AdminID,patientID,date) values("36661","11517","2016-06-24T06:21:41.000Z");
insert into Discharges(AdminID,patientID,date) values("88800","74780","2015-07-20T05:43:08.000Z");
insert into Discharges(AdminID,patientID,date) values("48121","5374","2016-12-28T05:42:54.000Z");
insert into Discharges(AdminID,patientID,date) values("6178","42197","2016-12-12T10:16:56.000Z");
insert into Discharges(AdminID,patientID,date) values("23699","58715","2015-09-06T12:10:03.000Z");
insert into Discharges(AdminID,patientID,date) values("3271","1428","2016-11-03T11:02:36.000Z");
insert into Discharges(AdminID,patientID,date) values("79062","89233","2016-01-03T02:06:28.000Z");
insert into Discharges(AdminID,patientID,date) values("3045","62494","2016-12-27T21:08:05.000Z");
insert into Discharges(AdminID,patientID,date) values("31547","91524","2016-07-09T11:08:35.000Z");
insert into Discharges(AdminID,patientID,date) values("64020","3509","2016-03-02T09:14:15.000Z");
insert into Discharges(AdminID,patientID,date) values("16584","51224","2016-04-09T14:31:57.000Z");
insert into Discharges(AdminID,patientID,date) values("26732","28403","2015-08-03T17:01:53.000Z");
insert into Discharges(AdminID,patientID,date) values("57243","17944","2016-08-01T09:35:24.000Z");
insert into Discharges(AdminID,patientID,date) values("41916","80170","2016-07-03T22:22:12.000Z");
insert into Discharges(AdminID,patientID,date) values("8646","84385","2016-06-15T11:33:03.000Z");
insert into Discharges(AdminID,patientID,date) values("71055","73430","2016-03-21T14:45:56.000Z");
insert into Discharges(AdminID,patientID,date) values("52335","997","2016-05-22T09:37:16.000Z");
insert into Discharges(AdminID,patientID,date) values("39575","17454","2016-10-07T16:45:13.000Z");
insert into Discharges(AdminID,patientID,date) values("82646","68376","2016-07-20T18:48:43.000Z");
insert into Discharges(AdminID,patientID,date) values("66802","59512","2016-12-10T03:36:54.000Z");
insert into Discharges(AdminID,patientID,date) values("30459","20607","2016-12-26T15:46:57.000Z");
insert into Discharges(AdminID,patientID,date) values("80033","59512","2016-12-14T03:29:21.000Z");
insert into Discharges(AdminID,patientID,date) values("94094","16262","2016-12-22T08:53:58.000Z");
insert into Discharges(AdminID,patientID,date) values("83328","86896","2015-11-19T08:43:22.000Z");
insert into Discharges(AdminID,patientID,date) values("64020","74780","2016-07-01T13:57:09.000Z");
insert into Discharges(AdminID,patientID,date) values("31547","95197","2016-12-10T20:25:10.000Z");
insert into Discharges(AdminID,patientID,date) values("39575","67836","2015-08-06T01:42:29.000Z");
insert into Discharges(AdminID,patientID,date) values("79062","74780","2016-10-24T12:35:52.000Z");
insert into Discharges(AdminID,patientID,date) values("88800","28403","2016-04-06T14:57:58.000Z");
insert into Discharges(AdminID,patientID,date) values("68298","86729","2016-12-07T20:21:53.000Z");
insert into Discharges(AdminID,patientID,date) values("95792","89233","2016-11-07T11:19:51.000Z");
insert into Discharges(AdminID,patientID,date) values("98464","73430","2016-10-05T13:52:57.000Z");
insert into Discharges(AdminID,patientID,date) values("30459","68631","2014-01-15T13:19:08.000Z");
insert into Discharges(AdminID,patientID,date) values("8646","11517","2016-12-26T19:26:16.000Z");
insert into Discharges(AdminID,patientID,date) values("8769","82763","2016-12-15T02:47:58.000Z");
insert into Discharges(AdminID,patientID,date) values("15776","30700","2016-01-24T15:04:20.000Z");
insert into Discharges(AdminID,patientID,date) values("47766","4947","2016-07-02T09:52:59.000Z");
insert into Discharges(AdminID,patientID,date) values("64020","72967","2016-11-08T01:57:35.000Z");
insert into Discharges(AdminID,patientID,date) values("78922","94937","2016-09-07T10:56:53.000Z");
insert into Discharges(AdminID,patientID,date) values("79575","61298","2016-10-26T08:50:44.000Z");
insert into Discharges(AdminID,patientID,date) values("52335","76686","2016-02-06T06:36:38.000Z");
insert into Discharges(AdminID,patientID,date) values("63365","86053","2016-03-05T18:22:50.000Z");
