insert into Worker(employeeID,firstName,lastName,hireDate,salary) values("97567","outfox","sheathe","2012-01-14T15:49:22.000Z","19563");
insert into Worker(employeeID,firstName,lastName,hireDate,salary) values("9149","cowpokes","sheathe","2014-01-20T02:55:56.000Z","9873");
insert into Worker(employeeID,firstName,lastName,hireDate,salary) values("3630","gollies","porn's","2012-01-01T02:53:25.000Z","36980");
insert into Worker(employeeID,firstName,lastName,hireDate,salary) values("47441","dissension","papacy's","2014-04-04T09:02:04.000Z","48334");
insert into Worker(employeeID,firstName,lastName,hireDate,salary) values("84045","craftily","inboard","2014-05-13T00:41:56.000Z","36598");
insert into Worker(employeeID,firstName,lastName,hireDate,salary) values("91860","herbalists","cornrowing","2013-09-03T07:11:46.000Z","57540");
insert into Worker(employeeID,firstName,lastName,hireDate,salary) values("99938","Duke's","profanes","2014-05-15T05:53:02.000Z","95398");
insert into Worker(employeeID,firstName,lastName,hireDate,salary) values("69572","hardcovers","relabelling","2012-01-07T02:09:04.000Z","68314");
insert into Worker(employeeID,firstName,lastName,hireDate,salary) values("28352","angleworms","hardcovers","2013-12-07T16:07:50.000Z","45654");
insert into Worker(employeeID,firstName,lastName,hireDate,salary) values("95989","coerces","thermal's","2014-12-08T10:51:28.000Z","42343");
insert into Worker(employeeID,firstName,lastName,hireDate,salary) values("27001","peccadillo's","papacy's","2014-04-01T12:24:16.000Z","26275");
insert into Worker(employeeID,firstName,lastName,hireDate,salary) values("93007","blench","drilled","2014-11-02T21:31:05.000Z","46492");
insert into Worker(employeeID,firstName,lastName,hireDate,salary) values("39446","cornrowing","decoration","2013-11-25T06:14:44.000Z","9154");
insert into Worker(employeeID,firstName,lastName,hireDate,salary) values("29928","swiftness's","peccadillo's","2013-06-13T05:08:10.000Z","91361");
insert into Worker(employeeID,firstName,lastName,hireDate,salary) values("76235","relabelling","hairbrushes","2013-04-05T22:38:16.000Z","60255");
insert into Worker(employeeID,firstName,lastName,hireDate,salary) values("15371","rewiring","Rolex's","2013-06-18T09:06:58.000Z","54233");
insert into Worker(employeeID,firstName,lastName,hireDate,salary) values("4336","Markab","unloved","2013-06-08T01:43:44.000Z","65768");
insert into Worker(employeeID,firstName,lastName,hireDate,salary) values("64294","Tulane's","Creoles","2013-04-09T11:03:14.000Z","89475");
insert into Worker(employeeID,firstName,lastName,hireDate,salary) values("86149","thrive","stencilled","2012-01-24T05:41:12.000Z","1157");
insert into Worker(employeeID,firstName,lastName,hireDate,salary) values("11072","controverted","unhand","2012-01-03T19:56:54.000Z","67719");
insert into Worker(employeeID,firstName,lastName,hireDate,salary) values("93944","Clouseau","enlarge","2013-05-21T17:20:04.000Z","83038");
insert into Worker(employeeID,firstName,lastName,hireDate,salary) values("68000","corrugation","enlarge","2012-01-13T21:46:56.000Z","54991");
insert into Worker(employeeID,firstName,lastName,hireDate,salary) values("56081","Zimbabwean's","craftily","2013-10-12T09:08:06.000Z","63140");
insert into Worker(employeeID,firstName,lastName,hireDate,salary) values("42307","belligerence","swiftness's","2013-06-02T21:33:08.000Z","80365");
insert into Worker(employeeID,firstName,lastName,hireDate,salary) values("50156","thermal's","godforsaken","2013-09-25T05:19:47.000Z","40320");
insert into Worker(employeeID,firstName,lastName,hireDate,salary) values("23353","trajectories","Psalter","2014-11-01T18:25:06.000Z","2114");
insert into Worker(employeeID,firstName,lastName,hireDate,salary) values("24660","weeding","prearranged","2013-02-10T23:47:24.000Z","7725");
insert into Worker(employeeID,firstName,lastName,hireDate,salary) values("65909","rulings","brooms","2012-01-13T00:52:11.000Z","53576");
insert into Worker(employeeID,firstName,lastName,hireDate,salary) values("72288","vitalized","profanes","2013-06-19T14:32:30.000Z","67895");
insert into Worker(employeeID,firstName,lastName,hireDate,salary) values("47228","angleworms","belligerence","2014-11-16T18:14:49.000Z","96359");
insert into Worker(employeeID,firstName,lastName,hireDate,salary) values("85672","drilled","porn's","2014-06-05T19:27:03.000Z","55361");
insert into Worker(employeeID,firstName,lastName,hireDate,salary) values("43824","emaciate","comforted","2013-11-04T05:12:03.000Z","20312");
insert into Worker(employeeID,firstName,lastName,hireDate,salary) values("17113","trajectories","porn's","2014-11-22T21:12:54.000Z","66923");
insert into Worker(employeeID,firstName,lastName,hireDate,salary) values("29804","vitalized","barrenness's","2012-01-25T21:55:57.000Z","32611");
insert into Worker(employeeID,firstName,lastName,hireDate,salary) values("46131","barrenness's","hatchet's","2013-04-22T13:52:21.000Z","56567");
insert into Worker(employeeID,firstName,lastName,hireDate,salary) values("74277","soothsayer's","godforsaken","2014-09-01T19:53:37.000Z","31778");
insert into Worker(employeeID,firstName,lastName,hireDate,salary) values("41016","profanes","circumvents","2014-07-07T23:48:56.000Z","26585");
insert into Worker(employeeID,firstName,lastName,hireDate,salary) values("10492","timer's","hatchet's","2014-03-22T19:28:24.000Z","68917");
insert into Worker(employeeID,firstName,lastName,hireDate,salary) values("29626","Kojak's","relabelling","2013-10-08T06:53:32.000Z","95692");
insert into Worker(employeeID,firstName,lastName,hireDate,salary) values("70812","porn's","Croesus","2013-08-25T06:00:16.000Z","25085");
insert into Worker(employeeID,firstName,lastName,hireDate,salary) values("6621","thrive","cowpokes","2014-01-05T15:29:31.000Z","7053");
insert into Worker(employeeID,firstName,lastName,hireDate,salary) values("63380","Pascal's","patriarchies","2014-08-10T00:46:34.000Z","74421");
insert into Worker(employeeID,firstName,lastName,hireDate,salary) values("52762","gout","Creoles","2013-07-12T08:26:50.000Z","56253");
insert into Worker(employeeID,firstName,lastName,hireDate,salary) values("84205","emaciate","controverted","2014-09-20T09:07:06.000Z","90941");
insert into Worker(employeeID,firstName,lastName,hireDate,salary) values("89678","craftily","prepossess","2013-01-12T17:57:11.000Z","13470");
insert into Worker(employeeID,firstName,lastName,hireDate,salary) values("53389","rumbling's","blench","2013-05-21T08:08:09.000Z","51157");
insert into Worker(employeeID,firstName,lastName,hireDate,salary) values("71485","curative","unsuspecting","2013-09-13T03:45:56.000Z","80769");
insert into Worker(employeeID,firstName,lastName,hireDate,salary) values("79586","coerces","inboard","2013-09-22T02:46:56.000Z","78544");
insert into Worker(employeeID,firstName,lastName,hireDate,salary) values("25900","Rolex's","profanes","2014-01-18T06:19:05.000Z","24587");
insert into Worker(employeeID,firstName,lastName,hireDate,salary) values("64882","contradictions","Beatles","2013-03-14T17:07:20.000Z","86417");
insert into Worker(employeeID,firstName,lastName,hireDate,salary) values("28413","rewiring","emaciate","2012-01-04T05:22:00.000Z","2902");
insert into Worker(employeeID,firstName,lastName,hireDate,salary) values("94941","worthier","circumvents","2012-01-07T17:46:16.000Z","96384");
insert into Worker(employeeID,firstName,lastName,hireDate,salary) values("46482","disrupt","soothsayer's","2014-04-15T07:34:09.000Z","18478");
insert into Worker(employeeID,firstName,lastName,hireDate,salary) values("73916","soothsayer's","Duke's","2012-01-22T13:26:59.000Z","70978");
insert into Worker(employeeID,firstName,lastName,hireDate,salary) values("63637","decoration","ambulatories","2013-06-22T03:22:20.000Z","23419");
insert into Worker(employeeID,firstName,lastName,hireDate,salary) values("66893","gout","contradictions","2012-01-09T02:46:00.000Z","36211");
insert into Worker(employeeID,firstName,lastName,hireDate,salary) values("72337","rulings","urinate","2012-01-18T20:34:02.000Z","95983");
insert into Worker(employeeID,firstName,lastName,hireDate,salary) values("64942","craftily","Galois","2014-11-27T08:21:24.000Z","58103");
insert into Worker(employeeID,firstName,lastName,hireDate,salary) values("10131","pyramidal","moo's","2012-01-16T00:47:27.000Z","67061");
insert into Worker(employeeID,firstName,lastName,hireDate,salary) values("8444","patriarchies","Tulane's","2014-07-15T17:01:26.000Z","72876");
insert into Worker(employeeID,firstName,lastName,hireDate,salary) values("40625","Psalter","patriarchies","2013-09-22T08:28:58.000Z","65687");
insert into Worker(employeeID,firstName,lastName,hireDate,salary) values("16652","Aphrodite","nudist's","2013-03-22T08:17:51.000Z","60642");
insert into Worker(employeeID,firstName,lastName,hireDate,salary) values("77755","sheathe","ninja","2013-05-24T12:43:34.000Z","60670");
insert into Worker(employeeID,firstName,lastName,hireDate,salary) values("88933","thermal's","thermal's","2014-03-28T04:36:16.000Z","48558");
insert into Worker(employeeID,firstName,lastName,hireDate,salary) values("11914","gollies","profanes","2012-01-02T01:35:08.000Z","29132");
insert into Worker(employeeID,firstName,lastName,hireDate,salary) values("80603","thermal's","relabelling","2012-01-22T17:31:55.000Z","47915");
insert into Worker(employeeID,firstName,lastName,hireDate,salary) values("27201","alohas","Psalter","2012-01-01T06:43:24.000Z","83412");
insert into Worker(employeeID,firstName,lastName,hireDate,salary) values("52092","angleworms","vitalized","2014-09-24T16:01:35.000Z","86108");
insert into Worker(employeeID,firstName,lastName,hireDate,salary) values("41864","prettied","croppers","2014-01-09T00:59:00.000Z","19968");
insert into Worker(employeeID,firstName,lastName,hireDate,salary) values("48222","inboard","swiftness's","2013-11-07T18:31:57.000Z","52087");
insert into Worker(employeeID,firstName,lastName,hireDate,salary) values("36202","profanes","unloved","2013-12-13T17:24:15.000Z","4285");
insert into Worker(employeeID,firstName,lastName,hireDate,salary) values("67228","hatchet's","efficacy's","2014-11-06T19:42:57.000Z","82588");
insert into Worker(employeeID,firstName,lastName,hireDate,salary) values("76399","Psalter","gout","2013-04-13T08:38:57.000Z","9958");
insert into Worker(employeeID,firstName,lastName,hireDate,salary) values("2185","thrive","outfox","2014-05-18T12:37:37.000Z","67348");
insert into Worker(employeeID,firstName,lastName,hireDate,salary) values("81757","gout","godforsaken","2013-01-23T15:59:34.000Z","41974");
insert into Worker(employeeID,firstName,lastName,hireDate,salary) values("42071","Nell's","gollies","2012-01-01T08:48:21.000Z","47637");
insert into Worker(employeeID,firstName,lastName,hireDate,salary) values("87974","herbalists","Hampton","2012-01-07T11:55:34.000Z","33888");
insert into Worker(employeeID,firstName,lastName,hireDate,salary) values("41413","coerces","soon","2013-06-21T09:02:59.000Z","75375");
insert into Worker(employeeID,firstName,lastName,hireDate,salary) values("28341","porn's","unloved","2013-11-19T04:28:20.000Z","27898");
insert into Worker(employeeID,firstName,lastName,hireDate,salary) values("64480","unhand","unsuspecting","2012-01-22T21:36:43.000Z","87767");
insert into Worker(employeeID,firstName,lastName,hireDate,salary) values("47640","profanes","wets","2013-10-08T13:08:52.000Z","99319");
insert into Worker(employeeID,firstName,lastName,hireDate,salary) values("17732","prettied","Croesus","2014-07-03T12:14:49.000Z","17714");
insert into Worker(employeeID,firstName,lastName,hireDate,salary) values("91338","belligerence","rewiring","2012-01-16T01:36:09.000Z","90391");
insert into Worker(employeeID,firstName,lastName,hireDate,salary) values("65639","Kowloon","hairbrushes","2014-02-05T19:38:55.000Z","62406");
insert into Worker(employeeID,firstName,lastName,hireDate,salary) values("20921","timer's","comforted","2012-01-06T13:13:49.000Z","91890");
insert into Worker(employeeID,firstName,lastName,hireDate,salary) values("43130","alohas","Hampton","2013-03-02T03:19:21.000Z","85540");
insert into Worker(employeeID,firstName,lastName,hireDate,salary) values("24208","profanes","pyramidal","2012-01-22T20:41:18.000Z","84124");
insert into Worker(employeeID,firstName,lastName,hireDate,salary) values("77923","efficacy's","trajectories","2012-01-27T03:06:30.000Z","19015");
insert into Worker(employeeID,firstName,lastName,hireDate,salary) values("11140","cheekiness's","ninja","2013-04-03T03:32:40.000Z","93945");
insert into Worker(employeeID,firstName,lastName,hireDate,salary) values("68421","urinate","herbalists","2012-01-23T02:07:06.000Z","116");
insert into Worker(employeeID,firstName,lastName,hireDate,salary) values("54669","enlarge","profanes","2013-08-14T19:27:43.000Z","72838");
insert into Worker(employeeID,firstName,lastName,hireDate,salary) values("79595","destinies","rumbling's","2013-03-08T05:52:23.000Z","73660");
insert into Worker(employeeID,firstName,lastName,hireDate,salary) values("81336","alohas","enlarge","2013-11-26T08:01:50.000Z","99061");
insert into Worker(employeeID,firstName,lastName,hireDate,salary) values("8967","gollies","pyramidal","2012-01-12T14:48:23.000Z","38265");
insert into Worker(employeeID,firstName,lastName,hireDate,salary) values("97247","inboard","Lidia","2014-11-03T00:31:53.000Z","46693");
insert into Worker(employeeID,firstName,lastName,hireDate,salary) values("48467","barrenness's","comforted","2012-01-14T06:53:25.000Z","92477");
insert into Worker(employeeID,firstName,lastName,hireDate,salary) values("78334","hairbrushes","prepossess","2014-09-06T11:32:42.000Z","70051");
insert into Worker(employeeID,firstName,lastName,hireDate,salary) values("77243","papacy's","enlarge","2014-05-05T16:29:35.000Z","38131");
insert into Worker(employeeID,firstName,lastName,hireDate,salary) values("30314","comforted","hairbrushes","2012-01-18T07:44:53.000Z","92048");
insert into Worker(employeeID,firstName,lastName,hireDate,salary) values("6294","skewed","Amtrak","2014-05-09T09:45:13.000Z","30692");
insert into Volunteer(employeeID) values("2185");
insert into Volunteer(employeeID) values("6294");
insert into Volunteer(employeeID) values("8444");
insert into Volunteer(employeeID) values("8967");
insert into Volunteer(employeeID) values("9149");
insert into Volunteer(employeeID) values("10131");
insert into Volunteer(employeeID) values("10492");
insert into Volunteer(employeeID) values("11072");
insert into Volunteer(employeeID) values("11140");
insert into Volunteer(employeeID) values("11914");
insert into Volunteer(employeeID) values("20921");
insert into Volunteer(employeeID) values("23353");
insert into Volunteer(employeeID) values("24660");
insert into Volunteer(employeeID) values("25900");
insert into Volunteer(employeeID) values("27001");
insert into Volunteer(employeeID) values("27201");
insert into Volunteer(employeeID) values("28341");
insert into Volunteer(employeeID) values("28413");
insert into Volunteer(employeeID) values("29804");
insert into Volunteer(employeeID) values("29928");
insert into Volunteer(employeeID) values("30314");
insert into Volunteer(employeeID) values("39446");
insert into Volunteer(employeeID) values("40625");
insert into Volunteer(employeeID) values("41413");
insert into Volunteer(employeeID) values("41864");
insert into Volunteer(employeeID) values("46131");
insert into Volunteer(employeeID) values("46482");
insert into Volunteer(employeeID) values("48222");
insert into Volunteer(employeeID) values("48467");
insert into Volunteer(employeeID) values("52092");
insert into Volunteer(employeeID) values("53389");
insert into Volunteer(employeeID) values("54669");
insert into Volunteer(employeeID) values("63637");
insert into Volunteer(employeeID) values("64480");
insert into Volunteer(employeeID) values("64882");
insert into Volunteer(employeeID) values("65639");
insert into Volunteer(employeeID) values("65909");
insert into Volunteer(employeeID) values("66893");
insert into Volunteer(employeeID) values("68000");
insert into Volunteer(employeeID) values("68421");
insert into Volunteer(employeeID) values("69572");
insert into Volunteer(employeeID) values("71485");
insert into Volunteer(employeeID) values("72288");
insert into Volunteer(employeeID) values("72337");
insert into Volunteer(employeeID) values("73916");
insert into Volunteer(employeeID) values("76235");
insert into Volunteer(employeeID) values("77243");
insert into Volunteer(employeeID) values("77755");
insert into Volunteer(employeeID) values("77923");
insert into Volunteer(employeeID) values("78334");
insert into Volunteer(employeeID) values("79586");
insert into Volunteer(employeeID) values("79595");
insert into Volunteer(employeeID) values("81336");
insert into Volunteer(employeeID) values("81757");
insert into Volunteer(employeeID) values("84045");
insert into Volunteer(employeeID) values("84205");
insert into Volunteer(employeeID) values("86149");
insert into Volunteer(employeeID) values("87974");
insert into Volunteer(employeeID) values("88933");
insert into Volunteer(employeeID) values("89678");
insert into Volunteer(employeeID) values("91338");
insert into Volunteer(employeeID) values("93007");
insert into Volunteer(employeeID) values("93944");
insert into Volunteer(employeeID) values("94941");
insert into Volunteer(employeeID) values("97247");
insert into Volunteer(employeeID) values("97567");
insert into TreatmentGiver(treatmentGiverID) values("1800");
insert into TreatmentGiver(treatmentGiverID) values("2937");
insert into TreatmentGiver(treatmentGiverID) values("2982");
insert into TreatmentGiver(treatmentGiverID) values("3542");
insert into TreatmentGiver(treatmentGiverID) values("7673");
insert into TreatmentGiver(treatmentGiverID) values("7828");
insert into TreatmentGiver(treatmentGiverID) values("8852");
insert into TreatmentGiver(treatmentGiverID) values("9170");
insert into TreatmentGiver(treatmentGiverID) values("9942");
insert into TreatmentGiver(treatmentGiverID) values("11943");
insert into TreatmentGiver(treatmentGiverID) values("12631");
insert into TreatmentGiver(treatmentGiverID) values("13161");
insert into TreatmentGiver(treatmentGiverID) values("13233");
insert into TreatmentGiver(treatmentGiverID) values("13437");
insert into TreatmentGiver(treatmentGiverID) values("13849");
insert into TreatmentGiver(treatmentGiverID) values("15617");
insert into TreatmentGiver(treatmentGiverID) values("16374");
insert into TreatmentGiver(treatmentGiverID) values("16798");
insert into TreatmentGiver(treatmentGiverID) values("17418");
insert into TreatmentGiver(treatmentGiverID) values("18929");
insert into TreatmentGiver(treatmentGiverID) values("19431");
insert into TreatmentGiver(treatmentGiverID) values("20113");
insert into TreatmentGiver(treatmentGiverID) values("20620");
insert into TreatmentGiver(treatmentGiverID) values("21592");
insert into TreatmentGiver(treatmentGiverID) values("23011");
insert into TreatmentGiver(treatmentGiverID) values("23513");
insert into TreatmentGiver(treatmentGiverID) values("24662");
insert into TreatmentGiver(treatmentGiverID) values("26124");
insert into TreatmentGiver(treatmentGiverID) values("27656");
insert into TreatmentGiver(treatmentGiverID) values("27726");
insert into TreatmentGiver(treatmentGiverID) values("28416");
insert into TreatmentGiver(treatmentGiverID) values("29684");
insert into TreatmentGiver(treatmentGiverID) values("30566");
insert into TreatmentGiver(treatmentGiverID) values("31261");
insert into TreatmentGiver(treatmentGiverID) values("32032");
insert into TreatmentGiver(treatmentGiverID) values("33495");
insert into TreatmentGiver(treatmentGiverID) values("33509");
insert into TreatmentGiver(treatmentGiverID) values("35019");
insert into TreatmentGiver(treatmentGiverID) values("35621");
insert into TreatmentGiver(treatmentGiverID) values("37623");
insert into TreatmentGiver(treatmentGiverID) values("38395");
insert into TreatmentGiver(treatmentGiverID) values("39082");
insert into TreatmentGiver(treatmentGiverID) values("39836");
insert into TreatmentGiver(treatmentGiverID) values("40688");
insert into TreatmentGiver(treatmentGiverID) values("40891");
insert into TreatmentGiver(treatmentGiverID) values("41703");
insert into TreatmentGiver(treatmentGiverID) values("44544");
insert into TreatmentGiver(treatmentGiverID) values("45240");
insert into TreatmentGiver(treatmentGiverID) values("46162");
insert into TreatmentGiver(treatmentGiverID) values("47813");
insert into TreatmentGiver(treatmentGiverID) values("48500");
insert into TreatmentGiver(treatmentGiverID) values("48753");
insert into TreatmentGiver(treatmentGiverID) values("48943");
insert into TreatmentGiver(treatmentGiverID) values("50043");
insert into TreatmentGiver(treatmentGiverID) values("51771");
insert into TreatmentGiver(treatmentGiverID) values("51908");
insert into TreatmentGiver(treatmentGiverID) values("52500");
insert into TreatmentGiver(treatmentGiverID) values("53734");
insert into TreatmentGiver(treatmentGiverID) values("57153");
insert into TreatmentGiver(treatmentGiverID) values("57452");
insert into TreatmentGiver(treatmentGiverID) values("58156");
insert into TreatmentGiver(treatmentGiverID) values("59046");
insert into TreatmentGiver(treatmentGiverID) values("59537");
insert into TreatmentGiver(treatmentGiverID) values("61123");
insert into TreatmentGiver(treatmentGiverID) values("63320");
insert into TreatmentGiver(treatmentGiverID) values("63842");
insert into TreatmentGiver(treatmentGiverID) values("63911");
insert into TreatmentGiver(treatmentGiverID) values("64157");
insert into TreatmentGiver(treatmentGiverID) values("64207");
insert into TreatmentGiver(treatmentGiverID) values("64561");
insert into TreatmentGiver(treatmentGiverID) values("65012");
insert into TreatmentGiver(treatmentGiverID) values("65275");
insert into TreatmentGiver(treatmentGiverID) values("65822");
insert into TreatmentGiver(treatmentGiverID) values("66359");
insert into TreatmentGiver(treatmentGiverID) values("67035");
insert into TreatmentGiver(treatmentGiverID) values("67149");
insert into TreatmentGiver(treatmentGiverID) values("67182");
insert into TreatmentGiver(treatmentGiverID) values("67776");
insert into TreatmentGiver(treatmentGiverID) values("69633");
insert into TreatmentGiver(treatmentGiverID) values("70990");
insert into TreatmentGiver(treatmentGiverID) values("72161");
insert into TreatmentGiver(treatmentGiverID) values("73355");
insert into TreatmentGiver(treatmentGiverID) values("73929");
insert into TreatmentGiver(treatmentGiverID) values("74126");
insert into TreatmentGiver(treatmentGiverID) values("76935");
insert into TreatmentGiver(treatmentGiverID) values("79093");
insert into TreatmentGiver(treatmentGiverID) values("79543");
insert into TreatmentGiver(treatmentGiverID) values("79629");
insert into TreatmentGiver(treatmentGiverID) values("80993");
insert into TreatmentGiver(treatmentGiverID) values("84409");
insert into TreatmentGiver(treatmentGiverID) values("86299");
insert into TreatmentGiver(treatmentGiverID) values("87543");
insert into TreatmentGiver(treatmentGiverID) values("89788");
insert into TreatmentGiver(treatmentGiverID) values("91782");
insert into TreatmentGiver(treatmentGiverID) values("93719");
insert into TreatmentGiver(treatmentGiverID) values("94699");
insert into TreatmentGiver(treatmentGiverID) values("94902");
insert into TreatmentGiver(treatmentGiverID) values("95740");
insert into TreatmentGiver(treatmentGiverID) values("96502");
insert into TreatmentGiver(treatmentGiverID) values("96560");
insert into Treatment(treatmentID,name,isMedication) values("111","gollies","0");
insert into Treatment(treatmentID,name,isMedication) values("493","cheekiness's","1");
insert into Treatment(treatmentID,name,isMedication) values("2113","unsuspecting","1");
insert into Treatment(treatmentID,name,isMedication) values("3271","disrupt","1");
insert into Treatment(treatmentID,name,isMedication) values("5412","sheathe","1");
insert into Treatment(treatmentID,name,isMedication) values("5443","hardcovers","1");
insert into Treatment(treatmentID,name,isMedication) values("5714","barrenness's","0");
insert into Treatment(treatmentID,name,isMedication) values("6069","barrenness's","0");
insert into Treatment(treatmentID,name,isMedication) values("8738","contradictions","0");
insert into Treatment(treatmentID,name,isMedication) values("9247","prepossess","1");
insert into Treatment(treatmentID,name,isMedication) values("9538","Kojak's","1");
insert into Treatment(treatmentID,name,isMedication) values("10789","Hampton","0");
insert into Treatment(treatmentID,name,isMedication) values("13569","Psalter","0");
insert into Treatment(treatmentID,name,isMedication) values("15099","papacy's","0");
insert into Treatment(treatmentID,name,isMedication) values("15598","skewed","1");
insert into Treatment(treatmentID,name,isMedication) values("17806","unhand","1");
insert into Treatment(treatmentID,name,isMedication) values("18180","stencilled","1");
insert into Treatment(treatmentID,name,isMedication) values("18198","Pascal's","0");
insert into Treatment(treatmentID,name,isMedication) values("18237","rumbling's","0");
insert into Treatment(treatmentID,name,isMedication) values("20194","herbalists","1");
insert into Treatment(treatmentID,name,isMedication) values("20535","flip's","0");
insert into Treatment(treatmentID,name,isMedication) values("23984","Lidia","0");
insert into Treatment(treatmentID,name,isMedication) values("24696","worthier","0");
insert into Treatment(treatmentID,name,isMedication) values("26285","rulings","1");
insert into Treatment(treatmentID,name,isMedication) values("26628","croppers","1");
insert into Treatment(treatmentID,name,isMedication) values("27575","hairbrushes","1");
insert into Treatment(treatmentID,name,isMedication) values("27751","Aphrodite","0");
insert into Treatment(treatmentID,name,isMedication) values("27808","blench","0");
insert into Treatment(treatmentID,name,isMedication) values("28017","dissension","1");
insert into Treatment(treatmentID,name,isMedication) values("28484","Hampton","0");
insert into Treatment(treatmentID,name,isMedication) values("29144","inboard","0");
insert into Treatment(treatmentID,name,isMedication) values("29228","thermal's","1");
insert into Treatment(treatmentID,name,isMedication) values("29853","secularization's","0");
insert into Treatment(treatmentID,name,isMedication) values("30455","thrive","0");
insert into Treatment(treatmentID,name,isMedication) values("31999","gout","1");
insert into Treatment(treatmentID,name,isMedication) values("32060","hatchet's","0");
insert into Treatment(treatmentID,name,isMedication) values("32429","prettied","0");
insert into Treatment(treatmentID,name,isMedication) values("33960","prepossess","1");
insert into Treatment(treatmentID,name,isMedication) values("34031","Markab","0");
insert into Treatment(treatmentID,name,isMedication) values("34605","moo's","1");
insert into Treatment(treatmentID,name,isMedication) values("34843","cowpokes","1");
insert into Treatment(treatmentID,name,isMedication) values("36389","thrive","1");
insert into Treatment(treatmentID,name,isMedication) values("36539","stencilled","1");
insert into Treatment(treatmentID,name,isMedication) values("37024","bathmats","1");
insert into Treatment(treatmentID,name,isMedication) values("38551","unloved","1");
insert into Treatment(treatmentID,name,isMedication) values("40928","swiftness's","1");
insert into Treatment(treatmentID,name,isMedication) values("45263","drilled","0");
insert into Treatment(treatmentID,name,isMedication) values("46603","disrupt","0");
insert into Treatment(treatmentID,name,isMedication) values("47420","cheekiness's","1");
insert into Treatment(treatmentID,name,isMedication) values("48611","pyramidal","0");
insert into Treatment(treatmentID,name,isMedication) values("49754","outfox","1");
insert into Treatment(treatmentID,name,isMedication) values("51007","Duke's","1");
insert into Treatment(treatmentID,name,isMedication) values("51495","skewed","0");
insert into Treatment(treatmentID,name,isMedication) values("51813","Creoles","0");
insert into Treatment(treatmentID,name,isMedication) values("52167","gout","0");
insert into Treatment(treatmentID,name,isMedication) values("54122","coerces","1");
insert into Treatment(treatmentID,name,isMedication) values("54488","barrenness's","1");
insert into Treatment(treatmentID,name,isMedication) values("55485","destinies","1");
insert into Treatment(treatmentID,name,isMedication) values("55497","disrupt","0");
insert into Treatment(treatmentID,name,isMedication) values("56081","Powers","1");
insert into Treatment(treatmentID,name,isMedication) values("57258","dissension","0");
insert into Treatment(treatmentID,name,isMedication) values("57871","cornrowing","0");
insert into Treatment(treatmentID,name,isMedication) values("58655","ambulatories","0");
insert into Treatment(treatmentID,name,isMedication) values("59816","coerces","1");
insert into Treatment(treatmentID,name,isMedication) values("61016","soon","0");
insert into Treatment(treatmentID,name,isMedication) values("62301","circumvents","1");
insert into Treatment(treatmentID,name,isMedication) values("62468","porn's","0");
insert into Treatment(treatmentID,name,isMedication) values("62842","prearranged","0");
insert into Treatment(treatmentID,name,isMedication) values("64585","gollies","1");
insert into Treatment(treatmentID,name,isMedication) values("65091","Klondikes","0");
insert into Treatment(treatmentID,name,isMedication) values("66401","wherewithal","1");
insert into Treatment(treatmentID,name,isMedication) values("67635","Markab","1");
insert into Treatment(treatmentID,name,isMedication) values("69376","Tulane's","1");
insert into Treatment(treatmentID,name,isMedication) values("69503","chants","1");
insert into Treatment(treatmentID,name,isMedication) values("70724","gout","1");
insert into Treatment(treatmentID,name,isMedication) values("70856","Pascal's","0");
insert into Treatment(treatmentID,name,isMedication) values("71790","efficacy's","0");
insert into Treatment(treatmentID,name,isMedication) values("72882","angleworms","1");
insert into Treatment(treatmentID,name,isMedication) values("73113","flip's","1");
insert into Treatment(treatmentID,name,isMedication) values("74309","destinies","0");
insert into Treatment(treatmentID,name,isMedication) values("74315","outfox","1");
insert into Treatment(treatmentID,name,isMedication) values("75564","wets","0");
insert into Treatment(treatmentID,name,isMedication) values("76153","wherewithal","1");
insert into Treatment(treatmentID,name,isMedication) values("76271","cheekiness's","0");
insert into Treatment(treatmentID,name,isMedication) values("76586","emaciate","0");
insert into Treatment(treatmentID,name,isMedication) values("78526","Aphrodite","0");
insert into Treatment(treatmentID,name,isMedication) values("78649","destinies","0");
insert into Treatment(treatmentID,name,isMedication) values("79485","dissension","0");
insert into Treatment(treatmentID,name,isMedication) values("82259","ambulatories","1");
insert into Treatment(treatmentID,name,isMedication) values("83861","herbalists","0");
insert into Treatment(treatmentID,name,isMedication) values("84199","stencilled","1");
insert into Treatment(treatmentID,name,isMedication) values("85046","unhand","0");
insert into Treatment(treatmentID,name,isMedication) values("87054","Psalter","0");
insert into Treatment(treatmentID,name,isMedication) values("87637","croppers","0");
insert into Treatment(treatmentID,name,isMedication) values("91368","Lidia","0");
insert into Treatment(treatmentID,name,isMedication) values("93278","Lidia","1");
insert into Treatment(treatmentID,name,isMedication) values("95153","nudist's","0");
insert into Treatment(treatmentID,name,isMedication) values("97125","Croesus","1");
insert into Treatment(treatmentID,name,isMedication) values("98722","Duke's","1");
insert into Treatment(treatmentID,name,isMedication) values("99422","Beatles","1");
insert into Technician(employeeID,treatmentGiverID) values("10131","1800");
insert into Technician(employeeID,treatmentGiverID) values("64882","3542");
insert into Technician(employeeID,treatmentGiverID) values("78334","7673");
insert into Technician(employeeID,treatmentGiverID) values("68000","8852");
insert into Technician(employeeID,treatmentGiverID) values("70812","9942");
insert into Technician(employeeID,treatmentGiverID) values("52092","11943");
insert into Technician(employeeID,treatmentGiverID) values("99938","12631");
insert into Technician(employeeID,treatmentGiverID) values("77243","13233");
insert into Technician(employeeID,treatmentGiverID) values("87974","13437");
insert into Technician(employeeID,treatmentGiverID) values("80603","16374");
insert into Technician(employeeID,treatmentGiverID) values("39446","16798");
insert into Technician(employeeID,treatmentGiverID) values("97567","17418");
insert into Technician(employeeID,treatmentGiverID) values("56081","18929");
insert into Technician(employeeID,treatmentGiverID) values("64480","19431");
insert into Technician(employeeID,treatmentGiverID) values("43824","20113");
insert into Technician(employeeID,treatmentGiverID) values("67228","23011");
insert into Technician(employeeID,treatmentGiverID) values("50156","24662");
insert into Technician(employeeID,treatmentGiverID) values("63380","26124");
insert into Technician(employeeID,treatmentGiverID) values("69572","27656");
insert into Technician(employeeID,treatmentGiverID) values("76399","28416");
insert into Technician(employeeID,treatmentGiverID) values("42307","30566");
insert into Technician(employeeID,treatmentGiverID) values("23353","31261");
insert into Technician(employeeID,treatmentGiverID) values("76235","32032");
insert into Technician(employeeID,treatmentGiverID) values("54669","33495");
insert into Technician(employeeID,treatmentGiverID) values("6621","33509");
insert into Technician(employeeID,treatmentGiverID) values("68421","35621");
insert into Technician(employeeID,treatmentGiverID) values("2185","37623");
insert into Technician(employeeID,treatmentGiverID) values("47441","38395");
insert into Technician(employeeID,treatmentGiverID) values("9149","39082");
insert into Technician(employeeID,treatmentGiverID) values("41016","39836");
insert into Technician(employeeID,treatmentGiverID) values("42071","41703");
insert into Technician(employeeID,treatmentGiverID) values("4336","44544");
insert into Technician(employeeID,treatmentGiverID) values("88933","45240");
insert into Technician(employeeID,treatmentGiverID) values("89678","48753");
insert into Technician(employeeID,treatmentGiverID) values("52762","50043");
insert into Technician(employeeID,treatmentGiverID) values("28352","51771");
insert into Technician(employeeID,treatmentGiverID) values("91860","52500");
insert into Technician(employeeID,treatmentGiverID) values("81336","53734");
insert into Technician(employeeID,treatmentGiverID) values("84205","59046");
insert into Technician(employeeID,treatmentGiverID) values("17732","59537");
insert into Technician(employeeID,treatmentGiverID) values("16652","61123");
insert into Technician(employeeID,treatmentGiverID) values("73916","63320");
insert into Technician(employeeID,treatmentGiverID) values("81757","64157");
insert into Technician(employeeID,treatmentGiverID) values("94941","64207");
insert into Technician(employeeID,treatmentGiverID) values("97247","65275");
insert into Technician(employeeID,treatmentGiverID) values("85672","65822");
insert into Technician(employeeID,treatmentGiverID) values("95989","66359");
insert into Technician(employeeID,treatmentGiverID) values("25900","67182");
insert into Technician(employeeID,treatmentGiverID) values("48467","67776");
insert into Technician(employeeID,treatmentGiverID) values("48222","70990");
insert into Technician(employeeID,treatmentGiverID) values("46131","72161");
insert into Technician(employeeID,treatmentGiverID) values("29804","79093");
insert into Technician(employeeID,treatmentGiverID) values("41864","79629");
insert into Technician(employeeID,treatmentGiverID) values("93007","87543");
insert into Technician(employeeID,treatmentGiverID) values("77755","91782");
insert into Staff(employeeID) values("2185");
insert into Staff(employeeID) values("3630");
insert into Staff(employeeID) values("4336");
insert into Staff(employeeID) values("6294");
insert into Staff(employeeID) values("6621");
insert into Staff(employeeID) values("8444");
insert into Staff(employeeID) values("8967");
insert into Staff(employeeID) values("9149");
insert into Staff(employeeID) values("10131");
insert into Staff(employeeID) values("10492");
insert into Staff(employeeID) values("11072");
insert into Staff(employeeID) values("11140");
insert into Staff(employeeID) values("11914");
insert into Staff(employeeID) values("15371");
insert into Staff(employeeID) values("16652");
insert into Staff(employeeID) values("17113");
insert into Staff(employeeID) values("17732");
insert into Staff(employeeID) values("20921");
insert into Staff(employeeID) values("23353");
insert into Staff(employeeID) values("24660");
insert into Staff(employeeID) values("25900");
insert into Staff(employeeID) values("27001");
insert into Staff(employeeID) values("28341");
insert into Staff(employeeID) values("28413");
insert into Staff(employeeID) values("29626");
insert into Staff(employeeID) values("29804");
insert into Staff(employeeID) values("29928");
insert into Staff(employeeID) values("30314");
insert into Staff(employeeID) values("36202");
insert into Staff(employeeID) values("39446");
insert into Staff(employeeID) values("40625");
insert into Staff(employeeID) values("41016");
insert into Staff(employeeID) values("41413");
insert into Staff(employeeID) values("41864");
insert into Staff(employeeID) values("42071");
insert into Staff(employeeID) values("43130");
insert into Staff(employeeID) values("43824");
insert into Staff(employeeID) values("46131");
insert into Staff(employeeID) values("46482");
insert into Staff(employeeID) values("47228");
insert into Staff(employeeID) values("47441");
insert into Staff(employeeID) values("47640");
insert into Staff(employeeID) values("48222");
insert into Staff(employeeID) values("48467");
insert into Staff(employeeID) values("52092");
insert into Staff(employeeID) values("52762");
insert into Staff(employeeID) values("53389");
insert into Staff(employeeID) values("54669");
insert into Staff(employeeID) values("56081");
insert into Staff(employeeID) values("63380");
insert into Staff(employeeID) values("63637");
insert into Staff(employeeID) values("64294");
insert into Staff(employeeID) values("64480");
insert into Staff(employeeID) values("64882");
insert into Staff(employeeID) values("64942");
insert into Staff(employeeID) values("65909");
insert into Staff(employeeID) values("66893");
insert into Staff(employeeID) values("67228");
insert into Staff(employeeID) values("68000");
insert into Staff(employeeID) values("68421");
insert into Staff(employeeID) values("69572");
insert into Staff(employeeID) values("70812");
insert into Staff(employeeID) values("71485");
insert into Staff(employeeID) values("72288");
insert into Staff(employeeID) values("72337");
insert into Staff(employeeID) values("73916");
insert into Staff(employeeID) values("74277");
insert into Staff(employeeID) values("76235");
insert into Staff(employeeID) values("76399");
insert into Staff(employeeID) values("77243");
insert into Staff(employeeID) values("77755");
insert into Staff(employeeID) values("77923");
insert into Staff(employeeID) values("78334");
insert into Staff(employeeID) values("79595");
insert into Staff(employeeID) values("80603");
insert into Staff(employeeID) values("81336");
insert into Staff(employeeID) values("81757");
insert into Staff(employeeID) values("84045");
insert into Staff(employeeID) values("84205");
insert into Staff(employeeID) values("85672");
insert into Staff(employeeID) values("86149");
insert into Staff(employeeID) values("87974");
insert into Staff(employeeID) values("88933");
insert into Staff(employeeID) values("91338");
insert into Staff(employeeID) values("91860");
insert into Staff(employeeID) values("93944");
insert into Staff(employeeID) values("94941");
insert into Staff(employeeID) values("95989");
insert into Staff(employeeID) values("97247");
insert into Staff(employeeID) values("97567");
insert into Staff(employeeID) values("99938");
insert into Room(roomNumber,employeeID,roomDescription,volunteerRoom) values("101","86149","Cafeteria","false");
insert into Room(roomNumber,employeeID,roomDescription,volunteerRoom) values("102","68421","Gift Shop","false");
insert into Room(roomNumber,employeeID,roomDescription,volunteerRoom) values("103","64942","Janitor Closet","false");
insert into Room(roomNumber,employeeID,roomDescription,volunteerRoom) values("104","20921","Info Desk","true");
insert into Room(roomNumber,employeeID,roomDescription,volunteerRoom) values("105","47228","Info Desk","true");
insert into Room(roomNumber,employeeID,roomDescription,volunteerRoom) values("106","91338","Cafeteria","true");
insert into Room(roomNumber,employeeID,roomDescription,volunteerRoom) values("107","97247","Info Desk","false");
insert into Room(roomNumber,employeeID,roomDescription,volunteerRoom) values("108","25900","Janitor Closet","true");
insert into Room(roomNumber,employeeID,roomDescription,volunteerRoom) values("109","85672","Gift Shop","false");
insert into Room(roomNumber,employeeID,roomDescription,volunteerRoom) values("111","63380","Cafeteria","true");
insert into Room(roomNumber,employeeID,roomDescription,volunteerRoom) values("112","24208","Gift Shop","false");
insert into Room(roomNumber,employeeID,roomDescription,volunteerRoom) values("113","47640","Janitor Closet","true");
insert into Room(roomNumber,employeeID,roomDescription,volunteerRoom) values("114","91338","Gift Shop","true");
insert into Room(roomNumber,employeeID,roomDescription,volunteerRoom) values("115","78334","Info Desk","true");
insert into Room(roomNumber,employeeID,roomDescription,volunteerRoom) values("116","77755","Info Desk","false");
insert into Room(roomNumber,employeeID,roomDescription,volunteerRoom) values("117","54669","Gift Shop","false");
insert into Room(roomNumber,employeeID,roomDescription,volunteerRoom) values("118","77923","Cafeteria","false");
insert into Room(roomNumber,employeeID,roomDescription,volunteerRoom) values("119","81757","Info Desk","true");
insert into Room(roomNumber,employeeID,roomDescription,volunteerRoom) values("120","11072","Info Desk","false");
insert into Room(roomNumber,employeeID,roomDescription,volunteerRoom) values("121","68000","Gift Shop","true");
insert into Room(roomNumber,employeeID,roomDescription,volunteerRoom) values("122","28352","Janitor Closet","true");
insert into Room(roomNumber,employeeID,roomDescription,volunteerRoom) values("123","95989","Info Desk","true");
insert into Room(roomNumber,employeeID,roomDescription,volunteerRoom) values("124","69572","Gift Shop","false");
insert into Room(roomNumber,employeeID,roomDescription,volunteerRoom) values("125","3630","Cafeteria","false");
insert into Room(roomNumber,employeeID,roomDescription,volunteerRoom) values("126","15371","Cafeteria","true");
insert into Room(roomNumber,employeeID,roomDescription,volunteerRoom) values("127","94941","Info Desk","true");
insert into Room(roomNumber,employeeID,roomDescription,volunteerRoom) values("128","97567","Gift Shop","false");
insert into Room(roomNumber,employeeID,roomDescription,volunteerRoom) values("129","97567","Cafeteria","false");
insert into Room(roomNumber,employeeID,roomDescription,volunteerRoom) values("130","87974","Cafeteria","true");
insert into Room(roomNumber,employeeID,roomDescription,volunteerRoom) values("131","30314","Janitor Closet","false");
insert into Room(roomNumber,employeeID,roomDescription,volunteerRoom) values("132","71485","Info Desk","false");
insert into Room(roomNumber,employeeID,roomDescription,volunteerRoom) values("133","84205","Info Desk","true");
insert into Room(roomNumber,employeeID,roomDescription,volunteerRoom) values("134","79586","Cafeteria","false");
insert into Room(roomNumber,employeeID,roomDescription,volunteerRoom) values("135","11914","Janitor Closet","false");
insert into Room(roomNumber,employeeID,roomDescription,volunteerRoom) values("136","84205","Gift Shop","true");
insert into Room(roomNumber,employeeID,roomDescription,volunteerRoom) values("137","29928","Cafeteria","false");
insert into Room(roomNumber,employeeID,roomDescription,volunteerRoom) values("138","77755","Info Desk","true");
insert into Room(roomNumber,employeeID,roomDescription,volunteerRoom) values("139","4336","Gift Shop","true");
insert into Room(roomNumber,employeeID,roomDescription,volunteerRoom) values("140","66893","Info Desk","true");
insert into Room(roomNumber,employeeID,roomDescription,volunteerRoom) values("141","93944","Info Desk","true");
insert into Room(roomNumber,employeeID,roomDescription,volunteerRoom) values("142","77923","Gift Shop","false");
insert into Room(roomNumber,employeeID,roomDescription,volunteerRoom) values("143","17732","Gift Shop","true");
insert into Room(roomNumber,employeeID,roomDescription,volunteerRoom) values("144","77755","Janitor Closet","true");
insert into Room(roomNumber,employeeID,roomDescription,volunteerRoom) values("145","64882","Janitor Closet","true");
insert into Room(roomNumber,employeeID,roomDescription,volunteerRoom) values("146","71485","Cafeteria","true");
insert into Room(roomNumber,employeeID,roomDescription,volunteerRoom) values("147","47441","Cafeteria","true");
insert into Room(roomNumber,employeeID,roomDescription,volunteerRoom) values("148","28352","Janitor Closet","true");
insert into Room(roomNumber,employeeID,roomDescription,volunteerRoom) values("149","69572","Janitor Closet","false");
insert into Patient(patientID,firstName,lastName,insurancePolicy,emergencyContact) values("66721","Amtrak","relabelling","41328","associated");
insert into Patient(patientID,firstName,lastName,insurancePolicy,emergencyContact) values("24656","godforsaken","hairbrushes","31579","interdict's");
insert into Patient(patientID,firstName,lastName,insurancePolicy,emergencyContact) values("55532","skewed","pyramidal","75795","relabelling");
insert into Patient(patientID,firstName,lastName,insurancePolicy,emergencyContact) values("35935","wets","porn's","32576","enlarge");
insert into Patient(patientID,firstName,lastName,insurancePolicy,emergencyContact) values("62704","associated","thermal's","86574","Lidia");
insert into Patient(patientID,firstName,lastName,insurancePolicy,emergencyContact) values("59539","secularization's","rewiring","54831","hardcovers");
insert into Patient(patientID,firstName,lastName,insurancePolicy,emergencyContact) values("67234","Beatles","Markab","14499","godforsaken");
insert into Patient(patientID,firstName,lastName,insurancePolicy,emergencyContact) values("40181","godforsaken","efficacy's","65514","associated");
insert into Patient(patientID,firstName,lastName,insurancePolicy,emergencyContact) values("37723","Nell's","associated","91182","Croesus");
insert into Patient(patientID,firstName,lastName,insurancePolicy,emergencyContact) values("13414","croppers","stencilled","74239","worthier");
insert into Patient(patientID,firstName,lastName,insurancePolicy,emergencyContact) values("73555","hardcovers","Markab","74248","extremes");
insert into Patient(patientID,firstName,lastName,insurancePolicy,emergencyContact) values("81805","unhand","croppers","56602","Beatles");
insert into Patient(patientID,firstName,lastName,insurancePolicy,emergencyContact) values("45781","curative","patriarchies","28303","nudist's");
insert into Patient(patientID,firstName,lastName,insurancePolicy,emergencyContact) values("27592","blench","unsuspecting","20069","trajectories");
insert into Patient(patientID,firstName,lastName,insurancePolicy,emergencyContact) values("74442","pyramidal","urinate","81936","thrive");
insert into Patient(patientID,firstName,lastName,insurancePolicy,emergencyContact) values("8928","comforted","profanes","73950","angleworms");
insert into Patient(patientID,firstName,lastName,insurancePolicy,emergencyContact) values("40118","craftily","Duke's","7367","corrugation");
insert into Patient(patientID,firstName,lastName,insurancePolicy,emergencyContact) values("11069","angleworms","weeding","12822","secularization's");
insert into Patient(patientID,firstName,lastName,insurancePolicy,emergencyContact) values("19084","rumbling's","Croesus","33884","urinate");
insert into Patient(patientID,firstName,lastName,insurancePolicy,emergencyContact) values("91291","Rolex's","Powers","96263","Beatles");
insert into Patient(patientID,firstName,lastName,insurancePolicy,emergencyContact) values("12475","Kojak's","controverted","97568","urinate");
insert into Patient(patientID,firstName,lastName,insurancePolicy,emergencyContact) values("11654","wherewithal","Tulane's","27393","cornrowing");
insert into Patient(patientID,firstName,lastName,insurancePolicy,emergencyContact) values("91457","godforsaken","wets","9248","bathmats");
insert into Patient(patientID,firstName,lastName,insurancePolicy,emergencyContact) values("66817","Psalter","soon","85236","belligerence");
insert into Patient(patientID,firstName,lastName,insurancePolicy,emergencyContact) values("92866","gout","blench","11576","Rolex's");
insert into Patient(patientID,firstName,lastName,insurancePolicy,emergencyContact) values("25642","cowpokes","peccadillo's","45477","Psalter");
insert into Patient(patientID,firstName,lastName,insurancePolicy,emergencyContact) values("34429","gout","barrenness's","25151","barrenness's");
insert into Patient(patientID,firstName,lastName,insurancePolicy,emergencyContact) values("48665","belligerence","prearranged","29713","Duke's");
insert into Patient(patientID,firstName,lastName,insurancePolicy,emergencyContact) values("56381","rumbling's","comforted","50916","alohas");
insert into Patient(patientID,firstName,lastName,insurancePolicy,emergencyContact) values("47259","secularization's","barrenness's","75053","destinies");
insert into Patient(patientID,firstName,lastName,insurancePolicy,emergencyContact) values("95043","vitalized","ninja","19838","worthier");
insert into Patient(patientID,firstName,lastName,insurancePolicy,emergencyContact) values("75814","timer's","hardcovers","1725","Lidia");
insert into Patient(patientID,firstName,lastName,insurancePolicy,emergencyContact) values("71916","contradictions","cowpokes","66647","relabelling");
insert into Patient(patientID,firstName,lastName,insurancePolicy,emergencyContact) values("70489","cornrowing","Aphrodite","76965","vitalized");
insert into Patient(patientID,firstName,lastName,insurancePolicy,emergencyContact) values("11684","Creoles","Duke's","35360","skewed");
insert into Patient(patientID,firstName,lastName,insurancePolicy,emergencyContact) values("1560","herbalists","thrive","7650","associated");
insert into Patient(patientID,firstName,lastName,insurancePolicy,emergencyContact) values("11502","thrive","corrugation","49703","Nell's");
insert into Patient(patientID,firstName,lastName,insurancePolicy,emergencyContact) values("37823","angleworms","craftily","47881","Hampton");
insert into Patient(patientID,firstName,lastName,insurancePolicy,emergencyContact) values("3572","destinies","outfox","31397","wets");
insert into Patient(patientID,firstName,lastName,insurancePolicy,emergencyContact) values("28202","ninja","Nell's","89554","drilled");
insert into Patient(patientID,firstName,lastName,insurancePolicy,emergencyContact) values("14929","unhand","thermal's","15809","Psalter");
insert into Patient(patientID,firstName,lastName,insurancePolicy,emergencyContact) values("67438","Pascal's","rulings","70691","relabelling");
insert into Patient(patientID,firstName,lastName,insurancePolicy,emergencyContact) values("55355","dissension","secularization's","12711","thermal's");
insert into Patient(patientID,firstName,lastName,insurancePolicy,emergencyContact) values("50697","efficacy's","trajectories","64499","destinies");
insert into Patient(patientID,firstName,lastName,insurancePolicy,emergencyContact) values("98646","Kojak's","brooms","47449","weeding");
insert into Patient(patientID,firstName,lastName,insurancePolicy,emergencyContact) values("6011","angleworms","prettied","56137","gout");
insert into Patient(patientID,firstName,lastName,insurancePolicy,emergencyContact) values("49109","inboard","timer's","47017","Galois");
insert into Patient(patientID,firstName,lastName,insurancePolicy,emergencyContact) values("87455","weeding","weeding","7248","relabelling");
insert into Patient(patientID,firstName,lastName,insurancePolicy,emergencyContact) values("49162","alohas","Powers","59137","cheekiness's");
insert into Patient(patientID,firstName,lastName,insurancePolicy,emergencyContact) values("26157","trajectories","bathmats","38558","Kowloon");
insert into Patient(patientID,firstName,lastName,insurancePolicy,emergencyContact) values("94455","peccadillo's","craftily","81997","hairbrushes");
insert into Patient(patientID,firstName,lastName,insurancePolicy,emergencyContact) values("86747","profanes","Nell's","21472","coerces");
insert into Patient(patientID,firstName,lastName,insurancePolicy,emergencyContact) values("17114","disrupt","bathmats","52980","rulings");
insert into Patient(patientID,firstName,lastName,insurancePolicy,emergencyContact) values("94955","Croesus","enlarge","80011","craftily");
insert into Patient(patientID,firstName,lastName,insurancePolicy,emergencyContact) values("32940","Powers","cornrowing","82677","coerces");
insert into Patient(patientID,firstName,lastName,insurancePolicy,emergencyContact) values("68286","paralegal","flip's","64920","nudist's");
insert into Patient(patientID,firstName,lastName,insurancePolicy,emergencyContact) values("40125","Beatles","controverted","35357","Markab");
insert into Patient(patientID,firstName,lastName,insurancePolicy,emergencyContact) values("23652","inboard","Psalter","63499","corrugation");
insert into Patient(patientID,firstName,lastName,insurancePolicy,emergencyContact) values("74232","craftily","wets","42673","circumvents");
insert into Patient(patientID,firstName,lastName,insurancePolicy,emergencyContact) values("62889","extremes","Galois","53465","flip's");
insert into Patient(patientID,firstName,lastName,insurancePolicy,emergencyContact) values("29902","herbalists","profanes","88368","hairbrushes");
insert into Patient(patientID,firstName,lastName,insurancePolicy,emergencyContact) values("94281","Rolex's","patriarchies","2920","relabelling");
insert into Patient(patientID,firstName,lastName,insurancePolicy,emergencyContact) values("4452","Duke's","unhand","25650","hairbrushes");
insert into Patient(patientID,firstName,lastName,insurancePolicy,emergencyContact) values("41008","decoration","rewiring","76141","flip's");
insert into Patient(patientID,firstName,lastName,insurancePolicy,emergencyContact) values("99144","coerces","wherewithal","75628","Klondikes");
insert into Patient(patientID,firstName,lastName,insurancePolicy,emergencyContact) values("12467","Pascal's","prepossess","48108","gollies");
insert into Patient(patientID,firstName,lastName,insurancePolicy,emergencyContact) values("78210","prearranged","secularization's","22828","moo's");
insert into Patient(patientID,firstName,lastName,insurancePolicy,emergencyContact) values("41400","moo's","angleworms","13265","decoration");
insert into Patient(patientID,firstName,lastName,insurancePolicy,emergencyContact) values("52455","curative","paralegal","34652","alohas");
insert into Patient(patientID,firstName,lastName,insurancePolicy,emergencyContact) values("10652","unloved","prettied","31009","ambulatories");
insert into Patient(patientID,firstName,lastName,insurancePolicy,emergencyContact) values("99028","secularization's","Kowloon","87646","Galois");
insert into Patient(patientID,firstName,lastName,insurancePolicy,emergencyContact) values("94260","rumbling's","croppers","10501","cornrowing");
insert into Patient(patientID,firstName,lastName,insurancePolicy,emergencyContact) values("39511","inboard","skewed","14635","Croesus");
insert into Patient(patientID,firstName,lastName,insurancePolicy,emergencyContact) values("99941","corrugation","alohas","7776","disrupt");
insert into Patient(patientID,firstName,lastName,insurancePolicy,emergencyContact) values("35297","barrenness's","unhand","72344","chants");
insert into Patient(patientID,firstName,lastName,insurancePolicy,emergencyContact) values("37766","Croesus","Aphrodite","78616","destinies");
insert into Patient(patientID,firstName,lastName,insurancePolicy,emergencyContact) values("88711","godforsaken","Tulane's","30457","godforsaken");
insert into Patient(patientID,firstName,lastName,insurancePolicy,emergencyContact) values("16184","hardcovers","barrenness's","76925","circumvents");
insert into Patient(patientID,firstName,lastName,insurancePolicy,emergencyContact) values("97055","Kojak's","wets","7379","Clouseau");
insert into Patient(patientID,firstName,lastName,insurancePolicy,emergencyContact) values("97382","moo's","Croesus","17408","prearranged");
insert into Patient(patientID,firstName,lastName,insurancePolicy,emergencyContact) values("72179","Klondikes","blench","1092","prettied");
insert into Patient(patientID,firstName,lastName,insurancePolicy,emergencyContact) values("57665","porn's","brooms","5854","Tulane's");
insert into Patient(patientID,firstName,lastName,insurancePolicy,emergencyContact) values("51692","Markab","stencilled","96761","timer's");
insert into Patient(patientID,firstName,lastName,insurancePolicy,emergencyContact) values("70002","hardcovers","Galois","70864","Klondikes");
insert into Patient(patientID,firstName,lastName,insurancePolicy,emergencyContact) values("74174","prepossess","ninja","97121","drilled");
insert into Patient(patientID,firstName,lastName,insurancePolicy,emergencyContact) values("40982","extremes","inboard","40247","Tulane's");
insert into Patient(patientID,firstName,lastName,insurancePolicy,emergencyContact) values("78201","secularization's","porn's","90259","curative");
insert into Patient(patientID,firstName,lastName,insurancePolicy,emergencyContact) values("43533","prettied","timer's","14338","Nell's");
insert into Patient(patientID,firstName,lastName,insurancePolicy,emergencyContact) values("7685","secularization's","secularization's","34572","timer's");
insert into Patient(patientID,firstName,lastName,insurancePolicy,emergencyContact) values("16238","disrupt","Kojak's","80488","porn's");
insert into Patient(patientID,firstName,lastName,insurancePolicy,emergencyContact) values("94187","unhand","unloved","61057","chants");
insert into Patient(patientID,firstName,lastName,insurancePolicy,emergencyContact) values("6768","stencilled","rewiring","4224","croppers");
insert into Patient(patientID,firstName,lastName,insurancePolicy,emergencyContact) values("74193","paralegal","inboard","94520","Amtrak");
insert into Patient(patientID,firstName,lastName,insurancePolicy,emergencyContact) values("39517","Kowloon","rulings","26324","moo's");
insert into Patient(patientID,firstName,lastName,insurancePolicy,emergencyContact) values("97168","cowpokes","prepossess","17231","interdict's");
insert into Patient(patientID,firstName,lastName,insurancePolicy,emergencyContact) values("13276","controverted","unloved","18842","bathmats");
insert into Patient(patientID,firstName,lastName,insurancePolicy,emergencyContact) values("70882","Zimbabwean's","unloved","64128","soothsayer's");
insert into Patient(patientID,firstName,lastName,insurancePolicy,emergencyContact) values("17070","herbalists","Nell's","72095","Kojak's");
insert into Patient(patientID,firstName,lastName,insurancePolicy,emergencyContact) values("33447","rulings","relabelling","60933","weeding");
insert into Patient(patientID,firstName,lastName,insurancePolicy,emergencyContact) values("83137","timer's","Hampton","49819","hatchet's");
insert into Patient(patientID,firstName,lastName,insurancePolicy,emergencyContact) values("75589","peccadillo's","corrugation","93722","rulings");
insert into Patient(patientID,firstName,lastName,insurancePolicy,emergencyContact) values("89984","brooms","angleworms","5188","cowpokes");
insert into Patient(patientID,firstName,lastName,insurancePolicy,emergencyContact) values("82470","associated","pyramidal","37892","soon");
insert into Patient(patientID,firstName,lastName,insurancePolicy,emergencyContact) values("57441","circumvents","ninja","23962","Markab");
insert into Patient(patientID,firstName,lastName,insurancePolicy,emergencyContact) values("29395","swiftness's","Galois","93228","blench");
insert into Patient(patientID,firstName,lastName,insurancePolicy,emergencyContact) values("41150","hatchet's","Kowloon","40212","porn's");
insert into Patient(patientID,firstName,lastName,insurancePolicy,emergencyContact) values("92999","Tulane's","flip's","31748","Zimbabwean's");
insert into Patient(patientID,firstName,lastName,insurancePolicy,emergencyContact) values("41040","cowpokes","Rolex's","85173","brooms");
insert into Patient(patientID,firstName,lastName,insurancePolicy,emergencyContact) values("67528","unloved","belligerence","99218","wherewithal");
insert into Patient(patientID,firstName,lastName,insurancePolicy,emergencyContact) values("39370","vitalized","Duke's","30738","extremes");
insert into Patient(patientID,firstName,lastName,insurancePolicy,emergencyContact) values("29151","bathmats","nudist's","36476","Nell's");
insert into Patient(patientID,firstName,lastName,insurancePolicy,emergencyContact) values("57070","Rolex's","prearranged","47757","gollies");
insert into Patient(patientID,firstName,lastName,insurancePolicy,emergencyContact) values("56023","soothsayer's","hardcovers","16390","weeding");
insert into Patient(patientID,firstName,lastName,insurancePolicy,emergencyContact) values("44017","urinate","blench","39543","patriarchies");
insert into Patient(patientID,firstName,lastName,insurancePolicy,emergencyContact) values("1092","rumbling's","decoration","72951","bathmats");
insert into Patient(patientID,firstName,lastName,insurancePolicy,emergencyContact) values("55411","circumvents","coerces","37962","Hampton");
insert into Patient(patientID,firstName,lastName,insurancePolicy,emergencyContact) values("16048","extremes","rumbling's","34333","peccadillo's");
insert into Patient(patientID,firstName,lastName,insurancePolicy,emergencyContact) values("74114","Markab","craftily","84221","prettied");
insert into Patient(patientID,firstName,lastName,insurancePolicy,emergencyContact) values("46414","Clouseau","Markab","66546","ninja");
insert into Patient(patientID,firstName,lastName,insurancePolicy,emergencyContact) values("33077","Aphrodite","brooms","40263","Nell's");
insert into Patient(patientID,firstName,lastName,insurancePolicy,emergencyContact) values("34190","enlarge","pyramidal","77365","blench");
insert into Patient(patientID,firstName,lastName,insurancePolicy,emergencyContact) values("90893","wherewithal","croppers","34591","peccadillo's");
insert into Patient(patientID,firstName,lastName,insurancePolicy,emergencyContact) values("54129","interdict's","croppers","22307","brooms");
insert into Patient(patientID,firstName,lastName,insurancePolicy,emergencyContact) values("92513","Markab","blench","96038","peccadillo's");
insert into Patient(patientID,firstName,lastName,insurancePolicy,emergencyContact) values("85102","Lidia","skewed","87094","Croesus");
insert into Patient(patientID,firstName,lastName,insurancePolicy,emergencyContact) values("71406","profanes","Powers","12064","peccadillo's");
insert into Patient(patientID,firstName,lastName,insurancePolicy,emergencyContact) values("76272","Clouseau","profanes","58963","Aphrodite");
insert into Patient(patientID,firstName,lastName,insurancePolicy,emergencyContact) values("69165","porn's","gout","20115","wets");
insert into Patient(patientID,firstName,lastName,insurancePolicy,emergencyContact) values("5901","craftily","wets","9302","rulings");
insert into Patient(patientID,firstName,lastName,insurancePolicy,emergencyContact) values("8225","cowpokes","Psalter","8482","Galois");
insert into Patient(patientID,firstName,lastName,insurancePolicy,emergencyContact) values("75380","godforsaken","Nell's","64299","patriarchies");
insert into Patient(patientID,firstName,lastName,insurancePolicy,emergencyContact) values("48195","thermal's","chants","92744","unloved");
insert into Patient(patientID,firstName,lastName,insurancePolicy,emergencyContact) values("18297","prearranged","pyramidal","22310","destinies");
insert into Patient(patientID,firstName,lastName,insurancePolicy,emergencyContact) values("11629","relabelling","alohas","95440","Klondikes");
insert into Patient(patientID,firstName,lastName,insurancePolicy,emergencyContact) values("16168","flip's","Beatles","98897","bathmats");
insert into Patient(patientID,firstName,lastName,insurancePolicy,emergencyContact) values("31809","relabelling","Clouseau","15941","craftily");
insert into Patient(patientID,firstName,lastName,insurancePolicy,emergencyContact) values("11293","craftily","Amtrak","29911","sheathe");
insert into Patient(patientID,firstName,lastName,insurancePolicy,emergencyContact) values("3860","Nell's","flip's","18156","curative");
insert into Patient(patientID,firstName,lastName,insurancePolicy,emergencyContact) values("27436","destinies","skewed","86017","unsuspecting");
insert into Patient(patientID,firstName,lastName,insurancePolicy,emergencyContact) values("45788","porn's","moo's","85280","cheekiness's");
insert into Patient(patientID,firstName,lastName,insurancePolicy,emergencyContact) values("18035","efficacy's","profanes","49011","Galois");
insert into Patient(patientID,firstName,lastName,insurancePolicy,emergencyContact) values("51806","enlarge","peccadillo's","82326","interdict's");
insert into Patient(patientID,firstName,lastName,insurancePolicy,emergencyContact) values("32865","ambulatories","paralegal","53954","Aphrodite");
insert into Patient(patientID,firstName,lastName,insurancePolicy,emergencyContact) values("17718","Psalter","hatchet's","52554","destinies");
insert into Patient(patientID,firstName,lastName,insurancePolicy,emergencyContact) values("52467","Pascal's","Pascal's","42150","herbalists");
insert into Patient(patientID,firstName,lastName,insurancePolicy,emergencyContact) values("92908","rulings","ninja","24381","swiftness's");
insert into Patient(patientID,firstName,lastName,insurancePolicy,emergencyContact) values("19307","unloved","thermal's","35112","disrupt");
insert into Patient(patientID,firstName,lastName,insurancePolicy,emergencyContact) values("49189","associated","prettied","8345","Markab");
insert into Patient(patientID,firstName,lastName,insurancePolicy,emergencyContact) values("54095","moo's","bathmats","40628","controverted");
insert into Patient(patientID,firstName,lastName,insurancePolicy,emergencyContact) values("14300","ambulatories","hairbrushes","4674","circumvents");
insert into Patient(patientID,firstName,lastName,insurancePolicy,emergencyContact) values("37335","prettied","brooms","76349","curative");
insert into Patient(patientID,firstName,lastName,insurancePolicy,emergencyContact) values("4112","papacy's","craftily","75615","skewed");
insert into Patient(patientID,firstName,lastName,insurancePolicy,emergencyContact) values("23945","relabelling","Beatles","49072","associated");
insert into Patient(patientID,firstName,lastName,insurancePolicy,emergencyContact) values("15139","flip's","Kojak's","25991","circumvents");
insert into Patient(patientID,firstName,lastName,insurancePolicy,emergencyContact) values("26229","worthier","Lidia","12955","herbalists");
insert into Patient(patientID,firstName,lastName,insurancePolicy,emergencyContact) values("2616","weeding","disrupt","47286","interdict's");
insert into Patient(patientID,firstName,lastName,insurancePolicy,emergencyContact) values("34046","patriarchies","efficacy's","30476","nudist's");
insert into Patient(patientID,firstName,lastName,insurancePolicy,emergencyContact) values("96307","efficacy's","paralegal","15490","patriarchies");
insert into Patient(patientID,firstName,lastName,insurancePolicy,emergencyContact) values("88927","destinies","hardcovers","20799","Kojak's");
insert into Patient(patientID,firstName,lastName,insurancePolicy,emergencyContact) values("82666","moo's","Rolex's","57155","trajectories");
insert into Patient(patientID,firstName,lastName,insurancePolicy,emergencyContact) values("62249","associated","Duke's","21833","alohas");
insert into Patient(patientID,firstName,lastName,insurancePolicy,emergencyContact) values("30283","bathmats","gout","67438","unhand");
insert into Patient(patientID,firstName,lastName,insurancePolicy,emergencyContact) values("30138","cheekiness's","coerces","71400","worthier");
insert into Patient(patientID,firstName,lastName,insurancePolicy,emergencyContact) values("25661","paralegal","cheekiness's","38962","Kowloon");
insert into Patient(patientID,firstName,lastName,insurancePolicy,emergencyContact) values("22173","thermal's","unhand","38245","unloved");
insert into Patient(patientID,firstName,lastName,insurancePolicy,emergencyContact) values("14467","unsuspecting","rewiring","71203","disrupt");
insert into Patient(patientID,firstName,lastName,insurancePolicy,emergencyContact) values("96419","Croesus","contradictions","17358","moo's");
insert into Patient(patientID,firstName,lastName,insurancePolicy,emergencyContact) values("29120","Duke's","thrive","30485","Tulane's");
insert into Patient(patientID,firstName,lastName,insurancePolicy,emergencyContact) values("40594","secularization's","controverted","99385","gollies");
insert into Patient(patientID,firstName,lastName,insurancePolicy,emergencyContact) values("76845","Psalter","sheathe","87249","interdict's");
insert into Patient(patientID,firstName,lastName,insurancePolicy,emergencyContact) values("75527","extremes","emaciate","41097","swiftness's");
insert into Patient(patientID,firstName,lastName,insurancePolicy,emergencyContact) values("37724","belligerence","croppers","26767","hairbrushes");
insert into Patient(patientID,firstName,lastName,insurancePolicy,emergencyContact) values("80588","extremes","gollies","74137","curative");
insert into Patient(patientID,firstName,lastName,insurancePolicy,emergencyContact) values("83186","contradictions","thrive","64247","efficacy's");
insert into Patient(patientID,firstName,lastName,insurancePolicy,emergencyContact) values("81315","coerces","Tulane's","52516","Beatles");
insert into Patient(patientID,firstName,lastName,insurancePolicy,emergencyContact) values("62082","swiftness's","enlarge","98609","cheekiness's");
insert into Patient(patientID,firstName,lastName,insurancePolicy,emergencyContact) values("71566","thrive","godforsaken","26306","hairbrushes");
insert into Patient(patientID,firstName,lastName,insurancePolicy,emergencyContact) values("27843","wets","Zimbabwean's","70285","Rolex's");
insert into Patient(patientID,firstName,lastName,insurancePolicy,emergencyContact) values("28456","craftily","weeding","38385","Kowloon");
insert into Patient(patientID,firstName,lastName,insurancePolicy,emergencyContact) values("14166","papacy's","skewed","66823","Hampton");
insert into Patient(patientID,firstName,lastName,insurancePolicy,emergencyContact) values("17371","efficacy's","rulings","17485","cornrowing");
insert into Patient(patientID,firstName,lastName,insurancePolicy,emergencyContact) values("31777","unhand","Tulane's","39544","inboard");
insert into Patient(patientID,firstName,lastName,insurancePolicy,emergencyContact) values("79569","porn's","Clouseau","7054","stencilled");
insert into Patient(patientID,firstName,lastName,insurancePolicy,emergencyContact) values("79517","gout","inboard","8998","thrive");
insert into Patient(patientID,firstName,lastName,insurancePolicy,emergencyContact) values("94281","Rolex's","bathmats","31551","wherewithal");
insert into Patient(patientID,firstName,lastName,insurancePolicy,emergencyContact) values("51340","blench","blench","49943","cowpokes");
insert into Patient(patientID,firstName,lastName,insurancePolicy,emergencyContact) values("3714","hatchet's","corrugation","14520","Zimbabwean's");
insert into Patient(patientID,firstName,lastName,insurancePolicy,emergencyContact) values("9951","croppers","hairbrushes","94466","Aphrodite");
insert into Patient(patientID,firstName,lastName,insurancePolicy,emergencyContact) values("27390","craftily","Markab","48625","extremes");
insert into Patient(patientID,firstName,lastName,insurancePolicy,emergencyContact) values("95636","gout","extremes","60230","comforted");
insert into Patient(patientID,firstName,lastName,insurancePolicy,emergencyContact) values("92389","hardcovers","corrugation","89472","flip's");
insert into Patient(patientID,firstName,lastName,insurancePolicy,emergencyContact) values("44174","profanes","wets","42321","worthier");
insert into Patient(patientID,firstName,lastName,insurancePolicy,emergencyContact) values("13164","pyramidal","comforted","34063","Lidia");
insert into Patient(patientID,firstName,lastName,insurancePolicy,emergencyContact) values("58345","coerces","decoration","87210","chants");
insert into Patient(patientID,firstName,lastName,insurancePolicy,emergencyContact) values("21864","relabelling","destinies","68198","Galois");
insert into Patient(patientID,firstName,lastName,insurancePolicy,emergencyContact) values("27265","timer's","Tulane's","34360","worthier");
insert into Patient(patientID,firstName,lastName,insurancePolicy,emergencyContact) values("27712","prepossess","prettied","95756","disrupt");
insert into Patient(patientID,firstName,lastName,insurancePolicy,emergencyContact) values("82794","timer's","angleworms","5404","extremes");
insert into Patient(patientID,firstName,lastName,insurancePolicy,emergencyContact) values("45888","belligerence","comforted","58055","vitalized");
insert into Patient(patientID,firstName,lastName,insurancePolicy,emergencyContact) values("41288","hatchet's","enlarge","57882","blench");
insert into PatientRoom(roomNumber,patientID) values("1","90893");
insert into PatientRoom(roomNumber,patientID) values("2","13414");
insert into PatientRoom(roomNumber,patientID) values("3","92389");
insert into PatientRoom(roomNumber,patientID) values("4","74193");
insert into PatientRoom(roomNumber,patientID) values("5","12467");
insert into PatientRoom(roomNumber,patientID) values("6","11293");
insert into PatientRoom(roomNumber,patientID) values("7","29395");
insert into PatientRoom(roomNumber,patientID) values("8","27265");
insert into PatientRoom(roomNumber,patientID) values("9","2616");
insert into PatientRoom(roomNumber,patientID) values("10","82794");
insert into PatientRoom(roomNumber,patientID) values("11","78201");
insert into PatientRoom(roomNumber,patientID) values("14","8225");
insert into PatientRoom(roomNumber,patientID) values("15","52455");
insert into PatientRoom(roomNumber,patientID) values("16","33077");
insert into PatientRoom(roomNumber,patientID) values("17","2616");
insert into PatientRoom(roomNumber,patientID) values("18","90893");
insert into PatientRoom(roomNumber,patientID) values("19","48195");
insert into PatientRoom(roomNumber,patientID) values("20","96419");
insert into PatientRoom(roomNumber,patientID) values("21","30283");
insert into PatientRoom(roomNumber,patientID) values("22","23945");
insert into PatientRoom(roomNumber,patientID) values("23","51692");
insert into PatientRoom(roomNumber,patientID) values("25","16168");
insert into PatientRoom(roomNumber,patientID) values("26","41288");
insert into PatientRoom(roomNumber,patientID) values("27","66817");
insert into PatientRoom(roomNumber,patientID) values("28","59539");
insert into PatientRoom(roomNumber,patientID) values("29","41150");
insert into PatientRoom(roomNumber,patientID) values("30","58345");
insert into PatientRoom(roomNumber,patientID) values("31","40118");
insert into PatientRoom(roomNumber,patientID) values("32","16048");
insert into PatientRoom(roomNumber,patientID) values("33","37823");
insert into PatientRoom(roomNumber,patientID) values("34","49189");
insert into PatientRoom(roomNumber,patientID) values("35","70002");
insert into PatientRoom(roomNumber,patientID) values("36","88927");
insert into PatientRoom(roomNumber,patientID) values("37","66817");
insert into PatientRoom(roomNumber,patientID) values("38","40594");
insert into PatientRoom(roomNumber,patientID) values("40","7685");
insert into PatientRoom(roomNumber,patientID) values("41","67234");
insert into PatientRoom(roomNumber,patientID) values("42","74232");
insert into PatientRoom(roomNumber,patientID) values("43","15139");
insert into PatientRoom(roomNumber,patientID) values("44","87455");
insert into PatientRoom(roomNumber,patientID) values("45","27712");
insert into PatientRoom(roomNumber,patientID) values("46","12467");
insert into PatientRoom(roomNumber,patientID) values("47","89984");
insert into PatientRoom(roomNumber,patientID) values("49","92389");
insert into PatientRoom(roomNumber,patientID) values("50","48195");
insert into PatientRoom(roomNumber,patientID) values("51","47259");
insert into PatientRoom(roomNumber,patientID) values("52","18297");
insert into PatientRoom(roomNumber,patientID) values("53","54129");
insert into PatientRoom(roomNumber,patientID) values("54","97055");
insert into PatientRoom(roomNumber,patientID) values("55","54129");
insert into PatientRoom(roomNumber,patientID) values("57","86747");
insert into PatientRoom(roomNumber,patientID) values("59","46414");
insert into PatientRoom(roomNumber,patientID) values("60","16168");
insert into PatientRoom(roomNumber,patientID) values("62","16184");
insert into PatientRoom(roomNumber,patientID) values("63","75527");
insert into PatientRoom(roomNumber,patientID) values("64","62082");
insert into PatientRoom(roomNumber,patientID) values("65","6768");
insert into PatientRoom(roomNumber,patientID) values("66","3714");
insert into PatientRoom(roomNumber,patientID) values("67","40181");
insert into PatientRoom(roomNumber,patientID) values("68","59539");
insert into PatientRoom(roomNumber,patientID) values("69","27265");
insert into PatientRoom(roomNumber,patientID) values("72","92866");
insert into PatientRoom(roomNumber,patientID) values("73","44174");
insert into PatientRoom(roomNumber,patientID) values("74","22173");
insert into PatientRoom(roomNumber,patientID) values("75","99144");
insert into PatientRoom(roomNumber,patientID) values("76","12475");
insert into PatientRoom(roomNumber,patientID) values("78","75814");
insert into PatientRoom(roomNumber,patientID) values("81","40125");
insert into PatientRoom(roomNumber,patientID) values("82","72179");
insert into PatientRoom(roomNumber,patientID) values("83","12467");
insert into PatientRoom(roomNumber,patientID) values("84","52455");
insert into PatientRoom(roomNumber,patientID) values("85","23652");
insert into PatientRoom(roomNumber,patientID) values("86","30138");
insert into PatientRoom(roomNumber,patientID) values("87","41040");
insert into PatientRoom(roomNumber,patientID) values("88","22173");
insert into PatientRoom(roomNumber,patientID) values("89","11069");
insert into PatientRoom(roomNumber,patientID) values("90","96419");
insert into PatientRoom(roomNumber,patientID) values("91","6011");
insert into PatientRoom(roomNumber,patientID) values("92","97168");
insert into PatientRoom(roomNumber,patientID) values("93","25642");
insert into PatientRoom(roomNumber,patientID) values("94","48195");
insert into PatientRoom(roomNumber,patientID) values("96","73555");
insert into PatientRoom(roomNumber,patientID) values("97","74114");
insert into PatientRoom(roomNumber,patientID) values("98","94187");
insert into OutPatient(patientID) values("2616");
insert into OutPatient(patientID) values("4112");
insert into OutPatient(patientID) values("4452");
insert into OutPatient(patientID) values("6011");
insert into OutPatient(patientID) values("6768");
insert into OutPatient(patientID) values("7685");
insert into OutPatient(patientID) values("8928");
insert into OutPatient(patientID) values("10652");
insert into OutPatient(patientID) values("11069");
insert into OutPatient(patientID) values("11502");
insert into OutPatient(patientID) values("11629");
insert into OutPatient(patientID) values("11684");
insert into OutPatient(patientID) values("12467");
insert into OutPatient(patientID) values("12475");
insert into OutPatient(patientID) values("13276");
insert into OutPatient(patientID) values("13414");
insert into OutPatient(patientID) values("14166");
insert into OutPatient(patientID) values("14467");
insert into OutPatient(patientID) values("14929");
insert into OutPatient(patientID) values("15139");
insert into OutPatient(patientID) values("16048");
insert into OutPatient(patientID) values("16184");
insert into OutPatient(patientID) values("16238");
insert into OutPatient(patientID) values("17114");
insert into OutPatient(patientID) values("17371");
insert into OutPatient(patientID) values("17718");
insert into OutPatient(patientID) values("19307");
insert into OutPatient(patientID) values("21864");
insert into OutPatient(patientID) values("22173");
insert into OutPatient(patientID) values("23652");
insert into OutPatient(patientID) values("23945");
insert into OutPatient(patientID) values("25661");
insert into OutPatient(patientID) values("27265");
insert into OutPatient(patientID) values("27390");
insert into OutPatient(patientID) values("27436");
insert into OutPatient(patientID) values("27712");
insert into OutPatient(patientID) values("27843");
insert into OutPatient(patientID) values("28202");
insert into OutPatient(patientID) values("28456");
insert into OutPatient(patientID) values("29120");
insert into OutPatient(patientID) values("29151");
insert into OutPatient(patientID) values("29395");
insert into OutPatient(patientID) values("29902");
insert into OutPatient(patientID) values("30138");
insert into OutPatient(patientID) values("30283");
insert into OutPatient(patientID) values("31777");
insert into OutPatient(patientID) values("31809");
insert into OutPatient(patientID) values("33077");
insert into OutPatient(patientID) values("34046");
insert into OutPatient(patientID) values("34429");
insert into OutPatient(patientID) values("35935");
insert into OutPatient(patientID) values("37723");
insert into OutPatient(patientID) values("37724");
insert into OutPatient(patientID) values("37766");
insert into OutPatient(patientID) values("39370");
insert into OutPatient(patientID) values("39511");
insert into OutPatient(patientID) values("39517");
insert into OutPatient(patientID) values("40125");
insert into OutPatient(patientID) values("40594");
insert into OutPatient(patientID) values("41040");
insert into OutPatient(patientID) values("41288");
insert into OutPatient(patientID) values("41400");
insert into OutPatient(patientID) values("43533");
insert into OutPatient(patientID) values("44017");
insert into OutPatient(patientID) values("44174");
insert into OutPatient(patientID) values("45781");
insert into OutPatient(patientID) values("48665");
insert into OutPatient(patientID) values("49162");
insert into OutPatient(patientID) values("51692");
insert into OutPatient(patientID) values("51806");
insert into OutPatient(patientID) values("52467");
insert into OutPatient(patientID) values("54095");
insert into OutPatient(patientID) values("54129");
insert into OutPatient(patientID) values("55355");
insert into OutPatient(patientID) values("55411");
insert into OutPatient(patientID) values("55532");
insert into OutPatient(patientID) values("56023");
insert into OutPatient(patientID) values("56381");
insert into OutPatient(patientID) values("57665");
insert into OutPatient(patientID) values("58345");
insert into OutPatient(patientID) values("59539");
insert into OutPatient(patientID) values("62082");
insert into OutPatient(patientID) values("62249");
insert into OutPatient(patientID) values("62704");
insert into OutPatient(patientID) values("62889");
insert into OutPatient(patientID) values("66817");
insert into OutPatient(patientID) values("67234");
insert into OutPatient(patientID) values("67438");
insert into OutPatient(patientID) values("67528");
insert into OutPatient(patientID) values("68286");
insert into OutPatient(patientID) values("70002");
insert into OutPatient(patientID) values("70489");
insert into OutPatient(patientID) values("70882");
insert into OutPatient(patientID) values("71566");
insert into OutPatient(patientID) values("71916");
insert into OutPatient(patientID) values("73555");
insert into OutPatient(patientID) values("74114");
insert into OutPatient(patientID) values("74174");
insert into OutPatient(patientID) values("74442");
insert into OutPatient(patientID) values("75380");
insert into OutPatient(patientID) values("78201");
insert into OutPatient(patientID) values("78210");
insert into OutPatient(patientID) values("82470");
insert into OutPatient(patientID) values("82794");
insert into OutPatient(patientID) values("83137");
insert into OutPatient(patientID) values("83186");
insert into OutPatient(patientID) values("85102");
insert into OutPatient(patientID) values("87455");
insert into OutPatient(patientID) values("88711");
insert into OutPatient(patientID) values("88927");
insert into OutPatient(patientID) values("89984");
insert into OutPatient(patientID) values("90893");
insert into OutPatient(patientID) values("91291");
insert into OutPatient(patientID) values("91457");
insert into OutPatient(patientID) values("92513");
insert into OutPatient(patientID) values("92908");
insert into OutPatient(patientID) values("94281");
insert into OutPatient(patientID) values("94455");
insert into OutPatient(patientID) values("94955");
insert into OutPatient(patientID) values("95043");
insert into OutPatient(patientID) values("95636");
insert into OutPatient(patientID) values("97168");
insert into OutPatient(patientID) values("97382");
insert into OutPatient(patientID) values("98646");
insert into OutPatient(patientID) values("99028");
insert into OutPatient(patientID) values("99144");
insert into OutPatient(patientID) values("99941");
insert into InPatient(patientID) values("1092");
insert into InPatient(patientID) values("3860");
insert into InPatient(patientID) values("4112");
insert into InPatient(patientID) values("4452");
insert into InPatient(patientID) values("8225");
insert into InPatient(patientID) values("8928");
insert into InPatient(patientID) values("10652");
insert into InPatient(patientID) values("11069");
insert into InPatient(patientID) values("11293");
insert into InPatient(patientID) values("11502");
insert into InPatient(patientID) values("11629");
insert into InPatient(patientID) values("11654");
insert into InPatient(patientID) values("11684");
insert into InPatient(patientID) values("12467");
insert into InPatient(patientID) values("13164");
insert into InPatient(patientID) values("13276");
insert into InPatient(patientID) values("13414");
insert into InPatient(patientID) values("14166");
insert into InPatient(patientID) values("14467");
insert into InPatient(patientID) values("14929");
insert into InPatient(patientID) values("15139");
insert into InPatient(patientID) values("16048");
insert into InPatient(patientID) values("16168");
insert into InPatient(patientID) values("16184");
insert into InPatient(patientID) values("16238");
insert into InPatient(patientID) values("17070");
insert into InPatient(patientID) values("17718");
insert into InPatient(patientID) values("18035");
insert into InPatient(patientID) values("18297");
insert into InPatient(patientID) values("22173");
insert into InPatient(patientID) values("23945");
insert into InPatient(patientID) values("25642");
insert into InPatient(patientID) values("25661");
insert into InPatient(patientID) values("26229");
insert into InPatient(patientID) values("27265");
insert into InPatient(patientID) values("27436");
insert into InPatient(patientID) values("27592");
insert into InPatient(patientID) values("27712");
insert into InPatient(patientID) values("27843");
insert into InPatient(patientID) values("28456");
insert into InPatient(patientID) values("29120");
insert into InPatient(patientID) values("29395");
insert into InPatient(patientID) values("29902");
insert into InPatient(patientID) values("30138");
insert into InPatient(patientID) values("31777");
insert into InPatient(patientID) values("31809");
insert into InPatient(patientID) values("32940");
insert into InPatient(patientID) values("33447");
insert into InPatient(patientID) values("34190");
insert into InPatient(patientID) values("35297");
insert into InPatient(patientID) values("37335");
insert into InPatient(patientID) values("37723");
insert into InPatient(patientID) values("37724");
insert into InPatient(patientID) values("39511");
insert into InPatient(patientID) values("40125");
insert into InPatient(patientID) values("40181");
insert into InPatient(patientID) values("40594");
insert into InPatient(patientID) values("40982");
insert into InPatient(patientID) values("41008");
insert into InPatient(patientID) values("44017");
insert into InPatient(patientID) values("44174");
insert into InPatient(patientID) values("45781");
insert into InPatient(patientID) values("45888");
insert into InPatient(patientID) values("46414");
insert into InPatient(patientID) values("47259");
insert into InPatient(patientID) values("48665");
insert into InPatient(patientID) values("49109");
insert into InPatient(patientID) values("49162");
insert into InPatient(patientID) values("49189");
insert into InPatient(patientID) values("51340");
insert into InPatient(patientID) values("51806");
insert into InPatient(patientID) values("52467");
insert into InPatient(patientID) values("55355");
insert into InPatient(patientID) values("56023");
insert into InPatient(patientID) values("56381");
insert into InPatient(patientID) values("58345");
insert into InPatient(patientID) values("59539");
insert into InPatient(patientID) values("62082");
insert into InPatient(patientID) values("62249");
insert into InPatient(patientID) values("62704");
insert into InPatient(patientID) values("62889");
insert into InPatient(patientID) values("66721");
insert into InPatient(patientID) values("67234");
insert into InPatient(patientID) values("67438");
insert into InPatient(patientID) values("67528");
insert into InPatient(patientID) values("68286");
insert into InPatient(patientID) values("69165");
insert into InPatient(patientID) values("70002");
insert into InPatient(patientID) values("70489");
insert into InPatient(patientID) values("70882");
insert into InPatient(patientID) values("71406");
insert into InPatient(patientID) values("71566");
insert into InPatient(patientID) values("73555");
insert into InPatient(patientID) values("74193");
insert into InPatient(patientID) values("74232");
insert into InPatient(patientID) values("75527");
insert into InPatient(patientID) values("75589");
insert into InPatient(patientID) values("75814");
insert into InPatient(patientID) values("76845");
insert into InPatient(patientID) values("78210");
insert into InPatient(patientID) values("79517");
insert into InPatient(patientID) values("79569");
insert into InPatient(patientID) values("80588");
insert into InPatient(patientID) values("81805");
insert into InPatient(patientID) values("82470");
insert into InPatient(patientID) values("82794");
insert into InPatient(patientID) values("83137");
insert into InPatient(patientID) values("83186");
insert into InPatient(patientID) values("85102");
insert into InPatient(patientID) values("86747");
insert into InPatient(patientID) values("89984");
insert into InPatient(patientID) values("90893");
insert into InPatient(patientID) values("91291");
insert into InPatient(patientID) values("91457");
insert into InPatient(patientID) values("92389");
insert into InPatient(patientID) values("92513");
insert into InPatient(patientID) values("92866");
insert into InPatient(patientID) values("92908");
insert into InPatient(patientID) values("92999");
insert into InPatient(patientID) values("94187");
insert into InPatient(patientID) values("94260");
insert into InPatient(patientID) values("94281");
insert into InPatient(patientID) values("94455");
insert into InPatient(patientID) values("94955");
insert into InPatient(patientID) values("95043");
insert into InPatient(patientID) values("96307");
insert into InPatient(patientID) values("96419");
insert into InPatient(patientID) values("97382");
insert into InPatient(patientID) values("99028");
insert into InPatient(patientID) values("99144");
insert into InPatient(patientID) values("99941");
insert into Nurse(employeeID,treatmentGiverID) values("29804","1800");
insert into Nurse(employeeID,treatmentGiverID) values("43824","2937");
insert into Nurse(employeeID,treatmentGiverID) values("64942","7673");
insert into Nurse(employeeID,treatmentGiverID) values("42307","8852");
insert into Nurse(employeeID,treatmentGiverID) values("4336","9170");
insert into Nurse(employeeID,treatmentGiverID) values("15371","9942");
insert into Nurse(employeeID,treatmentGiverID) values("72288","12631");
insert into Nurse(employeeID,treatmentGiverID) values("52092","13437");
insert into Nurse(employeeID,treatmentGiverID) values("50156","13849");
insert into Nurse(employeeID,treatmentGiverID) values("93007","16798");
insert into Nurse(employeeID,treatmentGiverID) values("47640","17418");
insert into Nurse(employeeID,treatmentGiverID) values("64882","18929");
insert into Nurse(employeeID,treatmentGiverID) values("65909","19431");
insert into Nurse(employeeID,treatmentGiverID) values("65639","20113");
insert into Nurse(employeeID,treatmentGiverID) values("76235","20620");
insert into Nurse(employeeID,treatmentGiverID) values("10492","21592");
insert into Nurse(employeeID,treatmentGiverID) values("8967","23011");
insert into Nurse(employeeID,treatmentGiverID) values("46131","23513");
insert into Nurse(employeeID,treatmentGiverID) values("97567","27656");
insert into Nurse(employeeID,treatmentGiverID) values("79595","27726");
insert into Nurse(employeeID,treatmentGiverID) values("89678","28416");
insert into Nurse(employeeID,treatmentGiverID) values("99938","29684");
insert into Nurse(employeeID,treatmentGiverID) values("68000","30566");
insert into Nurse(employeeID,treatmentGiverID) values("77755","31261");
insert into Nurse(employeeID,treatmentGiverID) values("52762","33509");
insert into Nurse(employeeID,treatmentGiverID) values("64480","35019");
insert into Nurse(employeeID,treatmentGiverID) values("29626","39082");
insert into Nurse(employeeID,treatmentGiverID) values("27201","40688");
insert into Nurse(employeeID,treatmentGiverID) values("91338","44544");
insert into Nurse(employeeID,treatmentGiverID) values("78334","46162");
insert into Nurse(employeeID,treatmentGiverID) values("70812","48753");
insert into Nurse(employeeID,treatmentGiverID) values("11140","48943");
insert into Nurse(employeeID,treatmentGiverID) values("24208","50043");
insert into Nurse(employeeID,treatmentGiverID) values("69572","51908");
insert into Nurse(employeeID,treatmentGiverID) values("28341","52500");
insert into Nurse(employeeID,treatmentGiverID) values("48467","53734");
insert into Nurse(employeeID,treatmentGiverID) values("88933","57153");
insert into Nurse(employeeID,treatmentGiverID) values("68421","61123");
insert into Nurse(employeeID,treatmentGiverID) values("84045","63842");
insert into Nurse(employeeID,treatmentGiverID) values("80603","63911");
insert into Nurse(employeeID,treatmentGiverID) values("76399","64157");
insert into Nurse(employeeID,treatmentGiverID) values("8444","64561");
insert into Nurse(employeeID,treatmentGiverID) values("79586","65012");
insert into Nurse(employeeID,treatmentGiverID) values("91860","65275");
insert into Nurse(employeeID,treatmentGiverID) values("81336","66359");
insert into Nurse(employeeID,treatmentGiverID) values("77243","67149");
insert into Nurse(employeeID,treatmentGiverID) values("10131","69633");
insert into Nurse(employeeID,treatmentGiverID) values("66893","73355");
insert into Nurse(employeeID,treatmentGiverID) values("41016","73929");
insert into Nurse(employeeID,treatmentGiverID) values("84205","74126");
insert into Nurse(employeeID,treatmentGiverID) values("28352","76935");
insert into Nurse(employeeID,treatmentGiverID) values("20921","86299");
insert into Nurse(employeeID,treatmentGiverID) values("40625","87543");
insert into Nurse(employeeID,treatmentGiverID) values("23353","89788");
insert into Nurse(employeeID,treatmentGiverID) values("95989","91782");
insert into Nurse(employeeID,treatmentGiverID) values("48222","93719");
insert into Nurse(employeeID,treatmentGiverID) values("93944","94902");
insert into Nurse(employeeID,treatmentGiverID) values("73916","96502");
insert into Nurse(employeeID,treatmentGiverID) values("94941","96560");
insert into Doctor(employeeID,treatmentGiverID) values("76399","2982");
insert into Doctor(employeeID,treatmentGiverID) values("72288","3542");
insert into Doctor(employeeID,treatmentGiverID) values("77923","8852");
insert into Doctor(employeeID,treatmentGiverID) values("94941","9942");
insert into Doctor(employeeID,treatmentGiverID) values("46131","12631");
insert into Doctor(employeeID,treatmentGiverID) values("63380","13161");
insert into Doctor(employeeID,treatmentGiverID) values("76235","13849");
insert into Doctor(employeeID,treatmentGiverID) values("11914","15617");
insert into Doctor(employeeID,treatmentGiverID) values("69572","16374");
insert into Doctor(employeeID,treatmentGiverID) values("97247","17418");
insert into Doctor(employeeID,treatmentGiverID) values("46482","20113");
insert into Doctor(employeeID,treatmentGiverID) values("87974","20620");
insert into Doctor(employeeID,treatmentGiverID) values("68421","21592");
insert into Doctor(employeeID,treatmentGiverID) values("81336","23011");
insert into Doctor(employeeID,treatmentGiverID) values("6621","24662");
insert into Doctor(employeeID,treatmentGiverID) values("68000","26124");
insert into Doctor(employeeID,treatmentGiverID) values("41016","27656");
insert into Doctor(employeeID,treatmentGiverID) values("25900","27726");
insert into Doctor(employeeID,treatmentGiverID) values("47441","30566");
insert into Doctor(employeeID,treatmentGiverID) values("29804","32032");
insert into Doctor(employeeID,treatmentGiverID) values("99938","33509");
insert into Doctor(employeeID,treatmentGiverID) values("88933","38395");
insert into Doctor(employeeID,treatmentGiverID) values("93944","39082");
insert into Doctor(employeeID,treatmentGiverID) values("6294","40688");
insert into Doctor(employeeID,treatmentGiverID) values("86149","41703");
insert into Doctor(employeeID,treatmentGiverID) values("97567","45240");
insert into Doctor(employeeID,treatmentGiverID) values("77243","47813");
insert into Doctor(employeeID,treatmentGiverID) values("93007","48500");
insert into Doctor(employeeID,treatmentGiverID) values("63637","48753");
insert into Doctor(employeeID,treatmentGiverID) values("52762","48943");
insert into Doctor(employeeID,treatmentGiverID) values("84045","50043");
insert into Doctor(employeeID,treatmentGiverID) values("41413","52500");
insert into Doctor(employeeID,treatmentGiverID) values("42307","57452");
insert into Doctor(employeeID,treatmentGiverID) values("79586","59537");
insert into Doctor(employeeID,treatmentGiverID) values("48467","63320");
insert into Doctor(employeeID,treatmentGiverID) values("64294","63911");
insert into Doctor(employeeID,treatmentGiverID) values("71485","64157");
insert into Doctor(employeeID,treatmentGiverID) values("52092","64561");
insert into Doctor(employeeID,treatmentGiverID) values("41864","65012");
insert into Doctor(employeeID,treatmentGiverID) values("3630","67035");
insert into Doctor(employeeID,treatmentGiverID) values("91860","67182");
insert into Doctor(employeeID,treatmentGiverID) values("65909","70990");
insert into Doctor(employeeID,treatmentGiverID) values("28352","72161");
insert into Doctor(employeeID,treatmentGiverID) values("84205","73355");
insert into Doctor(employeeID,treatmentGiverID) values("73916","73929");
insert into Doctor(employeeID,treatmentGiverID) values("81757","76935");
insert into Doctor(employeeID,treatmentGiverID) values("77755","79543");
insert into Doctor(employeeID,treatmentGiverID) values("56081","79629");
insert into Doctor(employeeID,treatmentGiverID) values("70812","80993");
insert into Doctor(employeeID,treatmentGiverID) values("47640","86299");
insert into Doctor(employeeID,treatmentGiverID) values("66893","87543");
insert into Doctor(employeeID,treatmentGiverID) values("85672","91782");
insert into Doctor(employeeID,treatmentGiverID) values("9149","93719");
insert into Doctor(employeeID,treatmentGiverID) values("47228","94699");
insert into Doctor(employeeID,treatmentGiverID) values("95989","94902");
insert into Doctor(employeeID,treatmentGiverID) values("67228","96502");
insert into Doctor(employeeID,treatmentGiverID) values("79595","96560");
insert into Cart(cartNumber,employeeID,cartDescription) values("151","27201","Snack Cart");
insert into Cart(cartNumber,employeeID,cartDescription) values("152","65639","Snack Cart");
insert into Cart(cartNumber,employeeID,cartDescription) values("153","8967","Snack Cart");
insert into Cart(cartNumber,employeeID,cartDescription) values("154","29928","Snack Cart");
insert into Cart(cartNumber,employeeID,cartDescription) values("155","70812","Reading Cart");
insert into Cart(cartNumber,employeeID,cartDescription) values("156","47640","Reading Cart");
insert into Cart(cartNumber,employeeID,cartDescription) values("157","8967","Snack Cart");
insert into Cart(cartNumber,employeeID,cartDescription) values("158","16652","Snack Cart");
insert into Cart(cartNumber,employeeID,cartDescription) values("159","68000","Reading Cart");
insert into Cart(cartNumber,employeeID,cartDescription) values("160","27001","Reading Cart");
insert into Cart(cartNumber,employeeID,cartDescription) values("161","11140","Snack Cart");
insert into Cart(cartNumber,employeeID,cartDescription) values("162","86149","Snack Cart");
insert into Cart(cartNumber,employeeID,cartDescription) values("163","67228","Reading Cart");
insert into Cart(cartNumber,employeeID,cartDescription) values("164","47441","Reading Cart");
insert into Cart(cartNumber,employeeID,cartDescription) values("165","97247","Snack Cart");
insert into Cart(cartNumber,employeeID,cartDescription) values("166","63637","Snack Cart");
insert into Cart(cartNumber,employeeID,cartDescription) values("167","97567","Snack Cart");
insert into Cart(cartNumber,employeeID,cartDescription) values("168","4336","Snack Cart");
insert into Cart(cartNumber,employeeID,cartDescription) values("169","77243","Reading Cart");
insert into Admits(employeeID,patientID,timeAdmitted) values("48222","62889","2015-02-25T19:23:02.000Z");
insert into Admits(employeeID,patientID,timeAdmitted) values("63380","62082","2016-11-27T21:14:30.000Z");
insert into Admits(employeeID,patientID,timeAdmitted) values("68000","29395","2014-01-01T15:04:04.000Z");
insert into Admits(employeeID,patientID,timeAdmitted) values("97567","48665","2015-02-18T16:38:44.000Z");
insert into Admits(employeeID,patientID,timeAdmitted) values("2185","99028","2016-12-02T16:17:54.000Z");
insert into Admits(employeeID,patientID,timeAdmitted) values("47441","14300","2015-06-23T15:15:17.000Z");
insert into Admits(employeeID,patientID,timeAdmitted) values("17113","23652","2016-04-02T20:33:27.000Z");
insert into Admits(employeeID,patientID,timeAdmitted) values("17732","74193","2015-09-03T00:58:11.000Z");
insert into Admits(employeeID,patientID,timeAdmitted) values("11140","3714","2015-08-24T07:44:00.000Z");
insert into Admits(employeeID,patientID,timeAdmitted) values("42071","26157","2016-01-24T06:12:45.000Z");
insert into Admits(employeeID,patientID,timeAdmitted) values("86149","29120","2016-06-15T18:32:49.000Z");
insert into Admits(employeeID,patientID,timeAdmitted) values("39446","25661","2014-01-10T03:21:12.000Z");
insert into Admits(employeeID,patientID,timeAdmitted) values("64882","74114","2014-01-16T22:20:47.000Z");
insert into Admits(employeeID,patientID,timeAdmitted) values("63380","39370","2014-01-22T21:36:53.000Z");
insert into Admits(employeeID,patientID,timeAdmitted) values("77243","94187","2015-08-27T04:59:52.000Z");
insert into Admits(employeeID,patientID,timeAdmitted) values("64882","78210","2015-01-02T17:55:25.000Z");
insert into Admits(employeeID,patientID,timeAdmitted) values("6294","95636","2015-03-24T11:10:11.000Z");
insert into Admits(employeeID,patientID,timeAdmitted) values("46131","41040","2014-01-21T10:34:26.000Z");
insert into Admits(employeeID,patientID,timeAdmitted) values("95989","29151","2014-01-13T14:47:27.000Z");
insert into Admits(employeeID,patientID,timeAdmitted) values("46482","44174","2015-08-21T13:17:06.000Z");
insert into Admits(employeeID,patientID,timeAdmitted) values("81336","88711","2016-10-11T21:27:17.000Z");
insert into Admits(employeeID,patientID,timeAdmitted) values("84045","98646","2014-01-23T19:07:12.000Z");
insert into Admits(employeeID,patientID,timeAdmitted) values("41016","81315","2015-05-06T21:40:23.000Z");
insert into Admits(employeeID,patientID,timeAdmitted) values("46131","92999","2016-11-02T16:43:06.000Z");
insert into Admits(employeeID,patientID,timeAdmitted) values("48222","33077","2014-01-10T21:19:16.000Z");
insert into Admits(employeeID,patientID,timeAdmitted) values("71485","16168","2015-09-02T04:29:33.000Z");
insert into Admits(employeeID,patientID,timeAdmitted) values("84045","48665","2016-12-04T11:22:04.000Z");
insert into Admits(employeeID,patientID,timeAdmitted) values("73916","25642","2015-04-23T11:05:26.000Z");
insert into Admits(employeeID,patientID,timeAdmitted) values("73916","13414","2015-11-16T05:25:31.000Z");
insert into Admits(employeeID,patientID,timeAdmitted) values("72337","66817","2016-02-19T00:06:04.000Z");
insert into Admits(employeeID,patientID,timeAdmitted) values("72288","52467","2015-02-16T22:29:03.000Z");
insert into Admits(employeeID,patientID,timeAdmitted) values("27001","8928","2014-01-23T09:57:48.000Z");
insert into Admits(employeeID,patientID,timeAdmitted) values("2185","69165","2014-01-18T16:57:52.000Z");
insert into Admits(employeeID,patientID,timeAdmitted) values("17732","52467","2016-12-24T07:08:56.000Z");
insert into Admits(employeeID,patientID,timeAdmitted) values("76235","27390","2014-01-13T04:31:15.000Z");
insert into Admits(employeeID,patientID,timeAdmitted) values("67228","1092","2016-11-10T11:02:22.000Z");
insert into Admits(employeeID,patientID,timeAdmitted) values("86149","79569","2016-09-14T09:15:12.000Z");
insert into Admits(employeeID,patientID,timeAdmitted) values("64882","11684","2015-07-24T01:51:46.000Z");
insert into Admits(employeeID,patientID,timeAdmitted) values("46482","34190","2015-04-03T17:11:35.000Z");
insert into Admits(employeeID,patientID,timeAdmitted) values("40625","11629","2015-10-31T13:13:20.000Z");
insert into Admits(employeeID,patientID,timeAdmitted) values("17113","74232","2015-10-26T06:55:20.000Z");
insert into Admits(employeeID,patientID,timeAdmitted) values("8444","79569","2016-12-11T13:21:02.000Z");
insert into Admits(employeeID,patientID,timeAdmitted) values("48222","12475","2016-07-21T22:32:51.000Z");
insert into Admits(employeeID,patientID,timeAdmitted) values("36202","16238","2015-09-09T00:20:28.000Z");
insert into Admits(employeeID,patientID,timeAdmitted) values("84205","92389","2015-04-27T08:06:38.000Z");
insert into Admits(employeeID,patientID,timeAdmitted) values("84045","40125","2014-01-25T16:00:11.000Z");
insert into Admits(employeeID,patientID,timeAdmitted) values("68421","79569","2016-12-15T14:16:25.000Z");
insert into Admits(employeeID,patientID,timeAdmitted) values("68421","55355","2016-08-16T23:58:36.000Z");
insert into Admits(employeeID,patientID,timeAdmitted) values("77243","33077","2016-08-31T10:00:42.000Z");
insert into Admits(employeeID,patientID,timeAdmitted) values("50156","33077","2016-07-26T04:25:22.000Z");
insert into Admits(employeeID,patientID,timeAdmitted) values("72288","30283","2015-08-20T03:13:40.000Z");
insert into Admits(employeeID,patientID,timeAdmitted) values("77755","14467","2015-08-21T10:02:27.000Z");
insert into Admits(employeeID,patientID,timeAdmitted) values("11140","11069","2014-01-18T13:31:34.000Z");
insert into Admits(employeeID,patientID,timeAdmitted) values("8967","95043","2016-04-14T03:35:01.000Z");
insert into Admits(employeeID,patientID,timeAdmitted) values("54669","71916","2014-01-03T11:19:21.000Z");
insert into Admits(employeeID,patientID,timeAdmitted) values("93007","1560","2014-01-05T11:18:27.000Z");
insert into Admits(employeeID,patientID,timeAdmitted) values("94941","54095","2015-04-27T11:45:57.000Z");
insert into Admits(employeeID,patientID,timeAdmitted) values("9149","94260","2015-05-09T05:48:35.000Z");
insert into Admits(employeeID,patientID,timeAdmitted) values("89678","95043","2016-12-03T21:16:47.000Z");
insert into Admits(employeeID,patientID,timeAdmitted) values("68000","74174","2015-09-10T03:46:22.000Z");
insert into Admits(employeeID,patientID,timeAdmitted) values("84205","91291","2015-02-05T00:38:55.000Z");
insert into Admits(employeeID,patientID,timeAdmitted) values("41413","95636","2016-03-28T04:35:25.000Z");
insert into Admits(employeeID,patientID,timeAdmitted) values("86149","1560","2015-09-12T05:50:54.000Z");
insert into Admits(employeeID,patientID,timeAdmitted) values("24660","27712","2015-06-23T19:40:12.000Z");
insert into Admits(employeeID,patientID,timeAdmitted) values("87974","44174","2016-11-23T12:12:09.000Z");
insert into Admits(employeeID,patientID,timeAdmitted) values("16652","54129","2016-06-26T11:06:01.000Z");
insert into Admits(employeeID,patientID,timeAdmitted) values("78334","44174","2016-09-14T12:46:52.000Z");
insert into Admits(employeeID,patientID,timeAdmitted) values("28341","68286","2016-09-21T10:03:56.000Z");
insert into Admits(employeeID,patientID,timeAdmitted) values("68421","83137","2016-10-06T22:25:25.000Z");
insert into Admits(employeeID,patientID,timeAdmitted) values("43130","11629","2016-11-27T09:27:17.000Z");
insert into Admits(employeeID,patientID,timeAdmitted) values("64942","55355","2016-12-13T09:41:45.000Z");
insert into Admits(employeeID,patientID,timeAdmitted) values("43130","27436","2015-05-20T17:20:55.000Z");
insert into Admits(employeeID,patientID,timeAdmitted) values("4336","82470","2016-08-11T07:40:23.000Z");
insert into Admits(employeeID,patientID,timeAdmitted) values("8967","98646","2016-08-19T13:20:18.000Z");
insert into Admits(employeeID,patientID,timeAdmitted) values("8444","4112","2016-08-26T16:44:53.000Z");
insert into Admits(employeeID,patientID,timeAdmitted) values("64882","87455","2015-04-12T09:20:54.000Z");
insert into Admits(employeeID,patientID,timeAdmitted) values("42307","62704","2016-08-05T10:42:47.000Z");
insert into Admits(employeeID,patientID,timeAdmitted) values("97247","74114","2016-04-16T15:13:53.000Z");
insert into Admits(employeeID,patientID,timeAdmitted) values("27201","10652","2016-06-16T11:29:25.000Z");
insert into Admits(employeeID,patientID,timeAdmitted) values("41016","9951","2014-01-20T19:41:00.000Z");
insert into Admits(employeeID,patientID,timeAdmitted) values("47228","48665","2016-12-14T16:54:16.000Z");
insert into Admits(employeeID,patientID,timeAdmitted) values("73916","23652","2016-12-13T03:30:03.000Z");
insert into Admits(employeeID,patientID,timeAdmitted) values("29804","54095","2016-09-05T07:20:33.000Z");
insert into Admits(employeeID,patientID,timeAdmitted) values("11140","68286","2016-12-24T15:48:22.000Z");
insert into Admits(employeeID,patientID,timeAdmitted) values("28341","95043","2016-09-28T03:53:30.000Z");
insert into Admits(employeeID,patientID,timeAdmitted) values("87974","91457","2016-01-17T17:52:13.000Z");
insert into Admits(employeeID,patientID,timeAdmitted) values("3630","10652","2016-11-17T17:07:02.000Z");
insert into Admits(employeeID,patientID,timeAdmitted) values("24208","92389","2016-12-09T19:38:39.000Z");
insert into Admits(employeeID,patientID,timeAdmitted) values("6621","70002","2014-01-27T10:45:04.000Z");
insert into Admits(employeeID,patientID,timeAdmitted) values("29804","24656","2015-10-02T15:12:38.000Z");
insert into Admits(employeeID,patientID,timeAdmitted) values("56081","28202","2015-03-05T16:19:54.000Z");
insert into Admits(employeeID,patientID,timeAdmitted) values("20921","14929","2015-11-24T11:27:08.000Z");
insert into Admits(employeeID,patientID,timeAdmitted) values("94941","18035","2014-01-26T00:12:01.000Z");
insert into Admits(employeeID,patientID,timeAdmitted) values("52092","23945","2016-07-08T14:32:13.000Z");
insert into Admits(employeeID,patientID,timeAdmitted) values("70812","49162","2015-12-15T06:26:17.000Z");
insert into Admits(employeeID,patientID,timeAdmitted) values("79586","51692","2016-03-23T23:21:35.000Z");
insert into Admits(employeeID,patientID,timeAdmitted) values("93944","85102","2015-11-12T13:53:02.000Z");
insert into Admits(employeeID,patientID,timeAdmitted) values("50156","96307","2015-10-22T01:16:26.000Z");
insert into Admits(employeeID,patientID,timeAdmitted) values("50156","6768","2014-01-05T18:20:05.000Z");
insert into Admits(employeeID,patientID,timeAdmitted) values("42307","27843","2014-01-26T19:32:07.000Z");
insert into Admits(employeeID,patientID,timeAdmitted) values("42307","52467","2016-11-16T10:28:17.000Z");
insert into Admits(employeeID,patientID,timeAdmitted) values("46482","90893","2014-01-13T05:48:26.000Z");
insert into Admits(employeeID,patientID,timeAdmitted) values("36202","79569","2016-12-18T22:03:26.000Z");
insert into Admits(employeeID,patientID,timeAdmitted) values("20921","40125","2015-09-22T07:39:51.000Z");
insert into Admits(employeeID,patientID,timeAdmitted) values("64942","31777","2016-09-30T20:52:51.000Z");
insert into Admits(employeeID,patientID,timeAdmitted) values("77243","91457","2016-11-15T01:39:37.000Z");
insert into Admits(employeeID,patientID,timeAdmitted) values("27001","17718","2015-12-05T06:52:45.000Z");
insert into Admits(employeeID,patientID,timeAdmitted) values("81336","44017","2015-02-12T16:05:34.000Z");
insert into Admits(employeeID,patientID,timeAdmitted) values("41413","35935","2016-03-12T09:32:48.000Z");
insert into Admits(employeeID,patientID,timeAdmitted) values("73916","27265","2016-06-19T12:57:51.000Z");
insert into Admits(employeeID,patientID,timeAdmitted) values("42071","81315","2016-12-02T01:39:18.000Z");
insert into Admits(employeeID,patientID,timeAdmitted) values("8444","39511","2014-01-07T08:43:55.000Z");
insert into Admits(employeeID,patientID,timeAdmitted) values("66893","69165","2016-10-31T09:50:52.000Z");
insert into Admits(employeeID,patientID,timeAdmitted) values("29928","92389","2016-12-21T04:55:48.000Z");
insert into Admits(employeeID,patientID,timeAdmitted) values("64480","2616","2015-01-16T17:10:02.000Z");
insert into Admits(employeeID,patientID,timeAdmitted) values("3630","71406","2016-10-02T05:42:10.000Z");
insert into Admits(employeeID,patientID,timeAdmitted) values("10492","66817","2016-07-13T23:45:00.000Z");
insert into Admits(employeeID,patientID,timeAdmitted) values("93944","96419","2015-02-05T18:21:51.000Z");
insert into Admits(employeeID,patientID,timeAdmitted) values("25900","82470","2016-12-19T12:00:28.000Z");
insert into Admits(employeeID,patientID,timeAdmitted) values("29626","79517","2016-02-14T19:21:46.000Z");
insert into Admits(employeeID,patientID,timeAdmitted) values("16652","5901","2016-08-23T16:22:14.000Z");
insert into Admits(employeeID,patientID,timeAdmitted) values("47228","76272","2016-06-22T06:10:58.000Z");
insert into Admits(employeeID,patientID,timeAdmitted) values("47640","11293","2015-08-03T00:23:20.000Z");
insert into Admits(employeeID,patientID,timeAdmitted) values("25900","16238","2016-05-27T22:03:51.000Z");
insert into Admits(employeeID,patientID,timeAdmitted) values("23353","99028","2016-12-19T05:48:47.000Z");
insert into Admits(employeeID,patientID,timeAdmitted) values("25900","41008","2014-01-17T13:06:12.000Z");
insert into Admits(employeeID,patientID,timeAdmitted) values("8967","37766","2014-01-22T06:51:34.000Z");
insert into Admits(employeeID,patientID,timeAdmitted) values("6621","99144","2014-01-09T05:49:20.000Z");
insert into Admits(employeeID,patientID,timeAdmitted) values("25900","27592","2016-05-19T04:12:00.000Z");
insert into Admits(employeeID,patientID,timeAdmitted) values("43824","27265","2016-11-27T13:19:02.000Z");
insert into Admits(employeeID,patientID,timeAdmitted) values("97247","23945","2016-12-18T18:19:47.000Z");
insert into Admits(employeeID,patientID,timeAdmitted) values("47228","52455","2015-04-22T04:06:51.000Z");
insert into Admits(employeeID,patientID,timeAdmitted) values("46131","39517","2016-09-26T20:47:35.000Z");
insert into Admits(employeeID,patientID,timeAdmitted) values("41413","31777","2016-12-11T15:12:13.000Z");
insert into Admits(employeeID,patientID,timeAdmitted) values("29804","74174","2016-05-27T14:23:39.000Z");
insert into Admits(employeeID,patientID,timeAdmitted) values("9149","62082","2016-12-24T20:01:27.000Z");
insert into Admits(employeeID,patientID,timeAdmitted) values("8967","44017","2016-05-15T08:39:19.000Z");
insert into Admits(employeeID,patientID,timeAdmitted) values("41864","25642","2016-11-19T07:06:37.000Z");
insert into Admits(employeeID,patientID,timeAdmitted) values("77755","27592","2016-10-07T13:43:13.000Z");
insert into Admits(employeeID,patientID,timeAdmitted) values("27001","13276","2016-08-27T00:33:11.000Z");
insert into Admits(employeeID,patientID,timeAdmitted) values("88933","44017","2015-08-10T14:41:15.000Z");
insert into Admits(employeeID,patientID,timeAdmitted) values("72337","52455","2016-10-21T22:44:14.000Z");
insert into Admits(employeeID,patientID,timeAdmitted) values("89678","40125","2015-07-26T14:16:27.000Z");
insert into Admits(employeeID,patientID,timeAdmitted) values("11140","44174","2016-11-18T22:18:41.000Z");
insert into Admits(employeeID,patientID,timeAdmitted) values("48222","81805","2016-02-09T04:09:49.000Z");
insert into Admits(employeeID,patientID,timeAdmitted) values("23353","13164","2014-01-20T09:30:01.000Z");
insert into Admits(employeeID,patientID,timeAdmitted) values("70812","26229","2016-01-10T20:24:24.000Z");
insert into Admits(employeeID,patientID,timeAdmitted) values("17113","24656","2016-12-01T18:04:41.000Z");
insert into Admits(employeeID,patientID,timeAdmitted) values("43824","34046","2016-01-26T00:52:53.000Z");
insert into Admits(employeeID,patientID,timeAdmitted) values("30314","32865","2014-01-20T20:04:33.000Z");
insert into Admits(employeeID,patientID,timeAdmitted) values("68421","3860","2015-08-04T08:32:29.000Z");
insert into Admits(employeeID,patientID,timeAdmitted) values("48222","52455","2016-12-23T01:34:20.000Z");
insert into Admits(employeeID,patientID,timeAdmitted) values("88933","17718","2016-11-03T03:37:57.000Z");
insert into Admits(employeeID,patientID,timeAdmitted) values("94941","19307","2016-04-25T18:10:11.000Z");
insert into Admits(employeeID,patientID,timeAdmitted) values("2185","79569","2016-12-25T04:11:45.000Z");
insert into Admits(employeeID,patientID,timeAdmitted) values("11140","9951","2016-09-21T01:21:16.000Z");
insert into Admits(employeeID,patientID,timeAdmitted) values("64942","8225","2015-08-26T10:51:21.000Z");
insert into Admits(employeeID,patientID,timeAdmitted) values("28352","15139","2015-10-08T07:16:05.000Z");
insert into Admits(employeeID,patientID,timeAdmitted) values("63637","92513","2016-10-20T23:02:15.000Z");
insert into Admits(employeeID,patientID,timeAdmitted) values("74277","99028","2016-12-21T19:29:47.000Z");
insert into Admits(employeeID,patientID,timeAdmitted) values("24660","69165","2016-11-18T22:51:34.000Z");
insert into Admits(employeeID,patientID,timeAdmitted) values("24208","27265","2016-11-21T12:33:25.000Z");
insert into Admits(employeeID,patientID,timeAdmitted) values("47228","17114","2014-01-12T14:16:23.000Z");
insert into Admits(employeeID,patientID,timeAdmitted) values("74277","35935","2016-11-16T17:42:29.000Z");
insert into Admits(employeeID,patientID,timeAdmitted) values("47228","44174","2016-11-11T01:37:59.000Z");
insert into Admits(employeeID,patientID,timeAdmitted) values("95989","40982","2016-02-27T12:45:33.000Z");
insert into Admits(employeeID,patientID,timeAdmitted) values("39446","19084","2016-08-22T00:48:04.000Z");
insert into Admits(employeeID,patientID,timeAdmitted) values("27201","39511","2015-11-16T17:44:41.000Z");
insert into Admits(employeeID,patientID,timeAdmitted) values("23353","94455","2016-11-14T16:30:36.000Z");
insert into Admits(employeeID,patientID,timeAdmitted) values("25900","85102","2016-11-19T13:22:22.000Z");
insert into Admits(employeeID,patientID,timeAdmitted) values("11914","28456","2014-01-18T06:26:17.000Z");
insert into Admits(employeeID,patientID,timeAdmitted) values("56081","44174","2016-10-21T23:44:56.000Z");
insert into Admits(employeeID,patientID,timeAdmitted) values("29626","43533","2015-04-12T21:52:24.000Z");
insert into Admits(employeeID,patientID,timeAdmitted) values("88933","41400","2014-01-15T18:33:07.000Z");
insert into Admits(employeeID,patientID,timeAdmitted) values("76399","26229","2016-06-07T12:43:10.000Z");
insert into Admits(employeeID,patientID,timeAdmitted) values("6294","12475","2016-12-01T20:35:53.000Z");
insert into Admits(employeeID,patientID,timeAdmitted) values("28413","14300","2016-05-03T19:36:23.000Z");
insert into Admits(employeeID,patientID,timeAdmitted) values("9149","13164","2015-10-10T16:57:36.000Z");
insert into Admits(employeeID,patientID,timeAdmitted) values("97567","27712","2016-09-03T15:09:20.000Z");
insert into Admits(employeeID,patientID,timeAdmitted) values("48222","29395","2015-07-01T18:26:56.000Z");
insert into Admits(employeeID,patientID,timeAdmitted) values("48467","30283","2016-09-10T14:14:17.000Z");
insert into Admits(employeeID,patientID,timeAdmitted) values("64942","8225","2016-09-27T23:41:24.000Z");
insert into Admits(employeeID,patientID,timeAdmitted) values("25900","3572","2016-05-11T11:41:47.000Z");
insert into Admits(employeeID,patientID,timeAdmitted) values("2185","70002","2016-07-07T03:56:53.000Z");
insert into Admits(employeeID,patientID,timeAdmitted) values("70812","74114","2016-02-02T22:27:57.000Z");
insert into Admits(employeeID,patientID,timeAdmitted) values("41016","75380","2016-06-12T21:28:12.000Z");
insert into Admits(employeeID,patientID,timeAdmitted) values("77755","82794","2016-04-05T14:57:21.000Z");
insert into Admits(employeeID,patientID,timeAdmitted) values("56081","18297","2015-01-14T13:46:31.000Z");
insert into Admits(employeeID,patientID,timeAdmitted) values("78334","28456","2016-11-26T13:48:29.000Z");
insert into Admits(employeeID,patientID,timeAdmitted) values("42071","74114","2015-12-15T09:02:03.000Z");
insert into Admits(employeeID,patientID,timeAdmitted) values("43130","35935","2016-11-10T01:14:44.000Z");
insert into Admits(employeeID,patientID,timeAdmitted) values("77243","71916","2015-03-21T06:27:00.000Z");
insert into Admits(employeeID,patientID,timeAdmitted) values("54669","91457","2016-10-18T23:09:22.000Z");
insert into Admits(employeeID,patientID,timeAdmitted) values("11914","12467","2016-07-01T16:20:33.000Z");
insert into Admits(employeeID,patientID,timeAdmitted) values("46482","16168","2016-11-15T09:06:18.000Z");
insert into Admits(employeeID,patientID,timeAdmitted) values("27001","91457","2016-11-14T16:36:22.000Z");
insert into Admits(employeeID,patientID,timeAdmitted) values("46482","76845","2016-09-18T22:08:37.000Z");
insert into Admits(employeeID,patientID,timeAdmitted) values("85672","91457","2016-12-14T16:38:35.000Z");
insert into Admits(employeeID,patientID,timeAdmitted) values("70812","16238","2016-04-19T02:26:24.000Z");
insert into Admits(employeeID,patientID,timeAdmitted) values("68000","24656","2016-12-03T05:50:57.000Z");
insert into AssignedTo(doctorID,patientID) values("6294","1092");
insert into AssignedTo(doctorID,patientID) values("6294","4112");
insert into AssignedTo(doctorID,patientID) values("3630","30138");
insert into AssignedTo(doctorID,patientID) values("41016","8928");
insert into AssignedTo(doctorID,patientID) values("47228","4112");
insert into AssignedTo(doctorID,patientID) values("52762","6768");
insert into AssignedTo(doctorID,patientID) values("6294","97382");
insert into AssignedTo(doctorID,patientID) values("63637","2616");
insert into AssignedTo(doctorID,patientID) values("63637","9951");
insert into AssignedTo(doctorID,patientID) values("6621","26229");
insert into AssignedTo(doctorID,patientID) values("6621","68286");
insert into AssignedTo(doctorID,patientID) values("6621","82794");
insert into AssignedTo(doctorID,patientID) values("68421","8225");
insert into AssignedTo(doctorID,patientID) values("72288","6768");
insert into AssignedTo(doctorID,patientID) values("72288","7685");
insert into AssignedTo(doctorID,patientID) values("81757","1560");
insert into AssignedTo(doctorID,patientID) values("9149","12467");
insert into AssignedTo(doctorID,patientID) values("9149","48195");
insert into AssignedTo(doctorID,patientID) values("97567","2616");
insert into AssignedTo(doctorID,patientID) values("99938","3714");
insert into AssignedTo(doctorID,patientID) values("11914","48665");
insert into AssignedTo(doctorID,patientID) values("11914","62704");
insert into AssignedTo(doctorID,patientID) values("11914","67438");
insert into AssignedTo(doctorID,patientID) values("11914","69165");
insert into AssignedTo(doctorID,patientID) values("11914","70489");
insert into AssignedTo(doctorID,patientID) values("11914","74174");
insert into AssignedTo(doctorID,patientID) values("25900","16238");
insert into AssignedTo(doctorID,patientID) values("25900","47259");
insert into AssignedTo(doctorID,patientID) values("25900","67234");
insert into AssignedTo(doctorID,patientID) values("25900","83137");
insert into AssignedTo(doctorID,patientID) values("25900","90893");
insert into AssignedTo(doctorID,patientID) values("28352","48195");
insert into AssignedTo(doctorID,patientID) values("29804","14300");
insert into AssignedTo(doctorID,patientID) values("29804","40594");
insert into AssignedTo(doctorID,patientID) values("29804","49189");
insert into AssignedTo(doctorID,patientID) values("41016","17371");
insert into AssignedTo(doctorID,patientID) values("41016","28202");
insert into AssignedTo(doctorID,patientID) values("41016","32940");
insert into AssignedTo(doctorID,patientID) values("41016","41288");
insert into AssignedTo(doctorID,patientID) values("41016","62889");
insert into AssignedTo(doctorID,patientID) values("41413","22173");
insert into AssignedTo(doctorID,patientID) values("41413","76272");
insert into AssignedTo(doctorID,patientID) values("41413","80588");
insert into AssignedTo(doctorID,patientID) values("41413","94260");
insert into AssignedTo(doctorID,patientID) values("41413","94281");
insert into AssignedTo(doctorID,patientID) values("41864","56381");
insert into AssignedTo(doctorID,patientID) values("42307","17371");
insert into AssignedTo(doctorID,patientID) values("42307","27390");
insert into AssignedTo(doctorID,patientID) values("42307","41150");
insert into AssignedTo(doctorID,patientID) values("91860","92513");
insert into AssignedTo(doctorID,patientID) values("67228","92999");
insert into AssignedTo(doctorID,patientID) values("85672","55532");
insert into AssignedTo(doctorID,patientID) values("65909","74442");
insert into AssignedTo(doctorID,patientID) values("47640","51692");
insert into AssignedTo(doctorID,patientID) values("77755","12475");
insert into AssignedTo(doctorID,patientID) values("71485","26229");
insert into AssignedTo(doctorID,patientID) values("76235","32865");
insert into AssignedTo(doctorID,patientID) values("56081","76272");
insert into AssignedTo(doctorID,patientID) values("68000","11654");
insert into AssignedTo(doctorID,patientID) values("68421","22173");
insert into AssignedTo(doctorID,patientID) values("88933","70002");
insert into AssignedTo(doctorID,patientID) values("52092","72179");
insert into AssignedTo(doctorID,patientID) values("68421","18297");
insert into AssignedTo(doctorID,patientID) values("95989","82470");
insert into AssignedTo(doctorID,patientID) values("94941","54095");
insert into AssignedTo(doctorID,patientID) values("91860","68286");
insert into AssignedTo(doctorID,patientID) values("97247","25661");
insert into AssignedTo(doctorID,patientID) values("65909","11684");
insert into AssignedTo(doctorID,patientID) values("77243","37823");
insert into AssignedTo(doctorID,patientID) values("47228","40181");
insert into AssignedTo(doctorID,patientID) values("47228","26229");
insert into AssignedTo(doctorID,patientID) values("81757","25642");
insert into AssignedTo(doctorID,patientID) values("47441","29395");
insert into AssignedTo(doctorID,patientID) values("79586","17371");
insert into AssignedTo(doctorID,patientID) values("97247","32865");
insert into AssignedTo(doctorID,patientID) values("63380","62082");
insert into AssignedTo(doctorID,patientID) values("81757","23945");
insert into AssignedTo(doctorID,patientID) values("46131","31809");
insert into AssignedTo(doctorID,patientID) values("95989","24656");
insert into AssignedTo(doctorID,patientID) values("68000","74114");
insert into AssignedTo(doctorID,patientID) values("87974","22173");
insert into AssignedTo(doctorID,patientID) values("81757","89984");
insert into AssignedTo(doctorID,patientID) values("93007","14300");
insert into AssignedTo(doctorID,patientID) values("97567","59539");
insert into AssignedTo(doctorID,patientID) values("67228","87455");
insert into AssignedTo(doctorID,patientID) values("76399","59539");
insert into AssignedTo(doctorID,patientID) values("63637","76845");
insert into AssignedTo(doctorID,patientID) values("47441","80588");
insert into AssignedTo(doctorID,patientID) values("79586","12475");
insert into AssignedTo(doctorID,patientID) values("87974","45888");
insert into AssignedTo(doctorID,patientID) values("46482","26157");
insert into AssignedTo(doctorID,patientID) values("97567","54095");
insert into AssignedTo(doctorID,patientID) values("66893","16184");
insert into AssignedTo(doctorID,patientID) values("86149","40982");
insert into AssignedTo(doctorID,patientID) values("47441","91457");
insert into AssignedTo(doctorID,patientID) values("79595","27592");
insert into AssignedTo(doctorID,patientID) values("65909","17718");
insert into AssignedTo(doctorID,patientID) values("66893","57441");
insert into AssignedTo(doctorID,patientID) values("86149","41150");
insert into AssignedTo(doctorID,patientID) values("63380","97168");
insert into AssignedTo(doctorID,patientID) values("85672","75589");
insert into AssignedTo(doctorID,patientID) values("69572","56381");
insert into AssignedTo(doctorID,patientID) values("47228","13414");
insert into AssignedTo(doctorID,patientID) values("48467","39370");
insert into AssignedTo(doctorID,patientID) values("77923","92999");
insert into AssignedTo(doctorID,patientID) values("48467","44017");
insert into AssignedTo(doctorID,patientID) values("77243","13414");
insert into AssignedTo(doctorID,patientID) values("47228","29151");
insert into AssignedTo(doctorID,patientID) values("65909","54129");
insert into AssignedTo(doctorID,patientID) values("87974","71406");
insert into AssignedTo(doctorID,patientID) values("46482","40181");
insert into AssignedTo(doctorID,patientID) values("69572","14467");
insert into AssignedTo(doctorID,patientID) values("67228","11069");
insert into AssignedTo(doctorID,patientID) values("71485","85102");
insert into AssignedTo(doctorID,patientID) values("76235","75814");
insert into AssignedTo(doctorID,patientID) values("66893","13164");
insert into AssignedTo(doctorID,patientID) values("99938","46414");
insert into AssignedTo(doctorID,patientID) values("65909","37724");
insert into AssignedTo(doctorID,patientID) values("64294","44174");
insert into AssignedTo(doctorID,patientID) values("72288","92999");
insert into AssignedTo(doctorID,patientID) values("81336","75380");
insert into AssignedTo(doctorID,patientID) values("76399","34429");
insert into AssignedTo(doctorID,patientID) values("84045","56023");
insert into AssignedTo(doctorID,patientID) values("52092","97382");
insert into AssignedTo(doctorID,patientID) values("94941","57665");
insert into AssignedTo(doctorID,patientID) values("47640","39511");
insert into AssignedTo(doctorID,patientID) values("84205","11629");
insert into AssignedTo(doctorID,patientID) values("77755","17718");
insert into AssignedTo(doctorID,patientID) values("71485","49189");
insert into AssignedTo(doctorID,patientID) values("69572","80588");
insert into AssignedTo(doctorID,patientID) values("87974","56023");
insert into AssignedTo(doctorID,patientID) values("97247","34190");
insert into AssignedTo(doctorID,patientID) values("79586","92866");
insert into AssignedTo(doctorID,patientID) values("81757","81315");
insert into AssignedTo(doctorID,patientID) values("47228","34190");
insert into AssignedTo(doctorID,patientID) values("46131","74114");
insert into AssignedTo(doctorID,patientID) values("76235","45781");
insert into AssignedTo(doctorID,patientID) values("84205","67528");
insert into AssignedTo(doctorID,patientID) values("85672","15139");
insert into AssignedTo(doctorID,patientID) values("79586","82666");
insert into AssignedTo(doctorID,patientID) values("63637","12475");
insert into AssignedTo(doctorID,patientID) values("66893","44017");
insert into AssignedTo(doctorID,patientID) values("87974","33077");
insert into AssignedTo(doctorID,patientID) values("67228","74442");
insert into AssignedTo(doctorID,patientID) values("77755","95636");
insert into AssignedTo(doctorID,patientID) values("99938","74114");
insert into AssignedTo(doctorID,patientID) values("86149","91291");
insert into AssignedTo(doctorID,patientID) values("84045","57665");
insert into AssignedTo(doctorID,patientID) values("52762","11069");
insert into AssignedTo(doctorID,patientID) values("52762","79517");
insert into AssignedTo(doctorID,patientID) values("63380","87455");
insert into AssignedTo(doctorID,patientID) values("77923","29902");
insert into AssignedTo(doctorID,patientID) values("88933","78210");
insert into AssignedTo(doctorID,patientID) values("95989","17070");
insert into AssignedTo(doctorID,patientID) values("47441","97382");
insert into AssignedTo(doctorID,patientID) values("47640","55355");
insert into AssignedTo(doctorID,patientID) values("76235","92999");
insert into AssignedTo(doctorID,patientID) values("47441","96419");
insert into AssignedTo(doctorID,patientID) values("68421","56381");
insert into AssignedTo(doctorID,patientID) values("47640","90893");
insert into AssignedTo(doctorID,patientID) values("68000","15139");
insert into AssignedTo(doctorID,patientID) values("81336","66817");
insert into AssignedTo(doctorID,patientID) values("65909","30138");
insert into AssignedTo(doctorID,patientID) values("84045","37723");
insert into AssignedTo(doctorID,patientID) values("91860","11293");
insert into AssignedTo(doctorID,patientID) values("81757","96419");
insert into AssignedTo(doctorID,patientID) values("64294","80588");
insert into AssignedTo(doctorID,patientID) values("84205","95636");
insert into AssignedTo(doctorID,patientID) values("76235","17371");
insert into AssignedTo(doctorID,patientID) values("56081","11684");
insert into AssignedTo(doctorID,patientID) values("79595","27390");
insert into AssignedTo(doctorID,patientID) values("47228","40118");
insert into AssignedTo(doctorID,patientID) values("65909","67438");
insert into AssignedTo(doctorID,patientID) values("73916","78201");
insert into AssignedTo(doctorID,patientID) values("69572","27390");
insert into AssignedTo(doctorID,patientID) values("88933","37335");
insert into AssignedTo(doctorID,patientID) values("76235","39370");
insert into AssignedTo(doctorID,patientID) values("71485","94455");
insert into AssignedTo(doctorID,patientID) values("56081","82794");
insert into AssignedTo(doctorID,patientID) values("63380","74442");
insert into AssignedTo(doctorID,patientID) values("86149","37724");
insert into AssignedTo(doctorID,patientID) values("99938","59539");
insert into AssignedTo(doctorID,patientID) values("87974","18297");
insert into AssignedTo(doctorID,patientID) values("67228","70002");
insert into AssignedTo(doctorID,patientID) values("81757","59539");
insert into AssignedTo(doctorID,patientID) values("77755","71566");
insert into AssignedTo(doctorID,patientID) values("91860","67438");
insert into AssignedTo(doctorID,patientID) values("68000","41400");
insert into AssignedTo(doctorID,patientID) values("84205","37335");
insert into AssignedTo(doctorID,patientID) values("46131","37766");
insert into AssignedTo(doctorID,patientID) values("67228","22173");
insert into AssignedTo(doctorID,patientID) values("93007","54129");
insert into AssignedTo(doctorID,patientID) values("77923","62889");
insert into AssignedTo(doctorID,patientID) values("68421","82470");
insert into AssignedTo(doctorID,patientID) values("93944","92866");
insert into AssignedTo(doctorID,patientID) values("46131","41150");
insert into AssignedTo(doctorID,patientID) values("64294","55355");
insert into AssignedTo(doctorID,patientID) values("70812","27390");
insert into AssignedTo(doctorID,patientID) values("77923","67234");
insert into Administers(treatmentGiverID,patientID,treatmentID,timeAdministered) values("33495","74232","51495","2016-08-15T08:32:38.000Z");
insert into Administers(treatmentGiverID,patientID,treatmentID,timeAdministered) values("11943","16168","32429","2015-05-26T10:36:25.000Z");
insert into Administers(treatmentGiverID,patientID,treatmentID,timeAdministered) values("26124","33077","67635","2014-01-06T06:11:35.000Z");
insert into Administers(treatmentGiverID,patientID,treatmentID,timeAdministered) values("40891","72179","74309","2016-11-16T13:44:52.000Z");
insert into Administers(treatmentGiverID,patientID,treatmentID,timeAdministered) values("79543","13276","46603","2016-09-27T15:26:44.000Z");
insert into Administers(treatmentGiverID,patientID,treatmentID,timeAdministered) values("29684","44017","28484","2014-01-21T22:53:52.000Z");
insert into Administers(treatmentGiverID,patientID,treatmentID,timeAdministered) values("40688","29151","87054","2015-12-13T12:48:36.000Z");
insert into Administers(treatmentGiverID,patientID,treatmentID,timeAdministered) values("47813","51340","62468","2016-10-11T21:26:49.000Z");
insert into Administers(treatmentGiverID,patientID,treatmentID,timeAdministered) values("65822","18035","5412","2014-01-20T13:29:13.000Z");
insert into Administers(treatmentGiverID,patientID,treatmentID,timeAdministered) values("65822","40594","64585","2015-06-08T13:43:33.000Z");
insert into Administers(treatmentGiverID,patientID,treatmentID,timeAdministered) values("24662","80588","34031","2013-12-31T23:39:08.000Z");
insert into Administers(treatmentGiverID,patientID,treatmentID,timeAdministered) values("12631","83186","51813","2014-01-18T07:09:09.000Z");
insert into Administers(treatmentGiverID,patientID,treatmentID,timeAdministered) values("72161","39517","29228","2014-01-08T23:16:54.000Z");
insert into Administers(treatmentGiverID,patientID,treatmentID,timeAdministered) values("47813","96419","45263","2015-05-18T07:11:26.000Z");
insert into Administers(treatmentGiverID,patientID,treatmentID,timeAdministered) values("63911","8928","15099","2016-02-25T08:23:16.000Z");
insert into Administers(treatmentGiverID,patientID,treatmentID,timeAdministered) values("84409","35297","65091","2015-08-25T18:16:56.000Z");
insert into Administers(treatmentGiverID,patientID,treatmentID,timeAdministered) values("47813","88711","36539","2016-04-07T18:38:15.000Z");
insert into Administers(treatmentGiverID,patientID,treatmentID,timeAdministered) values("76935","33077","99422","2015-05-12T08:26:37.000Z");
insert into Administers(treatmentGiverID,patientID,treatmentID,timeAdministered) values("67035","15139","33960","2015-02-16T23:48:33.000Z");
insert into Administers(treatmentGiverID,patientID,treatmentID,timeAdministered) values("16798","50697","493","2016-08-08T18:04:31.000Z");
insert into Administers(treatmentGiverID,patientID,treatmentID,timeAdministered) values("13161","35935","10789","2015-11-24T00:35:51.000Z");
insert into Administers(treatmentGiverID,patientID,treatmentID,timeAdministered) values("59046","78201","83861","2015-09-20T20:48:05.000Z");
insert into Administers(treatmentGiverID,patientID,treatmentID,timeAdministered) values("66359","92999","62842","2016-05-13T03:39:13.000Z");
insert into Administers(treatmentGiverID,patientID,treatmentID,timeAdministered) values("95740","19084","5412","2014-01-13T21:06:06.000Z");
insert into Administers(treatmentGiverID,patientID,treatmentID,timeAdministered) values("47813","39511","78526","2016-09-14T08:57:17.000Z");
insert into Administers(treatmentGiverID,patientID,treatmentID,timeAdministered) values("2982","35935","51813","2014-01-13T02:28:24.000Z");
insert into Administers(treatmentGiverID,patientID,treatmentID,timeAdministered) values("64207","54129","45263","2014-01-18T12:47:56.000Z");
insert into Administers(treatmentGiverID,patientID,treatmentID,timeAdministered) values("96560","37335","3271","2014-01-25T21:23:00.000Z");
insert into Administers(treatmentGiverID,patientID,treatmentID,timeAdministered) values("79629","16184","97125","2014-01-02T02:54:56.000Z");
insert into Administers(treatmentGiverID,patientID,treatmentID,timeAdministered) values("64207","14467","45263","2016-05-05T07:39:08.000Z");
insert into Administers(treatmentGiverID,patientID,treatmentID,timeAdministered) values("87543","94455","2113","2014-01-19T12:56:45.000Z");
insert into Administers(treatmentGiverID,patientID,treatmentID,timeAdministered) values("9942","49189","10789","2014-01-22T06:56:48.000Z");
insert into Administers(treatmentGiverID,patientID,treatmentID,timeAdministered) values("48500","29120","18198","2015-06-30T09:47:52.000Z");
insert into Administers(treatmentGiverID,patientID,treatmentID,timeAdministered) values("30566","78210","79485","2014-01-03T12:54:11.000Z");
insert into Administers(treatmentGiverID,patientID,treatmentID,timeAdministered) values("9170","17114","15099","2015-10-10T22:21:56.000Z");
insert into Administers(treatmentGiverID,patientID,treatmentID,timeAdministered) values("7673","98646","27751","2015-03-11T03:38:58.000Z");
insert into Administers(treatmentGiverID,patientID,treatmentID,timeAdministered) values("70990","28202","111","2015-06-23T11:06:08.000Z");
insert into Administers(treatmentGiverID,patientID,treatmentID,timeAdministered) values("23011","75380","9538","2015-11-05T17:49:09.000Z");
insert into Administers(treatmentGiverID,patientID,treatmentID,timeAdministered) values("41703","29902","57871","2014-01-19T15:06:45.000Z");
insert into Administers(treatmentGiverID,patientID,treatmentID,timeAdministered) values("63842","34429","82259","2016-01-23T22:03:48.000Z");
insert into Administers(treatmentGiverID,patientID,treatmentID,timeAdministered) values("40688","31777","8738","2015-04-14T12:28:18.000Z");
insert into Administers(treatmentGiverID,patientID,treatmentID,timeAdministered) values("47813","92999","32429","2015-12-03T13:03:26.000Z");
insert into Administers(treatmentGiverID,patientID,treatmentID,timeAdministered) values("48753","6011","26628","2014-01-13T12:41:00.000Z");
insert into Administers(treatmentGiverID,patientID,treatmentID,timeAdministered) values("35019","59539","8738","2016-08-27T06:26:12.000Z");
insert into Administers(treatmentGiverID,patientID,treatmentID,timeAdministered) values("35621","69165","26628","2016-11-12T14:17:38.000Z");
insert into Administers(treatmentGiverID,patientID,treatmentID,timeAdministered) values("50043","92866","46603","2014-01-21T18:51:55.000Z");
insert into Administers(treatmentGiverID,patientID,treatmentID,timeAdministered) values("45240","40125","18237","2015-11-25T09:12:03.000Z");
insert into Administers(treatmentGiverID,patientID,treatmentID,timeAdministered) values("67035","41400","70724","2014-01-02T05:20:54.000Z");
insert into Administers(treatmentGiverID,patientID,treatmentID,timeAdministered) values("64157","86747","55485","2015-04-10T01:08:28.000Z");
insert into Administers(treatmentGiverID,patientID,treatmentID,timeAdministered) values("93719","32865","85046","2016-03-10T20:32:32.000Z");
insert into Administers(treatmentGiverID,patientID,treatmentID,timeAdministered) values("20113","48665","57258","2016-03-02T06:30:41.000Z");
insert into Administers(treatmentGiverID,patientID,treatmentID,timeAdministered) values("26124","35297","51495","2015-02-18T20:31:57.000Z");
insert into Administers(treatmentGiverID,patientID,treatmentID,timeAdministered) values("33509","66817","93278","2014-01-16T13:01:32.000Z");
insert into Administers(treatmentGiverID,patientID,treatmentID,timeAdministered) values("15617","13414","493","2016-08-14T04:48:34.000Z");
insert into Administers(treatmentGiverID,patientID,treatmentID,timeAdministered) values("11943","62889","29228","2015-05-04T22:37:30.000Z");
insert into Administers(treatmentGiverID,patientID,treatmentID,timeAdministered) values("38395","37723","34605","2014-01-22T02:01:36.000Z");
insert into Administers(treatmentGiverID,patientID,treatmentID,timeAdministered) values("65822","19307","57871","2014-01-03T14:35:47.000Z");
insert into Administers(treatmentGiverID,patientID,treatmentID,timeAdministered) values("29684","80588","32060","2016-09-13T11:09:13.000Z");
insert into Administers(treatmentGiverID,patientID,treatmentID,timeAdministered) values("59046","78210","55485","2014-01-04T04:48:37.000Z");
insert into Administers(treatmentGiverID,patientID,treatmentID,timeAdministered) values("52500","24656","17806","2016-04-25T16:26:59.000Z");
insert into Administers(treatmentGiverID,patientID,treatmentID,timeAdministered) values("48943","74232","5412","2014-01-27T11:32:57.000Z");
insert into Administers(treatmentGiverID,patientID,treatmentID,timeAdministered) values("31261","28456","57871","2015-06-25T04:57:45.000Z");
insert into Administers(treatmentGiverID,patientID,treatmentID,timeAdministered) values("48753","47259","36539","2016-09-23T08:00:17.000Z");
insert into Administers(treatmentGiverID,patientID,treatmentID,timeAdministered) values("86299","24656","51813","2016-12-27T15:10:25.000Z");
insert into Administers(treatmentGiverID,patientID,treatmentID,timeAdministered) values("32032","29902","69376","2015-11-24T13:56:48.000Z");
insert into Administers(treatmentGiverID,patientID,treatmentID,timeAdministered) values("63911","18297","2113","2015-11-26T00:48:45.000Z");
insert into Administers(treatmentGiverID,patientID,treatmentID,timeAdministered) values("39836","75380","59816","2016-06-17T14:00:48.000Z");
insert into Administers(treatmentGiverID,patientID,treatmentID,timeAdministered) values("17418","19084","91368","2014-01-11T21:35:41.000Z");
insert into Administers(treatmentGiverID,patientID,treatmentID,timeAdministered) values("41703","56023","65091","2015-06-19T10:49:35.000Z");
insert into Administers(treatmentGiverID,patientID,treatmentID,timeAdministered) values("7828","3860","48611","2016-03-13T13:04:25.000Z");
insert into Administers(treatmentGiverID,patientID,treatmentID,timeAdministered) values("80993","70489","493","2016-06-08T08:10:43.000Z");
insert into Administers(treatmentGiverID,patientID,treatmentID,timeAdministered) values("96560","48665","51007","2015-09-15T22:54:21.000Z");
insert into Administers(treatmentGiverID,patientID,treatmentID,timeAdministered) values("65822","95043","31999","2016-05-08T08:52:32.000Z");
insert into Administers(treatmentGiverID,patientID,treatmentID,timeAdministered) values("33509","3714","79485","2014-01-18T20:48:16.000Z");
insert into Administers(treatmentGiverID,patientID,treatmentID,timeAdministered) values("66359","45788","31999","2015-06-05T06:04:52.000Z");
insert into Administers(treatmentGiverID,patientID,treatmentID,timeAdministered) values("21592","14929","27751","2015-09-30T14:02:13.000Z");
insert into Administers(treatmentGiverID,patientID,treatmentID,timeAdministered) values("13233","57070","31999","2016-07-09T04:23:09.000Z");
insert into Administers(treatmentGiverID,patientID,treatmentID,timeAdministered) values("48753","99144","13569","2014-01-08T15:22:57.000Z");
insert into Administers(treatmentGiverID,patientID,treatmentID,timeAdministered) values("27726","31777","76586","2016-03-12T09:50:10.000Z");
insert into Administers(treatmentGiverID,patientID,treatmentID,timeAdministered) values("46162","11069","20535","2016-06-02T16:16:58.000Z");
insert into Administers(treatmentGiverID,patientID,treatmentID,timeAdministered) values("28416","59539","29228","2015-01-19T18:20:30.000Z");
insert into Administers(treatmentGiverID,patientID,treatmentID,timeAdministered) values("23513","89984","34031","2016-08-23T23:18:57.000Z");
insert into Administers(treatmentGiverID,patientID,treatmentID,timeAdministered) values("63320","39511","69376","2016-04-12T04:44:51.000Z");
insert into Administers(treatmentGiverID,patientID,treatmentID,timeAdministered) values("35621","8928","67635","2014-01-05T15:43:55.000Z");
insert into Administers(treatmentGiverID,patientID,treatmentID,timeAdministered) values("23513","27592","70724","2014-01-20T22:43:29.000Z");
insert into Administers(treatmentGiverID,patientID,treatmentID,timeAdministered) values("64157","97168","56081","2015-01-19T09:12:15.000Z");
insert into Administers(treatmentGiverID,patientID,treatmentID,timeAdministered) values("91782","37766","91368","2016-12-12T13:12:37.000Z");
insert into Administers(treatmentGiverID,patientID,treatmentID,timeAdministered) values("94699","45781","32429","2015-10-08T05:52:39.000Z");
insert into Administers(treatmentGiverID,patientID,treatmentID,timeAdministered) values("9170","51692","99422","2014-01-02T20:18:25.000Z");
insert into Administers(treatmentGiverID,patientID,treatmentID,timeAdministered) values("8852","56023","85046","2014-01-22T11:54:20.000Z");
insert into Administers(treatmentGiverID,patientID,treatmentID,timeAdministered) values("26124","41400","111","2014-01-12T20:10:10.000Z");
insert into Administers(treatmentGiverID,patientID,treatmentID,timeAdministered) values("27656","26157","40928","2016-02-24T11:35:17.000Z");
insert into Administers(treatmentGiverID,patientID,treatmentID,timeAdministered) values("48753","92866","82259","2016-07-15T20:38:05.000Z");
insert into Administers(treatmentGiverID,patientID,treatmentID,timeAdministered) values("28416","55532","5443","2016-09-10T17:56:01.000Z");
insert into Administers(treatmentGiverID,patientID,treatmentID,timeAdministered) values("79629","44017","64585","2014-01-13T20:41:16.000Z");
insert into Administers(treatmentGiverID,patientID,treatmentID,timeAdministered) values("2937","74232","48611","2014-01-20T23:21:36.000Z");
insert into Administers(treatmentGiverID,patientID,treatmentID,timeAdministered) values("9170","56023","5443","2016-02-24T13:03:17.000Z");
insert into Administers(treatmentGiverID,patientID,treatmentID,timeAdministered) values("27726","25661","55485","2016-04-01T23:45:53.000Z");
insert into Administers(treatmentGiverID,patientID,treatmentID,timeAdministered) values("59046","91457","72882","2014-01-11T18:03:45.000Z");
insert into Administers(treatmentGiverID,patientID,treatmentID,timeAdministered) values("63320","68286","71790","2014-01-01T05:27:55.000Z");
insert into Administers(treatmentGiverID,patientID,treatmentID,timeAdministered) values("96502","5901","87054","2015-09-07T14:26:41.000Z");
insert into Administers(treatmentGiverID,patientID,treatmentID,timeAdministered) values("84409","37335","15099","2016-09-27T05:26:46.000Z");
insert into Administers(treatmentGiverID,patientID,treatmentID,timeAdministered) values("20113","33077","37024","2016-03-27T18:31:35.000Z");
insert into Administers(treatmentGiverID,patientID,treatmentID,timeAdministered) values("59046","95043","24696","2015-10-27T10:51:17.000Z");
insert into Administers(treatmentGiverID,patientID,treatmentID,timeAdministered) values("79629","8928","5443","2015-05-08T07:08:12.000Z");
insert into Administers(treatmentGiverID,patientID,treatmentID,timeAdministered) values("45240","98646","59816","2015-01-15T18:36:43.000Z");
insert into Administers(treatmentGiverID,patientID,treatmentID,timeAdministered) values("2937","26229","20535","2016-01-10T09:02:56.000Z");
insert into Administers(treatmentGiverID,patientID,treatmentID,timeAdministered) values("20620","19307","28017","2015-10-31T05:32:35.000Z");
insert into Administers(treatmentGiverID,patientID,treatmentID,timeAdministered) values("20620","11502","27575","2016-08-08T05:08:27.000Z");
insert into Administers(treatmentGiverID,patientID,treatmentID,timeAdministered) values("79629","45781","95153","2014-01-26T11:12:53.000Z");
insert into Administers(treatmentGiverID,patientID,treatmentID,timeAdministered) values("33495","83137","48611","2014-01-23T07:56:06.000Z");
insert into Administers(treatmentGiverID,patientID,treatmentID,timeAdministered) values("13437","30138","26628","2014-01-23T04:57:16.000Z");
insert into Administers(treatmentGiverID,patientID,treatmentID,timeAdministered) values("72161","92866","83861","2014-01-25T16:02:03.000Z");
insert into Administers(treatmentGiverID,patientID,treatmentID,timeAdministered) values("65275","57070","27808","2015-05-20T23:20:29.000Z");
insert into Administers(treatmentGiverID,patientID,treatmentID,timeAdministered) values("59046","52467","72882","2014-01-17T14:22:05.000Z");
insert into Administers(treatmentGiverID,patientID,treatmentID,timeAdministered) values("59537","82794","32060","2016-06-10T06:33:39.000Z");
insert into Administers(treatmentGiverID,patientID,treatmentID,timeAdministered) values("67776","29902","97125","2016-03-26T06:36:50.000Z");
insert into Administers(treatmentGiverID,patientID,treatmentID,timeAdministered) values("74126","70489","87054","2014-01-05T22:16:01.000Z");
insert into Administers(treatmentGiverID,patientID,treatmentID,timeAdministered) values("35019","92389","5412","2014-01-25T18:21:22.000Z");
insert into Administers(treatmentGiverID,patientID,treatmentID,timeAdministered) values("2982","85102","27808","2015-05-02T21:32:50.000Z");
insert into Administers(treatmentGiverID,patientID,treatmentID,timeAdministered) values("45240","74442","13569","2016-12-09T11:30:40.000Z");
insert into Administers(treatmentGiverID,patientID,treatmentID,timeAdministered) values("84409","62249","78526","2016-12-18T00:38:04.000Z");
insert into Administers(treatmentGiverID,patientID,treatmentID,timeAdministered) values("87543","17070","34031","2014-01-16T18:50:20.000Z");
insert into Administers(treatmentGiverID,patientID,treatmentID,timeAdministered) values("70990","31809","17806","2014-01-11T11:26:42.000Z");
insert into Administers(treatmentGiverID,patientID,treatmentID,timeAdministered) values("63320","14929","27808","2016-04-01T05:39:18.000Z");
insert into Administers(treatmentGiverID,patientID,treatmentID,timeAdministered) values("74126","91457","58655","2016-07-08T10:04:58.000Z");
insert into Administers(treatmentGiverID,patientID,treatmentID,timeAdministered) values("87543","71916","87637","2015-06-23T11:22:33.000Z");
insert into Administers(treatmentGiverID,patientID,treatmentID,timeAdministered) values("52500","16238","28017","2014-01-03T14:13:25.000Z");
insert into Administers(treatmentGiverID,patientID,treatmentID,timeAdministered) values("30566","82794","27751","2014-01-23T12:28:04.000Z");
insert into Administers(treatmentGiverID,patientID,treatmentID,timeAdministered) values("18929","37335","27751","2015-11-22T00:26:49.000Z");
insert into Administers(treatmentGiverID,patientID,treatmentID,timeAdministered) values("33495","75527","56081","2015-05-19T03:49:33.000Z");
insert into Administers(treatmentGiverID,patientID,treatmentID,timeAdministered) values("9170","50697","30455","2014-01-22T15:18:16.000Z");
insert into Administers(treatmentGiverID,patientID,treatmentID,timeAdministered) values("15617","94260","62842","2016-02-19T06:11:14.000Z");
insert into Administers(treatmentGiverID,patientID,treatmentID,timeAdministered) values("48943","27592","48611","2015-02-28T15:42:00.000Z");
insert into Administers(treatmentGiverID,patientID,treatmentID,timeAdministered) values("64561","45788","95153","2014-01-10T06:50:43.000Z");
insert into Administers(treatmentGiverID,patientID,treatmentID,timeAdministered) values("8852","54095","32429","2015-07-01T06:52:03.000Z");
insert into Administers(treatmentGiverID,patientID,treatmentID,timeAdministered) values("65822","18035","69503","2014-01-03T14:10:19.000Z");
insert into Administers(treatmentGiverID,patientID,treatmentID,timeAdministered) values("41703","16184","32429","2014-01-19T19:09:49.000Z");
insert into Administers(treatmentGiverID,patientID,treatmentID,timeAdministered) values("33509","94455","51007","2016-09-24T21:52:07.000Z");
insert into Administers(treatmentGiverID,patientID,treatmentID,timeAdministered) values("72161","79517","28017","2015-09-13T10:00:54.000Z");
insert into Administers(treatmentGiverID,patientID,treatmentID,timeAdministered) values("27726","41008","58655","2014-01-21T18:33:35.000Z");
insert into Administers(treatmentGiverID,patientID,treatmentID,timeAdministered) values("30566","50697","27808","2014-01-21T03:53:01.000Z");
insert into Administers(treatmentGiverID,patientID,treatmentID,timeAdministered) values("89788","71916","76586","2014-01-07T01:17:22.000Z");
insert into Administers(treatmentGiverID,patientID,treatmentID,timeAdministered) values("79629","81805","34843","2016-10-11T11:20:55.000Z");
insert into Administers(treatmentGiverID,patientID,treatmentID,timeAdministered) values("20113","75589","111","2014-01-11T08:54:34.000Z");
insert into Administers(treatmentGiverID,patientID,treatmentID,timeAdministered) values("33495","7685","30455","2015-11-24T23:39:19.000Z");
insert into Administers(treatmentGiverID,patientID,treatmentID,timeAdministered) values("51771","96307","73113","2015-12-15T14:10:15.000Z");
insert into Administers(treatmentGiverID,patientID,treatmentID,timeAdministered) values("96502","94281","27575","2014-01-21T15:18:13.000Z");
insert into Administers(treatmentGiverID,patientID,treatmentID,timeAdministered) values("58156","95636","82259","2015-12-16T07:09:48.000Z");
insert into Administers(treatmentGiverID,patientID,treatmentID,timeAdministered) values("28416","67528","27575","2016-07-27T12:20:21.000Z");
insert into Administers(treatmentGiverID,patientID,treatmentID,timeAdministered) values("66359","6011","69376","2016-11-11T18:06:25.000Z");
insert into Administers(treatmentGiverID,patientID,treatmentID,timeAdministered) values("13161","35935","29853","2015-05-31T10:21:21.000Z");
insert into Administers(treatmentGiverID,patientID,treatmentID,timeAdministered) values("23513","56023","111","2014-01-23T21:08:38.000Z");
insert into Administers(treatmentGiverID,patientID,treatmentID,timeAdministered) values("51908","8928","23984","2014-01-16T00:53:42.000Z");
insert into Administers(treatmentGiverID,patientID,treatmentID,timeAdministered) values("20113","82470","55497","2014-01-08T18:54:55.000Z");
insert into Administers(treatmentGiverID,patientID,treatmentID,timeAdministered) values("1800","76845","6069","2014-01-19T05:57:22.000Z");
insert into Administers(treatmentGiverID,patientID,treatmentID,timeAdministered) values("32032","11629","85046","2015-04-12T16:40:50.000Z");
insert into Administers(treatmentGiverID,patientID,treatmentID,timeAdministered) values("18929","94187","93278","2016-03-14T11:02:01.000Z");
insert into Administers(treatmentGiverID,patientID,treatmentID,timeAdministered) values("70990","11293","83861","2015-06-08T01:53:00.000Z");
insert into Administers(treatmentGiverID,patientID,treatmentID,timeAdministered) values("1800","12475","51495","2014-01-17T13:09:09.000Z");
insert into Administers(treatmentGiverID,patientID,treatmentID,timeAdministered) values("3542","31777","91368","2015-07-04T15:26:38.000Z");
insert into Administers(treatmentGiverID,patientID,treatmentID,timeAdministered) values("48943","11069","18237","2015-02-15T04:50:09.000Z");
insert into Administers(treatmentGiverID,patientID,treatmentID,timeAdministered) values("65822","99144","69503","2016-04-18T17:31:39.000Z");
insert into Administers(treatmentGiverID,patientID,treatmentID,timeAdministered) values("9942","92908","30455","2015-01-07T04:33:33.000Z");
insert into Administers(treatmentGiverID,patientID,treatmentID,timeAdministered) values("11943","67528","70724","2015-06-14T23:35:04.000Z");
insert into Administers(treatmentGiverID,patientID,treatmentID,timeAdministered) values("39082","43533","84199","2015-05-25T16:41:08.000Z");
insert into Administers(treatmentGiverID,patientID,treatmentID,timeAdministered) values("16374","14929","58655","2015-02-16T04:12:32.000Z");
insert into Administers(treatmentGiverID,patientID,treatmentID,timeAdministered) values("63911","72179","55485","2014-01-01T14:04:21.000Z");
insert into Administers(treatmentGiverID,patientID,treatmentID,timeAdministered) values("24662","17114","9247","2015-02-24T12:08:34.000Z");
insert into Administers(treatmentGiverID,patientID,treatmentID,timeAdministered) values("80993","74114","71790","2016-01-04T12:24:20.000Z");
insert into Administers(treatmentGiverID,patientID,treatmentID,timeAdministered) values("72161","14166","28017","2016-01-05T13:38:25.000Z");
insert into Administers(treatmentGiverID,patientID,treatmentID,timeAdministered) values("7673","37823","46603","2016-07-16T04:02:44.000Z");
insert into Administers(treatmentGiverID,patientID,treatmentID,timeAdministered) values("29684","11654","15598","2015-12-26T18:19:42.000Z");
insert into Administers(treatmentGiverID,patientID,treatmentID,timeAdministered) values("95740","11502","34843","2016-08-09T14:58:31.000Z");
insert into Administers(treatmentGiverID,patientID,treatmentID,timeAdministered) values("1800","99941","18198","2015-04-09T02:24:13.000Z");
insert into Administers(treatmentGiverID,patientID,treatmentID,timeAdministered) values("73355","6011","37024","2015-02-04T03:56:04.000Z");
insert into Administers(treatmentGiverID,patientID,treatmentID,timeAdministered) values("33495","89984","13569","2016-05-31T11:14:03.000Z");
insert into Administers(treatmentGiverID,patientID,treatmentID,timeAdministered) values("13233","11654","32060","2016-08-02T23:06:55.000Z");
insert into Administers(treatmentGiverID,patientID,treatmentID,timeAdministered) values("67035","37335","99422","2016-07-25T00:11:40.000Z");
insert into Administers(treatmentGiverID,patientID,treatmentID,timeAdministered) values("79093","35935","2113","2016-02-24T06:33:00.000Z");
insert into Administers(treatmentGiverID,patientID,treatmentID,timeAdministered) values("37623","94455","79485","2014-01-22T11:39:35.000Z");
insert into Administers(treatmentGiverID,patientID,treatmentID,timeAdministered) values("58156","37724","98722","2016-11-26T01:47:40.000Z");
insert into Administers(treatmentGiverID,patientID,treatmentID,timeAdministered) values("73929","34190","111","2014-01-07T16:39:50.000Z");
insert into Administers(treatmentGiverID,patientID,treatmentID,timeAdministered) values("15617","97168","54122","2016-04-25T21:36:56.000Z");
insert into Administers(treatmentGiverID,patientID,treatmentID,timeAdministered) values("28416","55411","493","2015-09-20T10:53:34.000Z");
insert into Administers(treatmentGiverID,patientID,treatmentID,timeAdministered) values("16798","13276","51007","2014-01-17T09:33:16.000Z");
insert into Administers(treatmentGiverID,patientID,treatmentID,timeAdministered) values("73929","97055","2113","2014-01-01T17:39:47.000Z");
insert into Administers(treatmentGiverID,patientID,treatmentID,timeAdministered) values("79543","74442","64585","2015-10-26T20:29:14.000Z");
insert into Administers(treatmentGiverID,patientID,treatmentID,timeAdministered) values("96502","4452","5443","2014-01-06T14:47:56.000Z");
insert into Administers(treatmentGiverID,patientID,treatmentID,timeAdministered) values("19431","15139","67635","2015-09-25T22:15:09.000Z");
insert into Administers(treatmentGiverID,patientID,treatmentID,timeAdministered) values("31261","78201","15099","2015-06-12T18:16:55.000Z");
insert into Administers(treatmentGiverID,patientID,treatmentID,timeAdministered) values("84409","55411","58655","2013-12-31T18:33:07.000Z");
insert into Administers(treatmentGiverID,patientID,treatmentID,timeAdministered) values("69633","68286","75564","2014-01-21T18:21:46.000Z");
insert into Administers(treatmentGiverID,patientID,treatmentID,timeAdministered) values("59046","44174","93278","2016-11-02T21:30:42.000Z");
insert into Administers(treatmentGiverID,patientID,treatmentID,timeAdministered) values("59537","2616","5443","2014-01-23T08:11:02.000Z");
insert into Administers(treatmentGiverID,patientID,treatmentID,timeAdministered) values("93719","96419","18237","2015-12-04T18:12:55.000Z");
insert into Administers(treatmentGiverID,patientID,treatmentID,timeAdministered) values("93719","41040","84199","2014-01-03T10:58:34.000Z");
insert into Administers(treatmentGiverID,patientID,treatmentID,timeAdministered) values("94699","23945","64585","2015-09-26T20:26:45.000Z");
insert into Administers(treatmentGiverID,patientID,treatmentID,timeAdministered) values("94902","13414","26628","2015-06-13T07:21:08.000Z");
insert into Administers(treatmentGiverID,patientID,treatmentID,timeAdministered) values("33509","71406","67635","2016-12-06T17:39:53.000Z");
insert into Orders(doctorID,patientID,treatmentGiverID,treatmentID,date) values("86149","74442","93719","29228","2015-01-27T03:25:07.000Z");
insert into Orders(doctorID,patientID,treatmentGiverID,treatmentID,date) values("95989","70002","89788","34031","2015-01-01T16:00:05.000Z");
insert into Orders(doctorID,patientID,treatmentGiverID,treatmentID,date) values("48467","59539","11943","76586","2015-01-05T11:59:13.000Z");
insert into Orders(doctorID,patientID,treatmentGiverID,treatmentID,date) values("66893","30138","86299","55485","2015-01-06T08:28:37.000Z");
insert into Orders(doctorID,patientID,treatmentGiverID,treatmentID,date) values("99938","17371","63911","28017","2016-12-15T09:43:38.000Z");
insert into Orders(doctorID,patientID,treatmentGiverID,treatmentID,date) values("56081","74442","12631","79485","2015-01-27T18:22:18.000Z");
insert into Orders(doctorID,patientID,treatmentGiverID,treatmentID,date) values("41016","32940","66359","83861","2016-08-23T23:27:27.000Z");
insert into Orders(doctorID,patientID,treatmentGiverID,treatmentID,date) values("86149","26229","40688","32060","2014-12-31T10:03:01.000Z");
insert into Orders(doctorID,patientID,treatmentGiverID,treatmentID,date) values("29804","82794","33495","493","2015-01-22T16:38:16.000Z");
insert into Orders(doctorID,patientID,treatmentGiverID,treatmentID,date) values("41016","48195","63320","48611","2016-08-23T11:11:43.000Z");
insert into Orders(doctorID,patientID,treatmentGiverID,treatmentID,date) values("77755","82470","13161","51007","2016-11-13T14:24:21.000Z");
insert into Orders(doctorID,patientID,treatmentGiverID,treatmentID,date) values("67228","92999","73929","64585","2016-01-23T23:29:14.000Z");
insert into Orders(doctorID,patientID,treatmentGiverID,treatmentID,date) values("71485","92999","96560","493","2016-09-20T04:42:15.000Z");
insert into Orders(doctorID,patientID,treatmentGiverID,treatmentID,date) values("68421","37724","17418","91368","2015-01-27T15:28:15.000Z");
insert into Orders(doctorID,patientID,treatmentGiverID,treatmentID,date) values("69572","40594","13161","30455","2015-01-21T04:00:43.000Z");
insert into Orders(doctorID,patientID,treatmentGiverID,treatmentID,date) values("85672","6768","59046","27575","2015-01-08T13:32:13.000Z");
insert into Orders(doctorID,patientID,treatmentGiverID,treatmentID,date) values("63637","16238","20620","55485","2015-01-15T16:25:06.000Z");
insert into Orders(doctorID,patientID,treatmentGiverID,treatmentID,date) values("69572","11654","20113","27751","2015-01-08T19:07:22.000Z");
insert into Orders(doctorID,patientID,treatmentGiverID,treatmentID,date) values("77755","48195","59046","5443","2015-01-18T00:26:49.000Z");
insert into Orders(doctorID,patientID,treatmentGiverID,treatmentID,date) values("88933","30138","33509","36539","2015-01-17T19:51:51.000Z");
insert into Orders(doctorID,patientID,treatmentGiverID,treatmentID,date) values("63380","92999","63842","15598","2015-01-05T03:46:54.000Z");
insert into Orders(doctorID,patientID,treatmentGiverID,treatmentID,date) values("11914","51692","59046","51495","2015-01-06T19:11:40.000Z");
insert into Orders(doctorID,patientID,treatmentGiverID,treatmentID,date) values("47441","76845","9170","74309","2015-01-23T09:38:14.000Z");
insert into Orders(doctorID,patientID,treatmentGiverID,treatmentID,date) values("93944","62889","48753","65091","2016-07-11T15:39:16.000Z");
insert into Orders(doctorID,patientID,treatmentGiverID,treatmentID,date) values("64294","67438","40891","48611","2015-12-31T19:17:18.000Z");
insert into Orders(doctorID,patientID,treatmentGiverID,treatmentID,date) values("47441","12467","59046","34031","2016-05-19T05:31:58.000Z");
insert into Orders(doctorID,patientID,treatmentGiverID,treatmentID,date) values("47228","57441","28416","85046","2015-01-02T07:49:27.000Z");
insert into Orders(doctorID,patientID,treatmentGiverID,treatmentID,date) values("99938","32865","11943","79485","2016-09-28T03:10:37.000Z");
insert into Orders(doctorID,patientID,treatmentGiverID,treatmentID,date) values("71485","67438","13233","33960","2016-02-15T01:14:01.000Z");
insert into Orders(doctorID,patientID,treatmentGiverID,treatmentID,date) values("42307","11069","79543","69376","2015-01-26T18:07:29.000Z");
insert into Orders(doctorID,patientID,treatmentGiverID,treatmentID,date) values("25900","72179","59046","18198","2015-01-17T18:26:46.000Z");
insert into Orders(doctorID,patientID,treatmentGiverID,treatmentID,date) values("84045","68286","87543","34843","2015-01-14T06:06:26.000Z");
insert into Orders(doctorID,patientID,treatmentGiverID,treatmentID,date) values("65909","37823","23011","15099","2016-02-21T13:18:01.000Z");
insert into Orders(doctorID,patientID,treatmentGiverID,treatmentID,date) values("71485","94281","73929","13569","2016-02-15T00:20:27.000Z");
insert into Orders(doctorID,patientID,treatmentGiverID,treatmentID,date) values("67228","27592","47813","32429","2016-10-25T10:20:25.000Z");
insert into Orders(doctorID,patientID,treatmentGiverID,treatmentID,date) values("56081","22173","13161","79485","2015-01-03T11:28:22.000Z");
insert into Orders(doctorID,patientID,treatmentGiverID,treatmentID,date) values("84045","82470","79629","56081","2016-03-13T07:26:01.000Z");
insert into Orders(doctorID,patientID,treatmentGiverID,treatmentID,date) values("65909","78210","63320","5443","2015-01-10T04:54:59.000Z");
insert into Orders(doctorID,patientID,treatmentGiverID,treatmentID,date) values("66893","39370","45240","32429","2015-01-01T19:37:57.000Z");
insert into Orders(doctorID,patientID,treatmentGiverID,treatmentID,date) values("11914","82666","16798","45263","2015-01-06T11:26:13.000Z");
insert into Orders(doctorID,patientID,treatmentGiverID,treatmentID,date) values("85672","91457","63911","79485","2014-12-31T15:11:54.000Z");
insert into Orders(doctorID,patientID,treatmentGiverID,treatmentID,date) values("79586","85102","35621","72882","2016-12-09T16:53:37.000Z");
insert into Orders(doctorID,patientID,treatmentGiverID,treatmentID,date) values("79586","92999","94902","27751","2015-01-06T02:56:46.000Z");
insert into Orders(doctorID,patientID,treatmentGiverID,treatmentID,date) values("85672","70489","45240","32429","2015-01-05T05:39:54.000Z");
insert into Orders(doctorID,patientID,treatmentGiverID,treatmentID,date) values("46131","59539","13233","2113","2015-01-07T22:53:45.000Z");
insert into Orders(doctorID,patientID,treatmentGiverID,treatmentID,date) values("25900","94260","48753","62842","2016-06-13T15:20:27.000Z");
insert into Orders(doctorID,patientID,treatmentGiverID,treatmentID,date) values("52092","27390","59537","111","2014-12-31T20:18:30.000Z");
insert into Orders(doctorID,patientID,treatmentGiverID,treatmentID,date) values("47228","54129","47813","71790","2015-01-20T23:37:28.000Z");
insert into Orders(doctorID,patientID,treatmentGiverID,treatmentID,date) values("67228","25661","18929","32429","2015-01-27T16:11:25.000Z");
insert into Orders(doctorID,patientID,treatmentGiverID,treatmentID,date) values("69572","17718","9942","15099","2016-02-24T07:53:37.000Z");
insert into Orders(doctorID,patientID,treatmentGiverID,treatmentID,date) values("71485","85102","35621","28017","2015-01-14T13:17:10.000Z");
insert into Orders(doctorID,patientID,treatmentGiverID,treatmentID,date) values("69572","76845","79629","72882","2016-07-03T21:34:38.000Z");
insert into Orders(doctorID,patientID,treatmentGiverID,treatmentID,date) values("81757","92866","35019","8738","2015-01-07T16:20:07.000Z");
insert into Orders(doctorID,patientID,treatmentGiverID,treatmentID,date) values("66893","18297","96560","57871","2016-11-22T23:59:47.000Z");
insert into Orders(doctorID,patientID,treatmentGiverID,treatmentID,date) values("47640","27390","24662","8738","2016-02-19T20:08:38.000Z");
insert into Orders(doctorID,patientID,treatmentGiverID,treatmentID,date) values("48467","27390","24662","99422","2016-03-11T15:30:45.000Z");
insert into Orders(doctorID,patientID,treatmentGiverID,treatmentID,date) values("91860","96419","59537","71790","2016-06-01T04:35:49.000Z");
insert into Orders(doctorID,patientID,treatmentGiverID,treatmentID,date) values("87974","37335","33509","78526","2015-01-17T05:46:09.000Z");
insert into Orders(doctorID,patientID,treatmentGiverID,treatmentID,date) values("63380","91457","27726","27808","2015-01-23T22:08:36.000Z");
insert into Orders(doctorID,patientID,treatmentGiverID,treatmentID,date) values("97247","37335","89788","95153","2015-01-09T08:21:41.000Z");
insert into Orders(doctorID,patientID,treatmentGiverID,treatmentID,date) values("68421","13414","18929","93278","2016-09-08T14:46:39.000Z");
insert into Orders(doctorID,patientID,treatmentGiverID,treatmentID,date) values("81757","69165","48943","93278","2015-01-27T08:38:04.000Z");
insert into Orders(doctorID,patientID,treatmentGiverID,treatmentID,date) values("71485","17371","32032","70724","2016-05-20T01:43:19.000Z");
insert into Orders(doctorID,patientID,treatmentGiverID,treatmentID,date) values("63380","46414","64157","5443","2016-11-02T04:06:21.000Z");
insert into Orders(doctorID,patientID,treatmentGiverID,treatmentID,date) values("86149","37335","33509","27751","2016-04-21T18:42:28.000Z");
insert into Orders(doctorID,patientID,treatmentGiverID,treatmentID,date) values("81757","17371","20620","15099","2016-11-13T10:52:24.000Z");
insert into Orders(doctorID,patientID,treatmentGiverID,treatmentID,date) values("63380","70002","84409","57871","2016-08-18T02:18:45.000Z");
insert into Orders(doctorID,patientID,treatmentGiverID,treatmentID,date) values("77923","27390","48943","2113","2016-06-01T09:57:05.000Z");
insert into Orders(doctorID,patientID,treatmentGiverID,treatmentID,date) values("93944","8928","48753","55485","2015-01-12T05:26:02.000Z");
insert into Orders(doctorID,patientID,treatmentGiverID,treatmentID,date) values("85672","97382","96560","37024","2014-12-31T23:17:02.000Z");
insert into Orders(doctorID,patientID,treatmentGiverID,treatmentID,date) values("63637","62704","46162","31999","2016-04-22T23:16:05.000Z");
insert into Orders(doctorID,patientID,treatmentGiverID,treatmentID,date) values("46131","30138","28416","51007","2016-03-23T23:43:54.000Z");
insert into Orders(doctorID,patientID,treatmentGiverID,treatmentID,date) values("72288","70002","84409","46603","2015-01-11T15:01:12.000Z");
insert into Orders(doctorID,patientID,treatmentGiverID,treatmentID,date) values("99938","40982","74126","62468","2016-02-25T06:35:26.000Z");
insert into Orders(doctorID,patientID,treatmentGiverID,treatmentID,date) values("9149","75814","30566","32060","2016-11-24T11:05:14.000Z");
insert into Orders(doctorID,patientID,treatmentGiverID,treatmentID,date) values("86149","54129","23513","79485","2015-01-04T04:08:12.000Z");
insert into Orders(doctorID,patientID,treatmentGiverID,treatmentID,date) values("9149","70002","45240","8738","2016-09-14T14:46:01.000Z");
insert into Orders(doctorID,patientID,treatmentGiverID,treatmentID,date) values("81757","11684","8852","98722","2016-03-09T02:30:53.000Z");
insert into Orders(doctorID,patientID,treatmentGiverID,treatmentID,date) values("47441","62082","16798","57258","2015-01-22T07:11:59.000Z");
insert into Orders(doctorID,patientID,treatmentGiverID,treatmentID,date) values("72288","95636","48753","59816","2015-01-22T16:29:50.000Z");
insert into Orders(doctorID,patientID,treatmentGiverID,treatmentID,date) values("41413","71406","8852","46603","2015-01-14T02:18:34.000Z");
insert into Orders(doctorID,patientID,treatmentGiverID,treatmentID,date) values("47640","39511","63320","32429","2015-01-27T03:13:15.000Z");
insert into Orders(doctorID,patientID,treatmentGiverID,treatmentID,date) values("81757","32940","7828","30455","2016-12-15T17:08:52.000Z");
insert into Orders(doctorID,patientID,treatmentGiverID,treatmentID,date) values("84205","28202","67035","34031","2016-07-16T18:37:32.000Z");
insert into Orders(doctorID,patientID,treatmentGiverID,treatmentID,date) values("91860","4112","20620","28484","2015-01-07T16:21:57.000Z");
insert into Orders(doctorID,patientID,treatmentGiverID,treatmentID,date) values("69572","48665","65822","32060","2015-01-05T15:47:33.000Z");
insert into Orders(doctorID,patientID,treatmentGiverID,treatmentID,date) values("81757","74114","73929","85046","2015-01-25T16:09:17.000Z");
insert into Orders(doctorID,patientID,treatmentGiverID,treatmentID,date) values("72288","59539","51908","64585","2016-12-12T18:29:38.000Z");
insert into Orders(doctorID,patientID,treatmentGiverID,treatmentID,date) values("97567","94455","13233","93278","2015-01-24T17:23:09.000Z");
insert into Orders(doctorID,patientID,treatmentGiverID,treatmentID,date) values("41413","91291","47813","3271","2015-01-16T07:46:21.000Z");
insert into Orders(doctorID,patientID,treatmentGiverID,treatmentID,date) values("99938","45781","67776","76586","2015-01-07T21:36:38.000Z");
insert into Orders(doctorID,patientID,treatmentGiverID,treatmentID,date) values("41016","68286","70990","51007","2016-06-19T14:08:10.000Z");
insert into Orders(doctorID,patientID,treatmentGiverID,treatmentID,date) values("63380","97382","15617","111","2016-12-27T04:37:06.000Z");
insert into Orders(doctorID,patientID,treatmentGiverID,treatmentID,date) values("72288","37766","33509","76586","2016-12-20T13:46:34.000Z");
insert into Orders(doctorID,patientID,treatmentGiverID,treatmentID,date) values("41413","96419","2937","57871","2016-11-04T11:41:56.000Z");
insert into Orders(doctorID,patientID,treatmentGiverID,treatmentID,date) values("63637","67438","52500","5412","2016-05-17T21:32:01.000Z");
insert into Orders(doctorID,patientID,treatmentGiverID,treatmentID,date) values("52762","62889","52500","57871","2015-01-04T00:34:07.000Z");
insert into Orders(doctorID,patientID,treatmentGiverID,treatmentID,date) values("65909","9951","94699","5443","2015-01-05T00:54:33.000Z");
insert into Orders(doctorID,patientID,treatmentGiverID,treatmentID,date) values("77755","17718","30566","493","2016-07-08T23:38:12.000Z");
insert into Orders(doctorID,patientID,treatmentGiverID,treatmentID,date) values("41016","12475","65822","51495","2015-01-24T23:28:28.000Z");
insert into Orders(doctorID,patientID,treatmentGiverID,treatmentID,date) values("65909","59539","41703","30455","2016-06-11T13:12:19.000Z");
insert into Orders(doctorID,patientID,treatmentGiverID,treatmentID,date) values("64294","96419","79629","87054","2016-09-27T19:36:16.000Z");
insert into Orders(doctorID,patientID,treatmentGiverID,treatmentID,date) values("77923","56023","96560","27751","2015-01-08T07:34:11.000Z");
insert into Orders(doctorID,patientID,treatmentGiverID,treatmentID,date) values("81336","41150","26124","57871","2016-02-03T01:01:37.000Z");
insert into Orders(doctorID,patientID,treatmentGiverID,treatmentID,date) values("56081","94455","37623","27751","2015-01-02T20:35:34.000Z");
insert into Orders(doctorID,patientID,treatmentGiverID,treatmentID,date) values("68000","56023","51908","93278","2016-08-21T18:15:22.000Z");
insert into Orders(doctorID,patientID,treatmentGiverID,treatmentID,date) values("65909","91457","20113","15099","2015-01-24T23:24:02.000Z");
insert into Orders(doctorID,patientID,treatmentGiverID,treatmentID,date) values("84045","87455","35621","87054","2016-04-18T20:20:30.000Z");
insert into Orders(doctorID,patientID,treatmentGiverID,treatmentID,date) values("56081","6768","7828","69503","2015-01-18T19:27:10.000Z");
insert into Orders(doctorID,patientID,treatmentGiverID,treatmentID,date) values("81757","3714","29684","64585","2016-08-04T06:45:30.000Z");
insert into Orders(doctorID,patientID,treatmentGiverID,treatmentID,date) values("76235","54095","33509","57871","2015-01-09T13:14:52.000Z");
insert into Orders(doctorID,patientID,treatmentGiverID,treatmentID,date) values("3630","76272","45240","27751","2016-11-12T15:13:34.000Z");
insert into Orders(doctorID,patientID,treatmentGiverID,treatmentID,date) values("47228","37335","32032","72882","2015-01-07T11:26:27.000Z");
insert into Orders(doctorID,patientID,treatmentGiverID,treatmentID,date) values("93007","92866","15617","3271","2016-06-03T07:34:31.000Z");
insert into Orders(doctorID,patientID,treatmentGiverID,treatmentID,date) values("64294","27390","96502","18237","2015-01-09T16:41:33.000Z");
insert into Orders(doctorID,patientID,treatmentGiverID,treatmentID,date) values("94941","30138","20113","27808","2015-01-03T00:05:05.000Z");
insert into Orders(doctorID,patientID,treatmentGiverID,treatmentID,date) values("81757","67438","41703","55485","2015-01-01T04:02:16.000Z");
insert into Orders(doctorID,patientID,treatmentGiverID,treatmentID,date) values("46131","85102","96502","40928","2016-12-25T00:17:07.000Z");
insert into Orders(doctorID,patientID,treatmentGiverID,treatmentID,date) values("87974","40181","9942","72882","2016-03-17T11:35:48.000Z");
insert into Orders(doctorID,patientID,treatmentGiverID,treatmentID,date) values("69572","62082","48753","9538","2015-01-24T04:47:07.000Z");
insert into Orders(doctorID,patientID,treatmentGiverID,treatmentID,date) values("47441","92999","48753","10789","2016-05-03T14:58:01.000Z");
insert into Orders(doctorID,patientID,treatmentGiverID,treatmentID,date) values("95989","29151","11943","32429","2015-01-19T00:05:20.000Z");
insert into Orders(doctorID,patientID,treatmentGiverID,treatmentID,date) values("95989","37723","87543","37024","2016-07-04T07:36:18.000Z");
insert into Orders(doctorID,patientID,treatmentGiverID,treatmentID,date) values("76235","22173","1800","18237","2016-05-23T06:28:22.000Z");
insert into Orders(doctorID,patientID,treatmentGiverID,treatmentID,date) values("9149","54129","89788","95153","2015-01-09T22:36:32.000Z");
insert into Orders(doctorID,patientID,treatmentGiverID,treatmentID,date) values("87974","97382","93719","34031","2015-01-18T14:18:59.000Z");
insert into Orders(doctorID,patientID,treatmentGiverID,treatmentID,date) values("47640","41150","41703","83861","2016-06-06T07:26:27.000Z");
insert into Orders(doctorID,patientID,treatmentGiverID,treatmentID,date) values("47640","74114","20113","73113","2016-07-16T22:54:24.000Z");
insert into Orders(doctorID,patientID,treatmentGiverID,treatmentID,date) values("86149","27390","7673","32429","2016-11-17T01:56:47.000Z");
insert into Orders(doctorID,patientID,treatmentGiverID,treatmentID,date) values("67228","67438","26124","18198","2015-01-23T09:49:26.000Z");
insert into Orders(doctorID,patientID,treatmentGiverID,treatmentID,date) values("25900","1092","79629","15598","2015-01-16T23:11:54.000Z");
insert into Orders(doctorID,patientID,treatmentGiverID,treatmentID,date) values("67228","82470","58156","493","2015-01-23T19:23:34.000Z");
insert into Orders(doctorID,patientID,treatmentGiverID,treatmentID,date) values("72288","7685","89788","2113","2016-07-12T14:41:07.000Z");
insert into Orders(doctorID,patientID,treatmentGiverID,treatmentID,date) values("87974","67234","20620","28484","2015-01-07T20:48:27.000Z");
insert into Orders(doctorID,patientID,treatmentGiverID,treatmentID,date) values("77923","28202","27656","27751","2016-11-18T22:46:07.000Z");
insert into Orders(doctorID,patientID,treatmentGiverID,treatmentID,date) values("41413","59539","63842","45263","2016-12-12T10:15:34.000Z");
insert into Orders(doctorID,patientID,treatmentGiverID,treatmentID,date) values("84045","47259","29684","493","2016-04-11T16:45:24.000Z");
insert into Orders(doctorID,patientID,treatmentGiverID,treatmentID,date) values("63637","82794","15617","51007","2016-01-13T03:21:57.000Z");
insert into Orders(doctorID,patientID,treatmentGiverID,treatmentID,date) values("6621","27390","67776","111","2016-01-20T19:27:59.000Z");
insert into Orders(doctorID,patientID,treatmentGiverID,treatmentID,date) values("85672","18297","52500","65091","2015-01-22T00:03:56.000Z");
insert into Orders(doctorID,patientID,treatmentGiverID,treatmentID,date) values("68421","9951","69633","10789","2016-07-22T13:50:02.000Z");
insert into Orders(doctorID,patientID,treatmentGiverID,treatmentID,date) values("87974","92513","20113","493","2016-03-18T10:14:52.000Z");
insert into Orders(doctorID,patientID,treatmentGiverID,treatmentID,date) values("76235","12475","87543","78526","2016-07-04T19:13:47.000Z");
insert into Orders(doctorID,patientID,treatmentGiverID,treatmentID,date) values("81757","68286","13437","34031","2015-01-21T07:26:12.000Z");
insert into Orders(doctorID,patientID,treatmentGiverID,treatmentID,date) values("3630","23945","59046","15099","2015-01-09T04:17:15.000Z");
insert into Orders(doctorID,patientID,treatmentGiverID,treatmentID,date) values("47228","22173","31261","5443","2016-01-06T01:19:18.000Z");
insert into Orders(doctorID,patientID,treatmentGiverID,treatmentID,date) values("71485","97168","59046","93278","2015-01-08T09:29:05.000Z");
insert into Orders(doctorID,patientID,treatmentGiverID,treatmentID,date) values("77755","27592","79629","55485","2015-01-21T23:12:31.000Z");
insert into Orders(doctorID,patientID,treatmentGiverID,treatmentID,date) values("73916","28202","31261","95153","2016-04-17T16:06:47.000Z");
insert into Orders(doctorID,patientID,treatmentGiverID,treatmentID,date) values("9149","94281","35019","72882","2016-07-09T11:04:51.000Z");
insert into Orders(doctorID,patientID,treatmentGiverID,treatmentID,date) values("77923","67234","9170","18237","2015-01-04T08:11:54.000Z");
insert into Orders(doctorID,patientID,treatmentGiverID,treatmentID,date) values("76235","41288","26124","62468","2015-01-19T22:10:34.000Z");
insert into Orders(doctorID,patientID,treatmentGiverID,treatmentID,date) values("99938","34429","23513","67635","2015-01-23T11:09:46.000Z");
insert into Orders(doctorID,patientID,treatmentGiverID,treatmentID,date) values("47228","11069","48500","46603","2016-06-13T08:56:40.000Z");
insert into Orders(doctorID,patientID,treatmentGiverID,treatmentID,date) values("11914","92999","73929","91368","2016-08-20T08:19:16.000Z");
insert into Orders(doctorID,patientID,treatmentGiverID,treatmentID,date) values("81757","11069","64157","45263","2016-08-05T12:33:26.000Z");
insert into Orders(doctorID,patientID,treatmentGiverID,treatmentID,date) values("77243","34190","9170","29228","2015-01-03T06:39:33.000Z");
insert into Orders(doctorID,patientID,treatmentGiverID,treatmentID,date) values("93007","97382","2937","51007","2016-07-07T05:00:20.000Z");
insert into Orders(doctorID,patientID,treatmentGiverID,treatmentID,date) values("84205","17371","27726","59816","2016-12-01T07:40:44.000Z");
insert into Orders(doctorID,patientID,treatmentGiverID,treatmentID,date) values("88933","67234","23513","493","2015-01-09T20:44:12.000Z");
insert into Orders(doctorID,patientID,treatmentGiverID,treatmentID,date) values("47640","87455","26124","87054","2016-02-17T14:48:56.000Z");
insert into Orders(doctorID,patientID,treatmentGiverID,treatmentID,date) values("79586","41150","15617","29228","2015-01-27T15:53:24.000Z");
insert into Orders(doctorID,patientID,treatmentGiverID,treatmentID,date) values("67228","34190","9170","13569","2016-03-22T05:42:21.000Z");
insert into Orders(doctorID,patientID,treatmentGiverID,treatmentID,date) values("47640","28202","74126","95153","2016-04-17T15:37:38.000Z");
insert into Orders(doctorID,patientID,treatmentGiverID,treatmentID,date) values("11914","92999","64157","82259","2015-01-20T02:28:25.000Z");
insert into Orders(doctorID,patientID,treatmentGiverID,treatmentID,date) values("47228","45888","39082","27808","2016-01-16T07:52:56.000Z");
insert into Orders(doctorID,patientID,treatmentGiverID,treatmentID,date) values("9149","22173","29684","51007","2016-06-06T12:28:55.000Z");
insert into Orders(doctorID,patientID,treatmentGiverID,treatmentID,date) values("71485","47259","70990","85046","2016-11-13T17:41:03.000Z");
insert into Orders(doctorID,patientID,treatmentGiverID,treatmentID,date) values("84205","27390","29684","17806","2015-01-22T07:06:05.000Z");
insert into Orders(doctorID,patientID,treatmentGiverID,treatmentID,date) values("67228","92866","80993","82259","2015-01-07T13:22:31.000Z");
insert into Orders(doctorID,patientID,treatmentGiverID,treatmentID,date) values("66893","55355","58156","87054","2015-01-16T20:51:54.000Z");
insert into Orders(doctorID,patientID,treatmentGiverID,treatmentID,date) values("47228","22173","15617","62468","2015-01-21T17:31:58.000Z");
insert into Orders(doctorID,patientID,treatmentGiverID,treatmentID,date) values("65909","54129","9170","32429","2016-01-12T15:39:18.000Z");
insert into Orders(doctorID,patientID,treatmentGiverID,treatmentID,date) values("93007","26229","16798","99422","2016-02-05T20:17:13.000Z");
insert into Orders(doctorID,patientID,treatmentGiverID,treatmentID,date) values("97567","49189","20620","99422","2015-01-06T11:38:02.000Z");
insert into Orders(doctorID,patientID,treatmentGiverID,treatmentID,date) values("65909","1092","31261","34031","2015-01-11T12:48:21.000Z");
insert into Orders(doctorID,patientID,treatmentGiverID,treatmentID,date) values("84205","41150","28416","5443","2016-11-01T15:14:12.000Z");
insert into Orders(doctorID,patientID,treatmentGiverID,treatmentID,date) values("97567","62704","87543","40928","2015-01-14T02:42:38.000Z");
insert into Orders(doctorID,patientID,treatmentGiverID,treatmentID,date) values("47228","33077","64207","45263","2016-06-23T07:23:48.000Z");
insert into Orders(doctorID,patientID,treatmentGiverID,treatmentID,date) values("71485","32865","63320","5412","2015-01-03T11:42:47.000Z");
insert into Orders(doctorID,patientID,treatmentGiverID,treatmentID,date) values("41413","37335","16798","48611","2016-09-21T22:05:23.000Z");
insert into Orders(doctorID,patientID,treatmentGiverID,treatmentID,date) values("76235","41150","70990","87054","2015-01-18T20:10:24.000Z");
insert into Orders(doctorID,patientID,treatmentGiverID,treatmentID,date) values("85672","39511","27726","8738","2015-01-12T04:56:59.000Z");
insert into Orders(doctorID,patientID,treatmentGiverID,treatmentID,date) values("41413","27390","31261","72882","2016-03-01T06:40:14.000Z");
insert into Orders(doctorID,patientID,treatmentGiverID,treatmentID,date) values("41016","54095","30566","59816","2015-01-08T11:54:30.000Z");
insert into Orders(doctorID,patientID,treatmentGiverID,treatmentID,date) values("87974","54129","26124","69376","2016-01-13T13:30:21.000Z");
insert into Orders(doctorID,patientID,treatmentGiverID,treatmentID,date) values("99938","23945","96560","93278","2016-12-05T13:40:50.000Z");
insert into Orders(doctorID,patientID,treatmentGiverID,treatmentID,date) values("76235","92999","72161","55485","2016-07-11T04:58:08.000Z");
insert into Orders(doctorID,patientID,treatmentGiverID,treatmentID,date) values("47441","13414","79629","5443","2015-01-01T15:50:05.000Z");
insert into Orders(doctorID,patientID,treatmentGiverID,treatmentID,date) values("99938","32865","93719","64585","2016-09-13T05:13:15.000Z");
insert into Orders(doctorID,patientID,treatmentGiverID,treatmentID,date) values("97247","27390","39082","95153","2015-01-07T17:51:01.000Z");
insert into Orders(doctorID,patientID,treatmentGiverID,treatmentID,date) values("46131","41288","17418","26628","2016-12-07T23:49:48.000Z");
insert into Orders(doctorID,patientID,treatmentGiverID,treatmentID,date) values("47441","34190","84409","493","2016-03-21T08:50:30.000Z");
insert into Orders(doctorID,patientID,treatmentGiverID,treatmentID,date) values("76399","18297","70990","5412","2015-01-21T07:31:42.000Z");
insert into Orders(doctorID,patientID,treatmentGiverID,treatmentID,date) values("47228","25642","63320","27575","2015-01-23T00:35:09.000Z");
insert into Orders(doctorID,patientID,treatmentGiverID,treatmentID,date) values("47640","32865","79629","5443","2015-01-23T20:26:06.000Z");
insert into Orders(doctorID,patientID,treatmentGiverID,treatmentID,date) values("47640","74442","11943","69376","2016-11-25T20:37:54.000Z");
insert into Orders(doctorID,patientID,treatmentGiverID,treatmentID,date) values("87974","74114","64157","57871","2016-10-07T18:15:35.000Z");
insert into Orders(doctorID,patientID,treatmentGiverID,treatmentID,date) values("99938","48195","13161","46603","2015-01-07T14:02:59.000Z");
insert into Orders(doctorID,patientID,treatmentGiverID,treatmentID,date) values("63380","24656","27656","51007","2015-01-18T22:47:27.000Z");
insert into Admin(employeeID) values("2185");
insert into Admin(employeeID) values("3630");
insert into Admin(employeeID) values("4336");
insert into Admin(employeeID) values("6294");
insert into Admin(employeeID) values("8444");
insert into Admin(employeeID) values("8967");
insert into Admin(employeeID) values("9149");
insert into Admin(employeeID) values("10131");
insert into Admin(employeeID) values("10492");
insert into Admin(employeeID) values("11072");
insert into Admin(employeeID) values("11914");
insert into Admin(employeeID) values("15371");
insert into Admin(employeeID) values("17113");
insert into Admin(employeeID) values("17732");
insert into Admin(employeeID) values("23353");
insert into Admin(employeeID) values("24208");
insert into Admin(employeeID) values("24660");
insert into Admin(employeeID) values("25900");
insert into Admin(employeeID) values("27001");
insert into Admin(employeeID) values("27201");
insert into Admin(employeeID) values("28341");
insert into Admin(employeeID) values("28352");
insert into Admin(employeeID) values("28413");
insert into Admin(employeeID) values("29804");
insert into Admin(employeeID) values("29928");
insert into Admin(employeeID) values("30314");
insert into Admin(employeeID) values("39446");
insert into Admin(employeeID) values("40625");
insert into Admin(employeeID) values("41016");
insert into Admin(employeeID) values("41413");
insert into Admin(employeeID) values("41864");
insert into Admin(employeeID) values("42071");
insert into Admin(employeeID) values("42307");
insert into Admin(employeeID) values("43130");
insert into Admin(employeeID) values("43824");
insert into Admin(employeeID) values("46131");
insert into Admin(employeeID) values("46482");
insert into Admin(employeeID) values("47228");
insert into Admin(employeeID) values("47441");
insert into Admin(employeeID) values("47640");
insert into Admin(employeeID) values("48222");
insert into Admin(employeeID) values("48467");
insert into Admin(employeeID) values("50156");
insert into Admin(employeeID) values("52092");
insert into Admin(employeeID) values("53389");
insert into Admin(employeeID) values("54669");
insert into Admin(employeeID) values("56081");
insert into Admin(employeeID) values("63380");
insert into Admin(employeeID) values("63637");
insert into Admin(employeeID) values("64294");
insert into Admin(employeeID) values("64480");
insert into Admin(employeeID) values("64882");
insert into Admin(employeeID) values("64942");
insert into Admin(employeeID) values("65639");
insert into Admin(employeeID) values("65909");
insert into Admin(employeeID) values("66893");
insert into Admin(employeeID) values("67228");
insert into Admin(employeeID) values("68000");
insert into Admin(employeeID) values("68421");
insert into Admin(employeeID) values("69572");
insert into Admin(employeeID) values("70812");
insert into Admin(employeeID) values("71485");
insert into Admin(employeeID) values("72288");
insert into Admin(employeeID) values("72337");
insert into Admin(employeeID) values("73916");
insert into Admin(employeeID) values("74277");
insert into Admin(employeeID) values("76235");
insert into Admin(employeeID) values("76399");
insert into Admin(employeeID) values("77243");
insert into Admin(employeeID) values("77755");
insert into Admin(employeeID) values("77923");
insert into Admin(employeeID) values("78334");
insert into Admin(employeeID) values("79586");
insert into Admin(employeeID) values("81757");
insert into Admin(employeeID) values("84045");
insert into Admin(employeeID) values("84205");
insert into Admin(employeeID) values("85672");
insert into Admin(employeeID) values("86149");
insert into Admin(employeeID) values("87974");
insert into Admin(employeeID) values("88933");
insert into Admin(employeeID) values("89678");
insert into Admin(employeeID) values("91860");
insert into Admin(employeeID) values("93007");
insert into Admin(employeeID) values("93944");
insert into Admin(employeeID) values("94941");
insert into Admin(employeeID) values("95989");
insert into Admin(employeeID) values("97247");
insert into Admin(employeeID) values("97567");
insert into Discharges(AdminID,patientID,date) values("77755","62889","2016-04-18T02:21:13.000Z");
insert into Discharges(AdminID,patientID,date) values("17732","62082","2016-12-24T15:34:28.000Z");
insert into Discharges(AdminID,patientID,date) values("2185","29395","2015-02-18T11:33:59.000Z");
insert into Discharges(AdminID,patientID,date) values("8967","48665","2016-10-27T19:50:50.000Z");
insert into Discharges(AdminID,patientID,date) values("67228","99028","2016-12-09T20:32:27.000Z");
insert into Discharges(AdminID,patientID,date) values("29928","14300","2016-03-18T09:31:28.000Z");
insert into Discharges(AdminID,patientID,date) values("77243","23652","2016-12-12T19:30:21.000Z");
insert into Discharges(AdminID,patientID,date) values("47228","74193","2016-04-11T14:24:40.000Z");
insert into Discharges(AdminID,patientID,date) values("52092","3714","2015-09-20T21:49:18.000Z");
insert into Discharges(AdminID,patientID,date) values("69572","26157","2016-04-18T05:10:39.000Z");
insert into Discharges(AdminID,patientID,date) values("76399","29120","2016-09-05T04:21:57.000Z");
insert into Discharges(AdminID,patientID,date) values("65639","25661","2014-01-13T16:09:13.000Z");
insert into Discharges(AdminID,patientID,date) values("9149","74114","2014-01-23T19:06:29.000Z");
insert into Discharges(AdminID,patientID,date) values("73916","39370","2016-07-17T09:27:09.000Z");
insert into Discharges(AdminID,patientID,date) values("30314","94187","2016-03-08T22:41:18.000Z");
insert into Discharges(AdminID,patientID,date) values("27201","78210","2016-02-20T18:56:52.000Z");
insert into Discharges(AdminID,patientID,date) values("53389","95636","2015-11-24T04:45:43.000Z");
insert into Discharges(AdminID,patientID,date) values("39446","41040","2015-05-18T23:52:27.000Z");
insert into Discharges(AdminID,patientID,date) values("70812","29151","2015-06-20T18:17:07.000Z");
insert into Discharges(AdminID,patientID,date) values("97567","44174","2016-08-24T15:07:42.000Z");
insert into Discharges(AdminID,patientID,date) values("68000","88711","2016-11-18T01:45:36.000Z");
insert into Discharges(AdminID,patientID,date) values("15371","98646","2016-06-07T10:13:12.000Z");
insert into Discharges(AdminID,patientID,date) values("39446","81315","2016-07-16T11:07:00.000Z");
insert into Discharges(AdminID,patientID,date) values("94941","92999","2016-11-22T08:03:59.000Z");
insert into Discharges(AdminID,patientID,date) values("54669","33077","2016-07-10T23:20:37.000Z");
insert into Discharges(AdminID,patientID,date) values("46482","16168","2015-10-12T20:54:03.000Z");
insert into Discharges(AdminID,patientID,date) values("6294","48665","2016-12-22T15:16:45.000Z");
insert into Discharges(AdminID,patientID,date) values("79586","25642","2016-11-12T11:45:31.000Z");
insert into Discharges(AdminID,patientID,date) values("2185","13414","2016-11-03T11:54:14.000Z");
insert into Discharges(AdminID,patientID,date) values("8444","66817","2016-03-04T08:09:21.000Z");
insert into Discharges(AdminID,patientID,date) values("47441","52467","2016-10-26T00:04:56.000Z");
insert into Discharges(AdminID,patientID,date) values("25900","8928","2016-04-21T09:48:05.000Z");
insert into Discharges(AdminID,patientID,date) values("28413","69165","2016-08-21T10:17:20.000Z");
insert into Discharges(AdminID,patientID,date) values("79586","52467","2016-12-26T21:42:03.000Z");
insert into Discharges(AdminID,patientID,date) values("72288","27390","2016-09-15T12:48:22.000Z");
insert into Discharges(AdminID,patientID,date) values("65639","1092","2016-12-21T12:07:49.000Z");
insert into Discharges(AdminID,patientID,date) values("50156","79569","2016-12-04T19:32:25.000Z");
insert into Discharges(AdminID,patientID,date) values("76399","11684","2016-09-06T05:04:05.000Z");
insert into Discharges(AdminID,patientID,date) values("79586","34190","2015-12-02T03:13:53.000Z");
insert into Discharges(AdminID,patientID,date) values("64942","11629","2016-06-20T10:54:31.000Z");
insert into Discharges(AdminID,patientID,date) values("67228","74232","2016-05-07T09:42:53.000Z");
insert into Discharges(AdminID,patientID,date) values("68421","79569","2016-12-20T02:30:07.000Z");
insert into Discharges(AdminID,patientID,date) values("95989","12475","2016-10-24T17:18:55.000Z");
insert into Discharges(AdminID,patientID,date) values("77923","16238","2016-04-03T16:26:09.000Z");
insert into Discharges(AdminID,patientID,date) values("93944","92389","2016-09-03T05:08:28.000Z");
insert into Discharges(AdminID,patientID,date) values("67228","40125","2014-01-26T04:34:17.000Z");
insert into Discharges(AdminID,patientID,date) values("11072","79569","2016-12-23T00:02:52.000Z");
insert into Discharges(AdminID,patientID,date) values("68421","55355","2016-11-18T05:14:49.000Z");
insert into Discharges(AdminID,patientID,date) values("15371","33077","2016-10-09T07:24:28.000Z");
insert into Discharges(AdminID,patientID,date) values("48222","33077","2016-08-18T02:39:13.000Z");
insert into Discharges(AdminID,patientID,date) values("94941","30283","2016-05-18T01:03:28.000Z");
insert into Discharges(AdminID,patientID,date) values("76235","14467","2015-09-27T16:18:11.000Z");
insert into Discharges(AdminID,patientID,date) values("46482","11069","2015-07-23T09:53:25.000Z");
insert into Discharges(AdminID,patientID,date) values("52092","95043","2016-09-06T06:05:28.000Z");
insert into Discharges(AdminID,patientID,date) values("4336","71916","2014-01-16T08:05:33.000Z");
insert into Discharges(AdminID,patientID,date) values("48222","1560","2015-02-19T08:54:09.000Z");
insert into Discharges(AdminID,patientID,date) values("74277","54095","2015-11-11T12:56:00.000Z");
insert into Discharges(AdminID,patientID,date) values("11072","94260","2016-07-13T15:26:01.000Z");
insert into Discharges(AdminID,patientID,date) values("28352","95043","2016-12-08T23:54:04.000Z");
insert into Discharges(AdminID,patientID,date) values("24208","74174","2015-10-11T09:37:17.000Z");
insert into Discharges(AdminID,patientID,date) values("43824","91291","2016-04-25T14:02:05.000Z");
insert into Discharges(AdminID,patientID,date) values("77755","95636","2016-11-06T13:07:22.000Z");
insert into Discharges(AdminID,patientID,date) values("87974","1560","2016-03-16T09:04:44.000Z");
insert into Discharges(AdminID,patientID,date) values("65639","27712","2016-02-04T13:52:12.000Z");
insert into Discharges(AdminID,patientID,date) values("2185","44174","2016-11-25T22:41:22.000Z");
insert into Discharges(AdminID,patientID,date) values("78334","54129","2016-09-16T14:27:16.000Z");
insert into Discharges(AdminID,patientID,date) values("79586","44174","2016-12-04T09:07:35.000Z");
insert into Discharges(AdminID,patientID,date) values("47441","68286","2016-10-06T04:29:38.000Z");
insert into Discharges(AdminID,patientID,date) values("54669","83137","2016-11-17T03:06:35.000Z");
insert into Discharges(AdminID,patientID,date) values("63637","11629","2016-12-24T19:56:22.000Z");
insert into Discharges(AdminID,patientID,date) values("41864","55355","2016-12-21T14:59:31.000Z");
insert into Discharges(AdminID,patientID,date) values("24660","27436","2015-06-07T01:50:54.000Z");
insert into Discharges(AdminID,patientID,date) values("9149","82470","2016-12-05T18:02:51.000Z");
insert into Discharges(AdminID,patientID,date) values("84045","98646","2016-12-21T20:20:47.000Z");
insert into Discharges(AdminID,patientID,date) values("63637","4112","2016-11-03T17:32:16.000Z");
insert into Discharges(AdminID,patientID,date) values("9149","87455","2016-02-03T03:29:33.000Z");
insert into Discharges(AdminID,patientID,date) values("27001","62704","2016-09-05T01:41:28.000Z");
insert into Discharges(AdminID,patientID,date) values("28341","74114","2016-04-20T08:29:47.000Z");
insert into Discharges(AdminID,patientID,date) values("42307","10652","2016-07-20T23:31:38.000Z");
insert into Discharges(AdminID,patientID,date) values("94941","9951","2016-07-16T13:36:52.000Z");
insert into Discharges(AdminID,patientID,date) values("46131","48665","2016-12-19T04:10:39.000Z");
insert into Discharges(AdminID,patientID,date) values("8967","23652","2016-12-22T20:51:19.000Z");
insert into Discharges(AdminID,patientID,date) values("17732","54095","2016-12-08T06:10:04.000Z");
insert into Discharges(AdminID,patientID,date) values("88933","68286","2016-12-26T00:06:55.000Z");
insert into Discharges(AdminID,patientID,date) values("72288","95043","2016-12-19T17:02:53.000Z");
insert into Discharges(AdminID,patientID,date) values("95989","91457","2016-09-24T11:06:24.000Z");
insert into Discharges(AdminID,patientID,date) values("29928","10652","2016-11-26T12:42:09.000Z");
insert into Discharges(AdminID,patientID,date) values("25900","92389","2016-12-19T15:53:40.000Z");
insert into Discharges(AdminID,patientID,date) values("8444","70002","2015-03-22T18:11:40.000Z");
insert into Discharges(AdminID,patientID,date) values("76399","24656","2016-11-25T10:56:36.000Z");
insert into Discharges(AdminID,patientID,date) values("2185","28202","2015-06-02T22:21:44.000Z");
insert into Discharges(AdminID,patientID,date) values("76235","14929","2016-10-19T08:20:29.000Z");
insert into Discharges(AdminID,patientID,date) values("27001","18035","2016-04-19T19:22:11.000Z");
insert into Discharges(AdminID,patientID,date) values("97247","23945","2016-11-24T00:53:18.000Z");
insert into Discharges(AdminID,patientID,date) values("97567","49162","2016-12-07T00:02:20.000Z");
insert into Discharges(AdminID,patientID,date) values("68000","51692","2016-07-28T03:19:47.000Z");
insert into Discharges(AdminID,patientID,date) values("87974","85102","2016-07-20T11:32:02.000Z");
insert into Discharges(AdminID,patientID,date) values("70812","96307","2016-10-10T01:00:35.000Z");
insert into Discharges(AdminID,patientID,date) values("11072","6768","2015-12-25T20:05:53.000Z");
insert into Discharges(AdminID,patientID,date) values("30314","27843","2015-01-10T02:25:49.000Z");
insert into Discharges(AdminID,patientID,date) values("76235","52467","2016-12-24T01:10:36.000Z");
insert into Discharges(AdminID,patientID,date) values("6294","90893","2016-04-22T21:02:34.000Z");
insert into Discharges(AdminID,patientID,date) values("87974","79569","2016-12-19T13:48:22.000Z");
insert into Discharges(AdminID,patientID,date) values("53389","40125","2016-04-30T19:47:22.000Z");
insert into Discharges(AdminID,patientID,date) values("8444","31777","2016-10-23T09:48:11.000Z");
insert into Discharges(AdminID,patientID,date) values("48467","91457","2016-12-10T04:25:30.000Z");
insert into Discharges(AdminID,patientID,date) values("77243","17718","2016-03-18T20:26:48.000Z");
insert into Discharges(AdminID,patientID,date) values("24208","44017","2015-06-20T06:57:27.000Z");
insert into Discharges(AdminID,patientID,date) values("77243","35935","2016-05-13T22:35:27.000Z");
insert into Discharges(AdminID,patientID,date) values("64942","27265","2016-09-26T03:17:33.000Z");
insert into Discharges(AdminID,patientID,date) values("97247","81315","2016-12-03T14:03:37.000Z");
insert into Discharges(AdminID,patientID,date) values("64882","39511","2015-09-11T03:16:03.000Z");
insert into Discharges(AdminID,patientID,date) values("47228","69165","2016-12-24T21:29:19.000Z");
insert into Discharges(AdminID,patientID,date) values("65909","92389","2016-12-23T13:54:52.000Z");
insert into Discharges(AdminID,patientID,date) values("72337","2616","2015-04-27T04:00:05.000Z");
insert into Discharges(AdminID,patientID,date) values("77755","71406","2016-10-14T04:42:07.000Z");
insert into Discharges(AdminID,patientID,date) values("29804","66817","2016-11-27T15:18:33.000Z");
insert into Discharges(AdminID,patientID,date) values("27001","96419","2016-09-17T09:29:05.000Z");
insert into Discharges(AdminID,patientID,date) values("11072","82470","2016-12-25T18:33:32.000Z");
insert into Discharges(AdminID,patientID,date) values("89678","79517","2016-10-12T03:46:09.000Z");
insert into Discharges(AdminID,patientID,date) values("56081","5901","2016-11-16T12:13:26.000Z");
insert into Discharges(AdminID,patientID,date) values("40625","76272","2016-10-05T07:49:22.000Z");
insert into Discharges(AdminID,patientID,date) values("93007","11293","2016-02-21T23:47:24.000Z");
insert into Discharges(AdminID,patientID,date) values("65639","16238","2016-06-12T00:56:04.000Z");
insert into Discharges(AdminID,patientID,date) values("43130","99028","2016-12-27T10:21:11.000Z");
insert into Discharges(AdminID,patientID,date) values("46482","41008","2016-03-19T04:51:14.000Z");
insert into Discharges(AdminID,patientID,date) values("53389","37766","2016-03-02T01:08:13.000Z");
insert into Discharges(AdminID,patientID,date) values("24208","99144","2016-02-16T15:02:39.000Z");
insert into Discharges(AdminID,patientID,date) values("25900","27592","2016-06-27T03:47:34.000Z");
insert into Discharges(AdminID,patientID,date) values("17113","27265","2016-12-16T04:33:20.000Z");
insert into Discharges(AdminID,patientID,date) values("47640","23945","2016-12-24T16:32:23.000Z");
insert into Discharges(AdminID,patientID,date) values("28352","52455","2015-06-27T07:31:59.000Z");
insert into Discharges(AdminID,patientID,date) values("11914","39517","2016-10-23T23:36:29.000Z");
insert into Discharges(AdminID,patientID,date) values("78334","31777","2016-12-14T02:30:15.000Z");
insert into Discharges(AdminID,patientID,date) values("73916","74174","2016-11-21T18:11:18.000Z");
insert into Discharges(AdminID,patientID,date) values("15371","62082","2016-12-27T08:58:06.000Z");
insert into Discharges(AdminID,patientID,date) values("41016","44017","2016-08-15T17:23:23.000Z");
insert into Discharges(AdminID,patientID,date) values("77923","25642","2016-12-26T11:39:19.000Z");
insert into Discharges(AdminID,patientID,date) values("2185","27592","2016-11-27T14:48:04.000Z");
insert into Discharges(AdminID,patientID,date) values("48222","13276","2016-11-13T05:54:27.000Z");
insert into Discharges(AdminID,patientID,date) values("10131","44017","2016-10-19T06:52:24.000Z");
insert into Discharges(AdminID,patientID,date) values("27201","52455","2016-10-25T14:59:05.000Z");
insert into Discharges(AdminID,patientID,date) values("56081","40125","2016-06-08T09:11:25.000Z");
insert into Discharges(AdminID,patientID,date) values("46131","44174","2016-12-02T18:29:04.000Z");
insert into Discharges(AdminID,patientID,date) values("41413","81805","2016-04-16T16:51:21.000Z");
insert into Discharges(AdminID,patientID,date) values("42307","13164","2015-05-03T11:42:50.000Z");
insert into Discharges(AdminID,patientID,date) values("6294","26229","2016-01-16T03:19:36.000Z");
insert into Discharges(AdminID,patientID,date) values("97247","24656","2016-12-03T23:14:46.000Z");
insert into Discharges(AdminID,patientID,date) values("91860","34046","2016-07-05T06:10:30.000Z");
insert into Discharges(AdminID,patientID,date) values("24660","32865","2015-07-18T01:15:20.000Z");
insert into Discharges(AdminID,patientID,date) values("11072","3860","2016-11-12T06:10:11.000Z");
insert into Discharges(AdminID,patientID,date) values("73916","52455","2016-12-28T01:48:41.000Z");
insert into Discharges(AdminID,patientID,date) values("84045","17718","2016-12-12T11:21:22.000Z");
insert into Discharges(AdminID,patientID,date) values("39446","19307","2016-12-12T18:36:17.000Z");
insert into Discharges(AdminID,patientID,date) values("47441","79569","2016-12-25T07:28:22.000Z");
insert into Discharges(AdminID,patientID,date) values("48222","9951","2016-09-23T22:59:16.000Z");
insert into Discharges(AdminID,patientID,date) values("39446","8225","2016-07-05T12:59:10.000Z");
insert into Discharges(AdminID,patientID,date) values("41864","15139","2016-06-02T17:54:19.000Z");
insert into Discharges(AdminID,patientID,date) values("47441","92513","2016-12-21T22:00:47.000Z");
insert into Discharges(AdminID,patientID,date) values("23353","99028","2016-12-28T05:59:54.000Z");
insert into Discharges(AdminID,patientID,date) values("86149","69165","2016-12-27T16:17:01.000Z");
insert into Discharges(AdminID,patientID,date) values("24208","27265","2016-12-11T01:44:34.000Z");
insert into Discharges(AdminID,patientID,date) values("69572","17114","2016-07-05T03:33:57.000Z");
insert into Discharges(AdminID,patientID,date) values("52092","35935","2016-11-22T16:28:13.000Z");
insert into Discharges(AdminID,patientID,date) values("41016","44174","2016-11-21T21:35:41.000Z");
insert into Discharges(AdminID,patientID,date) values("11072","40982","2016-03-02T16:45:37.000Z");
insert into Discharges(AdminID,patientID,date) values("65909","19084","2016-10-31T19:08:38.000Z");
insert into Discharges(AdminID,patientID,date) values("23353","39511","2016-12-21T13:15:53.000Z");
insert into Discharges(AdminID,patientID,date) values("30314","94455","2016-12-13T19:48:37.000Z");
insert into Discharges(AdminID,patientID,date) values("8967","85102","2016-12-21T14:52:36.000Z");
insert into Discharges(AdminID,patientID,date) values("64942","28456","2015-08-09T22:19:27.000Z");
insert into Discharges(AdminID,patientID,date) values("27001","44174","2016-12-01T16:04:07.000Z");
insert into Discharges(AdminID,patientID,date) values("69572","43533","2016-01-02T23:00:19.000Z");
insert into Discharges(AdminID,patientID,date) values("27201","41400","2015-09-16T03:01:28.000Z");
insert into Discharges(AdminID,patientID,date) values("39446","26229","2016-11-10T16:45:09.000Z");
insert into Discharges(AdminID,patientID,date) values("17113","12475","2016-12-23T19:26:47.000Z");
insert into Discharges(AdminID,patientID,date) values("39446","14300","2016-07-03T12:13:05.000Z");
insert into Discharges(AdminID,patientID,date) values("29928","13164","2016-05-03T11:57:15.000Z");
insert into Discharges(AdminID,patientID,date) values("79586","27712","2016-10-12T12:31:06.000Z");
insert into Discharges(AdminID,patientID,date) values("54669","29395","2016-12-03T19:29:33.000Z");
insert into Discharges(AdminID,patientID,date) values("89678","30283","2016-10-20T07:41:27.000Z");
insert into Discharges(AdminID,patientID,date) values("79586","8225","2016-11-04T12:59:46.000Z");
insert into Discharges(AdminID,patientID,date) values("68421","3572","2016-08-24T02:41:01.000Z");
insert into Discharges(AdminID,patientID,date) values("42071","70002","2016-09-08T23:39:26.000Z");
insert into Discharges(AdminID,patientID,date) values("52092","74114","2016-09-22T15:23:18.000Z");
insert into Discharges(AdminID,patientID,date) values("11072","75380","2016-12-13T14:40:12.000Z");
insert into Discharges(AdminID,patientID,date) values("28341","82794","2016-11-20T11:26:58.000Z");
insert into Discharges(AdminID,patientID,date) values("68421","18297","2015-07-17T08:02:20.000Z");
insert into Discharges(AdminID,patientID,date) values("69572","28456","2016-12-20T11:40:22.000Z");
insert into Discharges(AdminID,patientID,date) values("63380","74114","2016-01-02T06:11:48.000Z");
insert into Discharges(AdminID,patientID,date) values("10131","35935","2016-12-21T15:12:15.000Z");
insert into Discharges(AdminID,patientID,date) values("93944","71916","2016-12-22T02:42:26.000Z");
insert into Discharges(AdminID,patientID,date) values("8444","91457","2016-12-09T21:19:00.000Z");
insert into Discharges(AdminID,patientID,date) values("79586","12467","2016-11-01T21:14:07.000Z");
insert into Discharges(AdminID,patientID,date) values("28341","16168","2016-11-22T13:01:29.000Z");
insert into Discharges(AdminID,patientID,date) values("46131","91457","2016-11-24T10:12:08.000Z");
insert into Discharges(AdminID,patientID,date) values("41864","76845","2016-10-15T19:08:11.000Z");
insert into Discharges(AdminID,patientID,date) values("91860","91457","2016-12-22T15:33:52.000Z");
insert into Discharges(AdminID,patientID,date) values("72288","16238","2016-09-09T15:44:55.000Z");
insert into Discharges(AdminID,patientID,date) values("94941","24656","2016-12-11T18:58:42.000Z");
