insert into Worker(employeeID,firstName,lastName,hireDate,salary) values("9794","genital","delineation","2013-07-08T19:37:00.000Z","62322");
insert into Worker(employeeID,firstName,lastName,hireDate,salary) values("62368","fraying","Triangulum's","2014-02-02T06:30:24.000Z","41992");
insert into Worker(employeeID,firstName,lastName,hireDate,salary) values("3864","campground's","cutoff's","2014-06-17T13:30:53.000Z","69144");
insert into Worker(employeeID,firstName,lastName,hireDate,salary) values("14819","cadmium","Alisha's","2012-01-11T17:52:38.000Z","81217");
insert into Worker(employeeID,firstName,lastName,hireDate,salary) values("90844","outermost","tertiary","2014-05-13T20:06:51.000Z","6058");
insert into Worker(employeeID,firstName,lastName,hireDate,salary) values("14253","torts","glamorous","2014-02-28T09:38:00.000Z","65468");
insert into Worker(employeeID,firstName,lastName,hireDate,salary) values("28223","scuppered","escorting","2014-01-02T06:50:05.000Z","64995");
insert into Worker(employeeID,firstName,lastName,hireDate,salary) values("58002","scampered","cutoff's","2012-01-17T16:32:51.000Z","23040");
insert into Worker(employeeID,firstName,lastName,hireDate,salary) values("8669","renovations","hometown","2012-01-17T04:18:59.000Z","52254");
insert into Worker(employeeID,firstName,lastName,hireDate,salary) values("43584","Frito","cut's","2012-01-14T23:15:02.000Z","66174");
insert into Worker(employeeID,firstName,lastName,hireDate,salary) values("89605","novelties","tertiary","2012-01-15T05:37:51.000Z","97611");
insert into Worker(employeeID,firstName,lastName,hireDate,salary) values("27269","perplexity","captivities","2013-01-05T01:51:32.000Z","30309");
insert into Worker(employeeID,firstName,lastName,hireDate,salary) values("42226","McGuffey","Pinocchio","2014-03-03T19:41:22.000Z","86159");
insert into Worker(employeeID,firstName,lastName,hireDate,salary) values("87459","fortissimo","Alisha's","2014-01-05T16:44:41.000Z","42687");
insert into Worker(employeeID,firstName,lastName,hireDate,salary) values("4168","crosser","buyers","2012-01-24T16:48:14.000Z","83922");
insert into Worker(employeeID,firstName,lastName,hireDate,salary) values("58331","approved","holiday's","2012-01-20T21:21:46.000Z","23637");
insert into Worker(employeeID,firstName,lastName,hireDate,salary) values("87232","Dalmatian","browning","2013-01-12T05:27:02.000Z","51966");
insert into Worker(employeeID,firstName,lastName,hireDate,salary) values("16885","cheekiness","Dalmatian","2012-01-08T23:49:34.000Z","58628");
insert into Worker(employeeID,firstName,lastName,hireDate,salary) values("27918","remade","backstrokes","2013-10-05T23:01:52.000Z","75161");
insert into Worker(employeeID,firstName,lastName,hireDate,salary) values("14831","homier","cut's","2013-02-20T14:35:50.000Z","573");
insert into Worker(employeeID,firstName,lastName,hireDate,salary) values("64871","crusader","effrontery","2014-04-23T08:29:01.000Z","49353");
insert into Worker(employeeID,firstName,lastName,hireDate,salary) values("37878","leggin","Tweedledum's","2013-10-21T05:28:18.000Z","93173");
insert into Worker(employeeID,firstName,lastName,hireDate,salary) values("60452","Finland","brainchildren","2014-09-04T17:15:00.000Z","46420");
insert into Worker(employeeID,firstName,lastName,hireDate,salary) values("41262","trivia's","Triangulum's","2012-01-09T04:13:56.000Z","52749");
insert into Worker(employeeID,firstName,lastName,hireDate,salary) values("74234","Maytag","gendarmes","2014-02-01T10:54:23.000Z","59356");
insert into Worker(employeeID,firstName,lastName,hireDate,salary) values("53550","remade","erupting","2013-04-05T20:28:35.000Z","51173");
insert into Worker(employeeID,firstName,lastName,hireDate,salary) values("37958","crosser","torts","2014-11-14T21:43:04.000Z","49030");
insert into Worker(employeeID,firstName,lastName,hireDate,salary) values("81661","buyers","prouder","2012-01-06T14:28:35.000Z","49979");
insert into Worker(employeeID,firstName,lastName,hireDate,salary) values("17478","fluctuation","McGuffey","2014-02-20T17:21:48.000Z","11858");
insert into Worker(employeeID,firstName,lastName,hireDate,salary) values("47060","detonator","reciprocals","2012-01-20T23:35:37.000Z","84172");
insert into Worker(employeeID,firstName,lastName,hireDate,salary) values("44963","scamper","fluctuation","2014-04-21T10:06:20.000Z","134");
insert into Worker(employeeID,firstName,lastName,hireDate,salary) values("27935","existentialism's","campground's","2013-01-19T00:22:13.000Z","39814");
insert into Worker(employeeID,firstName,lastName,hireDate,salary) values("84372","sufferer","Tweedledum's","2014-06-08T01:35:15.000Z","18817");
insert into Worker(employeeID,firstName,lastName,hireDate,salary) values("38792","dins","erupting","2013-01-10T15:26:30.000Z","85715");
insert into Worker(employeeID,firstName,lastName,hireDate,salary) values("94910","hometown","Dalmatian","2014-03-05T11:30:41.000Z","14696");
insert into Worker(employeeID,firstName,lastName,hireDate,salary) values("32078","invalided","fluctuation","2013-12-11T13:38:46.000Z","23407");
insert into Worker(employeeID,firstName,lastName,hireDate,salary) values("73581","crest","McGuffey","2013-06-30T22:09:08.000Z","53410");
insert into Worker(employeeID,firstName,lastName,hireDate,salary) values("61969","picnicked","leggin","2013-08-03T03:41:25.000Z","83367");
insert into Worker(employeeID,firstName,lastName,hireDate,salary) values("99212","Conakry","palls","2012-01-05T02:13:17.000Z","61173");
insert into Worker(employeeID,firstName,lastName,hireDate,salary) values("58614","cheekiness","reciprocals","2013-12-27T16:23:14.000Z","48076");
insert into Worker(employeeID,firstName,lastName,hireDate,salary) values("23545","thirty's","fortissimo","2014-03-27T05:39:54.000Z","57771");
insert into Worker(employeeID,firstName,lastName,hireDate,salary) values("19416","scamper","rolls","2013-07-14T04:05:19.000Z","14078");
insert into Worker(employeeID,firstName,lastName,hireDate,salary) values("54218","cadmium","gendarmes","2013-12-11T18:25:45.000Z","89004");
insert into Worker(employeeID,firstName,lastName,hireDate,salary) values("46814","alternatively","stalagmite","2013-10-20T08:03:53.000Z","65890");
insert into Worker(employeeID,firstName,lastName,hireDate,salary) values("15286","scamper","Pinocchio","2014-02-20T23:58:22.000Z","47241");
insert into Worker(employeeID,firstName,lastName,hireDate,salary) values("68920","immobilization","approved","2014-03-24T00:53:35.000Z","88150");
insert into Worker(employeeID,firstName,lastName,hireDate,salary) values("43179","glamorous","flintiest","2013-12-09T22:21:13.000Z","89308");
insert into Worker(employeeID,firstName,lastName,hireDate,salary) values("14911","campground's","captivities","2012-01-06T00:21:48.000Z","62190");
insert into Worker(employeeID,firstName,lastName,hireDate,salary) values("6258","anthology","torts","2013-09-24T19:37:36.000Z","62159");
insert into Worker(employeeID,firstName,lastName,hireDate,salary) values("62193","flintiest","perplexity","2014-07-12T11:19:19.000Z","60988");
insert into Worker(employeeID,firstName,lastName,hireDate,salary) values("29674","ledge","Maytag","2014-07-05T15:55:47.000Z","98381");
insert into Worker(employeeID,firstName,lastName,hireDate,salary) values("53159","snatched","effrontery","2013-11-20T00:14:24.000Z","23053");
insert into Worker(employeeID,firstName,lastName,hireDate,salary) values("56301","escorting","brigade's","2013-01-07T07:18:02.000Z","4926");
insert into Worker(employeeID,firstName,lastName,hireDate,salary) values("63998","effrontery","anthology","2014-08-31T23:24:23.000Z","98879");
insert into Worker(employeeID,firstName,lastName,hireDate,salary) values("65191","Tweedledum's","fact's","2013-03-10T13:12:12.000Z","81140");
insert into Worker(employeeID,firstName,lastName,hireDate,salary) values("55419","gendarmes","Moorish's","2014-01-01T11:28:36.000Z","83811");
insert into Worker(employeeID,firstName,lastName,hireDate,salary) values("42690","unloose","Dulles","2014-05-12T06:22:31.000Z","53678");
insert into Worker(employeeID,firstName,lastName,hireDate,salary) values("45875","novelties","escorting","2013-02-20T09:41:25.000Z","47073");
insert into Worker(employeeID,firstName,lastName,hireDate,salary) values("71958","outermost","tertiary","2012-01-02T19:36:18.000Z","79803");
insert into Worker(employeeID,firstName,lastName,hireDate,salary) values("80475","soubriquet","browning","2014-05-26T10:14:15.000Z","91287");
insert into Worker(employeeID,firstName,lastName,hireDate,salary) values("59694","outermost","approved","2013-11-12T09:11:58.000Z","42571");
insert into Worker(employeeID,firstName,lastName,hireDate,salary) values("35458","Pugh","Tweedledum's","2013-04-15T19:59:29.000Z","42997");
insert into Worker(employeeID,firstName,lastName,hireDate,salary) values("52502","fortissimo","dividends","2014-12-15T23:19:13.000Z","20655");
insert into Worker(employeeID,firstName,lastName,hireDate,salary) values("73874","unloose","renovations","2012-01-05T20:23:20.000Z","50630");
insert into Worker(employeeID,firstName,lastName,hireDate,salary) values("23097","cut's","reciprocals","2012-01-22T01:31:42.000Z","77682");
insert into Worker(employeeID,firstName,lastName,hireDate,salary) values("41220","crusader","palls","2013-08-01T22:50:50.000Z","68480");
insert into Worker(employeeID,firstName,lastName,hireDate,salary) values("30296","volcanoes","buyers","2013-01-11T11:57:06.000Z","97392");
insert into Worker(employeeID,firstName,lastName,hireDate,salary) values("45320","genital","crest","2013-12-24T01:32:12.000Z","3976");
insert into Worker(employeeID,firstName,lastName,hireDate,salary) values("55209","stallions","gendarmes","2012-01-05T08:44:14.000Z","38685");
insert into Worker(employeeID,firstName,lastName,hireDate,salary) values("23919","campground's","McGuffey","2013-04-17T00:50:56.000Z","95322");
insert into Worker(employeeID,firstName,lastName,hireDate,salary) values("84533","thirty's","felines","2013-12-04T17:25:31.000Z","21481");
insert into Worker(employeeID,firstName,lastName,hireDate,salary) values("66353","Tweedledum's","scuppered","2014-02-07T22:17:55.000Z","81232");
insert into Worker(employeeID,firstName,lastName,hireDate,salary) values("59659","fluctuation","cut's","2013-07-17T06:02:40.000Z","48393");
insert into Worker(employeeID,firstName,lastName,hireDate,salary) values("22828","Formosa's","stallions","2012-01-04T09:14:48.000Z","20992");
insert into Worker(employeeID,firstName,lastName,hireDate,salary) values("64324","fluctuation","detonator","2012-01-14T09:52:08.000Z","97350");
insert into Worker(employeeID,firstName,lastName,hireDate,salary) values("9509","reciprocals","McGuffey","2013-02-28T09:29:57.000Z","44925");
insert into Worker(employeeID,firstName,lastName,hireDate,salary) values("48161","Dulles","ledge","2012-01-13T20:34:54.000Z","39370");
insert into Worker(employeeID,firstName,lastName,hireDate,salary) values("89540","approved","scampered","2013-03-23T05:30:21.000Z","19786");
insert into Worker(employeeID,firstName,lastName,hireDate,salary) values("25260","cut's","effrontery","2012-01-18T21:55:59.000Z","77829");
insert into Worker(employeeID,firstName,lastName,hireDate,salary) values("2278","genital","Finland","2014-05-10T09:32:55.000Z","53956");
insert into Worker(employeeID,firstName,lastName,hireDate,salary) values("79466","viscountess's","gendarmes","2014-10-18T01:45:56.000Z","22563");
insert into Worker(employeeID,firstName,lastName,hireDate,salary) values("97332","captivities","refuels","2013-03-16T19:33:54.000Z","91252");
insert into Worker(employeeID,firstName,lastName,hireDate,salary) values("67814","nature","felines","2013-02-26T18:13:37.000Z","33675");
insert into Worker(employeeID,firstName,lastName,hireDate,salary) values("67111","brigade's","tallying","2013-02-05T05:50:16.000Z","49135");
insert into Worker(employeeID,firstName,lastName,hireDate,salary) values("23968","Tweedledum's","leggin","2013-04-21T06:32:59.000Z","77158");
insert into Worker(employeeID,firstName,lastName,hireDate,salary) values("1566","detonator","fraying","2013-10-13T22:06:15.000Z","5568");
insert into Worker(employeeID,firstName,lastName,hireDate,salary) values("77643","outermost","dins","2012-01-10T22:27:49.000Z","24698");
insert into Worker(employeeID,firstName,lastName,hireDate,salary) values("77244","tallying","novelties","2012-01-12T16:39:50.000Z","11897");
insert into Worker(employeeID,firstName,lastName,hireDate,salary) values("80209","verities","snatched","2014-11-24T17:00:47.000Z","60870");
insert into Worker(employeeID,firstName,lastName,hireDate,salary) values("33881","Dalmatian","erupting","2013-09-22T23:50:28.000Z","79072");
insert into Worker(employeeID,firstName,lastName,hireDate,salary) values("11995","genital","anthology","2014-11-18T02:11:13.000Z","23279");
insert into Worker(employeeID,firstName,lastName,hireDate,salary) values("2090","Maytag","punctilious","2012-01-25T22:53:43.000Z","62791");
insert into Worker(employeeID,firstName,lastName,hireDate,salary) values("78258","Frito","thirty's","2014-09-27T17:29:16.000Z","84781");
insert into Worker(employeeID,firstName,lastName,hireDate,salary) values("64365","cheekiness","girlish","2012-01-20T19:54:07.000Z","20986");
insert into Worker(employeeID,firstName,lastName,hireDate,salary) values("73530","delineation","effrontery","2013-06-27T13:57:34.000Z","22488");
insert into Worker(employeeID,firstName,lastName,hireDate,salary) values("50607","tallying","refuels","2014-04-06T00:34:30.000Z","15241");
insert into Worker(employeeID,firstName,lastName,hireDate,salary) values("83631","anthology","detonator","2014-02-17T21:35:42.000Z","32342");
insert into Worker(employeeID,firstName,lastName,hireDate,salary) values("50347","Formosa's","flintiest","2013-09-14T03:12:18.000Z","75419");
insert into Worker(employeeID,firstName,lastName,hireDate,salary) values("45301","erupting","picnicked","2012-01-20T01:23:17.000Z","43249");
insert into Worker(employeeID,firstName,lastName,hireDate,salary) values("36957","trivia's","fortissimo","2014-05-26T07:31:08.000Z","20329");
insert into Volunteer(employeeID) values("1566");
insert into Volunteer(employeeID) values("2278");
insert into Volunteer(employeeID) values("3864");
insert into Volunteer(employeeID) values("4168");
insert into Volunteer(employeeID) values("6258");
insert into Volunteer(employeeID) values("8669");
insert into Volunteer(employeeID) values("9794");
insert into Volunteer(employeeID) values("11995");
insert into Volunteer(employeeID) values("14831");
insert into Volunteer(employeeID) values("14911");
insert into Volunteer(employeeID) values("16885");
insert into Volunteer(employeeID) values("22828");
insert into Volunteer(employeeID) values("23545");
insert into Volunteer(employeeID) values("25260");
insert into Volunteer(employeeID) values("27935");
insert into Volunteer(employeeID) values("29674");
insert into Volunteer(employeeID) values("30296");
insert into Volunteer(employeeID) values("33881");
insert into Volunteer(employeeID) values("35458");
insert into Volunteer(employeeID) values("37878");
insert into Volunteer(employeeID) values("37958");
insert into Volunteer(employeeID) values("38792");
insert into Volunteer(employeeID) values("41220");
insert into Volunteer(employeeID) values("42690");
insert into Volunteer(employeeID) values("43179");
insert into Volunteer(employeeID) values("43584");
insert into Volunteer(employeeID) values("45301");
insert into Volunteer(employeeID) values("45875");
insert into Volunteer(employeeID) values("46814");
insert into Volunteer(employeeID) values("48161");
insert into Volunteer(employeeID) values("50347");
insert into Volunteer(employeeID) values("50607");
insert into Volunteer(employeeID) values("53550");
insert into Volunteer(employeeID) values("55419");
insert into Volunteer(employeeID) values("58002");
insert into Volunteer(employeeID) values("58331");
insert into Volunteer(employeeID) values("59694");
insert into Volunteer(employeeID) values("62368");
insert into Volunteer(employeeID) values("64365");
insert into Volunteer(employeeID) values("65191");
insert into Volunteer(employeeID) values("66353");
insert into Volunteer(employeeID) values("67111");
insert into Volunteer(employeeID) values("68920");
insert into Volunteer(employeeID) values("73530");
insert into Volunteer(employeeID) values("73581");
insert into Volunteer(employeeID) values("74234");
insert into Volunteer(employeeID) values("77244");
insert into Volunteer(employeeID) values("77643");
insert into Volunteer(employeeID) values("78258");
insert into Volunteer(employeeID) values("79466");
insert into Volunteer(employeeID) values("80209");
insert into Volunteer(employeeID) values("80475");
insert into Volunteer(employeeID) values("89605");
insert into Volunteer(employeeID) values("94910");
insert into Volunteer(employeeID) values("99212");
insert into Treatment(treatmentId,name,isMedication) values("449","scamper","0");
insert into Treatment(treatmentId,name,isMedication) values("868","Triangulum's","0");
insert into Treatment(treatmentId,name,isMedication) values("2402","Triangulum's","1");
insert into Treatment(treatmentId,name,isMedication) values("4138","Pinocchio","0");
insert into Treatment(treatmentId,name,isMedication) values("4971","retrospecting","0");
insert into Treatment(treatmentId,name,isMedication) values("5119","glamorous","0");
insert into Treatment(treatmentId,name,isMedication) values("6061","Christmas's","0");
insert into Treatment(treatmentId,name,isMedication) values("6160","stalagmite","1");
insert into Treatment(treatmentId,name,isMedication) values("6560","retrospecting","1");
insert into Treatment(treatmentId,name,isMedication) values("8078","existentialism's","1");
insert into Treatment(treatmentId,name,isMedication) values("8919","cheekiness","0");
insert into Treatment(treatmentId,name,isMedication) values("9545","campground's","0");
insert into Treatment(treatmentId,name,isMedication) values("11852","glamorous","0");
insert into Treatment(treatmentId,name,isMedication) values("12038","tertiary","1");
insert into Treatment(treatmentId,name,isMedication) values("12392","Rapunzel's","1");
insert into Treatment(treatmentId,name,isMedication) values("12467","gendarmes","1");
insert into Treatment(treatmentId,name,isMedication) values("13071","gendarmes","1");
insert into Treatment(treatmentId,name,isMedication) values("13348","homier","0");
insert into Treatment(treatmentId,name,isMedication) values("13723","outermost","0");
insert into Treatment(treatmentId,name,isMedication) values("17224","crest","1");
insert into Treatment(treatmentId,name,isMedication) values("19172","sufferer","0");
insert into Treatment(treatmentId,name,isMedication) values("19238","Rapunzel's","1");
insert into Treatment(treatmentId,name,isMedication) values("21521","Conakry","1");
insert into Treatment(treatmentId,name,isMedication) values("23236","spinner's","1");
insert into Treatment(treatmentId,name,isMedication) values("25406","buyers","1");
insert into Treatment(treatmentId,name,isMedication) values("25454","snatched","1");
insert into Treatment(treatmentId,name,isMedication) values("26179","Frito","0");
insert into Treatment(treatmentId,name,isMedication) values("26505","Amway","1");
insert into Treatment(treatmentId,name,isMedication) values("27751","volcanoes","0");
insert into Treatment(treatmentId,name,isMedication) values("28623","mutant","1");
insert into Treatment(treatmentId,name,isMedication) values("28684","unloose","0");
insert into Treatment(treatmentId,name,isMedication) values("31029","cutoff's","1");
insert into Treatment(treatmentId,name,isMedication) values("35211","crosser","0");
insert into Treatment(treatmentId,name,isMedication) values("36367","sufferer","1");
insert into Treatment(treatmentId,name,isMedication) values("37094","novelties","1");
insert into Treatment(treatmentId,name,isMedication) values("37315","erupting","1");
insert into Treatment(treatmentId,name,isMedication) values("37676","invalided","0");
insert into Treatment(treatmentId,name,isMedication) values("37837","genital","1");
insert into Treatment(treatmentId,name,isMedication) values("38881","Amway","1");
insert into Treatment(treatmentId,name,isMedication) values("41251","scamper","1");
insert into Treatment(treatmentId,name,isMedication) values("43910","erupting","1");
insert into Treatment(treatmentId,name,isMedication) values("44669","scuppered","0");
insert into Treatment(treatmentId,name,isMedication) values("44678","erupting","0");
insert into Treatment(treatmentId,name,isMedication) values("45232","fortissimo","1");
insert into Treatment(treatmentId,name,isMedication) values("47586","soubriquet","0");
insert into Treatment(treatmentId,name,isMedication) values("49680","sufferer","0");
insert into Treatment(treatmentId,name,isMedication) values("50211","genital","0");
insert into Treatment(treatmentId,name,isMedication) values("50566","crossness","1");
insert into Treatment(treatmentId,name,isMedication) values("51217","escorting","0");
insert into Treatment(treatmentId,name,isMedication) values("51235","Alisha's","1");
insert into Treatment(treatmentId,name,isMedication) values("51687","novelties","0");
insert into Treatment(treatmentId,name,isMedication) values("51827","Maytag","0");
insert into Treatment(treatmentId,name,isMedication) values("53785","genital","0");
insert into Treatment(treatmentId,name,isMedication) values("54388","Alisha's","0");
insert into Treatment(treatmentId,name,isMedication) values("54558","retrospecting","1");
insert into Treatment(treatmentId,name,isMedication) values("57776","bleeding","0");
insert into Treatment(treatmentId,name,isMedication) values("59383","Dulles","1");
insert into Treatment(treatmentId,name,isMedication) values("60225","escorting","0");
insert into Treatment(treatmentId,name,isMedication) values("62033","bleeding","0");
insert into Treatment(treatmentId,name,isMedication) values("66955","fraying","1");
insert into Treatment(treatmentId,name,isMedication) values("67593","prouder","1");
insert into Treatment(treatmentId,name,isMedication) values("69700","cutoff's","1");
insert into Treatment(treatmentId,name,isMedication) values("69783","tertiary","1");
insert into Treatment(treatmentId,name,isMedication) values("70096","gendarmes","1");
insert into Treatment(treatmentId,name,isMedication) values("70838","reciprocals","0");
insert into Treatment(treatmentId,name,isMedication) values("71827","detonator","0");
insert into Treatment(treatmentId,name,isMedication) values("71894","flintiest","1");
insert into Treatment(treatmentId,name,isMedication) values("72858","outermost","0");
insert into Treatment(treatmentId,name,isMedication) values("74375","glamorous","1");
insert into Treatment(treatmentId,name,isMedication) values("75556","buyers","0");
insert into Treatment(treatmentId,name,isMedication) values("75648","Dulles","0");
insert into Treatment(treatmentId,name,isMedication) values("76761","flintiest","0");
insert into Treatment(treatmentId,name,isMedication) values("77676","Alisha's","0");
insert into Treatment(treatmentId,name,isMedication) values("78190","Maytag","1");
insert into Treatment(treatmentId,name,isMedication) values("78860","Triangulum's","1");
insert into Treatment(treatmentId,name,isMedication) values("80077","Conakry","0");
insert into Treatment(treatmentId,name,isMedication) values("80453","reciprocals","0");
insert into Treatment(treatmentId,name,isMedication) values("80698","fortissimo","1");
insert into Treatment(treatmentId,name,isMedication) values("80802","Pugh","0");
insert into Treatment(treatmentId,name,isMedication) values("81547","approved","0");
insert into Treatment(treatmentId,name,isMedication) values("82002","approved","1");
insert into Treatment(treatmentId,name,isMedication) values("82879","palls","1");
insert into Treatment(treatmentId,name,isMedication) values("83123","Finland","1");
insert into Treatment(treatmentId,name,isMedication) values("83179","thirty's","1");
insert into Treatment(treatmentId,name,isMedication) values("84062","Dulles","0");
insert into Treatment(treatmentId,name,isMedication) values("85446","tertiary","1");
insert into Treatment(treatmentId,name,isMedication) values("86244","fluctuation","0");
insert into Treatment(treatmentId,name,isMedication) values("87366","cut's","1");
insert into Treatment(treatmentId,name,isMedication) values("87455","nature","0");
insert into Treatment(treatmentId,name,isMedication) values("88682","soubriquet","0");
insert into Treatment(treatmentId,name,isMedication) values("90264","Conakry","0");
insert into Treatment(treatmentId,name,isMedication) values("90334","stalagmite","1");
insert into Treatment(treatmentId,name,isMedication) values("90434","perplexity","0");
insert into Treatment(treatmentId,name,isMedication) values("91127","fortissimo","0");
insert into Treatment(treatmentId,name,isMedication) values("91920","alternatively","0");
insert into Treatment(treatmentId,name,isMedication) values("93889","detonator","0");
insert into Treatment(treatmentId,name,isMedication) values("94199","Amway","1");
insert into Treatment(treatmentId,name,isMedication) values("95269","Rapunzel's","0");
insert into Treatment(treatmentId,name,isMedication) values("98191","fraying","0");
insert into Treatment(treatmentId,name,isMedication) values("98427","anthology","1");
insert into TreatmentGiver(treatmentGiverID) values("7348");
insert into Technician(employeeID,treatmentGiverID) values("99212","7348");
insert into Staff(employeeID) values("1566");
insert into Staff(employeeID) values("2090");
insert into Staff(employeeID) values("2278");
insert into Staff(employeeID) values("6258");
insert into Staff(employeeID) values("9509");
insert into Staff(employeeID) values("9794");
insert into Staff(employeeID) values("14819");
insert into Staff(employeeID) values("14831");
insert into Staff(employeeID) values("16885");
insert into Staff(employeeID) values("17478");
insert into Staff(employeeID) values("19416");
insert into Staff(employeeID) values("22828");
insert into Staff(employeeID) values("23545");
insert into Staff(employeeID) values("23919");
insert into Staff(employeeID) values("23968");
insert into Staff(employeeID) values("28223");
insert into Staff(employeeID) values("29674");
insert into Staff(employeeID) values("30296");
insert into Staff(employeeID) values("33881");
insert into Staff(employeeID) values("35458");
insert into Staff(employeeID) values("37878");
insert into Staff(employeeID) values("37958");
insert into Staff(employeeID) values("38792");
insert into Staff(employeeID) values("41220");
insert into Staff(employeeID) values("42226");
insert into Staff(employeeID) values("43584");
insert into Staff(employeeID) values("45320");
insert into Staff(employeeID) values("47060");
insert into Staff(employeeID) values("48161");
insert into Staff(employeeID) values("50347");
insert into Staff(employeeID) values("50607");
insert into Staff(employeeID) values("52502");
insert into Staff(employeeID) values("53550");
insert into Staff(employeeID) values("54218");
insert into Staff(employeeID) values("55209");
insert into Staff(employeeID) values("58002");
insert into Staff(employeeID) values("58614");
insert into Staff(employeeID) values("59659");
insert into Staff(employeeID) values("59694");
insert into Staff(employeeID) values("60452");
insert into Staff(employeeID) values("61969");
insert into Staff(employeeID) values("62193");
insert into Staff(employeeID) values("62368");
insert into Staff(employeeID) values("63998");
insert into Staff(employeeID) values("64324");
insert into Staff(employeeID) values("64871");
insert into Staff(employeeID) values("67111");
insert into Staff(employeeID) values("67814");
insert into Staff(employeeID) values("68920");
insert into Staff(employeeID) values("71958");
insert into Staff(employeeID) values("73530");
insert into Staff(employeeID) values("73581");
insert into Staff(employeeID) values("73874");
insert into Staff(employeeID) values("74234");
insert into Staff(employeeID) values("77244");
insert into Staff(employeeID) values("78258");
insert into Staff(employeeID) values("79466");
insert into Staff(employeeID) values("80475");
insert into Staff(employeeID) values("83631");
insert into Staff(employeeID) values("84372");
insert into Staff(employeeID) values("87232");
insert into Staff(employeeID) values("89540");
insert into Staff(employeeID) values("94910");
insert into Staff(employeeID) values("97332");
insert into Room(roomNumber,employeeID,roomDescription,volunteerRoom) values("102","41220","Info Desk","true");
insert into Room(roomNumber,employeeID,roomDescription,volunteerRoom) values("103","32078","Cafeteria","true");
insert into Room(roomNumber,employeeID,roomDescription,volunteerRoom) values("104","71958","Cafeteria","false");
insert into Room(roomNumber,employeeID,roomDescription,volunteerRoom) values("105","9509","Janitor Closet","false");
insert into Room(roomNumber,employeeID,roomDescription,volunteerRoom) values("106","22828","Gift Shop","false");
insert into Room(roomNumber,employeeID,roomDescription,volunteerRoom) values("107","64324","Janitor Closet","false");
insert into Room(roomNumber,employeeID,roomDescription,volunteerRoom) values("108","68920","Janitor Closet","false");
insert into Room(roomNumber,employeeID,roomDescription,volunteerRoom) values("109","43179","Janitor Closet","false");
insert into Room(roomNumber,employeeID,roomDescription,volunteerRoom) values("110","63998","Info Desk","false");
insert into Room(roomNumber,employeeID,roomDescription,volunteerRoom) values("111","54218","Gift Shop","true");
insert into Room(roomNumber,employeeID,roomDescription,volunteerRoom) values("114","14831","Cafeteria","true");
insert into Room(roomNumber,employeeID,roomDescription,volunteerRoom) values("115","80475","Cafeteria","false");
insert into Room(roomNumber,employeeID,roomDescription,volunteerRoom) values("116","32078","Gift Shop","false");
insert into Room(roomNumber,employeeID,roomDescription,volunteerRoom) values("117","14253","Gift Shop","true");
insert into Room(roomNumber,employeeID,roomDescription,volunteerRoom) values("118","67111","Gift Shop","true");
insert into Room(roomNumber,employeeID,roomDescription,volunteerRoom) values("119","58002","Gift Shop","false");
insert into Room(roomNumber,employeeID,roomDescription,volunteerRoom) values("121","52502","Cafeteria","false");
insert into Room(roomNumber,employeeID,roomDescription,volunteerRoom) values("122","83631","Info Desk","true");
insert into Room(roomNumber,employeeID,roomDescription,volunteerRoom) values("123","73581","Janitor Closet","true");
insert into Room(roomNumber,employeeID,roomDescription,volunteerRoom) values("124","64871","Gift Shop","true");
insert into Room(roomNumber,employeeID,roomDescription,volunteerRoom) values("125","23919","Gift Shop","true");
insert into Room(roomNumber,employeeID,roomDescription,volunteerRoom) values("126","61969","Gift Shop","true");
insert into Room(roomNumber,employeeID,roomDescription,volunteerRoom) values("127","68920","Gift Shop","true");
insert into Room(roomNumber,employeeID,roomDescription,volunteerRoom) values("128","27269","Info Desk","true");
insert into Room(roomNumber,employeeID,roomDescription,volunteerRoom) values("129","45320","Info Desk","true");
insert into Room(roomNumber,employeeID,roomDescription,volunteerRoom) values("130","14253","Gift Shop","false");
insert into Room(roomNumber,employeeID,roomDescription,volunteerRoom) values("131","22828","Info Desk","false");
insert into Room(roomNumber,employeeID,roomDescription,volunteerRoom) values("132","17478","Info Desk","false");
insert into Room(roomNumber,employeeID,roomDescription,volunteerRoom) values("133","19416","Janitor Closet","false");
insert into Room(roomNumber,employeeID,roomDescription,volunteerRoom) values("134","89605","Info Desk","false");
insert into Room(roomNumber,employeeID,roomDescription,volunteerRoom) values("135","47060","Info Desk","true");
insert into Room(roomNumber,employeeID,roomDescription,volunteerRoom) values("137","38792","Info Desk","false");
insert into Room(roomNumber,employeeID,roomDescription,volunteerRoom) values("138","79466","Info Desk","false");
insert into Room(roomNumber,employeeID,roomDescription,volunteerRoom) values("139","50347","Gift Shop","false");
insert into Room(roomNumber,employeeID,roomDescription,volunteerRoom) values("140","81661","Info Desk","false");
insert into Room(roomNumber,employeeID,roomDescription,volunteerRoom) values("141","77643","Cafeteria","true");
insert into Room(roomNumber,employeeID,roomDescription,volunteerRoom) values("142","81661","Info Desk","true");
insert into Room(roomNumber,employeeID,roomDescription,volunteerRoom) values("143","99212","Cafeteria","true");
insert into Room(roomNumber,employeeID,roomDescription,volunteerRoom) values("144","58614","Info Desk","false");
insert into Room(roomNumber,employeeID,roomDescription,volunteerRoom) values("145","80209","Janitor Closet","false");
insert into Room(roomNumber,employeeID,roomDescription,volunteerRoom) values("146","22828","Cafeteria","false");
insert into Room(roomNumber,employeeID,roomDescription,volunteerRoom) values("147","62368","Gift Shop","true");
insert into Room(roomNumber,employeeID,roomDescription,volunteerRoom) values("148","8669","Cafeteria","true");
insert into Patient(patientID,firstName,lastName,insurancePolicy,emergencyContact) values("20563","Rapunzel's","sufferer","57365","fact's");
insert into Patient(patientID,firstName,lastName,insurancePolicy,emergencyContact) values("20509","scuppered","approved","13497","Maytag");
insert into Patient(patientID,firstName,lastName,insurancePolicy,emergencyContact) values("88273","existentialism's","holiday's","91587","glamorous");
insert into Patient(patientID,firstName,lastName,insurancePolicy,emergencyContact) values("8592","prouder","scampered","61810","soubriquet");
insert into Patient(patientID,firstName,lastName,insurancePolicy,emergencyContact) values("72641","viscountess's","Christmas's","8048","bleeding");
insert into Patient(patientID,firstName,lastName,insurancePolicy,emergencyContact) values("84051","anthology","Becker","45790","fraying");
insert into Patient(patientID,firstName,lastName,insurancePolicy,emergencyContact) values("67945","sufferer","volcanoes","37890","mutant");
insert into Patient(patientID,firstName,lastName,insurancePolicy,emergencyContact) values("80455","nature","alternatively","6627","holiday's");
insert into Patient(patientID,firstName,lastName,insurancePolicy,emergencyContact) values("95254","crosser","sufferer","58600","crest");
insert into Patient(patientID,firstName,lastName,insurancePolicy,emergencyContact) values("76944","Dalmatian","girlish","82273","sneer");
insert into Patient(patientID,firstName,lastName,insurancePolicy,emergencyContact) values("38002","confederated","novelties","24552","soubriquet");
insert into Patient(patientID,firstName,lastName,insurancePolicy,emergencyContact) values("70442","glamorous","refuels","27690","campground's");
insert into Patient(patientID,firstName,lastName,insurancePolicy,emergencyContact) values("69224","Frito","payoff","272","payoff");
insert into Patient(patientID,firstName,lastName,insurancePolicy,emergencyContact) values("23177","immobilization","dins","61983","fraying");
insert into Patient(patientID,firstName,lastName,insurancePolicy,emergencyContact) values("31090","holiday's","nature","21616","renovations");
insert into Patient(patientID,firstName,lastName,insurancePolicy,emergencyContact) values("55019","volcanoes","Formosa's","27057","remade");
insert into Patient(patientID,firstName,lastName,insurancePolicy,emergencyContact) values("81956","Amway","volcanoes","21908","snatched");
insert into Patient(patientID,firstName,lastName,insurancePolicy,emergencyContact) values("48015","Alisha's","Pugh","71972","cadmium");
insert into Patient(patientID,firstName,lastName,insurancePolicy,emergencyContact) values("19500","glamorous","refuels","9555","felines");
insert into Patient(patientID,firstName,lastName,insurancePolicy,emergencyContact) values("56115","irreverence","gendarmes","46207","cutoff's");
insert into Patient(patientID,firstName,lastName,insurancePolicy,emergencyContact) values("63349","punctilious","Amway","8424","cutoff's");
insert into Patient(patientID,firstName,lastName,insurancePolicy,emergencyContact) values("9176","fluctuation","Maytag","41612","cadmium");
insert into Patient(patientID,firstName,lastName,insurancePolicy,emergencyContact) values("9584","anticlockwise","delineation","17170","refuels");
insert into Patient(patientID,firstName,lastName,insurancePolicy,emergencyContact) values("79092","detonator","fortissimo","12637","gendarmes");
insert into Patient(patientID,firstName,lastName,insurancePolicy,emergencyContact) values("33292","buyers","campground's","1963","picnicked");
insert into Patient(patientID,firstName,lastName,insurancePolicy,emergencyContact) values("28908","volcanoes","campground's","44042","Frito");
insert into Patient(patientID,firstName,lastName,insurancePolicy,emergencyContact) values("98385","trivia's","crosser","21833","rolls");
insert into Patient(patientID,firstName,lastName,insurancePolicy,emergencyContact) values("77855","Maytag","genital","72492","soubriquet");
insert into Patient(patientID,firstName,lastName,insurancePolicy,emergencyContact) values("46513","anthology","scuppered","3904","backstrokes");
insert into Patient(patientID,firstName,lastName,insurancePolicy,emergencyContact) values("6733","sneer","scamper","90516","escorting");
insert into Patient(patientID,firstName,lastName,insurancePolicy,emergencyContact) values("36660","Becker","genital","41768","brainchildren");
insert into Patient(patientID,firstName,lastName,insurancePolicy,emergencyContact) values("6934","erupting","rolls","54","gendarmes");
insert into Patient(patientID,firstName,lastName,insurancePolicy,emergencyContact) values("72084","perplexity","Dulles","47818","escorting");
insert into Patient(patientID,firstName,lastName,insurancePolicy,emergencyContact) values("69261","homier","existentialism's","18049","invalided");
insert into Patient(patientID,firstName,lastName,insurancePolicy,emergencyContact) values("3387","effrontery","crosser","80621","verities");
insert into Patient(patientID,firstName,lastName,insurancePolicy,emergencyContact) values("80909","sneer","cheekiness","87868","existentialism's");
insert into Patient(patientID,firstName,lastName,insurancePolicy,emergencyContact) values("91092","Moorish's","prouder","54313","Becker");
insert into Patient(patientID,firstName,lastName,insurancePolicy,emergencyContact) values("74357","novelties","sufferer","28361","crest");
insert into Patient(patientID,firstName,lastName,insurancePolicy,emergencyContact) values("12896","retrospecting","fraying","17960","delineation");
insert into Patient(patientID,firstName,lastName,insurancePolicy,emergencyContact) values("25153","crusader","McGuffey","80905","tertiary");
insert into Patient(patientID,firstName,lastName,insurancePolicy,emergencyContact) values("38735","immobilization","rolls","80736","bleeding");
insert into Patient(patientID,firstName,lastName,insurancePolicy,emergencyContact) values("49055","bleeding","Conakry","69334","crosser");
insert into Patient(patientID,firstName,lastName,insurancePolicy,emergencyContact) values("55948","Conakry","sneer","3325","renovations");
insert into Patient(patientID,firstName,lastName,insurancePolicy,emergencyContact) values("37249","escorting","browning","96477","Maytag");
insert into Patient(patientID,firstName,lastName,insurancePolicy,emergencyContact) values("24573","Dalmatian","browning","14459","renovations");
insert into Patient(patientID,firstName,lastName,insurancePolicy,emergencyContact) values("17493","dividends","soubriquet","8488","tertiary");
insert into Patient(patientID,firstName,lastName,insurancePolicy,emergencyContact) values("60807","reciprocals","reciprocals","66759","irreverence");
insert into Patient(patientID,firstName,lastName,insurancePolicy,emergencyContact) values("89815","leggin","scamper","63157","picnicked");
insert into Patient(patientID,firstName,lastName,insurancePolicy,emergencyContact) values("39560","Dulles","crosser","66323","immobilization");
insert into Patient(patientID,firstName,lastName,insurancePolicy,emergencyContact) values("92479","leggin","volcanoes","39799","felines");
insert into Patient(patientID,firstName,lastName,insurancePolicy,emergencyContact) values("48002","Triangulum's","mutant","73788","viscountess's");
insert into Patient(patientID,firstName,lastName,insurancePolicy,emergencyContact) values("94817","crosser","fluctuation","69480","snatched");
insert into Patient(patientID,firstName,lastName,insurancePolicy,emergencyContact) values("61882","Triangulum's","crosser","82229","punctilious");
insert into Patient(patientID,firstName,lastName,insurancePolicy,emergencyContact) values("45472","tertiary","Maytag","75868","Frito");
insert into Patient(patientID,firstName,lastName,insurancePolicy,emergencyContact) values("41092","snatched","thirty's","26856","snatched");
insert into Patient(patientID,firstName,lastName,insurancePolicy,emergencyContact) values("92853","captivities","retrospecting","29868","irreverence");
insert into Patient(patientID,firstName,lastName,insurancePolicy,emergencyContact) values("91809","browning","Becker","92534","crosser");
insert into Patient(patientID,firstName,lastName,insurancePolicy,emergencyContact) values("29990","Conakry","Dulles","14773","remade");
insert into Patient(patientID,firstName,lastName,insurancePolicy,emergencyContact) values("35952","Pugh","hometown","33937","campground's");
insert into Patient(patientID,firstName,lastName,insurancePolicy,emergencyContact) values("37616","bleeding","tallying","8931","volcanoes");
insert into Patient(patientID,firstName,lastName,insurancePolicy,emergencyContact) values("37231","gendarmes","rolls","37047","delineation");
insert into Patient(patientID,firstName,lastName,insurancePolicy,emergencyContact) values("9811","hometown","glamorous","72258","existentialism's");
insert into Patient(patientID,firstName,lastName,insurancePolicy,emergencyContact) values("5282","holiday's","fortissimo","39172","reciprocals");
insert into Patient(patientID,firstName,lastName,insurancePolicy,emergencyContact) values("79481","felines","fact's","58822","brainchildren");
insert into Patient(patientID,firstName,lastName,insurancePolicy,emergencyContact) values("87427","Dulles","crest","14526","genital");
insert into Patient(patientID,firstName,lastName,insurancePolicy,emergencyContact) values("29885","Frito","retrospecting","31108","cheekiness");
insert into Patient(patientID,firstName,lastName,insurancePolicy,emergencyContact) values("77943","scamper","browning","9022","bleeding");
insert into Patient(patientID,firstName,lastName,insurancePolicy,emergencyContact) values("58573","refuels","reciprocals","14521","picnicked");
insert into Patient(patientID,firstName,lastName,insurancePolicy,emergencyContact) values("53943","tallying","crest","36273","outermost");
insert into Patient(patientID,firstName,lastName,insurancePolicy,emergencyContact) values("91618","bleeding","crosser","2032","crossness");
insert into Patient(patientID,firstName,lastName,insurancePolicy,emergencyContact) values("39018","retrospecting","sneer","58233","Alisha's");
insert into Patient(patientID,firstName,lastName,insurancePolicy,emergencyContact) values("86110","unloose","captivities","19195","Alisha's");
insert into Patient(patientID,firstName,lastName,insurancePolicy,emergencyContact) values("27018","Christmas's","glamorous","84511","cheekiness");
insert into Patient(patientID,firstName,lastName,insurancePolicy,emergencyContact) values("71910","unloose","gendarmes","75728","genital");
insert into Patient(patientID,firstName,lastName,insurancePolicy,emergencyContact) values("20253","holiday's","gendarmes","33121","dividends");
insert into Patient(patientID,firstName,lastName,insurancePolicy,emergencyContact) values("82358","Moorish's","fraying","47499","campground's");
insert into Patient(patientID,firstName,lastName,insurancePolicy,emergencyContact) values("8346","scuppered","perplexity","74311","erupting");
insert into Patient(patientID,firstName,lastName,insurancePolicy,emergencyContact) values("70804","soubriquet","sufferer","24752","brainchildren");
insert into Patient(patientID,firstName,lastName,insurancePolicy,emergencyContact) values("31786","soubriquet","nature","54698","girlish");
insert into Patient(patientID,firstName,lastName,insurancePolicy,emergencyContact) values("34873","leggin","glamorous","81269","genital");
insert into Patient(patientID,firstName,lastName,insurancePolicy,emergencyContact) values("5438","erupting","spinner's","37379","backstrokes");
insert into Patient(patientID,firstName,lastName,insurancePolicy,emergencyContact) values("4845","Moorish's","approved","28404","snatched");
insert into Patient(patientID,firstName,lastName,insurancePolicy,emergencyContact) values("94322","brainchildren","stalagmite","98497","fact's");
insert into Patient(patientID,firstName,lastName,insurancePolicy,emergencyContact) values("9984","sufferer","approved","53178","Tweedledum's");
insert into Patient(patientID,firstName,lastName,insurancePolicy,emergencyContact) values("27150","fluctuation","punctilious","45678","snatched");
insert into Patient(patientID,firstName,lastName,insurancePolicy,emergencyContact) values("6427","punctilious","renovations","86113","stallions");
insert into Patient(patientID,firstName,lastName,insurancePolicy,emergencyContact) values("53112","hometown","flintiest","77382","volcanoes");
insert into Patient(patientID,firstName,lastName,insurancePolicy,emergencyContact) values("7574","Triangulum's","outermost","16137","ledge");
insert into Patient(patientID,firstName,lastName,insurancePolicy,emergencyContact) values("13890","flintiest","brigade's","22286","stalagmite");
insert into Patient(patientID,firstName,lastName,insurancePolicy,emergencyContact) values("67693","McGuffey","stalagmite","95656","ledge");
insert into Patient(patientID,firstName,lastName,insurancePolicy,emergencyContact) values("16553","dins","reciprocals","31375","glamorous");
insert into Patient(patientID,firstName,lastName,insurancePolicy,emergencyContact) values("11817","immobilization","retrospecting","16853","ledge");
insert into Patient(patientID,firstName,lastName,insurancePolicy,emergencyContact) values("16980","Dalmatian","fact's","5403","tallying");
insert into Patient(patientID,firstName,lastName,insurancePolicy,emergencyContact) values("86471","fact's","tallying","62771","soubriquet");
insert into Patient(patientID,firstName,lastName,insurancePolicy,emergencyContact) values("60454","stalagmite","backstrokes","89833","tallying");
insert into Patient(patientID,firstName,lastName,insurancePolicy,emergencyContact) values("83880","soubriquet","erupting","53561","palls");
insert into Patient(patientID,firstName,lastName,insurancePolicy,emergencyContact) values("4509","Tweedledum's","sneer","20823","cutoff's");
insert into Patient(patientID,firstName,lastName,insurancePolicy,emergencyContact) values("83711","thirty's","perplexity","17013","tertiary");
insert into Patient(patientID,firstName,lastName,insurancePolicy,emergencyContact) values("46738","retrospecting","ledge","92493","brainchildren");
insert into Patient(patientID,firstName,lastName,insurancePolicy,emergencyContact) values("64782","refuels","immobilization","73829","fortissimo");
insert into PatientRoom(roomNumber,patientID) values("0","72084");
insert into PatientRoom(roomNumber,patientID) values("1","29990");
insert into PatientRoom(roomNumber,patientID) values("2","92853");
insert into PatientRoom(roomNumber,patientID) values("5","37231");
insert into PatientRoom(roomNumber,patientID) values("9","95254");
insert into PatientRoom(roomNumber,patientID) values("10","89815");
insert into PatientRoom(roomNumber,patientID) values("14","76944");
insert into PatientRoom(roomNumber,patientID) values("15","48002");
insert into PatientRoom(roomNumber,patientID) values("16","91809");
insert into PatientRoom(roomNumber,patientID) values("19","48002");
insert into PatientRoom(roomNumber,patientID) values("20","58573");
insert into PatientRoom(roomNumber,patientID) values("22","76944");
insert into PatientRoom(roomNumber,patientID) values("23","74357");
insert into PatientRoom(roomNumber,patientID) values("24","11817");
insert into PatientRoom(roomNumber,patientID) values("26","88273");
insert into PatientRoom(roomNumber,patientID) values("29","95254");
insert into PatientRoom(roomNumber,patientID) values("30","83711");
insert into PatientRoom(roomNumber,patientID) values("31","6427");
insert into PatientRoom(roomNumber,patientID) values("33","9984");
insert into PatientRoom(roomNumber,patientID) values("34","34873");
insert into PatientRoom(roomNumber,patientID) values("36","48015");
insert into PatientRoom(roomNumber,patientID) values("37","24573");
insert into PatientRoom(roomNumber,patientID) values("39","38735");
insert into PatientRoom(roomNumber,patientID) values("40","56115");
insert into PatientRoom(roomNumber,patientID) values("41","25153");
insert into PatientRoom(roomNumber,patientID) values("42","16980");
insert into PatientRoom(roomNumber,patientID) values("43","80455");
insert into PatientRoom(roomNumber,patientID) values("44","53943");
insert into PatientRoom(roomNumber,patientID) values("46","4509");
insert into PatientRoom(roomNumber,patientID) values("47","8592");
insert into PatientRoom(roomNumber,patientID) values("49","86471");
insert into PatientRoom(roomNumber,patientID) values("50","61882");
insert into PatientRoom(roomNumber,patientID) values("52","19500");
insert into PatientRoom(roomNumber,patientID) values("55","29885");
insert into PatientRoom(roomNumber,patientID) values("56","9984");
insert into PatientRoom(roomNumber,patientID) values("57","27150");
insert into PatientRoom(roomNumber,patientID) values("58","56115");
insert into PatientRoom(roomNumber,patientID) values("59","37231");
insert into PatientRoom(roomNumber,patientID) values("61","9811");
insert into PatientRoom(roomNumber,patientID) values("63","91618");
insert into PatientRoom(roomNumber,patientID) values("64","20563");
insert into PatientRoom(roomNumber,patientID) values("65","27150");
insert into PatientRoom(roomNumber,patientID) values("66","64782");
insert into PatientRoom(roomNumber,patientID) values("67","87427");
insert into PatientRoom(roomNumber,patientID) values("68","36660");
insert into PatientRoom(roomNumber,patientID) values("72","5282");
insert into PatientRoom(roomNumber,patientID) values("73","23177");
insert into PatientRoom(roomNumber,patientID) values("75","8346");
insert into PatientRoom(roomNumber,patientID) values("76","70804");
insert into PatientRoom(roomNumber,patientID) values("78","6733");
insert into PatientRoom(roomNumber,patientID) values("81","20563");
insert into PatientRoom(roomNumber,patientID) values("83","41092");
insert into PatientRoom(roomNumber,patientID) values("84","72084");
insert into PatientRoom(roomNumber,patientID) values("85","77943");
insert into PatientRoom(roomNumber,patientID) values("86","67693");
insert into PatientRoom(roomNumber,patientID) values("87","53943");
insert into PatientRoom(roomNumber,patientID) values("88","29990");
insert into PatientRoom(roomNumber,patientID) values("92","33292");
insert into PatientRoom(roomNumber,patientID) values("93","72084");
insert into PatientRoom(roomNumber,patientID) values("95","71910");
insert into PatientRoom(roomNumber,patientID) values("96","27018");
insert into PatientRoom(roomNumber,patientID) values("97","35952");
insert into PatientRoom(roomNumber,patientID) values("98","38002");
insert into PatientRoom(roomNumber,patientID) values("99","11817");
insert into OutPatient(patientID) values("3387");
insert into OutPatient(patientID) values("4509");
insert into OutPatient(patientID) values("4845");
insert into OutPatient(patientID) values("6427");
insert into OutPatient(patientID) values("6934");
insert into OutPatient(patientID) values("7574");
insert into OutPatient(patientID) values("8346");
insert into OutPatient(patientID) values("8592");
insert into OutPatient(patientID) values("9176");
insert into OutPatient(patientID) values("9584");
insert into OutPatient(patientID) values("9811");
insert into OutPatient(patientID) values("9984");
insert into OutPatient(patientID) values("11817");
insert into OutPatient(patientID) values("12896");
insert into OutPatient(patientID) values("13890");
insert into OutPatient(patientID) values("16553");
insert into OutPatient(patientID) values("17493");
insert into OutPatient(patientID) values("19500");
insert into OutPatient(patientID) values("20253");
insert into OutPatient(patientID) values("20563");
insert into OutPatient(patientID) values("23177");
insert into OutPatient(patientID) values("25153");
insert into OutPatient(patientID) values("27018");
insert into OutPatient(patientID) values("27150");
insert into OutPatient(patientID) values("28908");
insert into OutPatient(patientID) values("29885");
insert into OutPatient(patientID) values("29990");
insert into OutPatient(patientID) values("31786");
insert into OutPatient(patientID) values("34873");
insert into OutPatient(patientID) values("37231");
insert into OutPatient(patientID) values("38002");
insert into OutPatient(patientID) values("38735");
insert into OutPatient(patientID) values("39018");
insert into OutPatient(patientID) values("39560");
insert into OutPatient(patientID) values("41092");
insert into OutPatient(patientID) values("45472");
insert into OutPatient(patientID) values("48002");
insert into OutPatient(patientID) values("49055");
insert into OutPatient(patientID) values("53112");
insert into OutPatient(patientID) values("55019");
insert into OutPatient(patientID) values("55948");
insert into OutPatient(patientID) values("56115");
insert into OutPatient(patientID) values("58573");
insert into OutPatient(patientID) values("60454");
insert into OutPatient(patientID) values("67693");
insert into OutPatient(patientID) values("67945");
insert into OutPatient(patientID) values("70442");
insert into OutPatient(patientID) values("70804");
insert into OutPatient(patientID) values("71910");
insert into OutPatient(patientID) values("72084");
insert into OutPatient(patientID) values("72641");
insert into OutPatient(patientID) values("77855");
insert into OutPatient(patientID) values("77943");
insert into OutPatient(patientID) values("79481");
insert into OutPatient(patientID) values("80455");
insert into OutPatient(patientID) values("80909");
insert into OutPatient(patientID) values("81956");
insert into OutPatient(patientID) values("82358");
insert into OutPatient(patientID) values("83711");
insert into OutPatient(patientID) values("84051");
insert into OutPatient(patientID) values("86471");
insert into OutPatient(patientID) values("88273");
insert into OutPatient(patientID) values("91092");
insert into OutPatient(patientID) values("91809");
insert into OutPatient(patientID) values("92479");
insert into OutPatient(patientID) values("92853");
insert into OutPatient(patientID) values("94817");
insert into OutPatient(patientID) values("95254");
insert into OutPatient(patientID) values("98385");
insert into Nurse(employeeID,treatmentGiverID) values("99212","7348");
insert into InPatient(patientID) values("3387");
insert into InPatient(patientID) values("4509");
insert into InPatient(patientID) values("5282");
insert into InPatient(patientID) values("5438");
insert into InPatient(patientID) values("6934");
insert into InPatient(patientID) values("7574");
insert into InPatient(patientID) values("8346");
insert into InPatient(patientID) values("9584");
insert into InPatient(patientID) values("9984");
insert into InPatient(patientID) values("12896");
insert into InPatient(patientID) values("13890");
insert into InPatient(patientID) values("17493");
insert into InPatient(patientID) values("20253");
insert into InPatient(patientID) values("20509");
insert into InPatient(patientID) values("20563");
insert into InPatient(patientID) values("23177");
insert into InPatient(patientID) values("24573");
insert into InPatient(patientID) values("27018");
insert into InPatient(patientID) values("28908");
insert into InPatient(patientID) values("31090");
insert into InPatient(patientID) values("31786");
insert into InPatient(patientID) values("34873");
insert into InPatient(patientID) values("35952");
insert into InPatient(patientID) values("37231");
insert into InPatient(patientID) values("37616");
insert into InPatient(patientID) values("39018");
insert into InPatient(patientID) values("46738");
insert into InPatient(patientID) values("48002");
insert into InPatient(patientID) values("49055");
insert into InPatient(patientID) values("55019");
insert into InPatient(patientID) values("58573");
insert into InPatient(patientID) values("60454");
insert into InPatient(patientID) values("60807");
insert into InPatient(patientID) values("64782");
insert into InPatient(patientID) values("67693");
insert into InPatient(patientID) values("67945");
insert into InPatient(patientID) values("69224");
insert into InPatient(patientID) values("69261");
insert into InPatient(patientID) values("70804");
insert into InPatient(patientID) values("71910");
insert into InPatient(patientID) values("72084");
insert into InPatient(patientID) values("72641");
insert into InPatient(patientID) values("76944");
insert into InPatient(patientID) values("77855");
insert into InPatient(patientID) values("77943");
insert into InPatient(patientID) values("79092");
insert into InPatient(patientID) values("79481");
insert into InPatient(patientID) values("80455");
insert into InPatient(patientID) values("81956");
insert into InPatient(patientID) values("82358");
insert into InPatient(patientID) values("83880");
insert into InPatient(patientID) values("86471");
insert into InPatient(patientID) values("87427");
insert into InPatient(patientID) values("88273");
insert into InPatient(patientID) values("89815");
insert into InPatient(patientID) values("91618");
insert into InPatient(patientID) values("91809");
insert into InPatient(patientID) values("92479");
insert into InPatient(patientID) values("94817");
insert into InPatient(patientID) values("95254");
insert into InPatient(patientID) values("98385");
insert into Doctor(employeeID,treatmentGiverID) values("99212","7348");
insert into Admits(employeeID,patientID,timeAdmitted) values("65191","20563","2015-03-05T13:05:05.000Z");
insert into Admits(employeeID,patientID,timeAdmitted) values("22828","6427","2015-11-08T11:49:19.000Z");
insert into Admits(employeeID,patientID,timeAdmitted) values("62368","28908","2015-01-21T19:29:34.000Z");
insert into Admits(employeeID,patientID,timeAdmitted) values("77643","55948","2014-01-07T09:57:58.000Z");
insert into Admits(employeeID,patientID,timeAdmitted) values("61969","86110","2014-01-04T19:59:41.000Z");
insert into Admits(employeeID,patientID,timeAdmitted) values("68920","83711","2015-09-01T05:28:47.000Z");
insert into Admits(employeeID,patientID,timeAdmitted) values("68920","46513","2016-04-19T18:00:02.000Z");
insert into Admits(employeeID,patientID,timeAdmitted) values("59694","91618","2015-03-10T16:55:22.000Z");
insert into Admits(employeeID,patientID,timeAdmitted) values("89605","58573","2014-01-05T20:21:24.000Z");
insert into Admits(employeeID,patientID,timeAdmitted) values("60452","83711","2014-01-27T23:20:09.000Z");
insert into Admits(employeeID,patientID,timeAdmitted) values("16885","79481","2016-01-14T07:22:00.000Z");
insert into Admits(employeeID,patientID,timeAdmitted) values("73581","20509","2014-01-28T00:48:07.000Z");
insert into Admits(employeeID,patientID,timeAdmitted) values("90844","48002","2015-07-10T21:51:40.000Z");
insert into Admits(employeeID,patientID,timeAdmitted) values("23968","80455","2014-01-03T16:20:39.000Z");
insert into Admits(employeeID,patientID,timeAdmitted) values("59694","41092","2015-11-14T11:20:23.000Z");
insert into Admits(employeeID,patientID,timeAdmitted) values("89605","86110","2016-01-02T06:16:16.000Z");
insert into Admits(employeeID,patientID,timeAdmitted) values("25260","92479","2016-06-07T10:45:15.000Z");
insert into Admits(employeeID,patientID,timeAdmitted) values("45320","69224","2015-11-24T22:27:53.000Z");
insert into Admits(employeeID,patientID,timeAdmitted) values("23545","8592","2016-01-03T20:38:53.000Z");
insert into Admits(employeeID,patientID,timeAdmitted) values("2090","6427","2015-08-17T03:57:57.000Z");
insert into Admits(employeeID,patientID,timeAdmitted) values("30296","64782","2016-07-18T16:56:08.000Z");
insert into Admits(employeeID,patientID,timeAdmitted) values("65191","83711","2016-11-11T08:38:27.000Z");
insert into Admits(employeeID,patientID,timeAdmitted) values("6258","6733","2014-01-16T01:19:42.000Z");
insert into Admits(employeeID,patientID,timeAdmitted) values("14831","77943","2016-02-01T11:32:44.000Z");
insert into Admits(employeeID,patientID,timeAdmitted) values("67814","4845","2014-01-21T04:12:28.000Z");
insert into Admits(employeeID,patientID,timeAdmitted) values("67111","41092","2016-02-25T09:13:38.000Z");
insert into Admits(employeeID,patientID,timeAdmitted) values("25260","23177","2016-10-05T02:53:18.000Z");
insert into Admits(employeeID,patientID,timeAdmitted) values("23919","36660","2016-12-04T08:38:57.000Z");
insert into Admits(employeeID,patientID,timeAdmitted) values("32078","61882","2016-11-27T09:47:33.000Z");
insert into Admits(employeeID,patientID,timeAdmitted) values("62193","25153","2016-11-27T03:09:31.000Z");
insert into Admits(employeeID,patientID,timeAdmitted) values("42226","80455","2014-01-19T03:46:23.000Z");
insert into Admits(employeeID,patientID,timeAdmitted) values("43584","63349","2016-11-21T20:58:04.000Z");
insert into Admits(employeeID,patientID,timeAdmitted) values("64365","5282","2015-11-04T09:32:12.000Z");
insert into Admits(employeeID,patientID,timeAdmitted) values("37878","8592","2014-01-22T21:44:14.000Z");
insert into Admits(employeeID,patientID,timeAdmitted) values("81661","79092","2014-01-27T19:17:38.000Z");
insert into Admits(employeeID,patientID,timeAdmitted) values("6258","27018","2015-04-24T01:18:13.000Z");
insert into Admits(employeeID,patientID,timeAdmitted) values("84533","6427","2016-09-17T04:12:49.000Z");
insert into Admits(employeeID,patientID,timeAdmitted) values("55209","24573","2016-07-11T23:57:54.000Z");
insert into Admits(employeeID,patientID,timeAdmitted) values("23968","39560","2015-04-03T19:52:57.000Z");
insert into Admits(employeeID,patientID,timeAdmitted) values("38792","74357","2015-02-07T02:49:26.000Z");
insert into Admits(employeeID,patientID,timeAdmitted) values("28223","19500","2016-10-18T23:17:05.000Z");
insert into Admits(employeeID,patientID,timeAdmitted) values("84372","27018","2015-01-26T23:40:36.000Z");
insert into Admits(employeeID,patientID,timeAdmitted) values("84372","29885","2016-11-21T12:55:28.000Z");
insert into Admits(employeeID,patientID,timeAdmitted) values("64324","89815","2014-01-03T15:49:25.000Z");
insert into Admits(employeeID,patientID,timeAdmitted) values("58614","38002","2015-10-31T11:50:52.000Z");
insert into Admits(employeeID,patientID,timeAdmitted) values("42690","16553","2014-01-11T12:33:31.000Z");
insert into Admits(employeeID,patientID,timeAdmitted) values("45320","27018","2016-12-16T20:03:15.000Z");
insert into Admits(employeeID,patientID,timeAdmitted) values("83631","35952","2015-12-26T01:23:59.000Z");
insert into Admits(employeeID,patientID,timeAdmitted) values("83631","83711","2016-11-12T05:50:26.000Z");
insert into Admits(employeeID,patientID,timeAdmitted) values("42226","53112","2016-04-27T03:53:27.000Z");
insert into Admits(employeeID,patientID,timeAdmitted) values("78258","92479","2014-01-13T00:30:56.000Z");
insert into Admits(employeeID,patientID,timeAdmitted) values("35458","39560","2016-04-01T01:22:51.000Z");
insert into Admits(employeeID,patientID,timeAdmitted) values("60452","95254","2016-08-09T12:33:55.000Z");
insert into Admits(employeeID,patientID,timeAdmitted) values("80475","28908","2015-10-03T15:08:19.000Z");
insert into Admits(employeeID,patientID,timeAdmitted) values("84372","35952","2016-11-13T03:51:41.000Z");
insert into Admits(employeeID,patientID,timeAdmitted) values("83631","17493","2016-12-22T07:42:22.000Z");
insert into Admits(employeeID,patientID,timeAdmitted) values("64871","37249","2015-09-11T13:33:05.000Z");
insert into Admits(employeeID,patientID,timeAdmitted) values("11995","28908","2014-01-19T01:51:35.000Z");
insert into Admits(employeeID,patientID,timeAdmitted) values("99212","8346","2015-06-06T19:50:27.000Z");
insert into Admits(employeeID,patientID,timeAdmitted) values("23968","98385","2015-04-25T22:49:10.000Z");
insert into Admits(employeeID,patientID,timeAdmitted) values("22828","88273","2016-08-17T02:53:45.000Z");
insert into Admits(employeeID,patientID,timeAdmitted) values("56301","6427","2014-01-04T12:50:59.000Z");
insert into Admits(employeeID,patientID,timeAdmitted) values("71958","25153","2016-10-25T14:49:03.000Z");
insert into Admits(employeeID,patientID,timeAdmitted) values("47060","82358","2015-12-21T04:42:01.000Z");
insert into Admits(employeeID,patientID,timeAdmitted) values("78258","27018","2016-08-23T17:03:06.000Z");
insert into Admits(employeeID,patientID,timeAdmitted) values("55419","34873","2016-11-23T17:06:28.000Z");
insert into Admits(employeeID,patientID,timeAdmitted) values("28223","87427","2016-12-08T05:59:58.000Z");
insert into Admits(employeeID,patientID,timeAdmitted) values("23545","25153","2016-07-12T18:31:46.000Z");
insert into Admits(employeeID,patientID,timeAdmitted) values("71958","79481","2016-12-19T03:00:43.000Z");
insert into Admits(employeeID,patientID,timeAdmitted) values("61969","69261","2016-01-17T19:36:55.000Z");
insert into Admits(employeeID,patientID,timeAdmitted) values("41262","91809","2016-08-10T01:13:14.000Z");
insert into Admits(employeeID,patientID,timeAdmitted) values("23097","37616","2016-12-27T20:14:28.000Z");
insert into Admits(employeeID,patientID,timeAdmitted) values("48161","11817","2015-09-16T04:23:24.000Z");
insert into Admits(employeeID,patientID,timeAdmitted) values("58614","24573","2016-09-02T23:09:30.000Z");
insert into Admits(employeeID,patientID,timeAdmitted) values("81661","29990","2016-01-15T22:03:51.000Z");
insert into Admits(employeeID,patientID,timeAdmitted) values("43179","63349","2015-06-18T20:34:32.000Z");
insert into Admits(employeeID,patientID,timeAdmitted) values("78258","91618","2016-12-13T09:37:34.000Z");
insert into Admits(employeeID,patientID,timeAdmitted) values("52502","83711","2014-01-16T08:55:46.000Z");
insert into Admits(employeeID,patientID,timeAdmitted) values("87459","48015","2014-01-28T03:17:43.000Z");
insert into Admits(employeeID,patientID,timeAdmitted) values("73874","6733","2014-01-05T05:50:26.000Z");
insert into Admits(employeeID,patientID,timeAdmitted) values("11995","35952","2016-08-02T18:57:54.000Z");
insert into Admits(employeeID,patientID,timeAdmitted) values("27269","55948","2015-04-20T11:44:57.000Z");
insert into Admits(employeeID,patientID,timeAdmitted) values("74234","91809","2016-12-07T14:51:52.000Z");
insert into Admits(employeeID,patientID,timeAdmitted) values("14253","33292","2015-08-03T16:08:08.000Z");
insert into Admits(employeeID,patientID,timeAdmitted) values("53550","56115","2016-10-23T23:03:58.000Z");
insert into Admits(employeeID,patientID,timeAdmitted) values("62193","46738","2016-12-08T23:36:00.000Z");
insert into Admits(employeeID,patientID,timeAdmitted) values("67111","9176","2016-12-07T21:48:11.000Z");
insert into Admits(employeeID,patientID,timeAdmitted) values("42690","89815","2015-07-20T15:57:42.000Z");
insert into Admits(employeeID,patientID,timeAdmitted) values("55419","91618","2016-12-23T11:13:37.000Z");
insert into Admits(employeeID,patientID,timeAdmitted) values("67814","88273","2016-10-14T18:31:42.000Z");
insert into Admits(employeeID,patientID,timeAdmitted) values("56301","8592","2016-12-27T08:50:25.000Z");
insert into Admits(employeeID,patientID,timeAdmitted) values("60452","81956","2016-08-16T15:15:53.000Z");
insert into Admits(employeeID,patientID,timeAdmitted) values("15286","13890","2015-06-09T03:25:10.000Z");
insert into Admits(employeeID,patientID,timeAdmitted) values("45301","60807","2014-01-16T08:43:02.000Z");
insert into Admits(employeeID,patientID,timeAdmitted) values("32078","48002","2016-12-26T21:22:29.000Z");
insert into Admits(employeeID,patientID,timeAdmitted) values("2090","23177","2016-07-14T23:52:34.000Z");
insert into Admits(employeeID,patientID,timeAdmitted) values("58331","28908","2016-02-10T05:27:57.000Z");
insert into Admits(employeeID,patientID,timeAdmitted) values("73874","8592","2015-10-10T03:27:44.000Z");
insert into Admits(employeeID,patientID,timeAdmitted) values("45875","36660","2015-07-10T07:13:07.000Z");
insert into Admits(employeeID,patientID,timeAdmitted) values("45301","25153","2016-04-13T11:39:24.000Z");
insert into Cart(cartNumber,employeeID,cartDescription,volunteerRoom) values("151","80475","Snack Cart","true");
insert into Cart(cartNumber,employeeID,cartDescription,volunteerRoom) values("152","48161","Snack Cart","true");
insert into Cart(cartNumber,employeeID,cartDescription,volunteerRoom) values("153","32078","Snack Cart","true");
insert into Cart(cartNumber,employeeID,cartDescription,volunteerRoom) values("154","23545","Reading Cart","true");
insert into Cart(cartNumber,employeeID,cartDescription,volunteerRoom) values("155","2090","Snack Cart","true");
insert into Cart(cartNumber,employeeID,cartDescription,volunteerRoom) values("156","89605","Snack Cart","true");
insert into Cart(cartNumber,employeeID,cartDescription,volunteerRoom) values("157","14831","Reading Cart","true");
insert into Cart(cartNumber,employeeID,cartDescription,volunteerRoom) values("158","64871","Reading Cart","true");
insert into Cart(cartNumber,employeeID,cartDescription,volunteerRoom) values("159","53550","Snack Cart","true");
insert into Cart(cartNumber,employeeID,cartDescription,volunteerRoom) values("160","2278","Reading Cart","true");
insert into Cart(cartNumber,employeeID,cartDescription,volunteerRoom) values("161","77643","Snack Cart","true");
insert into Cart(cartNumber,employeeID,cartDescription,volunteerRoom) values("162","67111","Snack Cart","true");
insert into Cart(cartNumber,employeeID,cartDescription,volunteerRoom) values("163","53159","Reading Cart","true");
insert into Cart(cartNumber,employeeID,cartDescription,volunteerRoom) values("164","1566","Snack Cart","true");
insert into Cart(cartNumber,employeeID,cartDescription,volunteerRoom) values("165","58002","Reading Cart","true");
insert into Cart(cartNumber,employeeID,cartDescription,volunteerRoom) values("166","84372","Snack Cart","true");
insert into Cart(cartNumber,employeeID,cartDescription,volunteerRoom) values("167","77244","Reading Cart","true");
insert into Cart(cartNumber,employeeID,cartDescription,volunteerRoom) values("168","32078","Reading Cart","true");
insert into Cart(cartNumber,employeeID,cartDescription,volunteerRoom) values("169","23097","Snack Cart","true");
insert into Administers(treatmentGiverID,patientID,timeAdministered) values("7348","48002","2015-09-15T13:03:14.000Z");
insert into Administers(treatmentGiverID,patientID,timeAdministered) values("7348","48002","2016-06-19T20:36:23.000Z");
insert into Administers(treatmentGiverID,patientID,timeAdministered) values("7348","38002","2014-01-06T17:53:29.000Z");
insert into Administers(treatmentGiverID,patientID,timeAdministered) values("7348","64782","2014-01-21T00:58:46.000Z");
insert into Administers(treatmentGiverID,patientID,timeAdministered) values("7348","67693","2016-03-04T11:36:41.000Z");
insert into Administers(treatmentGiverID,patientID,timeAdministered) values("7348","48002","2014-01-22T10:46:43.000Z");
insert into Administers(treatmentGiverID,patientID,timeAdministered) values("7348","76944","2014-01-03T14:02:49.000Z");
insert into Administers(treatmentGiverID,patientID,timeAdministered) values("7348","9984","2015-04-09T07:24:50.000Z");
insert into Administers(treatmentGiverID,patientID,timeAdministered) values("7348","72641","2015-11-10T08:22:30.000Z");
insert into Administers(treatmentGiverID,patientID,timeAdministered) values("7348","37616","2015-02-19T04:36:58.000Z");
insert into Administers(treatmentGiverID,patientID,timeAdministered) values("7348","67945","2016-09-12T09:12:06.000Z");
insert into Administers(treatmentGiverID,patientID,timeAdministered) values("7348","67945","2016-12-24T02:18:16.000Z");
insert into Administers(treatmentGiverID,patientID,timeAdministered) values("7348","60807","2015-12-19T15:36:41.000Z");
insert into Administers(treatmentGiverID,patientID,timeAdministered) values("7348","6427","2015-08-13T23:29:33.000Z");
insert into Administers(treatmentGiverID,patientID,timeAdministered) values("7348","46513","2015-06-07T08:46:51.000Z");
insert into Administers(treatmentGiverID,patientID,timeAdministered) values("7348","79092","2014-01-24T02:03:32.000Z");
insert into Administers(treatmentGiverID,patientID,timeAdministered) values("7348","37616","2014-01-20T22:02:34.000Z");
insert into Administers(treatmentGiverID,patientID,timeAdministered) values("7348","80909","2015-12-08T18:05:36.000Z");
insert into Administers(treatmentGiverID,patientID,timeAdministered) values("7348","38735","2015-01-07T16:18:29.000Z");
insert into Administers(treatmentGiverID,patientID,timeAdministered) values("7348","94322","2015-05-12T02:32:25.000Z");
insert into Administers(treatmentGiverID,patientID,timeAdministered) values("7348","60454","2016-04-02T09:19:10.000Z");
insert into Administers(treatmentGiverID,patientID,timeAdministered) values("7348","72084","2014-01-03T16:15:06.000Z");
insert into Administers(treatmentGiverID,patientID,timeAdministered) values("7348","36660","2014-01-01T08:25:43.000Z");
insert into Administers(treatmentGiverID,patientID,timeAdministered) values("7348","12896","2016-11-15T09:53:41.000Z");
insert into Administers(treatmentGiverID,patientID,timeAdministered) values("7348","20253","2016-12-04T03:43:39.000Z");
insert into Administers(treatmentGiverID,patientID,timeAdministered) values("7348","37231","2014-01-06T04:57:54.000Z");
insert into Administers(treatmentGiverID,patientID,timeAdministered) values("7348","48015","2015-02-19T07:49:49.000Z");
insert into Administers(treatmentGiverID,patientID,timeAdministered) values("7348","39560","2014-01-22T07:57:17.000Z");
insert into Administers(treatmentGiverID,patientID,timeAdministered) values("7348","89815","2014-01-06T01:04:58.000Z");
insert into Administers(treatmentGiverID,patientID,timeAdministered) values("7348","74357","2014-01-05T12:47:37.000Z");
insert into Administers(treatmentGiverID,patientID,timeAdministered) values("7348","31090","2014-01-05T03:00:05.000Z");
insert into Administers(treatmentGiverID,patientID,timeAdministered) values("7348","80455","2016-12-04T23:51:00.000Z");
insert into Administers(treatmentGiverID,patientID,timeAdministered) values("7348","46738","2016-11-08T22:03:28.000Z");
insert into Administers(treatmentGiverID,patientID,timeAdministered) values("7348","60454","2016-04-11T23:12:35.000Z");
insert into Administers(treatmentGiverID,patientID,timeAdministered) values("7348","63349","2016-08-03T14:09:00.000Z");
insert into Administers(treatmentGiverID,patientID,timeAdministered) values("7348","33292","2015-01-27T05:50:21.000Z");
insert into Administers(treatmentGiverID,patientID,timeAdministered) values("7348","80909","2016-02-01T14:51:14.000Z");
insert into Administers(treatmentGiverID,patientID,timeAdministered) values("7348","86471","2016-12-27T11:57:11.000Z");
insert into Administers(treatmentGiverID,patientID,timeAdministered) values("7348","88273","2014-01-03T07:23:59.000Z");
insert into Administers(treatmentGiverID,patientID,timeAdministered) values("7348","37231","2016-05-18T17:50:05.000Z");
insert into Administers(treatmentGiverID,patientID,timeAdministered) values("7348","9811","2014-01-02T15:03:27.000Z");
insert into Administers(treatmentGiverID,patientID,timeAdministered) values("7348","39018","2016-04-05T22:09:06.000Z");
insert into Administers(treatmentGiverID,patientID,timeAdministered) values("7348","74357","2014-01-04T05:05:49.000Z");
insert into Administers(treatmentGiverID,patientID,timeAdministered) values("7348","9584","2015-06-16T23:21:50.000Z");
insert into Administers(treatmentGiverID,patientID,timeAdministered) values("7348","67945","2015-11-11T07:14:20.000Z");
insert into Administers(treatmentGiverID,patientID,timeAdministered) values("7348","46513","2014-01-11T07:06:52.000Z");
insert into Administers(treatmentGiverID,patientID,timeAdministered) values("7348","70442","2015-10-22T00:23:42.000Z");
insert into Administers(treatmentGiverID,patientID,timeAdministered) values("7348","53943","2015-10-18T23:25:33.000Z");
insert into Administers(treatmentGiverID,patientID,timeAdministered) values("7348","34873","2015-08-09T10:16:49.000Z");
insert into Administers(treatmentGiverID,patientID,timeAdministered) values("7348","53943","2016-01-04T12:53:01.000Z");
insert into Administers(treatmentGiverID,patientID,timeAdministered) values("7348","84051","2016-03-17T03:22:19.000Z");
insert into Administers(treatmentGiverID,patientID,timeAdministered) values("7348","36660","2016-01-09T12:09:07.000Z");
insert into Administers(treatmentGiverID,patientID,timeAdministered) values("7348","83880","2015-11-21T17:06:44.000Z");
insert into Administers(treatmentGiverID,patientID,timeAdministered) values("7348","39018","2016-06-08T00:54:00.000Z");
insert into Administers(treatmentGiverID,patientID,timeAdministered) values("7348","55019","2015-04-21T01:01:33.000Z");
insert into Administers(treatmentGiverID,patientID,timeAdministered) values("7348","80909","2015-01-07T19:41:00.000Z");
insert into Administers(treatmentGiverID,patientID,timeAdministered) values("7348","34873","2015-02-14T15:41:19.000Z");
insert into Administers(treatmentGiverID,patientID,timeAdministered) values("7348","60807","2016-10-13T12:54:35.000Z");
insert into Administers(treatmentGiverID,patientID,timeAdministered) values("7348","76944","2015-04-15T07:24:40.000Z");
insert into Administers(treatmentGiverID,patientID,timeAdministered) values("7348","94817","2016-01-21T18:47:16.000Z");
insert into Administers(treatmentGiverID,patientID,timeAdministered) values("7348","49055","2016-04-17T14:42:23.000Z");
insert into Administers(treatmentGiverID,patientID,timeAdministered) values("7348","67945","2014-01-07T06:18:09.000Z");
insert into Administers(treatmentGiverID,patientID,timeAdministered) values("7348","69261","2014-01-15T06:07:54.000Z");
insert into Administers(treatmentGiverID,patientID,timeAdministered) values("7348","12896","2014-01-13T16:22:27.000Z");
insert into Administers(treatmentGiverID,patientID,timeAdministered) values("7348","92853","2016-12-04T19:33:22.000Z");
insert into Administers(treatmentGiverID,patientID,timeAdministered) values("7348","55019","2015-10-01T19:55:34.000Z");
insert into Administers(treatmentGiverID,patientID,timeAdministered) values("7348","35952","2015-07-03T02:59:00.000Z");
insert into Administers(treatmentGiverID,patientID,timeAdministered) values("7348","39018","2015-03-19T18:15:06.000Z");
insert into Administers(treatmentGiverID,patientID,timeAdministered) values("7348","61882","2014-01-26T07:54:06.000Z");
insert into Administers(treatmentGiverID,patientID,timeAdministered) values("7348","9584","2016-12-04T15:44:15.000Z");
insert into Administers(treatmentGiverID,patientID,timeAdministered) values("7348","6427","2014-01-23T18:36:08.000Z");
insert into Administers(treatmentGiverID,patientID,timeAdministered) values("7348","69261","2015-05-17T21:42:07.000Z");
insert into Administers(treatmentGiverID,patientID,timeAdministered) values("7348","84051","2015-06-10T21:28:01.000Z");
insert into Administers(treatmentGiverID,patientID,timeAdministered) values("7348","98385","2015-05-02T11:09:26.000Z");
insert into Administers(treatmentGiverID,patientID,timeAdministered) values("7348","20509","2016-09-16T06:57:18.000Z");
insert into Administers(treatmentGiverID,patientID,timeAdministered) values("7348","27018","2015-07-31T08:33:33.000Z");
insert into Administers(treatmentGiverID,patientID,timeAdministered) values("7348","91092","2016-11-05T17:55:18.000Z");
insert into Administers(treatmentGiverID,patientID,timeAdministered) values("7348","70442","2016-09-23T11:08:48.000Z");
insert into Administers(treatmentGiverID,patientID,timeAdministered) values("7348","5282","2014-01-14T15:28:25.000Z");
insert into Administers(treatmentGiverID,patientID,timeAdministered) values("7348","7574","2015-10-06T03:08:24.000Z");
insert into Administers(treatmentGiverID,patientID,timeAdministered) values("7348","79092","2015-12-01T20:14:42.000Z");
insert into Administers(treatmentGiverID,patientID,timeAdministered) values("7348","37231","2015-05-09T07:46:07.000Z");
insert into Administers(treatmentGiverID,patientID,timeAdministered) values("7348","60807","2016-04-17T09:24:55.000Z");
insert into Administers(treatmentGiverID,patientID,timeAdministered) values("7348","38002","2016-09-23T04:41:29.000Z");
insert into Administers(treatmentGiverID,patientID,timeAdministered) values("7348","36660","2016-11-16T22:01:10.000Z");
insert into Administers(treatmentGiverID,patientID,timeAdministered) values("7348","86110","2016-01-27T08:59:39.000Z");
insert into Administers(treatmentGiverID,patientID,timeAdministered) values("7348","72641","2016-04-18T06:13:51.000Z");
insert into Administers(treatmentGiverID,patientID,timeAdministered) values("7348","33292","2014-01-15T05:42:10.000Z");
insert into Administers(treatmentGiverID,patientID,timeAdministered) values("7348","16553","2015-11-27T18:01:47.000Z");
insert into Administers(treatmentGiverID,patientID,timeAdministered) values("7348","49055","2016-06-19T22:12:04.000Z");
insert into Administers(treatmentGiverID,patientID,timeAdministered) values("7348","70804","2014-01-02T00:10:49.000Z");
insert into Administers(treatmentGiverID,patientID,timeAdministered) values("7348","36660","2015-03-18T02:22:05.000Z");
insert into Administers(treatmentGiverID,patientID,timeAdministered) values("7348","84051","2015-09-07T11:15:37.000Z");
insert into Administers(treatmentGiverID,patientID,timeAdministered) values("7348","38002","2015-01-27T02:38:21.000Z");
insert into Administers(treatmentGiverID,patientID,timeAdministered) values("7348","86110","2016-07-05T09:18:19.000Z");
insert into Administers(treatmentGiverID,patientID,timeAdministered) values("7348","63349","2015-02-21T18:24:55.000Z");
insert into Administers(treatmentGiverID,patientID,timeAdministered) values("7348","48015","2016-04-11T06:16:13.000Z");
insert into Administers(treatmentGiverID,patientID,timeAdministered) values("7348","83880","2014-01-06T15:59:37.000Z");
insert into Administers(treatmentGiverID,patientID,timeAdministered) values("7348","5438","2016-09-21T18:29:06.000Z");
insert into Administers(treatmentGiverID,patientID,timeAdministered) values("7348","53943","2015-05-07T06:38:24.000Z");
insert into Admin(employeeID) values("2090");
insert into Admin(employeeID) values("2278");
insert into Admin(employeeID) values("4168");
insert into Admin(employeeID) values("6258");
insert into Admin(employeeID) values("9509");
insert into Admin(employeeID) values("9794");
insert into Admin(employeeID) values("14253");
insert into Admin(employeeID) values("14819");
insert into Admin(employeeID) values("14831");
insert into Admin(employeeID) values("14911");
insert into Admin(employeeID) values("15286");
insert into Admin(employeeID) values("16885");
insert into Admin(employeeID) values("22828");
insert into Admin(employeeID) values("23097");
insert into Admin(employeeID) values("23919");
insert into Admin(employeeID) values("23968");
insert into Admin(employeeID) values("27918");
insert into Admin(employeeID) values("30296");
insert into Admin(employeeID) values("32078");
insert into Admin(employeeID) values("33881");
insert into Admin(employeeID) values("36957");
insert into Admin(employeeID) values("38792");
insert into Admin(employeeID) values("41220");
insert into Admin(employeeID) values("42226");
insert into Admin(employeeID) values("43179");
insert into Admin(employeeID) values("43584");
insert into Admin(employeeID) values("44963");
insert into Admin(employeeID) values("45320");
insert into Admin(employeeID) values("46814");
insert into Admin(employeeID) values("47060");
insert into Admin(employeeID) values("48161");
insert into Admin(employeeID) values("50347");
insert into Admin(employeeID) values("50607");
insert into Admin(employeeID) values("52502");
insert into Admin(employeeID) values("54218");
insert into Admin(employeeID) values("55209");
insert into Admin(employeeID) values("55419");
insert into Admin(employeeID) values("58002");
insert into Admin(employeeID) values("59659");
insert into Admin(employeeID) values("60452");
insert into Admin(employeeID) values("61969");
insert into Admin(employeeID) values("62193");
insert into Admin(employeeID) values("64365");
insert into Admin(employeeID) values("65191");
insert into Admin(employeeID) values("66353");
insert into Admin(employeeID) values("71958");
insert into Admin(employeeID) values("73581");
insert into Admin(employeeID) values("73874");
insert into Admin(employeeID) values("74234");
insert into Admin(employeeID) values("77244");
insert into Admin(employeeID) values("77643");
insert into Admin(employeeID) values("78258");
insert into Admin(employeeID) values("80475");
insert into Admin(employeeID) values("83631");
insert into Admin(employeeID) values("84372");
insert into Admin(employeeID) values("84533");
insert into Admin(employeeID) values("87232");
insert into Admin(employeeID) values("87459");
insert into Admin(employeeID) values("89605");
insert into Admin(employeeID) values("90844");
insert into Admin(employeeID) values("94910");
insert into Discharges(AdminID,patientID,date) values("2278","4845","2016-07-25T15:57:35.000Z");
