insert into Treatment(treatmentID,name,isMedication) values("16774","gobbledegook's","1");
insert into Volunteer(employeeID) values("84");
insert into Volunteer(employeeID) values("294");
insert into Volunteer(employeeID) values("1839");
insert into Volunteer(employeeID) values("2309");
insert into Volunteer(employeeID) values("5813");
insert into Volunteer(employeeID) values("9462");
insert into Volunteer(employeeID) values("9566");
insert into Volunteer(employeeID) values("10011");
insert into Volunteer(employeeID) values("10065");
insert into Volunteer(employeeID) values("11427");
insert into Volunteer(employeeID) values("12285");
insert into Volunteer(employeeID) values("17332");
insert into Volunteer(employeeID) values("19323");
insert into Volunteer(employeeID) values("21005");
insert into Volunteer(employeeID) values("21701");
insert into Volunteer(employeeID) values("23368");
insert into Volunteer(employeeID) values("28101");
insert into Volunteer(employeeID) values("28116");
insert into Volunteer(employeeID) values("29581");
insert into Volunteer(employeeID) values("30621");
insert into Volunteer(employeeID) values("31242");
insert into Volunteer(employeeID) values("31948");
insert into Volunteer(employeeID) values("32858");
insert into Volunteer(employeeID) values("34496");
insert into Volunteer(employeeID) values("35862");
insert into Volunteer(employeeID) values("36093");
insert into Volunteer(employeeID) values("40197");
insert into Volunteer(employeeID) values("40655");
insert into Volunteer(employeeID) values("43081");
insert into Volunteer(employeeID) values("45840");
insert into Volunteer(employeeID) values("45946");
insert into Volunteer(employeeID) values("48958");
insert into Volunteer(employeeID) values("49161");
insert into Volunteer(employeeID) values("49891");
insert into Volunteer(employeeID) values("51039");
insert into Volunteer(employeeID) values("51327");
insert into Volunteer(employeeID) values("51347");
insert into Volunteer(employeeID) values("54219");
insert into Volunteer(employeeID) values("54720");
insert into Volunteer(employeeID) values("55601");
insert into Volunteer(employeeID) values("57409");
insert into Volunteer(employeeID) values("60408");
insert into Volunteer(employeeID) values("60478");
insert into Volunteer(employeeID) values("60714");
insert into Volunteer(employeeID) values("62899");
insert into Volunteer(employeeID) values("66410");
insert into Volunteer(employeeID) values("66681");
insert into Volunteer(employeeID) values("69388");
insert into Volunteer(employeeID) values("76557");
insert into Volunteer(employeeID) values("76649");
insert into Volunteer(employeeID) values("77189");
insert into Volunteer(employeeID) values("79810");
insert into Volunteer(employeeID) values("85471");
insert into Volunteer(employeeID) values("85659");
insert into Volunteer(employeeID) values("89062");
insert into Volunteer(employeeID) values("93256");
insert into Volunteer(employeeID) values("93355");
insert into Volunteer(employeeID) values("93650");
insert into Volunteer(employeeID) values("94491");
insert into Volunteer(employeeID) values("95443");
insert into Volunteer(employeeID) values("96056");
insert into Volunteer(employeeID) values("97272");
insert into Volunteer(employeeID) values("97611");
insert into Volunteer(employeeID) values("97675");
insert into Volunteer(employeeID) values("97843");
insert into Volunteer(employeeID) values("98310");
insert into Volunteer(employeeID) values("99088");
insert into TreatmentGiver(treatmentGiverID) values("2374");
insert into TreatmentGiver(treatmentGiverID) values("2674");
insert into TreatmentGiver(treatmentGiverID) values("3761");
insert into TreatmentGiver(treatmentGiverID) values("4833");
insert into TreatmentGiver(treatmentGiverID) values("7817");
insert into TreatmentGiver(treatmentGiverID) values("7941");
insert into TreatmentGiver(treatmentGiverID) values("8515");
insert into TreatmentGiver(treatmentGiverID) values("9085");
insert into TreatmentGiver(treatmentGiverID) values("10040");
insert into TreatmentGiver(treatmentGiverID) values("10736");
insert into TreatmentGiver(treatmentGiverID) values("10843");
insert into TreatmentGiver(treatmentGiverID) values("10894");
insert into TreatmentGiver(treatmentGiverID) values("11790");
insert into TreatmentGiver(treatmentGiverID) values("13230");
insert into TreatmentGiver(treatmentGiverID) values("13347");
insert into TreatmentGiver(treatmentGiverID) values("13596");
insert into TreatmentGiver(treatmentGiverID) values("15199");
insert into TreatmentGiver(treatmentGiverID) values("15311");
insert into TreatmentGiver(treatmentGiverID) values("15541");
insert into TreatmentGiver(treatmentGiverID) values("16284");
insert into TreatmentGiver(treatmentGiverID) values("17709");
insert into TreatmentGiver(treatmentGiverID) values("17926");
insert into TreatmentGiver(treatmentGiverID) values("18096");
insert into TreatmentGiver(treatmentGiverID) values("18890");
insert into TreatmentGiver(treatmentGiverID) values("19706");
insert into TreatmentGiver(treatmentGiverID) values("19813");
insert into TreatmentGiver(treatmentGiverID) values("19823");
insert into TreatmentGiver(treatmentGiverID) values("20850");
insert into TreatmentGiver(treatmentGiverID) values("21950");
insert into TreatmentGiver(treatmentGiverID) values("22401");
insert into TreatmentGiver(treatmentGiverID) values("22656");
insert into TreatmentGiver(treatmentGiverID) values("25086");
insert into TreatmentGiver(treatmentGiverID) values("25193");
insert into TreatmentGiver(treatmentGiverID) values("25396");
insert into TreatmentGiver(treatmentGiverID) values("29038");
insert into TreatmentGiver(treatmentGiverID) values("30190");
insert into TreatmentGiver(treatmentGiverID) values("31111");
insert into TreatmentGiver(treatmentGiverID) values("31354");
insert into TreatmentGiver(treatmentGiverID) values("33782");
insert into TreatmentGiver(treatmentGiverID) values("35857");
insert into TreatmentGiver(treatmentGiverID) values("38124");
insert into TreatmentGiver(treatmentGiverID) values("39365");
insert into TreatmentGiver(treatmentGiverID) values("39482");
insert into TreatmentGiver(treatmentGiverID) values("39760");
insert into TreatmentGiver(treatmentGiverID) values("39840");
insert into TreatmentGiver(treatmentGiverID) values("40014");
insert into TreatmentGiver(treatmentGiverID) values("41128");
insert into TreatmentGiver(treatmentGiverID) values("44049");
insert into TreatmentGiver(treatmentGiverID) values("44557");
insert into TreatmentGiver(treatmentGiverID) values("44658");
insert into TreatmentGiver(treatmentGiverID) values("45755");
insert into TreatmentGiver(treatmentGiverID) values("45973");
insert into TreatmentGiver(treatmentGiverID) values("46615");
insert into TreatmentGiver(treatmentGiverID) values("49274");
insert into TreatmentGiver(treatmentGiverID) values("50494");
insert into TreatmentGiver(treatmentGiverID) values("52408");
insert into TreatmentGiver(treatmentGiverID) values("54824");
insert into TreatmentGiver(treatmentGiverID) values("55117");
insert into TreatmentGiver(treatmentGiverID) values("55382");
insert into TreatmentGiver(treatmentGiverID) values("55997");
insert into TreatmentGiver(treatmentGiverID) values("60741");
insert into TreatmentGiver(treatmentGiverID) values("60797");
insert into TreatmentGiver(treatmentGiverID) values("61374");
insert into TreatmentGiver(treatmentGiverID) values("61440");
insert into TreatmentGiver(treatmentGiverID) values("62044");
insert into TreatmentGiver(treatmentGiverID) values("62566");
insert into TreatmentGiver(treatmentGiverID) values("63133");
insert into TreatmentGiver(treatmentGiverID) values("65055");
insert into TreatmentGiver(treatmentGiverID) values("65693");
insert into TreatmentGiver(treatmentGiverID) values("65789");
insert into TreatmentGiver(treatmentGiverID) values("67490");
insert into TreatmentGiver(treatmentGiverID) values("68580");
insert into TreatmentGiver(treatmentGiverID) values("69724");
insert into TreatmentGiver(treatmentGiverID) values("70323");
insert into TreatmentGiver(treatmentGiverID) values("70736");
insert into TreatmentGiver(treatmentGiverID) values("71956");
insert into TreatmentGiver(treatmentGiverID) values("72283");
insert into TreatmentGiver(treatmentGiverID) values("74598");
insert into TreatmentGiver(treatmentGiverID) values("74728");
insert into TreatmentGiver(treatmentGiverID) values("76753");
insert into TreatmentGiver(treatmentGiverID) values("77918");
insert into TreatmentGiver(treatmentGiverID) values("78983");
insert into TreatmentGiver(treatmentGiverID) values("80798");
insert into TreatmentGiver(treatmentGiverID) values("83278");
insert into TreatmentGiver(treatmentGiverID) values("83458");
insert into TreatmentGiver(treatmentGiverID) values("84234");
insert into TreatmentGiver(treatmentGiverID) values("85418");
insert into TreatmentGiver(treatmentGiverID) values("86009");
insert into TreatmentGiver(treatmentGiverID) values("86610");
insert into TreatmentGiver(treatmentGiverID) values("89905");
insert into TreatmentGiver(treatmentGiverID) values("90171");
insert into TreatmentGiver(treatmentGiverID) values("91869");
insert into TreatmentGiver(treatmentGiverID) values("93392");
insert into TreatmentGiver(treatmentGiverID) values("94384");
insert into TreatmentGiver(treatmentGiverID) values("96789");
insert into TreatmentGiver(treatmentGiverID) values("96897");
insert into TreatmentGiver(treatmentGiverID) values("97331");
insert into TreatmentGiver(treatmentGiverID) values("97850");
insert into TreatmentGiver(treatmentGiverID) values("98013");
insert into TreatmentGiver(treatmentGiverID) values("98152");
insert into Worker(employeeID,firstName,lastName,hireDate,salary) values("10065","won's","counterfeiting","2012-01-06T03:27:24.000Z","88469");
insert into Worker(employeeID,firstName,lastName,hireDate,salary) values("69407","axing","Uighur's","2012-01-22T07:44:24.000Z","86812");
insert into Worker(employeeID,firstName,lastName,hireDate,salary) values("97272","stimulant","ancestresses","2013-06-24T02:22:11.000Z","84872");
insert into Worker(employeeID,firstName,lastName,hireDate,salary) values("294","ethical","spurted","2012-01-27T15:05:07.000Z","77503");
insert into Worker(employeeID,firstName,lastName,hireDate,salary) values("86769","eclipse's","carports","2012-01-22T02:07:05.000Z","40123");
insert into Worker(employeeID,firstName,lastName,hireDate,salary) values("25168","collocation's","broadside's","2014-01-19T23:24:27.000Z","37861");
insert into Worker(employeeID,firstName,lastName,hireDate,salary) values("95451","Alvarado","inkier","2012-01-11T06:35:06.000Z","51156");
insert into Worker(employeeID,firstName,lastName,hireDate,salary) values("49891","captive's","Trujillo","2013-08-26T09:05:47.000Z","69777");
insert into Worker(employeeID,firstName,lastName,hireDate,salary) values("76557","Hercules's","lilt","2014-12-10T18:30:58.000Z","90973");
insert into Worker(employeeID,firstName,lastName,hireDate,salary) values("35862","converting","refines","2013-12-06T03:40:00.000Z","51360");
insert into Worker(employeeID,firstName,lastName,hireDate,salary) values("60408","broadside's","won's","2013-07-31T20:19:43.000Z","52163");
insert into Worker(employeeID,firstName,lastName,hireDate,salary) values("54720","jitterbugged","crossbreeding","2014-07-15T20:02:13.000Z","60363");
insert into Worker(employeeID,firstName,lastName,hireDate,salary) values("97000","Kiel","ancestresses","2011-12-31T15:06:24.000Z","65867");
insert into Worker(employeeID,firstName,lastName,hireDate,salary) values("51347","dogma's","selected","2012-01-01T17:21:44.000Z","15137");
insert into Worker(employeeID,firstName,lastName,hireDate,salary) values("84","carports","crew's","2012-01-13T05:15:10.000Z","60892");
insert into Worker(employeeID,firstName,lastName,hireDate,salary) values("28116","won's","wilfully","2013-06-27T05:00:58.000Z","49761");
insert into Worker(employeeID,firstName,lastName,hireDate,salary) values("85471","forelocks","equine's","2014-05-06T00:54:50.000Z","59555");
insert into Worker(employeeID,firstName,lastName,hireDate,salary) values("93256","Trujillo","brakeman's","2014-06-26T06:00:12.000Z","85731");
insert into Worker(employeeID,firstName,lastName,hireDate,salary) values("30621","inkier","Alvarado","2012-01-12T20:29:52.000Z","95131");
insert into Worker(employeeID,firstName,lastName,hireDate,salary) values("9566","outings","cortège","2012-01-01T23:42:21.000Z","73058");
insert into Worker(employeeID,firstName,lastName,hireDate,salary) values("62899","Baghdad's","explosion's","2012-01-23T09:10:07.000Z","36608");
insert into Worker(employeeID,firstName,lastName,hireDate,salary) values("60478","kimono's","wraparound","2014-08-27T04:30:14.000Z","91389");
insert into Worker(employeeID,firstName,lastName,hireDate,salary) values("10011","parentheses","cricked","2014-05-19T09:09:27.000Z","17788");
insert into Worker(employeeID,firstName,lastName,hireDate,salary) values("87939","Vauban","encapsulation's","2013-11-13T01:28:34.000Z","11669");
insert into Worker(employeeID,firstName,lastName,hireDate,salary) values("31242","cremation's","meadows","2012-01-18T22:53:19.000Z","64391");
insert into Worker(employeeID,firstName,lastName,hireDate,salary) values("45946","inoculations","progressive","2014-07-01T04:38:49.000Z","26803");
insert into Worker(employeeID,firstName,lastName,hireDate,salary) values("98310","bacteriological","wraparound","2014-07-02T20:25:01.000Z","1401");
insert into Worker(employeeID,firstName,lastName,hireDate,salary) values("85659","geophysics's","capacious","2013-05-24T07:48:28.000Z","23595");
insert into Worker(employeeID,firstName,lastName,hireDate,salary) values("84288","meadows","broadside's","2013-03-11T06:08:29.000Z","97272");
insert into Worker(employeeID,firstName,lastName,hireDate,salary) values("48451","axing","atrocity","2012-01-09T06:48:05.000Z","28349");
insert into Worker(employeeID,firstName,lastName,hireDate,salary) values("76649","arrive","arrive","2014-09-14T20:52:36.000Z","35679");
insert into Worker(employeeID,firstName,lastName,hireDate,salary) values("31948","monetarism","castor's","2012-01-06T07:11:40.000Z","61");
insert into Worker(employeeID,firstName,lastName,hireDate,salary) values("49186","capacious","ancestresses","2012-01-11T00:50:09.000Z","80323");
insert into Worker(employeeID,firstName,lastName,hireDate,salary) values("43081","wilfully","Khartoum","2014-11-07T18:02:32.000Z","36363");
insert into Worker(employeeID,firstName,lastName,hireDate,salary) values("55601","Popeye's","monetarism","2012-01-03T01:53:06.000Z","53493");
insert into Worker(employeeID,firstName,lastName,hireDate,salary) values("19323","Gerber's","converting","2013-08-08T12:49:33.000Z","74323");
insert into Worker(employeeID,firstName,lastName,hireDate,salary) values("45840","kimono's","crew's","2012-01-03T13:17:43.000Z","29779");
insert into Worker(employeeID,firstName,lastName,hireDate,salary) values("2464","Uighur's","converting","2014-08-06T19:48:47.000Z","65740");
insert into Worker(employeeID,firstName,lastName,hireDate,salary) values("97843","forelocks","crew's","2014-02-20T09:27:16.000Z","35452");
insert into Worker(employeeID,firstName,lastName,hireDate,salary) values("17332","teaspoons","hibernation","2013-07-16T02:25:08.000Z","88783");
insert into Worker(employeeID,firstName,lastName,hireDate,salary) values("72934","acolyte","progressive","2012-01-15T12:20:05.000Z","20328");
insert into Worker(employeeID,firstName,lastName,hireDate,salary) values("89062","Khartoum","teaspoons","2014-01-13T16:12:38.000Z","52073");
insert into Worker(employeeID,firstName,lastName,hireDate,salary) values("96056","monetarism","woodenness's","2013-01-04T01:05:24.000Z","9484");
insert into Worker(employeeID,firstName,lastName,hireDate,salary) values("48958","worst","inkier","2013-12-13T11:48:39.000Z","1179");
insert into Worker(employeeID,firstName,lastName,hireDate,salary) values("94793","holder","parentheses","2012-01-27T06:58:22.000Z","36202");
insert into Worker(employeeID,firstName,lastName,hireDate,salary) values("73241","Priscilla's","disinterests","2012-01-23T15:40:42.000Z","42708");
insert into Worker(employeeID,firstName,lastName,hireDate,salary) values("97611","meadows","geophysics's","2014-02-16T08:33:36.000Z","91444");
insert into Worker(employeeID,firstName,lastName,hireDate,salary) values("77189","castor's","Uighur's","2014-06-11T02:17:27.000Z","66435");
insert into Worker(employeeID,firstName,lastName,hireDate,salary) values("93355","ethical","cricked","2013-09-12T19:11:03.000Z","29701");
insert into Worker(employeeID,firstName,lastName,hireDate,salary) values("94491","chalices","magnate's","2012-01-23T16:33:43.000Z","61569");
insert into Worker(employeeID,firstName,lastName,hireDate,salary) values("28409","columns","ethical","2013-09-12T12:46:35.000Z","11963");
insert into Worker(employeeID,firstName,lastName,hireDate,salary) values("67675","selected","Alvarado","2013-01-11T19:31:15.000Z","31880");
insert into Worker(employeeID,firstName,lastName,hireDate,salary) values("5779","equine's","pup's","2012-01-03T14:05:01.000Z","92079");
insert into Worker(employeeID,firstName,lastName,hireDate,salary) values("21701","chalices","quibblers","2013-03-10T19:17:14.000Z","21039");
insert into Worker(employeeID,firstName,lastName,hireDate,salary) values("12285","outings","Kiel","2012-01-12T11:42:00.000Z","45404");
insert into Worker(employeeID,firstName,lastName,hireDate,salary) values("22748","acolyte","meadows","2014-09-02T23:10:41.000Z","53164");
insert into Worker(employeeID,firstName,lastName,hireDate,salary) values("5962","deerskin","cremation's","2012-01-04T05:11:52.000Z","7061");
insert into Worker(employeeID,firstName,lastName,hireDate,salary) values("65753","collocation's","monotonically","2014-12-21T10:38:36.000Z","36320");
insert into Worker(employeeID,firstName,lastName,hireDate,salary) values("95443","bacteriological","bacteriological","2014-02-05T16:03:55.000Z","41074");
insert into Worker(employeeID,firstName,lastName,hireDate,salary) values("1839","Internationale","wraparound","2014-06-15T01:55:45.000Z","36728");
insert into Worker(employeeID,firstName,lastName,hireDate,salary) values("99088","Kiel","Armageddon","2014-12-02T11:03:59.000Z","7937");
insert into Worker(employeeID,firstName,lastName,hireDate,salary) values("2309","axing","wraith","2014-07-15T12:33:29.000Z","2811");
insert into Worker(employeeID,firstName,lastName,hireDate,salary) values("40655","oarlock's","Baghdad's","2013-06-10T17:07:28.000Z","18190");
insert into Worker(employeeID,firstName,lastName,hireDate,salary) values("34925","Kiel","carports","2014-11-10T15:21:34.000Z","89462");
insert into Worker(employeeID,firstName,lastName,hireDate,salary) values("49161","monetarism","stimulant","2013-07-09T06:45:09.000Z","62575");
insert into Worker(employeeID,firstName,lastName,hireDate,salary) values("11427","disfranchisement's","bacteriological","2014-06-21T14:32:16.000Z","1897");
insert into Worker(employeeID,firstName,lastName,hireDate,salary) values("32858","shutout's","naturalized","2013-11-14T15:21:45.000Z","30006");
insert into Worker(employeeID,firstName,lastName,hireDate,salary) values("25885","acolyte","capacious","2013-09-13T11:46:50.000Z","22015");
insert into Worker(employeeID,firstName,lastName,hireDate,salary) values("93650","Uighur's","naturalized","2013-02-16T03:39:08.000Z","55563");
insert into Worker(employeeID,firstName,lastName,hireDate,salary) values("99418","inkier","atrocity","2013-05-23T04:06:40.000Z","95067");
insert into Worker(employeeID,firstName,lastName,hireDate,salary) values("66681","Gerber's","deathbed","2012-01-20T19:05:22.000Z","58621");
insert into Worker(employeeID,firstName,lastName,hireDate,salary) values("54219","Armageddon","wilfully","2012-01-04T17:13:07.000Z","89403");
insert into Worker(employeeID,firstName,lastName,hireDate,salary) values("5813","Vauban","Gerber's","2014-03-04T09:31:53.000Z","52885");
insert into Worker(employeeID,firstName,lastName,hireDate,salary) values("55964","geophysics's","circumstance","2012-01-20T22:12:38.000Z","95597");
insert into Worker(employeeID,firstName,lastName,hireDate,salary) values("78492","cringed","lilt","2014-12-21T06:13:08.000Z","21");
insert into Worker(employeeID,firstName,lastName,hireDate,salary) values("34496","bacteriological","magnate's","2012-01-11T16:52:51.000Z","43877");
insert into Worker(employeeID,firstName,lastName,hireDate,salary) values("36093","Marjory's","circumstance","2014-04-04T09:49:41.000Z","36714");
insert into Worker(employeeID,firstName,lastName,hireDate,salary) values("28101","equine's","teaspoons","2012-01-21T07:42:53.000Z","20665");
insert into Worker(employeeID,firstName,lastName,hireDate,salary) values("29581","hydrosphere","disinterests","2013-11-02T11:24:13.000Z","67106");
insert into Worker(employeeID,firstName,lastName,hireDate,salary) values("21005","cricked","Uighur's","2013-09-27T21:55:16.000Z","58914");
insert into Worker(employeeID,firstName,lastName,hireDate,salary) values("9368","deathbed","spurted","2014-04-09T12:36:12.000Z","36094");
insert into Worker(employeeID,firstName,lastName,hireDate,salary) values("57781","chalices","explosion's","2013-05-07T18:44:20.000Z","36524");
insert into Worker(employeeID,firstName,lastName,hireDate,salary) values("40197","captive's","junkets","2013-10-15T02:49:39.000Z","14545");
insert into Worker(employeeID,firstName,lastName,hireDate,salary) values("51039","converting","hydrosphere","2012-01-25T05:42:59.000Z","55583");
insert into Worker(employeeID,firstName,lastName,hireDate,salary) values("61834","woodenness's","axing","2013-12-14T14:13:58.000Z","6923");
insert into Worker(employeeID,firstName,lastName,hireDate,salary) values("60714","pup's","castor's","2014-11-02T09:49:05.000Z","65332");
insert into Worker(employeeID,firstName,lastName,hireDate,salary) values("23368","clashed","collocation's","2013-02-24T11:13:52.000Z","85077");
insert into Worker(employeeID,firstName,lastName,hireDate,salary) values("19819","inkier","collocation's","2013-02-19T02:17:53.000Z","6566");
insert into Worker(employeeID,firstName,lastName,hireDate,salary) values("57409","eclipse's","axing","2012-01-15T22:43:33.000Z","93216");
insert into Worker(employeeID,firstName,lastName,hireDate,salary) values("97675","carports","citronella","2013-02-02T01:53:37.000Z","34047");
insert into Worker(employeeID,firstName,lastName,hireDate,salary) values("22680","disinterests","axing","2014-06-22T22:00:06.000Z","6540");
insert into Worker(employeeID,firstName,lastName,hireDate,salary) values("23044","kimono's","creamer","2012-01-09T17:53:45.000Z","83763");
insert into Worker(employeeID,firstName,lastName,hireDate,salary) values("69388","Kiel","converting","2013-08-10T15:09:34.000Z","19652");
insert into Worker(employeeID,firstName,lastName,hireDate,salary) values("51327","crossbreeding","holder","2013-01-01T14:29:43.000Z","30614");
insert into Worker(employeeID,firstName,lastName,hireDate,salary) values("79810","inkier","cringed","2014-04-05T01:06:47.000Z","6985");
insert into Worker(employeeID,firstName,lastName,hireDate,salary) values("66410","oarlock's","shutout's","2014-04-11T02:20:52.000Z","44329");
insert into Worker(employeeID,firstName,lastName,hireDate,salary) values("29473","Trujillo","Armageddon","2013-09-20T20:51:32.000Z","98131");
insert into Worker(employeeID,firstName,lastName,hireDate,salary) values("88402","grad's","monetarism","2011-12-31T22:07:30.000Z","70265");
insert into Worker(employeeID,firstName,lastName,hireDate,salary) values("9462","parentheses","shutout's","2012-01-09T23:49:23.000Z","60829");
insert into Worker(employeeID,firstName,lastName,hireDate,salary) values("6704","crossbreeding","columns","2012-01-01T06:09:08.000Z","87327");
insert into Staff(employeeID) values("84");
insert into Staff(employeeID) values("294");
insert into Staff(employeeID) values("2309");
insert into Staff(employeeID) values("2464");
insert into Staff(employeeID) values("5779");
insert into Staff(employeeID) values("5813");
insert into Staff(employeeID) values("5962");
insert into Staff(employeeID) values("6704");
insert into Staff(employeeID) values("9368");
insert into Staff(employeeID) values("9462");
insert into Staff(employeeID) values("9566");
insert into Staff(employeeID) values("10011");
insert into Staff(employeeID) values("10065");
insert into Staff(employeeID) values("11427");
insert into Staff(employeeID) values("12285");
insert into Staff(employeeID) values("17332");
insert into Staff(employeeID) values("19323");
insert into Staff(employeeID) values("19819");
insert into Staff(employeeID) values("21701");
insert into Staff(employeeID) values("22680");
insert into Staff(employeeID) values("22748");
insert into Staff(employeeID) values("23044");
insert into Staff(employeeID) values("23368");
insert into Staff(employeeID) values("25168");
insert into Staff(employeeID) values("25885");
insert into Staff(employeeID) values("28116");
insert into Staff(employeeID) values("28409");
insert into Staff(employeeID) values("29473");
insert into Staff(employeeID) values("29581");
insert into Staff(employeeID) values("30621");
insert into Staff(employeeID) values("31242");
insert into Staff(employeeID) values("31948");
insert into Staff(employeeID) values("34496");
insert into Staff(employeeID) values("34925");
insert into Staff(employeeID) values("35862");
insert into Staff(employeeID) values("36093");
insert into Staff(employeeID) values("40197");
insert into Staff(employeeID) values("40655");
insert into Staff(employeeID) values("43081");
insert into Staff(employeeID) values("45840");
insert into Staff(employeeID) values("45946");
insert into Staff(employeeID) values("48451");
insert into Staff(employeeID) values("48958");
insert into Staff(employeeID) values("49161");
insert into Staff(employeeID) values("49186");
insert into Staff(employeeID) values("49891");
insert into Staff(employeeID) values("51039");
insert into Staff(employeeID) values("51347");
insert into Staff(employeeID) values("54720");
insert into Staff(employeeID) values("55601");
insert into Staff(employeeID) values("55964");
insert into Staff(employeeID) values("57409");
insert into Staff(employeeID) values("57781");
insert into Staff(employeeID) values("60408");
insert into Staff(employeeID) values("60478");
insert into Staff(employeeID) values("61834");
insert into Staff(employeeID) values("62899");
insert into Staff(employeeID) values("65753");
insert into Staff(employeeID) values("66681");
insert into Staff(employeeID) values("67675");
insert into Staff(employeeID) values("69388");
insert into Staff(employeeID) values("69407");
insert into Staff(employeeID) values("72934");
insert into Staff(employeeID) values("73241");
insert into Staff(employeeID) values("76557");
insert into Staff(employeeID) values("76649");
insert into Staff(employeeID) values("77189");
insert into Staff(employeeID) values("78492");
insert into Staff(employeeID) values("79810");
insert into Staff(employeeID) values("84288");
insert into Staff(employeeID) values("85659");
insert into Staff(employeeID) values("86769");
insert into Staff(employeeID) values("87939");
insert into Staff(employeeID) values("88402");
insert into Staff(employeeID) values("89062");
insert into Staff(employeeID) values("93256");
insert into Staff(employeeID) values("93355");
insert into Staff(employeeID) values("93650");
insert into Staff(employeeID) values("94491");
insert into Staff(employeeID) values("94793");
insert into Staff(employeeID) values("95443");
insert into Staff(employeeID) values("95451");
insert into Staff(employeeID) values("96056");
insert into Staff(employeeID) values("97000");
insert into Staff(employeeID) values("97272");
insert into Staff(employeeID) values("97611");
insert into Staff(employeeID) values("97675");
insert into Staff(employeeID) values("97843");
insert into Staff(employeeID) values("98310");
insert into Staff(employeeID) values("99088");
insert into Staff(employeeID) values("99418");
insert into Technician(employeeID,treatmentGiverID) values("94793","2674");
insert into Technician(employeeID,treatmentGiverID) values("93256","4833");
insert into Technician(employeeID,treatmentGiverID) values("94491","7817");
insert into Technician(employeeID,treatmentGiverID) values("19819","7941");
insert into Technician(employeeID,treatmentGiverID) values("45946","8515");
insert into Technician(employeeID,treatmentGiverID) values("97843","10040");
insert into Technician(employeeID,treatmentGiverID) values("95443","10843");
insert into Technician(employeeID,treatmentGiverID) values("99418","11790");
insert into Technician(employeeID,treatmentGiverID) values("28116","13230");
insert into Technician(employeeID,treatmentGiverID) values("97272","13347");
insert into Technician(employeeID,treatmentGiverID) values("93650","15311");
insert into Technician(employeeID,treatmentGiverID) values("48451","15541");
insert into Technician(employeeID,treatmentGiverID) values("61834","16284");
insert into Technician(employeeID,treatmentGiverID) values("49891","17709");
insert into Technician(employeeID,treatmentGiverID) values("97000","18096");
insert into Technician(employeeID,treatmentGiverID) values("85471","19706");
insert into Technician(employeeID,treatmentGiverID) values("98310","19823");
insert into Technician(employeeID,treatmentGiverID) values("294","20850");
insert into Technician(employeeID,treatmentGiverID) values("97611","21950");
insert into Technician(employeeID,treatmentGiverID) values("21005","22401");
insert into Technician(employeeID,treatmentGiverID) values("65753","25193");
insert into Technician(employeeID,treatmentGiverID) values("84288","25396");
insert into Technician(employeeID,treatmentGiverID) values("31948","29038");
insert into Technician(employeeID,treatmentGiverID) values("55964","31111");
insert into Technician(employeeID,treatmentGiverID) values("30621","31354");
insert into Technician(employeeID,treatmentGiverID) values("29581","33782");
insert into Technician(employeeID,treatmentGiverID) values("99088","35857");
insert into Technician(employeeID,treatmentGiverID) values("69407","38124");
insert into Technician(employeeID,treatmentGiverID) values("87939","40014");
insert into Technician(employeeID,treatmentGiverID) values("60408","41128");
insert into Technician(employeeID,treatmentGiverID) values("96056","44557");
insert into Technician(employeeID,treatmentGiverID) values("76557","44658");
insert into Technician(employeeID,treatmentGiverID) values("5962","45973");
insert into Technician(employeeID,treatmentGiverID) values("60714","49274");
insert into Technician(employeeID,treatmentGiverID) values("51327","50494");
insert into Technician(employeeID,treatmentGiverID) values("67675","52408");
insert into Technician(employeeID,treatmentGiverID) values("95451","55117");
insert into Technician(employeeID,treatmentGiverID) values("77189","55382");
insert into Technician(employeeID,treatmentGiverID) values("88402","61374");
insert into Technician(employeeID,treatmentGiverID) values("62899","62044");
insert into Technician(employeeID,treatmentGiverID) values("72934","63133");
insert into Technician(employeeID,treatmentGiverID) values("84","65055");
insert into Technician(employeeID,treatmentGiverID) values("32858","65693");
insert into Technician(employeeID,treatmentGiverID) values("79810","65789");
insert into Technician(employeeID,treatmentGiverID) values("89062","68580");
insert into Technician(employeeID,treatmentGiverID) values("10065","69724");
insert into Technician(employeeID,treatmentGiverID) values("93355","70323");
insert into Technician(employeeID,treatmentGiverID) values("11427","74728");
insert into Technician(employeeID,treatmentGiverID) values("73241","76753");
insert into Technician(employeeID,treatmentGiverID) values("85659","83278");
insert into Technician(employeeID,treatmentGiverID) values("54720","84234");
insert into Technician(employeeID,treatmentGiverID) values("57781","85418");
insert into Technician(employeeID,treatmentGiverID) values("6704","90171");
insert into Technician(employeeID,treatmentGiverID) values("57409","93392");
insert into Technician(employeeID,treatmentGiverID) values("23368","94384");
insert into Technician(employeeID,treatmentGiverID) values("9462","96789");
insert into Technician(employeeID,treatmentGiverID) values("49186","97850");
insert into Technician(employeeID,treatmentGiverID) values("55601","98152");
insert into Room(roomNumber,employeeID,roomDescription,volunteerRoom) values("101","60478","Gift Shop","false");
insert into Room(roomNumber,employeeID,roomDescription,volunteerRoom) values("102","78492","Gift Shop","false");
insert into Room(roomNumber,employeeID,roomDescription,volunteerRoom) values("103","19819","Info Desk","true");
insert into Room(roomNumber,employeeID,roomDescription,volunteerRoom) values("104","9566","Info Desk","true");
insert into Room(roomNumber,employeeID,roomDescription,volunteerRoom) values("105","85471","Janitor Closet","true");
insert into Room(roomNumber,employeeID,roomDescription,volunteerRoom) values("106","51039","Janitor Closet","false");
insert into Room(roomNumber,employeeID,roomDescription,volunteerRoom) values("107","28116","Cafeteria","true");
insert into Room(roomNumber,employeeID,roomDescription,volunteerRoom) values("108","61834","Info Desk","true");
insert into Room(roomNumber,employeeID,roomDescription,volunteerRoom) values("109","29581","Info Desk","false");
insert into Room(roomNumber,employeeID,roomDescription,volunteerRoom) values("110","55964","Info Desk","true");
insert into Room(roomNumber,employeeID,roomDescription,volunteerRoom) values("111","67675","Gift Shop","false");
insert into Room(roomNumber,employeeID,roomDescription,volunteerRoom) values("112","62899","Cafeteria","false");
insert into Room(roomNumber,employeeID,roomDescription,volunteerRoom) values("113","87939","Cafeteria","false");
insert into Room(roomNumber,employeeID,roomDescription,volunteerRoom) values("114","66410","Janitor Closet","false");
insert into Room(roomNumber,employeeID,roomDescription,volunteerRoom) values("115","69388","Gift Shop","false");
insert into Room(roomNumber,employeeID,roomDescription,volunteerRoom) values("116","93256","Janitor Closet","true");
insert into Room(roomNumber,employeeID,roomDescription,volunteerRoom) values("117","54219","Gift Shop","true");
insert into Room(roomNumber,employeeID,roomDescription,volunteerRoom) values("118","57409","Janitor Closet","true");
insert into Room(roomNumber,employeeID,roomDescription,volunteerRoom) values("119","49186","Info Desk","false");
insert into Room(roomNumber,employeeID,roomDescription,volunteerRoom) values("120","61834","Gift Shop","false");
insert into Room(roomNumber,employeeID,roomDescription,volunteerRoom) values("121","43081","Janitor Closet","true");
insert into Room(roomNumber,employeeID,roomDescription,volunteerRoom) values("122","17332","Janitor Closet","false");
insert into Room(roomNumber,employeeID,roomDescription,volunteerRoom) values("123","73241","Gift Shop","true");
insert into Room(roomNumber,employeeID,roomDescription,volunteerRoom) values("124","69388","Gift Shop","true");
insert into Room(roomNumber,employeeID,roomDescription,volunteerRoom) values("125","97675","Janitor Closet","false");
insert into Room(roomNumber,employeeID,roomDescription,volunteerRoom) values("126","23368","Gift Shop","true");
insert into Room(roomNumber,employeeID,roomDescription,volunteerRoom) values("127","29473","Info Desk","true");
insert into Room(roomNumber,employeeID,roomDescription,volunteerRoom) values("128","29473","Janitor Closet","true");
insert into Room(roomNumber,employeeID,roomDescription,volunteerRoom) values("129","19819","Cafeteria","false");
insert into Room(roomNumber,employeeID,roomDescription,volunteerRoom) values("130","40197","Janitor Closet","true");
insert into Room(roomNumber,employeeID,roomDescription,volunteerRoom) values("131","97611","Info Desk","false");
insert into Room(roomNumber,employeeID,roomDescription,volunteerRoom) values("132","85471","Janitor Closet","false");
insert into Room(roomNumber,employeeID,roomDescription,volunteerRoom) values("133","48451","Info Desk","true");
insert into Room(roomNumber,employeeID,roomDescription,volunteerRoom) values("134","55964","Janitor Closet","false");
insert into Room(roomNumber,employeeID,roomDescription,volunteerRoom) values("135","93256","Gift Shop","false");
insert into Room(roomNumber,employeeID,roomDescription,volunteerRoom) values("136","34925","Cafeteria","false");
insert into Room(roomNumber,employeeID,roomDescription,volunteerRoom) values("137","87939","Info Desk","true");
insert into Room(roomNumber,employeeID,roomDescription,volunteerRoom) values("138","61834","Janitor Closet","false");
insert into Room(roomNumber,employeeID,roomDescription,volunteerRoom) values("139","62899","Info Desk","false");
insert into Room(roomNumber,employeeID,roomDescription,volunteerRoom) values("141","2464","Info Desk","true");
insert into Room(roomNumber,employeeID,roomDescription,volunteerRoom) values("142","97611","Info Desk","true");
insert into Room(roomNumber,employeeID,roomDescription,volunteerRoom) values("143","25168","Info Desk","true");
insert into Room(roomNumber,employeeID,roomDescription,volunteerRoom) values("144","32858","Janitor Closet","false");
insert into Room(roomNumber,employeeID,roomDescription,volunteerRoom) values("145","94793","Info Desk","true");
insert into Room(roomNumber,employeeID,roomDescription,volunteerRoom) values("146","94793","Info Desk","true");
insert into Room(roomNumber,employeeID,roomDescription,volunteerRoom) values("147","97675","Janitor Closet","true");
insert into Room(roomNumber,employeeID,roomDescription,volunteerRoom) values("148","69388","Cafeteria","false");
insert into Room(roomNumber,employeeID,roomDescription,volunteerRoom) values("149","17332","Janitor Closet","true");
insert into Patient(patientID,firstName,lastName,insurancePolicy,emergencyContact) values("72329","misuse","restricted","19148","brakeman's");
insert into Patient(patientID,firstName,lastName,insurancePolicy,emergencyContact) values("5938","outings","gobbledegook's","48064","progressive");
insert into Patient(patientID,firstName,lastName,insurancePolicy,emergencyContact) values("15813","wraith","dashboard","24264","inoculations");
insert into Patient(patientID,firstName,lastName,insurancePolicy,emergencyContact) values("10166","cricked","axing","59417","converting");
insert into Patient(patientID,firstName,lastName,insurancePolicy,emergencyContact) values("18637","Baghdad's","wraparound","16795","deerskin");
insert into Patient(patientID,firstName,lastName,insurancePolicy,emergencyContact) values("71855","wraith","holder","81491","acolyte");
insert into Patient(patientID,firstName,lastName,insurancePolicy,emergencyContact) values("69494","woodenness's","creamer","45931","acolyte");
insert into Patient(patientID,firstName,lastName,insurancePolicy,emergencyContact) values("98408","outings","bacteriological","67759","forelocks");
insert into Patient(patientID,firstName,lastName,insurancePolicy,emergencyContact) values("70654","Internationale","woodenness's","51658","Priscilla's");
insert into Patient(patientID,firstName,lastName,insurancePolicy,emergencyContact) values("5698","Khartoum","creamer","7023","refines");
insert into Patient(patientID,firstName,lastName,insurancePolicy,emergencyContact) values("45388","chalices","crew's","3793","bacteriological");
insert into Patient(patientID,firstName,lastName,insurancePolicy,emergencyContact) values("84369","disinterests","teaspoons","13579","Uighur's");
insert into Patient(patientID,firstName,lastName,insurancePolicy,emergencyContact) values("30135","pup's","counterfeiting","59154","eagerer");
insert into Patient(patientID,firstName,lastName,insurancePolicy,emergencyContact) values("28286","jitterbugged","Vauban","55344","Vauban");
insert into Patient(patientID,firstName,lastName,insurancePolicy,emergencyContact) values("88074","refines","arrive","17635","encapsulation's");
insert into Patient(patientID,firstName,lastName,insurancePolicy,emergencyContact) values("11581","eclipse's","carports","91437","crossbreeding");
insert into Patient(patientID,firstName,lastName,insurancePolicy,emergencyContact) values("9483","columns","monetarism","94408","Internationale");
insert into Patient(patientID,firstName,lastName,insurancePolicy,emergencyContact) values("90152","ethical","gobbledegook's","30005","grad's");
insert into Patient(patientID,firstName,lastName,insurancePolicy,emergencyContact) values("30465","cricked","spurted","35684","forelocks");
insert into Patient(patientID,firstName,lastName,insurancePolicy,emergencyContact) values("91022","bill's","Armageddon","35514","brakeman's");
insert into Patient(patientID,firstName,lastName,insurancePolicy,emergencyContact) values("28555","shutout's","spurted","94894","Uighur's");
insert into Patient(patientID,firstName,lastName,insurancePolicy,emergencyContact) values("75481","refines","Hercules's","20321","crossbreeding");
insert into Patient(patientID,firstName,lastName,insurancePolicy,emergencyContact) values("46046","brakeman's","holder","86303","Khartoum");
insert into Patient(patientID,firstName,lastName,insurancePolicy,emergencyContact) values("7557","jitterbugged","holder","95384","crossbreeding");
insert into Patient(patientID,firstName,lastName,insurancePolicy,emergencyContact) values("49483","Marjory's","progressive","19347","meadows");
insert into Patient(patientID,firstName,lastName,insurancePolicy,emergencyContact) values("54330","Angelita","ethical","56696","teaspoons");
insert into Patient(patientID,firstName,lastName,insurancePolicy,emergencyContact) values("88521","outings","cozens","64443","cortège");
insert into Patient(patientID,firstName,lastName,insurancePolicy,emergencyContact) values("29248","evacuations","columns","80281","evacuations");
insert into Patient(patientID,firstName,lastName,insurancePolicy,emergencyContact) values("57054","broadside's","brakeman's","90896","Popeye's");
insert into Patient(patientID,firstName,lastName,insurancePolicy,emergencyContact) values("73788","deerskin","arrive","35513","cringed");
insert into Patient(patientID,firstName,lastName,insurancePolicy,emergencyContact) values("88753","cortège","jitterbugged","93438","gobbledegook's");
insert into Patient(patientID,firstName,lastName,insurancePolicy,emergencyContact) values("93082","monotonically","pup's","94237","worst");
insert into Patient(patientID,firstName,lastName,insurancePolicy,emergencyContact) values("97659","cricked","counterfeiting","37698","progressive");
insert into Patient(patientID,firstName,lastName,insurancePolicy,emergencyContact) values("66070","ancestresses","junkets","73283","captive's");
insert into Patient(patientID,firstName,lastName,insurancePolicy,emergencyContact) values("73925","teaspoons","Kiel","82835","naturalized");
insert into Patient(patientID,firstName,lastName,insurancePolicy,emergencyContact) values("65353","cozens","holder","12403","converting");
insert into Patient(patientID,firstName,lastName,insurancePolicy,emergencyContact) values("12948","restricted","gobbledegook's","21125","holder");
insert into Patient(patientID,firstName,lastName,insurancePolicy,emergencyContact) values("93203","distastefully","won's","81124","broadside's");
insert into Patient(patientID,firstName,lastName,insurancePolicy,emergencyContact) values("73733","Vauban","circumstance","58497","Priscilla's");
insert into Patient(patientID,firstName,lastName,insurancePolicy,emergencyContact) values("26417","progressive","pup's","3241","Wodehouse's");
insert into Patient(patientID,firstName,lastName,insurancePolicy,emergencyContact) values("22778","hydrosphere","capacious","43321","citronella");
insert into Patient(patientID,firstName,lastName,insurancePolicy,emergencyContact) values("79701","eclipse's","bill's","93509","cozens");
insert into Patient(patientID,firstName,lastName,insurancePolicy,emergencyContact) values("55943","arrive","captive's","40825","ancestresses");
insert into Patient(patientID,firstName,lastName,insurancePolicy,emergencyContact) values("39506","disinterests","meadows","54635","Vauban");
insert into Patient(patientID,firstName,lastName,insurancePolicy,emergencyContact) values("91543","junkets","clashed","84698","explosion's");
insert into Patient(patientID,firstName,lastName,insurancePolicy,emergencyContact) values("78655","geophysics's","ethical","98685","chalices");
insert into Patient(patientID,firstName,lastName,insurancePolicy,emergencyContact) values("50787","Popeye's","explosion's","55873","encapsulation's");
insert into Patient(patientID,firstName,lastName,insurancePolicy,emergencyContact) values("11652","deerskin","acolyte","18865","recounting");
insert into Patient(patientID,firstName,lastName,insurancePolicy,emergencyContact) values("56452","cringed","progressive","71984","won's");
insert into Patient(patientID,firstName,lastName,insurancePolicy,emergencyContact) values("32831","eclipse's","recounting","60102","outings");
insert into Patient(patientID,firstName,lastName,insurancePolicy,emergencyContact) values("13561","circumstance","shutout's","22729","outings");
insert into Patient(patientID,firstName,lastName,insurancePolicy,emergencyContact) values("75668","jitterbugged","misuse","14792","acolyte");
insert into Patient(patientID,firstName,lastName,insurancePolicy,emergencyContact) values("24390","Priscilla's","chalices","28416","Armageddon");
insert into Patient(patientID,firstName,lastName,insurancePolicy,emergencyContact) values("81554","crew's","hydrosphere","80458","progressive");
insert into Patient(patientID,firstName,lastName,insurancePolicy,emergencyContact) values("61564","Wodehouse's","Wodehouse's","65965","teaspoons");
insert into Patient(patientID,firstName,lastName,insurancePolicy,emergencyContact) values("47472","Alvarado","cozens","97640","pup's");
insert into Patient(patientID,firstName,lastName,insurancePolicy,emergencyContact) values("82567","carports","dashboard","79177","captive's");
insert into Patient(patientID,firstName,lastName,insurancePolicy,emergencyContact) values("42461","shipmates","won's","86518","eclipse's");
insert into Patient(patientID,firstName,lastName,insurancePolicy,emergencyContact) values("54844","refines","Alvarado","91186","capacious");
insert into Patient(patientID,firstName,lastName,insurancePolicy,emergencyContact) values("17346","wraparound","woodenness's","99042","Khartoum");
insert into Patient(patientID,firstName,lastName,insurancePolicy,emergencyContact) values("16115","recounting","hibernation","73353","axing");
insert into Patient(patientID,firstName,lastName,insurancePolicy,emergencyContact) values("69137","won's","hibernation","36478","kimono's");
insert into Patient(patientID,firstName,lastName,insurancePolicy,emergencyContact) values("69595","Gerber's","chalices","14239","ancestresses");
insert into Patient(patientID,firstName,lastName,insurancePolicy,emergencyContact) values("80143","columns","captive's","80931","Baghdad's");
insert into Patient(patientID,firstName,lastName,insurancePolicy,emergencyContact) values("83417","Baghdad's","citronella","29738","capacious");
insert into Patient(patientID,firstName,lastName,insurancePolicy,emergencyContact) values("32031","stimulant","shutout's","8113","castor's");
insert into Patient(patientID,firstName,lastName,insurancePolicy,emergencyContact) values("24484","Marjory's","stimulant","95583","crossbreeding");
insert into Patient(patientID,firstName,lastName,insurancePolicy,emergencyContact) values("58608","capacious","crew's","8048","cremation's");
insert into Patient(patientID,firstName,lastName,insurancePolicy,emergencyContact) values("22492","hibernation","inkier","83228","converting");
insert into Patient(patientID,firstName,lastName,insurancePolicy,emergencyContact) values("2427","counterfeiting","carports","44273","Uighur's");
insert into Patient(patientID,firstName,lastName,insurancePolicy,emergencyContact) values("72563","recounting","Uighur's","6327","won's");
insert into Patient(patientID,firstName,lastName,insurancePolicy,emergencyContact) values("46712","broadside's","dashboard","71864","Alvarado");
insert into Patient(patientID,firstName,lastName,insurancePolicy,emergencyContact) values("19644","Armageddon","refines","42771","Alvarado");
insert into Patient(patientID,firstName,lastName,insurancePolicy,emergencyContact) values("27216","cringed","lilt","34373","ethical");
insert into Patient(patientID,firstName,lastName,insurancePolicy,emergencyContact) values("17191","worst","Angelita","8804","Internationale");
insert into Patient(patientID,firstName,lastName,insurancePolicy,emergencyContact) values("64995","Zinfandel","deathbed","52044","Trujillo");
insert into Patient(patientID,firstName,lastName,insurancePolicy,emergencyContact) values("89136","geophysics's","jitterbugged","84572","selected");
insert into Patient(patientID,firstName,lastName,insurancePolicy,emergencyContact) values("91232","deathbed","restricted","36037","bacteriological");
insert into Patient(patientID,firstName,lastName,insurancePolicy,emergencyContact) values("17000","Uighur's","eagerer","88906","Khartoum");
insert into Patient(patientID,firstName,lastName,insurancePolicy,emergencyContact) values("46588","Alvarado","dogma's","21029","shipmates");
insert into Patient(patientID,firstName,lastName,insurancePolicy,emergencyContact) values("93246","quibblers","eclipse's","93637","Priscilla's");
insert into Patient(patientID,firstName,lastName,insurancePolicy,emergencyContact) values("89495","recounting","ethical","28468","collocation's");
insert into Patient(patientID,firstName,lastName,insurancePolicy,emergencyContact) values("87673","magnate's","Gerber's","85371","Khartoum");
insert into Patient(patientID,firstName,lastName,insurancePolicy,emergencyContact) values("22077","ethical","Marjory's","75980","Internationale");
insert into Patient(patientID,firstName,lastName,insurancePolicy,emergencyContact) values("92995","forelocks","castor's","50579","progressive");
insert into Patient(patientID,firstName,lastName,insurancePolicy,emergencyContact) values("61996","won's","inkier","26640","kimono's");
insert into Patient(patientID,firstName,lastName,insurancePolicy,emergencyContact) values("19711","wraparound","columns","83520","Kiel");
insert into Patient(patientID,firstName,lastName,insurancePolicy,emergencyContact) values("43424","ancestresses","dogma's","75986","castor's");
insert into Patient(patientID,firstName,lastName,insurancePolicy,emergencyContact) values("6446","broadside's","Gerber's","43350","Baghdad's");
insert into Patient(patientID,firstName,lastName,insurancePolicy,emergencyContact) values("31001","citronella","wraith","3599","chalices");
insert into Patient(patientID,firstName,lastName,insurancePolicy,emergencyContact) values("15887","teaspoons","Popeye's","21350","explosion's");
insert into Patient(patientID,firstName,lastName,insurancePolicy,emergencyContact) values("17477","deathbed","cozens","82048","Priscilla's");
insert into Patient(patientID,firstName,lastName,insurancePolicy,emergencyContact) values("97456","refines","holder","82819","pup's");
insert into Patient(patientID,firstName,lastName,insurancePolicy,emergencyContact) values("43804","inkier","castor's","40516","Baghdad's");
insert into Patient(patientID,firstName,lastName,insurancePolicy,emergencyContact) values("32445","cortège","lilt","98707","equine's");
insert into Patient(patientID,firstName,lastName,insurancePolicy,emergencyContact) values("1439","geophysics's","captive's","56099","columns");
insert into Patient(patientID,firstName,lastName,insurancePolicy,emergencyContact) values("55570","Vauban","ancestresses","2530","deathbed");
insert into Patient(patientID,firstName,lastName,insurancePolicy,emergencyContact) values("73509","converting","eagerer","64776","inoculations");
insert into Patient(patientID,firstName,lastName,insurancePolicy,emergencyContact) values("82777","kimono's","parentheses","61050","converting");
insert into Patient(patientID,firstName,lastName,insurancePolicy,emergencyContact) values("53408","Kiel","Uighur's","74018","monetarism");
insert into Patient(patientID,firstName,lastName,insurancePolicy,emergencyContact) values("88023","lilt","teaspoons","11164","refines");
insert into Patient(patientID,firstName,lastName,insurancePolicy,emergencyContact) values("58319","cozens","axing","98372","meadows");
insert into Patient(patientID,firstName,lastName,insurancePolicy,emergencyContact) values("34201","explosion's","cringed","20043","restricted");
insert into Patient(patientID,firstName,lastName,insurancePolicy,emergencyContact) values("11823","equine's","acolyte","26606","crossbreeding");
insert into Patient(patientID,firstName,lastName,insurancePolicy,emergencyContact) values("28611","bill's","hydrosphere","46837","shutout's");
insert into Patient(patientID,firstName,lastName,insurancePolicy,emergencyContact) values("77067","gobbledegook's","geophysics's","3692","Uighur's");
insert into Patient(patientID,firstName,lastName,insurancePolicy,emergencyContact) values("90194","shutout's","captive's","13178","progressive");
insert into Patient(patientID,firstName,lastName,insurancePolicy,emergencyContact) values("27260","shipmates","broadside's","98130","circumstance");
insert into Patient(patientID,firstName,lastName,insurancePolicy,emergencyContact) values("4020","acolyte","restricted","70009","junkets");
insert into Patient(patientID,firstName,lastName,insurancePolicy,emergencyContact) values("54224","oarlock's","disinterests","96201","arrive");
insert into Patient(patientID,firstName,lastName,insurancePolicy,emergencyContact) values("6185","atrocity","Kiel","87506","axing");
insert into Patient(patientID,firstName,lastName,insurancePolicy,emergencyContact) values("15819","cremation's","ancestresses","96029","quibblers");
insert into Patient(patientID,firstName,lastName,insurancePolicy,emergencyContact) values("40572","Hercules's","restricted","29685","magnate's");
insert into Patient(patientID,firstName,lastName,insurancePolicy,emergencyContact) values("26222","acolyte","cortège","80329","citronella");
insert into Patient(patientID,firstName,lastName,insurancePolicy,emergencyContact) values("42669","quibblers","bacteriological","61146","hibernation");
insert into Patient(patientID,firstName,lastName,insurancePolicy,emergencyContact) values("46145","captive's","deerskin","76589","monetarism");
insert into Patient(patientID,firstName,lastName,insurancePolicy,emergencyContact) values("92466","arrive","inkier","79391","atrocity");
insert into Patient(patientID,firstName,lastName,insurancePolicy,emergencyContact) values("1398","creamer","ethical","25933","converting");
insert into Patient(patientID,firstName,lastName,insurancePolicy,emergencyContact) values("50087","recounting","eclipse's","78749","wilfully");
insert into Patient(patientID,firstName,lastName,insurancePolicy,emergencyContact) values("45796","Gerber's","castor's","5661","refines");
insert into Patient(patientID,firstName,lastName,insurancePolicy,emergencyContact) values("82201","broadside's","refines","6692","shutout's");
insert into Patient(patientID,firstName,lastName,insurancePolicy,emergencyContact) values("87742","disfranchisement's","columns","71812","dashboard");
insert into Patient(patientID,firstName,lastName,insurancePolicy,emergencyContact) values("99386","won's","deathbed","58835","ancestresses");
insert into Patient(patientID,firstName,lastName,insurancePolicy,emergencyContact) values("6388","eclipse's","bacteriological","44051","gobbledegook's");
insert into Patient(patientID,firstName,lastName,insurancePolicy,emergencyContact) values("72631","disfranchisement's","Vauban","91451","ethical");
insert into Patient(patientID,firstName,lastName,insurancePolicy,emergencyContact) values("43364","gobbledegook's","quibblers","15412","holder");
insert into Patient(patientID,firstName,lastName,insurancePolicy,emergencyContact) values("39109","cremation's","parentheses","30975","cozens");
insert into Patient(patientID,firstName,lastName,insurancePolicy,emergencyContact) values("29228","ancestresses","Baghdad's","13701","castor's");
insert into Patient(patientID,firstName,lastName,insurancePolicy,emergencyContact) values("84534","Marjory's","eagerer","8785","meadows");
insert into Patient(patientID,firstName,lastName,insurancePolicy,emergencyContact) values("32040","explosion's","circumstance","36222","selected");
insert into Patient(patientID,firstName,lastName,insurancePolicy,emergencyContact) values("48172","monotonically","Baghdad's","43737","parentheses");
insert into Patient(patientID,firstName,lastName,insurancePolicy,emergencyContact) values("49926","circumstance","evacuations","53142","Vauban");
insert into Patient(patientID,firstName,lastName,insurancePolicy,emergencyContact) values("17311","carports","eclipse's","10336","chalices");
insert into Patient(patientID,firstName,lastName,insurancePolicy,emergencyContact) values("77076","spurted","Hercules's","32475","converting");
insert into Patient(patientID,firstName,lastName,insurancePolicy,emergencyContact) values("49979","cremation's","monotonically","47163","Uighur's");
insert into Patient(patientID,firstName,lastName,insurancePolicy,emergencyContact) values("39251","converting","Khartoum","41678","cortège");
insert into Patient(patientID,firstName,lastName,insurancePolicy,emergencyContact) values("26779","atrocity","Popeye's","39471","ethical");
insert into Patient(patientID,firstName,lastName,insurancePolicy,emergencyContact) values("55873","crossbreeding","capacious","28701","Alvarado");
insert into Patient(patientID,firstName,lastName,insurancePolicy,emergencyContact) values("43085","stimulant","grad's","44370","wraith");
insert into Patient(patientID,firstName,lastName,insurancePolicy,emergencyContact) values("87994","grad's","Baghdad's","54574","collocation's");
insert into Patient(patientID,firstName,lastName,insurancePolicy,emergencyContact) values("85664","distastefully","dashboard","23579","converting");
insert into Patient(patientID,firstName,lastName,insurancePolicy,emergencyContact) values("98293","disfranchisement's","progressive","84128","converting");
insert into Patient(patientID,firstName,lastName,insurancePolicy,emergencyContact) values("61235","Trujillo","collocation's","16879","misuse");
insert into Patient(patientID,firstName,lastName,insurancePolicy,emergencyContact) values("96674","Uighur's","refines","1537","hydrosphere");
insert into Patient(patientID,firstName,lastName,insurancePolicy,emergencyContact) values("70795","Internationale","disinterests","83482","wraparound");
insert into Patient(patientID,firstName,lastName,insurancePolicy,emergencyContact) values("78821","monetarism","gobbledegook's","65193","naturalized");
insert into Patient(patientID,firstName,lastName,insurancePolicy,emergencyContact) values("73632","Vauban","brakeman's","60058","gobbledegook's");
insert into Patient(patientID,firstName,lastName,insurancePolicy,emergencyContact) values("48776","clashed","Khartoum","73263","bacteriological");
insert into Patient(patientID,firstName,lastName,insurancePolicy,emergencyContact) values("72301","citronella","circumstance","40637","deathbed");
insert into Patient(patientID,firstName,lastName,insurancePolicy,emergencyContact) values("75012","lilt","broadside's","33749","Vauban");
insert into Patient(patientID,firstName,lastName,insurancePolicy,emergencyContact) values("10705","cozens","parentheses","43168","axing");
insert into Patient(patientID,firstName,lastName,insurancePolicy,emergencyContact) values("37086","chalices","deerskin","60555","meadows");
insert into Patient(patientID,firstName,lastName,insurancePolicy,emergencyContact) values("61438","eagerer","clashed","20790","Marjory's");
insert into Patient(patientID,firstName,lastName,insurancePolicy,emergencyContact) values("72683","recounting","captive's","74533","capacious");
insert into Patient(patientID,firstName,lastName,insurancePolicy,emergencyContact) values("71042","ancestresses","arrive","87703","won's");
insert into Patient(patientID,firstName,lastName,insurancePolicy,emergencyContact) values("59972","Armageddon","wraith","32929","Vauban");
insert into Patient(patientID,firstName,lastName,insurancePolicy,emergencyContact) values("46743","citronella","explosion's","62914","broadside's");
insert into Patient(patientID,firstName,lastName,insurancePolicy,emergencyContact) values("31432","eclipse's","naturalized","63241","disfranchisement's");
insert into Patient(patientID,firstName,lastName,insurancePolicy,emergencyContact) values("94703","magnate's","columns","1338","Wodehouse's");
insert into Patient(patientID,firstName,lastName,insurancePolicy,emergencyContact) values("14176","captive's","eclipse's","42532","arrive");
insert into Patient(patientID,firstName,lastName,insurancePolicy,emergencyContact) values("99805","wraparound","forelocks","75607","inkier");
insert into Patient(patientID,firstName,lastName,insurancePolicy,emergencyContact) values("74676","evacuations","monetarism","60689","Priscilla's");
insert into Patient(patientID,firstName,lastName,insurancePolicy,emergencyContact) values("35608","inkier","oarlock's","9968","captive's");
insert into Patient(patientID,firstName,lastName,insurancePolicy,emergencyContact) values("15191","clashed","Kiel","20888","restricted");
insert into Patient(patientID,firstName,lastName,insurancePolicy,emergencyContact) values("37295","columns","stimulant","23626","monotonically");
insert into Patient(patientID,firstName,lastName,insurancePolicy,emergencyContact) values("145","deathbed","creamer","43540","bill's");
insert into Patient(patientID,firstName,lastName,insurancePolicy,emergencyContact) values("39850","carports","deerskin","54333","cremation's");
insert into Patient(patientID,firstName,lastName,insurancePolicy,emergencyContact) values("30072","inkier","atrocity","44086","wraith");
insert into Patient(patientID,firstName,lastName,insurancePolicy,emergencyContact) values("65357","inoculations","arrive","77654","shipmates");
insert into Patient(patientID,firstName,lastName,insurancePolicy,emergencyContact) values("65958","Marjory's","shipmates","30157","dashboard");
insert into Patient(patientID,firstName,lastName,insurancePolicy,emergencyContact) values("89476","forelocks","hydrosphere","56278","selected");
insert into Patient(patientID,firstName,lastName,insurancePolicy,emergencyContact) values("53102","capacious","clashed","48553","Kiel");
insert into Patient(patientID,firstName,lastName,insurancePolicy,emergencyContact) values("47729","Vauban","captive's","92640","distastefully");
insert into Patient(patientID,firstName,lastName,insurancePolicy,emergencyContact) values("92750","recounting","pup's","10671","crossbreeding");
insert into Patient(patientID,firstName,lastName,insurancePolicy,emergencyContact) values("31790","kimono's","eagerer","67417","Wodehouse's");
insert into Patient(patientID,firstName,lastName,insurancePolicy,emergencyContact) values("74236","arrive","hydrosphere","2581","deathbed");
insert into Patient(patientID,firstName,lastName,insurancePolicy,emergencyContact) values("74517","carports","collocation's","32736","cricked");
insert into Patient(patientID,firstName,lastName,insurancePolicy,emergencyContact) values("79321","refines","Priscilla's","78740","forelocks");
insert into Patient(patientID,firstName,lastName,insurancePolicy,emergencyContact) values("99831","bill's","kimono's","1741","ancestresses");
insert into Patient(patientID,firstName,lastName,insurancePolicy,emergencyContact) values("32167","bacteriological","captive's","91287","Popeye's");
insert into Patient(patientID,firstName,lastName,insurancePolicy,emergencyContact) values("41335","axing","lilt","96136","capacious");
insert into Patient(patientID,firstName,lastName,insurancePolicy,emergencyContact) values("7579","Baghdad's","cortège","48749","columns");
insert into Patient(patientID,firstName,lastName,insurancePolicy,emergencyContact) values("26968","crossbreeding","inkier","39523","quibblers");
insert into Patient(patientID,firstName,lastName,insurancePolicy,emergencyContact) values("8546","inoculations","Kiel","9761","Uighur's");
insert into Patient(patientID,firstName,lastName,insurancePolicy,emergencyContact) values("3303","chalices","meadows","18771","cringed");
insert into Patient(patientID,firstName,lastName,insurancePolicy,emergencyContact) values("50251","chalices","chalices","14463","arrive");
insert into Patient(patientID,firstName,lastName,insurancePolicy,emergencyContact) values("84210","cricked","arrive","32104","pup's");
insert into Patient(patientID,firstName,lastName,insurancePolicy,emergencyContact) values("61987","pup's","wilfully","27657","ethical");
insert into Patient(patientID,firstName,lastName,insurancePolicy,emergencyContact) values("62567","crew's","Khartoum","4333","wilfully");
insert into Patient(patientID,firstName,lastName,insurancePolicy,emergencyContact) values("61112","won's","ancestresses","93967","wraparound");
insert into Patient(patientID,firstName,lastName,insurancePolicy,emergencyContact) values("62711","evacuations","misuse","20617","misuse");
insert into Patient(patientID,firstName,lastName,insurancePolicy,emergencyContact) values("18896","recounting","encapsulation's","84326","recounting");
insert into Patient(patientID,firstName,lastName,insurancePolicy,emergencyContact) values("3109","stimulant","junkets","66308","pup's");
insert into Patient(patientID,firstName,lastName,insurancePolicy,emergencyContact) values("61517","Zinfandel","crossbreeding","69399","brakeman's");
insert into Patient(patientID,firstName,lastName,insurancePolicy,emergencyContact) values("67339","magnate's","quibblers","31291","worst");
insert into Patient(patientID,firstName,lastName,insurancePolicy,emergencyContact) values("62246","Uighur's","columns","18274","chalices");
insert into Patient(patientID,firstName,lastName,insurancePolicy,emergencyContact) values("63106","cozens","encapsulation's","31865","wraparound");
insert into Patient(patientID,firstName,lastName,insurancePolicy,emergencyContact) values("98393","gobbledegook's","Kiel","39251","crossbreeding");
insert into Patient(patientID,firstName,lastName,insurancePolicy,emergencyContact) values("18352","disfranchisement's","monotonically","41409","selected");
insert into Patient(patientID,firstName,lastName,insurancePolicy,emergencyContact) values("86653","dashboard","axing","65352","Zinfandel");
insert into PatientRoom(roomNumber,patientID) values("0","31790");
insert into PatientRoom(roomNumber,patientID) values("1","31001");
insert into PatientRoom(roomNumber,patientID) values("2","80143");
insert into PatientRoom(roomNumber,patientID) values("3","61235");
insert into PatientRoom(roomNumber,patientID) values("6","18637");
insert into PatientRoom(roomNumber,patientID) values("7","13561");
insert into PatientRoom(roomNumber,patientID) values("8","41335");
insert into PatientRoom(roomNumber,patientID) values("9","79321");
insert into PatientRoom(roomNumber,patientID) values("10","48172");
insert into PatientRoom(roomNumber,patientID) values("11","26968");
insert into PatientRoom(roomNumber,patientID) values("13","72683");
insert into PatientRoom(roomNumber,patientID) values("14","59972");
insert into PatientRoom(roomNumber,patientID) values("16","53102");
insert into PatientRoom(roomNumber,patientID) values("17","30135");
insert into PatientRoom(roomNumber,patientID) values("18","29248");
insert into PatientRoom(roomNumber,patientID) values("19","73925");
insert into PatientRoom(roomNumber,patientID) values("20","9483");
insert into PatientRoom(roomNumber,patientID) values("21","50787");
insert into PatientRoom(roomNumber,patientID) values("22","75668");
insert into PatientRoom(roomNumber,patientID) values("23","89136");
insert into PatientRoom(roomNumber,patientID) values("24","89476");
insert into PatientRoom(roomNumber,patientID) values("25","18637");
insert into PatientRoom(roomNumber,patientID) values("26","96674");
insert into PatientRoom(roomNumber,patientID) values("27","42669");
insert into PatientRoom(roomNumber,patientID) values("29","90152");
insert into PatientRoom(roomNumber,patientID) values("31","78655");
insert into PatientRoom(roomNumber,patientID) values("32","30135");
insert into PatientRoom(roomNumber,patientID) values("34","72683");
insert into PatientRoom(roomNumber,patientID) values("35","99831");
insert into PatientRoom(roomNumber,patientID) values("36","69137");
insert into PatientRoom(roomNumber,patientID) values("37","8546");
insert into PatientRoom(roomNumber,patientID) values("38","89495");
insert into PatientRoom(roomNumber,patientID) values("39","28555");
insert into PatientRoom(roomNumber,patientID) values("40","39850");
insert into PatientRoom(roomNumber,patientID) values("41","54330");
insert into PatientRoom(roomNumber,patientID) values("42","96674");
insert into PatientRoom(roomNumber,patientID) values("43","57054");
insert into PatientRoom(roomNumber,patientID) values("44","46046");
insert into PatientRoom(roomNumber,patientID) values("46","89495");
insert into PatientRoom(roomNumber,patientID) values("48","75012");
insert into PatientRoom(roomNumber,patientID) values("49","80143");
insert into PatientRoom(roomNumber,patientID) values("50","30135");
insert into PatientRoom(roomNumber,patientID) values("51","88023");
insert into PatientRoom(roomNumber,patientID) values("52","43085");
insert into PatientRoom(roomNumber,patientID) values("53","26779");
insert into PatientRoom(roomNumber,patientID) values("54","98293");
insert into PatientRoom(roomNumber,patientID) values("55","93082");
insert into PatientRoom(roomNumber,patientID) values("57","71855");
insert into PatientRoom(roomNumber,patientID) values("58","93082");
insert into PatientRoom(roomNumber,patientID) values("59","17311");
insert into PatientRoom(roomNumber,patientID) values("60","32031");
insert into PatientRoom(roomNumber,patientID) values("61","79321");
insert into PatientRoom(roomNumber,patientID) values("62","30072");
insert into PatientRoom(roomNumber,patientID) values("63","88023");
insert into PatientRoom(roomNumber,patientID) values("65","1398");
insert into PatientRoom(roomNumber,patientID) values("66","84210");
insert into PatientRoom(roomNumber,patientID) values("67","69595");
insert into PatientRoom(roomNumber,patientID) values("68","15819");
insert into PatientRoom(roomNumber,patientID) values("69","87742");
insert into PatientRoom(roomNumber,patientID) values("70","61996");
insert into PatientRoom(roomNumber,patientID) values("71","98293");
insert into PatientRoom(roomNumber,patientID) values("72","87673");
insert into PatientRoom(roomNumber,patientID) values("73","19644");
insert into PatientRoom(roomNumber,patientID) values("74","56452");
insert into PatientRoom(roomNumber,patientID) values("76","74236");
insert into PatientRoom(roomNumber,patientID) values("77","58608");
insert into PatientRoom(roomNumber,patientID) values("78","28611");
insert into PatientRoom(roomNumber,patientID) values("79","74517");
insert into PatientRoom(roomNumber,patientID) values("80","42669");
insert into PatientRoom(roomNumber,patientID) values("82","18896");
insert into PatientRoom(roomNumber,patientID) values("83","58608");
insert into PatientRoom(roomNumber,patientID) values("84","75668");
insert into PatientRoom(roomNumber,patientID) values("85","28286");
insert into PatientRoom(roomNumber,patientID) values("86","61517");
insert into PatientRoom(roomNumber,patientID) values("87","62567");
insert into PatientRoom(roomNumber,patientID) values("88","18637");
insert into PatientRoom(roomNumber,patientID) values("89","31790");
insert into PatientRoom(roomNumber,patientID) values("91","10166");
insert into PatientRoom(roomNumber,patientID) values("92","73509");
insert into PatientRoom(roomNumber,patientID) values("93","37086");
insert into PatientRoom(roomNumber,patientID) values("95","97456");
insert into PatientRoom(roomNumber,patientID) values("98","6388");
insert into PatientRoom(roomNumber,patientID) values("99","90152");
insert into OutPatient(patientID) values("145");
insert into OutPatient(patientID) values("1398");
insert into OutPatient(patientID) values("2427");
insert into OutPatient(patientID) values("3109");
insert into OutPatient(patientID) values("5938");
insert into OutPatient(patientID) values("6388");
insert into OutPatient(patientID) values("7557");
insert into OutPatient(patientID) values("7579");
insert into OutPatient(patientID) values("9483");
insert into OutPatient(patientID) values("10705");
insert into OutPatient(patientID) values("11581");
insert into OutPatient(patientID) values("14176");
insert into OutPatient(patientID) values("15819");
insert into OutPatient(patientID) values("15887");
insert into OutPatient(patientID) values("16115");
insert into OutPatient(patientID) values("17191");
insert into OutPatient(patientID) values("17346");
insert into OutPatient(patientID) values("17477");
insert into OutPatient(patientID) values("18352");
insert into OutPatient(patientID) values("18637");
insert into OutPatient(patientID) values("19644");
insert into OutPatient(patientID) values("19711");
insert into OutPatient(patientID) values("24390");
insert into OutPatient(patientID) values("24484");
insert into OutPatient(patientID) values("26222");
insert into OutPatient(patientID) values("26417");
insert into OutPatient(patientID) values("26779");
insert into OutPatient(patientID) values("26968");
insert into OutPatient(patientID) values("27216");
insert into OutPatient(patientID) values("27260");
insert into OutPatient(patientID) values("28286");
insert into OutPatient(patientID) values("28611");
insert into OutPatient(patientID) values("30135");
insert into OutPatient(patientID) values("30465");
insert into OutPatient(patientID) values("32031");
insert into OutPatient(patientID) values("32040");
insert into OutPatient(patientID) values("32445");
insert into OutPatient(patientID) values("34201");
insert into OutPatient(patientID) values("35608");
insert into OutPatient(patientID) values("39109");
insert into OutPatient(patientID) values("39251");
insert into OutPatient(patientID) values("39506");
insert into OutPatient(patientID) values("41335");
insert into OutPatient(patientID) values("42461");
insert into OutPatient(patientID) values("42669");
insert into OutPatient(patientID) values("43085");
insert into OutPatient(patientID) values("43364");
insert into OutPatient(patientID) values("43424");
insert into OutPatient(patientID) values("43804");
insert into OutPatient(patientID) values("46046");
insert into OutPatient(patientID) values("46588");
insert into OutPatient(patientID) values("46743");
insert into OutPatient(patientID) values("47729");
insert into OutPatient(patientID) values("48172");
insert into OutPatient(patientID) values("49483");
insert into OutPatient(patientID) values("49979");
insert into OutPatient(patientID) values("50251");
insert into OutPatient(patientID) values("54330");
insert into OutPatient(patientID) values("54844");
insert into OutPatient(patientID) values("55873");
insert into OutPatient(patientID) values("55943");
insert into OutPatient(patientID) values("57054");
insert into OutPatient(patientID) values("58608");
insert into OutPatient(patientID) values("61112");
insert into OutPatient(patientID) values("61438");
insert into OutPatient(patientID) values("61996");
insert into OutPatient(patientID) values("62246");
insert into OutPatient(patientID) values("63106");
insert into OutPatient(patientID) values("66070");
insert into OutPatient(patientID) values("69137");
insert into OutPatient(patientID) values("69595");
insert into OutPatient(patientID) values("70654");
insert into OutPatient(patientID) values("70795");
insert into OutPatient(patientID) values("71042");
insert into OutPatient(patientID) values("71855");
insert into OutPatient(patientID) values("72301");
insert into OutPatient(patientID) values("72329");
insert into OutPatient(patientID) values("72563");
insert into OutPatient(patientID) values("72631");
insert into OutPatient(patientID) values("73509");
insert into OutPatient(patientID) values("73733");
insert into OutPatient(patientID) values("73788");
insert into OutPatient(patientID) values("73925");
insert into OutPatient(patientID) values("74236");
insert into OutPatient(patientID) values("75012");
insert into OutPatient(patientID) values("75481");
insert into OutPatient(patientID) values("75668");
insert into OutPatient(patientID) values("77067");
insert into OutPatient(patientID) values("79701");
insert into OutPatient(patientID) values("80143");
insert into OutPatient(patientID) values("82567");
insert into OutPatient(patientID) values("82777");
insert into OutPatient(patientID) values("83417");
insert into OutPatient(patientID) values("84210");
insert into OutPatient(patientID) values("84369");
insert into OutPatient(patientID) values("85664");
insert into OutPatient(patientID) values("87673");
insert into OutPatient(patientID) values("87742");
insert into OutPatient(patientID) values("87994");
insert into OutPatient(patientID) values("88023");
insert into OutPatient(patientID) values("88074");
insert into OutPatient(patientID) values("88521");
insert into OutPatient(patientID) values("89136");
insert into OutPatient(patientID) values("89476");
insert into OutPatient(patientID) values("89495");
insert into OutPatient(patientID) values("90152");
insert into OutPatient(patientID) values("90194");
insert into OutPatient(patientID) values("91022");
insert into OutPatient(patientID) values("92995");
insert into OutPatient(patientID) values("93082");
insert into OutPatient(patientID) values("93203");
insert into OutPatient(patientID) values("97456");
insert into OutPatient(patientID) values("97659");
insert into OutPatient(patientID) values("98293");
insert into OutPatient(patientID) values("98393");
insert into OutPatient(patientID) values("98408");
insert into OutPatient(patientID) values("99386");
insert into OutPatient(patientID) values("99805");
insert into InPatient(patientID) values("1398");
insert into InPatient(patientID) values("1439");
insert into InPatient(patientID) values("2427");
insert into InPatient(patientID) values("4020");
insert into InPatient(patientID) values("5698");
insert into InPatient(patientID) values("5938");
insert into InPatient(patientID) values("6388");
insert into InPatient(patientID) values("6446");
insert into InPatient(patientID) values("7557");
insert into InPatient(patientID) values("7579");
insert into InPatient(patientID) values("9483");
insert into InPatient(patientID) values("10705");
insert into InPatient(patientID) values("11581");
insert into InPatient(patientID) values("12948");
insert into InPatient(patientID) values("13561");
insert into InPatient(patientID) values("15191");
insert into InPatient(patientID) values("15819");
insert into InPatient(patientID) values("15887");
insert into InPatient(patientID) values("16115");
insert into InPatient(patientID) values("17000");
insert into InPatient(patientID) values("17191");
insert into InPatient(patientID) values("17346");
insert into InPatient(patientID) values("17477");
insert into InPatient(patientID) values("18352");
insert into InPatient(patientID) values("18637");
insert into InPatient(patientID) values("22077");
insert into InPatient(patientID) values("22492");
insert into InPatient(patientID) values("26222");
insert into InPatient(patientID) values("26417");
insert into InPatient(patientID) values("26779");
insert into InPatient(patientID) values("26968");
insert into InPatient(patientID) values("27216");
insert into InPatient(patientID) values("27260");
insert into InPatient(patientID) values("29228");
insert into InPatient(patientID) values("29248");
insert into InPatient(patientID) values("30072");
insert into InPatient(patientID) values("30465");
insert into InPatient(patientID) values("31432");
insert into InPatient(patientID) values("31790");
insert into InPatient(patientID) values("32040");
insert into InPatient(patientID) values("32445");
insert into InPatient(patientID) values("32831");
insert into InPatient(patientID) values("35608");
insert into InPatient(patientID) values("37086");
insert into InPatient(patientID) values("39109");
insert into InPatient(patientID) values("39251");
insert into InPatient(patientID) values("39506");
insert into InPatient(patientID) values("39850");
insert into InPatient(patientID) values("40572");
insert into InPatient(patientID) values("42461");
insert into InPatient(patientID) values("42669");
insert into InPatient(patientID) values("43085");
insert into InPatient(patientID) values("43424");
insert into InPatient(patientID) values("43804");
insert into InPatient(patientID) values("45796");
insert into InPatient(patientID) values("46046");
insert into InPatient(patientID) values("46145");
insert into InPatient(patientID) values("46743");
insert into InPatient(patientID) values("47472");
insert into InPatient(patientID) values("47729");
insert into InPatient(patientID) values("48172");
insert into InPatient(patientID) values("48776");
insert into InPatient(patientID) values("49483");
insert into InPatient(patientID) values("49926");
insert into InPatient(patientID) values("50087");
insert into InPatient(patientID) values("50251");
insert into InPatient(patientID) values("53102");
insert into InPatient(patientID) values("53408");
insert into InPatient(patientID) values("54224");
insert into InPatient(patientID) values("54330");
insert into InPatient(patientID) values("54844");
insert into InPatient(patientID) values("55873");
insert into InPatient(patientID) values("57054");
insert into InPatient(patientID) values("58608");
insert into InPatient(patientID) values("59972");
insert into InPatient(patientID) values("61235");
insert into InPatient(patientID) values("61564");
insert into InPatient(patientID) values("61996");
insert into InPatient(patientID) values("62246");
insert into InPatient(patientID) values("62567");
insert into InPatient(patientID) values("63106");
insert into InPatient(patientID) values("64995");
insert into InPatient(patientID) values("65353");
insert into InPatient(patientID) values("65357");
insert into InPatient(patientID) values("65958");
insert into InPatient(patientID) values("66070");
insert into InPatient(patientID) values("69595");
insert into InPatient(patientID) values("71042");
insert into InPatient(patientID) values("72301");
insert into InPatient(patientID) values("72329");
insert into InPatient(patientID) values("72563");
insert into InPatient(patientID) values("72683");
insert into InPatient(patientID) values("73509");
insert into InPatient(patientID) values("73788");
insert into InPatient(patientID) values("73925");
insert into InPatient(patientID) values("74236");
insert into InPatient(patientID) values("74676");
insert into InPatient(patientID) values("75668");
insert into InPatient(patientID) values("77076");
insert into InPatient(patientID) values("78655");
insert into InPatient(patientID) values("78821");
insert into InPatient(patientID) values("79701");
insert into InPatient(patientID) values("80143");
insert into InPatient(patientID) values("81554");
insert into InPatient(patientID) values("82201");
insert into InPatient(patientID) values("82777");
insert into InPatient(patientID) values("84369");
insert into InPatient(patientID) values("85664");
insert into InPatient(patientID) values("86653");
insert into InPatient(patientID) values("87673");
insert into InPatient(patientID) values("87742");
insert into InPatient(patientID) values("87994");
insert into InPatient(patientID) values("88074");
insert into InPatient(patientID) values("88521");
insert into InPatient(patientID) values("89476");
insert into InPatient(patientID) values("89495");
insert into InPatient(patientID) values("90152");
insert into InPatient(patientID) values("90194");
insert into InPatient(patientID) values("91232");
insert into InPatient(patientID) values("91543");
insert into InPatient(patientID) values("92466");
insert into InPatient(patientID) values("93082");
insert into InPatient(patientID) values("93203");
insert into InPatient(patientID) values("94703");
insert into InPatient(patientID) values("96674");
insert into InPatient(patientID) values("97659");
insert into InPatient(patientID) values("98293");
insert into InPatient(patientID) values("98393");
insert into InPatient(patientID) values("98408");
insert into InPatient(patientID) values("99386");
insert into InPatient(patientID) values("99831");
insert into Nurse(employeeID,treatmentGiverID) values("35862","2374");
insert into Nurse(employeeID,treatmentGiverID) values("66681","3761");
insert into Nurse(employeeID,treatmentGiverID) values("30621","8515");
insert into Nurse(employeeID,treatmentGiverID) values("84288","9085");
insert into Nurse(employeeID,treatmentGiverID) values("78492","11790");
insert into Nurse(employeeID,treatmentGiverID) values("17332","13230");
insert into Nurse(employeeID,treatmentGiverID) values("49186","13347");
insert into Nurse(employeeID,treatmentGiverID) values("25885","13596");
insert into Nurse(employeeID,treatmentGiverID) values("34925","15199");
insert into Nurse(employeeID,treatmentGiverID) values("57781","15311");
insert into Nurse(employeeID,treatmentGiverID) values("28101","15541");
insert into Nurse(employeeID,treatmentGiverID) values("29473","16284");
insert into Nurse(employeeID,treatmentGiverID) values("97272","17709");
insert into Nurse(employeeID,treatmentGiverID) values("79810","19706");
insert into Nurse(employeeID,treatmentGiverID) values("97675","19813");
insert into Nurse(employeeID,treatmentGiverID) values("62899","19823");
insert into Nurse(employeeID,treatmentGiverID) values("40655","20850");
insert into Nurse(employeeID,treatmentGiverID) values("88402","21950");
insert into Nurse(employeeID,treatmentGiverID) values("67675","22656");
insert into Nurse(employeeID,treatmentGiverID) values("9566","25086");
insert into Nurse(employeeID,treatmentGiverID) values("25168","25396");
insert into Nurse(employeeID,treatmentGiverID) values("5779","31354");
insert into Nurse(employeeID,treatmentGiverID) values("23368","38124");
insert into Nurse(employeeID,treatmentGiverID) values("86769","39482");
insert into Nurse(employeeID,treatmentGiverID) values("99418","40014");
insert into Nurse(employeeID,treatmentGiverID) values("76557","44658");
insert into Nurse(employeeID,treatmentGiverID) values("97000","45755");
insert into Nurse(employeeID,treatmentGiverID) values("45946","45973");
insert into Nurse(employeeID,treatmentGiverID) values("85659","49274");
insert into Nurse(employeeID,treatmentGiverID) values("28116","52408");
insert into Nurse(employeeID,treatmentGiverID) values("54219","54824");
insert into Nurse(employeeID,treatmentGiverID) values("93355","55117");
insert into Nurse(employeeID,treatmentGiverID) values("95451","55382");
insert into Nurse(employeeID,treatmentGiverID) values("22680","60797");
insert into Nurse(employeeID,treatmentGiverID) values("31242","61374");
insert into Nurse(employeeID,treatmentGiverID) values("97843","61440");
insert into Nurse(employeeID,treatmentGiverID) values("40197","62566");
insert into Nurse(employeeID,treatmentGiverID) values("60478","65055");
insert into Nurse(employeeID,treatmentGiverID) values("97611","65693");
insert into Nurse(employeeID,treatmentGiverID) values("99088","68580");
insert into Nurse(employeeID,treatmentGiverID) values("9462","69724");
insert into Nurse(employeeID,treatmentGiverID) values("45840","70323");
insert into Nurse(employeeID,treatmentGiverID) values("98310","72283");
insert into Nurse(employeeID,treatmentGiverID) values("51327","74598");
insert into Nurse(employeeID,treatmentGiverID) values("73241","74728");
insert into Nurse(employeeID,treatmentGiverID) values("11427","76753");
insert into Nurse(employeeID,treatmentGiverID) values("32858","78983");
insert into Nurse(employeeID,treatmentGiverID) values("77189","80798");
insert into Nurse(employeeID,treatmentGiverID) values("94491","83278");
insert into Nurse(employeeID,treatmentGiverID) values("65753","83458");
insert into Nurse(employeeID,treatmentGiverID) values("5962","85418");
insert into Nurse(employeeID,treatmentGiverID) values("93650","91869");
insert into Nurse(employeeID,treatmentGiverID) values("89062","94384");
insert into Nurse(employeeID,treatmentGiverID) values("72934","96789");
insert into Nurse(employeeID,treatmentGiverID) values("69407","96897");
insert into Nurse(employeeID,treatmentGiverID) values("31948","98152");
insert into Doctor(employeeID,treatmentGiverID) values("94491","2374");
insert into Doctor(employeeID,treatmentGiverID) values("49186","2674");
insert into Doctor(employeeID,treatmentGiverID) values("49161","3761");
insert into Doctor(employeeID,treatmentGiverID) values("89062","7817");
insert into Doctor(employeeID,treatmentGiverID) values("86769","7941");
insert into Doctor(employeeID,treatmentGiverID) values("93355","8515");
insert into Doctor(employeeID,treatmentGiverID) values("31242","9085");
insert into Doctor(employeeID,treatmentGiverID) values("10011","10736");
insert into Doctor(employeeID,treatmentGiverID) values("36093","10843");
insert into Doctor(employeeID,treatmentGiverID) values("51039","10894");
insert into Doctor(employeeID,treatmentGiverID) values("22748","13230");
insert into Doctor(employeeID,treatmentGiverID) values("54219","13596");
insert into Doctor(employeeID,treatmentGiverID) values("72934","15541");
insert into Doctor(employeeID,treatmentGiverID) values("17332","17709");
insert into Doctor(employeeID,treatmentGiverID) values("62899","19813");
insert into Doctor(employeeID,treatmentGiverID) values("69388","19823");
insert into Doctor(employeeID,treatmentGiverID) values("49891","21950");
insert into Doctor(employeeID,treatmentGiverID) values("40655","22401");
insert into Doctor(employeeID,treatmentGiverID) values("98310","22656");
insert into Doctor(employeeID,treatmentGiverID) values("79810","25086");
insert into Doctor(employeeID,treatmentGiverID) values("65753","25193");
insert into Doctor(employeeID,treatmentGiverID) values("60408","25396");
insert into Doctor(employeeID,treatmentGiverID) values("93650","29038");
insert into Doctor(employeeID,treatmentGiverID) values("23368","31111");
insert into Doctor(employeeID,treatmentGiverID) values("28101","33782");
insert into Doctor(employeeID,treatmentGiverID) values("54720","35857");
insert into Doctor(employeeID,treatmentGiverID) values("2309","39482");
insert into Doctor(employeeID,treatmentGiverID) values("99088","39760");
insert into Doctor(employeeID,treatmentGiverID) values("25885","39840");
insert into Doctor(employeeID,treatmentGiverID) values("84","41128");
insert into Doctor(employeeID,treatmentGiverID) values("78492","44049");
insert into Doctor(employeeID,treatmentGiverID) values("76649","44557");
insert into Doctor(employeeID,treatmentGiverID) values("73241","44658");
insert into Doctor(employeeID,treatmentGiverID) values("40197","45755");
insert into Doctor(employeeID,treatmentGiverID) values("88402","45973");
insert into Doctor(employeeID,treatmentGiverID) values("97675","46615");
insert into Doctor(employeeID,treatmentGiverID) values("21701","49274");
insert into Doctor(employeeID,treatmentGiverID) values("35862","50494");
insert into Doctor(employeeID,treatmentGiverID) values("57781","55117");
insert into Doctor(employeeID,treatmentGiverID) values("66681","55997");
insert into Doctor(employeeID,treatmentGiverID) values("31948","60741");
insert into Doctor(employeeID,treatmentGiverID) values("5962","60797");
insert into Doctor(employeeID,treatmentGiverID) values("97000","61440");
insert into Doctor(employeeID,treatmentGiverID) values("95451","62566");
insert into Doctor(employeeID,treatmentGiverID) values("29581","67490");
insert into Doctor(employeeID,treatmentGiverID) values("5779","68580");
insert into Doctor(employeeID,treatmentGiverID) values("61834","69724");
insert into Doctor(employeeID,treatmentGiverID) values("67675","70736");
insert into Doctor(employeeID,treatmentGiverID) values("84288","71956");
insert into Doctor(employeeID,treatmentGiverID) values("45840","72283");
insert into Doctor(employeeID,treatmentGiverID) values("23044","74728");
insert into Doctor(employeeID,treatmentGiverID) values("99418","76753");
insert into Doctor(employeeID,treatmentGiverID) values("66410","77918");
insert into Doctor(employeeID,treatmentGiverID) values("85659","78983");
insert into Doctor(employeeID,treatmentGiverID) values("69407","80798");
insert into Doctor(employeeID,treatmentGiverID) values("95443","83278");
insert into Doctor(employeeID,treatmentGiverID) values("1839","83458");
insert into Doctor(employeeID,treatmentGiverID) values("97611","86009");
insert into Doctor(employeeID,treatmentGiverID) values("55964","89905");
insert into Doctor(employeeID,treatmentGiverID) values("12285","94384");
insert into Doctor(employeeID,treatmentGiverID) values("11427","96789");
insert into Doctor(employeeID,treatmentGiverID) values("85471","97331");
insert into Doctor(employeeID,treatmentGiverID) values("94793","97850");
insert into Cart(cartNumber,employeeID,cartDescription) values("151","23044","Reading Cart");
insert into Cart(cartNumber,employeeID,cartDescription) values("152","73241","Reading Cart");
insert into Cart(cartNumber,employeeID,cartDescription) values("153","9566","Reading Cart");
insert into Cart(cartNumber,employeeID,cartDescription) values("154","99418","Snack Cart");
insert into Cart(cartNumber,employeeID,cartDescription) values("155","5962","Snack Cart");
insert into Cart(cartNumber,employeeID,cartDescription) values("156","31242","Snack Cart");
insert into Cart(cartNumber,employeeID,cartDescription) values("157","23044","Reading Cart");
insert into Cart(cartNumber,employeeID,cartDescription) values("158","28116","Reading Cart");
insert into Cart(cartNumber,employeeID,cartDescription) values("159","49161","Snack Cart");
insert into Cart(cartNumber,employeeID,cartDescription) values("160","55601","Reading Cart");
insert into Cart(cartNumber,employeeID,cartDescription) values("161","57409","Snack Cart");
insert into Cart(cartNumber,employeeID,cartDescription) values("162","28116","Snack Cart");
insert into Cart(cartNumber,employeeID,cartDescription) values("163","93256","Snack Cart");
insert into Cart(cartNumber,employeeID,cartDescription) values("164","97272","Reading Cart");
insert into Cart(cartNumber,employeeID,cartDescription) values("165","62899","Reading Cart");
insert into Cart(cartNumber,employeeID,cartDescription) values("166","54219","Reading Cart");
insert into Cart(cartNumber,employeeID,cartDescription) values("167","49891","Snack Cart");
insert into Cart(cartNumber,employeeID,cartDescription) values("168","97272","Reading Cart");
insert into Cart(cartNumber,employeeID,cartDescription) values("169","93355","Snack Cart");
insert into AssignedTo(doctorID,patientID) values("84","66070");
insert into AssignedTo(doctorID,patientID) values("84","87994");
insert into AssignedTo(doctorID,patientID) values("84","99831");
insert into AssignedTo(doctorID,patientID) values("95451","145");
insert into AssignedTo(doctorID,patientID) values("11427","1398");
insert into AssignedTo(doctorID,patientID) values("1839","78655");
insert into AssignedTo(doctorID,patientID) values("21701","5698");
insert into AssignedTo(doctorID,patientID) values("2309","32831");
insert into AssignedTo(doctorID,patientID) values("2309","39506");
insert into AssignedTo(doctorID,patientID) values("2309","43364");
insert into AssignedTo(doctorID,patientID) values("2309","46712");
insert into AssignedTo(doctorID,patientID) values("2309","84534");
insert into AssignedTo(doctorID,patientID) values("23368","1398");
insert into AssignedTo(doctorID,patientID) values("25885","5698");
insert into AssignedTo(doctorID,patientID) values("31242","5938");
insert into AssignedTo(doctorID,patientID) values("40655","7557");
insert into AssignedTo(doctorID,patientID) values("51039","7579");
insert into AssignedTo(doctorID,patientID) values("54219","6446");
insert into AssignedTo(doctorID,patientID) values("55964","8546");
insert into AssignedTo(doctorID,patientID) values("57781","7579");
insert into AssignedTo(doctorID,patientID) values("5779","29228");
insert into AssignedTo(doctorID,patientID) values("5779","32031");
insert into AssignedTo(doctorID,patientID) values("5779","61517");
insert into AssignedTo(doctorID,patientID) values("5779","99386");
insert into AssignedTo(doctorID,patientID) values("5962","43085");
insert into AssignedTo(doctorID,patientID) values("60408","6185");
insert into AssignedTo(doctorID,patientID) values("61834","8546");
insert into AssignedTo(doctorID,patientID) values("65753","6388");
insert into AssignedTo(doctorID,patientID) values("73241","7579");
insert into AssignedTo(doctorID,patientID) values("85471","1398");
insert into AssignedTo(doctorID,patientID) values("95451","3303");
insert into AssignedTo(doctorID,patientID) values("95451","9483");
insert into AssignedTo(doctorID,patientID) values("97611","5698");
insert into AssignedTo(doctorID,patientID) values("97675","7557");
insert into AssignedTo(doctorID,patientID) values("10011","31001");
insert into AssignedTo(doctorID,patientID) values("11427","42461");
insert into AssignedTo(doctorID,patientID) values("12285","11823");
insert into AssignedTo(doctorID,patientID) values("12285","32167");
insert into AssignedTo(doctorID,patientID) values("12285","87673");
insert into AssignedTo(doctorID,patientID) values("12285","88753");
insert into AssignedTo(doctorID,patientID) values("12285","92995");
insert into AssignedTo(doctorID,patientID) values("17332","15887");
insert into AssignedTo(doctorID,patientID) values("17332","17311");
insert into AssignedTo(doctorID,patientID) values("17332","45796");
insert into AssignedTo(doctorID,patientID) values("17332","75012");
insert into AssignedTo(doctorID,patientID) values("17332","87994");
insert into AssignedTo(doctorID,patientID) values("21701","10166");
insert into AssignedTo(doctorID,patientID) values("21701","69595");
insert into AssignedTo(doctorID,patientID) values("22748","17311");
insert into AssignedTo(doctorID,patientID) values("22748","89136");
insert into AssignedTo(doctorID,patientID) values("22748","92995");
insert into AssignedTo(doctorID,patientID) values("23044","61564");
insert into AssignedTo(doctorID,patientID) values("23044","89495");
insert into AssignedTo(doctorID,patientID) values("23368","59972");
insert into AssignedTo(doctorID,patientID) values("23368","69137");
insert into AssignedTo(doctorID,patientID) values("23368","83417");
insert into AssignedTo(doctorID,patientID) values("28101","24484");
insert into AssignedTo(doctorID,patientID) values("28101","69494");
insert into AssignedTo(doctorID,patientID) values("28101","77067");
insert into AssignedTo(doctorID,patientID) values("28101","98393");
insert into AssignedTo(doctorID,patientID) values("29581","40572");
insert into AssignedTo(doctorID,patientID) values("29581","53102");
insert into AssignedTo(doctorID,patientID) values("31242","19644");
insert into AssignedTo(doctorID,patientID) values("31242","47472");
insert into AssignedTo(doctorID,patientID) values("31242","48172");
insert into AssignedTo(doctorID,patientID) values("31242","65353");
insert into AssignedTo(doctorID,patientID) values("31948","11581");
insert into AssignedTo(doctorID,patientID) values("31948","86653");
insert into AssignedTo(doctorID,patientID) values("35862","42461");
insert into AssignedTo(doctorID,patientID) values("35862","43364");
insert into AssignedTo(doctorID,patientID) values("35862","54844");
insert into AssignedTo(doctorID,patientID) values("35862","69595");
insert into AssignedTo(doctorID,patientID) values("36093","31432");
insert into AssignedTo(doctorID,patientID) values("36093","69137");
insert into AssignedTo(doctorID,patientID) values("40197","17477");
insert into AssignedTo(doctorID,patientID) values("40197","30072");
insert into AssignedTo(doctorID,patientID) values("40197","54330");
insert into AssignedTo(doctorID,patientID) values("40197","99386");
insert into AssignedTo(doctorID,patientID) values("98310","91232");
insert into AssignedTo(doctorID,patientID) values("61834","58608");
insert into AssignedTo(doctorID,patientID) values("97000","73788");
insert into AssignedTo(doctorID,patientID) values("60408","24390");
insert into AssignedTo(doctorID,patientID) values("94793","59972");
insert into AssignedTo(doctorID,patientID) values("61834","31790");
insert into AssignedTo(doctorID,patientID) values("76649","42461");
insert into AssignedTo(doctorID,patientID) values("99088","61517");
insert into AssignedTo(doctorID,patientID) values("57781","28611");
insert into AssignedTo(doctorID,patientID) values("93355","88521");
insert into AssignedTo(doctorID,patientID) values("49186","58319");
insert into AssignedTo(doctorID,patientID) values("61834","29248");
insert into AssignedTo(doctorID,patientID) values("84288","91232");
insert into AssignedTo(doctorID,patientID) values("79810","65353");
insert into AssignedTo(doctorID,patientID) values("73241","35608");
insert into AssignedTo(doctorID,patientID) values("49186","28286");
insert into AssignedTo(doctorID,patientID) values("57781","32167");
insert into AssignedTo(doctorID,patientID) values("95451","31001");
insert into AssignedTo(doctorID,patientID) values("60408","72683");
insert into AssignedTo(doctorID,patientID) values("98310","89136");
insert into AssignedTo(doctorID,patientID) values("99088","39850");
insert into AssignedTo(doctorID,patientID) values("49161","64995");
insert into AssignedTo(doctorID,patientID) values("99088","97659");
insert into AssignedTo(doctorID,patientID) values("99418","61112");
insert into AssignedTo(doctorID,patientID) values("57781","46712");
insert into AssignedTo(doctorID,patientID) values("61834","28286");
insert into AssignedTo(doctorID,patientID) values("84288","42461");
insert into AssignedTo(doctorID,patientID) values("76649","14176");
insert into AssignedTo(doctorID,patientID) values("89062","30072");
insert into AssignedTo(doctorID,patientID) values("49891","98393");
insert into AssignedTo(doctorID,patientID) values("95451","74236");
insert into AssignedTo(doctorID,patientID) values("98310","15819");
insert into AssignedTo(doctorID,patientID) values("94793","58319");
insert into AssignedTo(doctorID,patientID) values("99418","53102");
insert into AssignedTo(doctorID,patientID) values("99418","46712");
insert into AssignedTo(doctorID,patientID) values("57781","18896");
insert into AssignedTo(doctorID,patientID) values("54720","96674");
insert into AssignedTo(doctorID,patientID) values("89062","30465");
insert into AssignedTo(doctorID,patientID) values("51039","17311");
insert into AssignedTo(doctorID,patientID) values("51039","19644");
insert into AssignedTo(doctorID,patientID) values("97675","87673");
insert into AssignedTo(doctorID,patientID) values("67675","75668");
insert into AssignedTo(doctorID,patientID) values("97000","72683");
insert into AssignedTo(doctorID,patientID) values("55964","55570");
insert into AssignedTo(doctorID,patientID) values("69407","92466");
insert into AssignedTo(doctorID,patientID) values("51039","74676");
insert into AssignedTo(doctorID,patientID) values("51039","19711");
insert into AssignedTo(doctorID,patientID) values("85471","39850");
insert into AssignedTo(doctorID,patientID) values("76649","32031");
insert into AssignedTo(doctorID,patientID) values("85471","46712");
insert into AssignedTo(doctorID,patientID) values("97675","32031");
insert into AssignedTo(doctorID,patientID) values("97611","17346");
insert into AssignedTo(doctorID,patientID) values("61834","32031");
insert into AssignedTo(doctorID,patientID) values("97675","26779");
insert into AssignedTo(doctorID,patientID) values("94793","81554");
insert into AssignedTo(doctorID,patientID) values("49891","80143");
insert into AssignedTo(doctorID,patientID) values("94491","88023");
insert into AssignedTo(doctorID,patientID) values("76649","72563");
insert into AssignedTo(doctorID,patientID) values("69407","15191");
insert into AssignedTo(doctorID,patientID) values("99088","69137");
insert into AssignedTo(doctorID,patientID) values("61834","65357");
insert into AssignedTo(doctorID,patientID) values("95451","14176");
insert into AssignedTo(doctorID,patientID) values("95451","65357");
insert into AssignedTo(doctorID,patientID) values("94793","82567");
insert into AssignedTo(doctorID,patientID) values("69407","17477");
insert into AssignedTo(doctorID,patientID) values("99088","17311");
insert into AssignedTo(doctorID,patientID) values("69388","87994");
insert into AssignedTo(doctorID,patientID) values("65753","62567");
insert into AssignedTo(doctorID,patientID) values("66681","41335");
insert into AssignedTo(doctorID,patientID) values("62899","89495");
insert into AssignedTo(doctorID,patientID) values("89062","98408");
insert into AssignedTo(doctorID,patientID) values("67675","28286");
insert into AssignedTo(doctorID,patientID) values("79810","84210");
insert into AssignedTo(doctorID,patientID) values("93355","92750");
insert into AssignedTo(doctorID,patientID) values("97000","98408");
insert into AssignedTo(doctorID,patientID) values("98310","70795");
insert into AssignedTo(doctorID,patientID) values("67675","49483");
insert into AssignedTo(doctorID,patientID) values("66681","62711");
insert into AssignedTo(doctorID,patientID) values("84288","15191");
insert into AssignedTo(doctorID,patientID) values("85471","65958");
insert into AssignedTo(doctorID,patientID) values("76649","45388");
insert into AssignedTo(doctorID,patientID) values("76649","24484");
insert into AssignedTo(doctorID,patientID) values("51039","49483");
insert into AssignedTo(doctorID,patientID) values("66681","62246");
insert into AssignedTo(doctorID,patientID) values("89062","45388");
insert into AssignedTo(doctorID,patientID) values("51039","75668");
insert into AssignedTo(doctorID,patientID) values("49161","17346");
insert into AssignedTo(doctorID,patientID) values("99418","18352");
insert into AssignedTo(doctorID,patientID) values("76649","65357");
insert into AssignedTo(doctorID,patientID) values("86769","63106");
insert into AssignedTo(doctorID,patientID) values("94793","32040");
insert into AssignedTo(doctorID,patientID) values("98310","26779");
insert into AssignedTo(doctorID,patientID) values("66681","53408");
insert into AssignedTo(doctorID,patientID) values("95443","79321");
insert into AssignedTo(doctorID,patientID) values("98310","78821");
insert into AssignedTo(doctorID,patientID) values("99418","64995");
insert into AssignedTo(doctorID,patientID) values("69407","61987");
insert into AssignedTo(doctorID,patientID) values("49891","59972");
insert into AssignedTo(doctorID,patientID) values("60408","12948");
insert into AssignedTo(doctorID,patientID) values("49161","37295");
insert into AssignedTo(doctorID,patientID) values("94491","28555");
insert into AssignedTo(doctorID,patientID) values("93650","78821");
insert into AssignedTo(doctorID,patientID) values("62899","42669");
insert into AssignedTo(doctorID,patientID) values("93355","61564");
insert into AssignedTo(doctorID,patientID) values("72934","88074");
insert into AssignedTo(doctorID,patientID) values("55964","42461");
insert into AssignedTo(doctorID,patientID) values("97611","72563");
insert into AssignedTo(doctorID,patientID) values("97675","55873");
insert into AssignedTo(doctorID,patientID) values("69407","59972");
insert into AssignedTo(doctorID,patientID) values("97675","72683");
insert into AssignedTo(doctorID,patientID) values("95451","31790");
insert into AssignedTo(doctorID,patientID) values("79810","49926");
insert into AssignedTo(doctorID,patientID) values("89062","15813");
insert into AssignedTo(doctorID,patientID) values("73241","30072");
insert into AssignedTo(doctorID,patientID) values("79810","17477");
insert into AssignedTo(doctorID,patientID) values("67675","42669");
insert into AssignedTo(doctorID,patientID) values("69388","93246");
insert into AssignedTo(doctorID,patientID) values("76649","48776");
insert into AssignedTo(doctorID,patientID) values("76649","19711");
insert into AssignedTo(doctorID,patientID) values("62899","99805");
insert into Admits(employeeID,patientID,timeAdmitted) values("35862","26968","2015-04-17T18:51:17.000Z");
insert into Admits(employeeID,patientID,timeAdmitted) values("28101","3303","2014-01-03T21:48:32.000Z");
insert into Admits(employeeID,patientID,timeAdmitted) values("40197","32031","2016-10-04T11:37:22.000Z");
insert into Admits(employeeID,patientID,timeAdmitted) values("66410","18637","2014-01-21T19:41:34.000Z");
insert into Admits(employeeID,patientID,timeAdmitted) values("51039","89136","2014-01-18T16:51:26.000Z");
insert into Admits(employeeID,patientID,timeAdmitted) values("97611","46145","2016-08-08T16:41:09.000Z");
insert into Admits(employeeID,patientID,timeAdmitted) values("93650","15813","2016-12-21T17:20:25.000Z");
insert into Admits(employeeID,patientID,timeAdmitted) values("28101","79321","2016-04-15T06:43:20.000Z");
insert into Admits(employeeID,patientID,timeAdmitted) values("84","65958","2015-08-03T00:27:17.000Z");
insert into Admits(employeeID,patientID,timeAdmitted) values("28116","48776","2014-01-07T20:29:19.000Z");
insert into Admits(employeeID,patientID,timeAdmitted) values("40655","72329","2015-03-05T20:13:54.000Z");
insert into Admits(employeeID,patientID,timeAdmitted) values("48451","3109","2014-01-21T10:00:39.000Z");
insert into Admits(employeeID,patientID,timeAdmitted) values("78492","73925","2015-06-23T13:46:24.000Z");
insert into Admits(employeeID,patientID,timeAdmitted) values("43081","39109","2015-09-18T05:58:16.000Z");
insert into Admits(employeeID,patientID,timeAdmitted) values("28101","82777","2015-04-27T14:57:59.000Z");
insert into Admits(employeeID,patientID,timeAdmitted) values("36093","15819","2016-12-10T15:27:02.000Z");
insert into Admits(employeeID,patientID,timeAdmitted) values("21005","29228","2015-04-01T22:04:05.000Z");
insert into Admits(employeeID,patientID,timeAdmitted) values("12285","72631","2016-02-05T18:38:41.000Z");
insert into Admits(employeeID,patientID,timeAdmitted) values("5962","70654","2015-12-18T03:14:46.000Z");
insert into Admits(employeeID,patientID,timeAdmitted) values("55601","46046","2015-06-01T02:43:04.000Z");
insert into Admits(employeeID,patientID,timeAdmitted) values("89062","2427","2014-01-13T08:35:08.000Z");
insert into Admits(employeeID,patientID,timeAdmitted) values("25168","98408","2014-01-27T11:54:10.000Z");
insert into Admits(employeeID,patientID,timeAdmitted) values("9462","61996","2014-01-11T14:45:47.000Z");
insert into Admits(employeeID,patientID,timeAdmitted) values("5779","79321","2014-01-19T21:13:59.000Z");
insert into Admits(employeeID,patientID,timeAdmitted) values("10065","32031","2016-04-03T08:48:28.000Z");
insert into Admits(employeeID,patientID,timeAdmitted) values("67675","74517","2015-11-23T00:17:43.000Z");
insert into Admits(employeeID,patientID,timeAdmitted) values("34925","7579","2016-04-06T02:42:21.000Z");
insert into Admits(employeeID,patientID,timeAdmitted) values("45840","4020","2014-01-10T01:04:38.000Z");
insert into Admits(employeeID,patientID,timeAdmitted) values("29473","15819","2014-01-19T11:47:35.000Z");
insert into Admits(employeeID,patientID,timeAdmitted) values("51327","70654","2016-01-08T10:31:22.000Z");
insert into Admits(employeeID,patientID,timeAdmitted) values("85471","72563","2015-01-18T01:15:51.000Z");
insert into Admits(employeeID,patientID,timeAdmitted) values("9566","98293","2016-03-01T15:46:35.000Z");
insert into Admits(employeeID,patientID,timeAdmitted) values("28409","11823","2016-12-03T09:11:28.000Z");
insert into Admits(employeeID,patientID,timeAdmitted) values("73241","26417","2014-01-26T10:12:24.000Z");
insert into Admits(employeeID,patientID,timeAdmitted) values("55601","88023","2016-12-25T01:28:54.000Z");
insert into Admits(employeeID,patientID,timeAdmitted) values("76649","54224","2014-01-13T17:34:29.000Z");
insert into Admits(employeeID,patientID,timeAdmitted) values("93650","22077","2016-12-27T23:26:55.000Z");
insert into Admits(employeeID,patientID,timeAdmitted) values("34925","30072","2016-12-19T17:30:25.000Z");
insert into Admits(employeeID,patientID,timeAdmitted) values("294","66070","2015-11-25T04:18:24.000Z");
insert into Admits(employeeID,patientID,timeAdmitted) values("35862","19711","2016-09-15T21:52:43.000Z");
insert into Admits(employeeID,patientID,timeAdmitted) values("2464","43364","2014-01-27T22:15:42.000Z");
insert into Admits(employeeID,patientID,timeAdmitted) values("55964","28555","2014-01-07T01:58:53.000Z");
insert into Admits(employeeID,patientID,timeAdmitted) values("2309","17477","2016-05-08T11:42:52.000Z");
insert into Admits(employeeID,patientID,timeAdmitted) values("31242","49483","2015-11-01T05:11:22.000Z");
insert into Admits(employeeID,patientID,timeAdmitted) values("49186","15887","2015-12-27T20:35:44.000Z");
insert into Admits(employeeID,patientID,timeAdmitted) values("93256","50251","2016-02-14T14:01:49.000Z");
insert into Admits(employeeID,patientID,timeAdmitted) values("6704","17191","2016-01-18T08:47:17.000Z");
insert into Admits(employeeID,patientID,timeAdmitted) values("62899","28555","2015-05-13T09:45:40.000Z");
insert into Admits(employeeID,patientID,timeAdmitted) values("97611","6185","2016-11-16T17:46:06.000Z");
insert into Admits(employeeID,patientID,timeAdmitted) values("22680","26417","2014-01-11T05:05:25.000Z");
insert into Admits(employeeID,patientID,timeAdmitted) values("72934","72631","2015-11-17T17:57:09.000Z");
insert into Admits(employeeID,patientID,timeAdmitted) values("29473","93203","2016-12-04T08:37:45.000Z");
insert into Admits(employeeID,patientID,timeAdmitted) values("66681","73925","2015-05-17T14:17:26.000Z");
insert into Admits(employeeID,patientID,timeAdmitted) values("61834","24484","2015-04-17T10:01:37.000Z");
insert into Admits(employeeID,patientID,timeAdmitted) values("73241","30135","2016-12-24T06:46:06.000Z");
insert into Admits(employeeID,patientID,timeAdmitted) values("34925","96674","2016-11-18T06:25:33.000Z");
insert into Admits(employeeID,patientID,timeAdmitted) values("19323","43364","2015-10-27T03:26:53.000Z");
insert into Admits(employeeID,patientID,timeAdmitted) values("66410","15813","2016-10-01T16:16:45.000Z");
insert into Admits(employeeID,patientID,timeAdmitted) values("97611","22492","2016-12-08T09:38:42.000Z");
insert into Admits(employeeID,patientID,timeAdmitted) values("29581","15813","2016-01-07T00:10:15.000Z");
insert into Admits(employeeID,patientID,timeAdmitted) values("55601","85664","2016-02-29T10:42:44.000Z");
insert into Admits(employeeID,patientID,timeAdmitted) values("76557","87994","2016-12-07T08:57:02.000Z");
insert into Admits(employeeID,patientID,timeAdmitted) values("21005","92750","2015-07-11T15:17:01.000Z");
insert into Admits(employeeID,patientID,timeAdmitted) values("28101","49926","2016-11-03T07:20:32.000Z");
insert into Admits(employeeID,patientID,timeAdmitted) values("10065","37086","2016-09-17T05:48:38.000Z");
insert into Admits(employeeID,patientID,timeAdmitted) values("22680","17000","2016-05-01T12:35:56.000Z");
insert into Admits(employeeID,patientID,timeAdmitted) values("98310","78655","2014-01-17T16:12:25.000Z");
insert into Admits(employeeID,patientID,timeAdmitted) values("34496","62567","2016-03-09T05:33:12.000Z");
insert into Admits(employeeID,patientID,timeAdmitted) values("10065","72301","2016-09-28T03:01:36.000Z");
insert into Admits(employeeID,patientID,timeAdmitted) values("95451","61235","2014-12-31T09:11:15.000Z");
insert into Admits(employeeID,patientID,timeAdmitted) values("88402","61438","2016-04-04T10:57:41.000Z");
insert into Admits(employeeID,patientID,timeAdmitted) values("69388","61996","2016-06-15T03:06:37.000Z");
insert into Admits(employeeID,patientID,timeAdmitted) values("66410","69595","2016-10-02T20:22:56.000Z");
insert into Admits(employeeID,patientID,timeAdmitted) values("12285","73733","2016-12-17T04:12:48.000Z");
insert into Admits(employeeID,patientID,timeAdmitted) values("5813","15191","2015-08-14T18:11:26.000Z");
insert into Admits(employeeID,patientID,timeAdmitted) values("5813","32031","2016-11-18T23:22:08.000Z");
insert into Admits(employeeID,patientID,timeAdmitted) values("84288","53408","2016-11-16T19:40:00.000Z");
insert into Admits(employeeID,patientID,timeAdmitted) values("35862","73788","2016-09-04T19:59:54.000Z");
insert into Admits(employeeID,patientID,timeAdmitted) values("98310","61438","2015-08-23T08:26:35.000Z");
insert into Admits(employeeID,patientID,timeAdmitted) values("12285","29228","2016-12-21T00:53:00.000Z");
insert into Admits(employeeID,patientID,timeAdmitted) values("93256","85664","2016-12-17T09:31:47.000Z");
insert into Admits(employeeID,patientID,timeAdmitted) values("45946","61564","2016-08-13T11:05:57.000Z");
insert into Admits(employeeID,patientID,timeAdmitted) values("84","79701","2016-12-06T15:51:29.000Z");
insert into Admits(employeeID,patientID,timeAdmitted) values("23044","61112","2016-08-04T23:02:05.000Z");
insert into Admits(employeeID,patientID,timeAdmitted) values("55601","46712","2016-12-02T05:51:29.000Z");
insert into Admits(employeeID,patientID,timeAdmitted) values("89062","72683","2016-10-24T01:24:17.000Z");
insert into Admits(employeeID,patientID,timeAdmitted) values("294","32445","2016-07-25T06:06:16.000Z");
insert into Admits(employeeID,patientID,timeAdmitted) values("23044","57054","2016-11-09T13:17:09.000Z");
insert into Admits(employeeID,patientID,timeAdmitted) values("51039","98293","2016-11-09T10:16:56.000Z");
insert into Admits(employeeID,patientID,timeAdmitted) values("6704","8546","2016-11-10T18:02:36.000Z");
insert into Admits(employeeID,patientID,timeAdmitted) values("21005","72683","2016-08-19T17:53:46.000Z");
insert into Admits(employeeID,patientID,timeAdmitted) values("99418","5698","2016-11-15T21:16:32.000Z");
insert into Admits(employeeID,patientID,timeAdmitted) values("61834","99805","2016-06-11T22:26:27.000Z");
insert into Admits(employeeID,patientID,timeAdmitted) values("5779","47729","2016-12-17T02:35:37.000Z");
insert into Admits(employeeID,patientID,timeAdmitted) values("94793","99386","2014-01-03T08:48:05.000Z");
insert into Admits(employeeID,patientID,timeAdmitted) values("49186","75668","2016-12-02T12:12:43.000Z");
insert into Admits(employeeID,patientID,timeAdmitted) values("10065","75668","2016-11-05T21:59:19.000Z");
insert into Admits(employeeID,patientID,timeAdmitted) values("51327","67339","2016-11-17T14:58:26.000Z");
insert into Admits(employeeID,patientID,timeAdmitted) values("5962","10705","2016-03-21T02:58:12.000Z");
insert into Admits(employeeID,patientID,timeAdmitted) values("30621","98408","2015-11-26T08:12:39.000Z");
insert into Admits(employeeID,patientID,timeAdmitted) values("10065","48172","2016-10-09T03:49:33.000Z");
insert into Admits(employeeID,patientID,timeAdmitted) values("93355","32445","2016-03-05T15:30:23.000Z");
insert into Admits(employeeID,patientID,timeAdmitted) values("49891","99386","2014-01-06T19:54:40.000Z");
insert into Admits(employeeID,patientID,timeAdmitted) values("35862","98293","2016-04-05T12:24:41.000Z");
insert into Admits(employeeID,patientID,timeAdmitted) values("97675","71855","2015-02-17T05:44:33.000Z");
insert into Admits(employeeID,patientID,timeAdmitted) values("19819","26968","2014-01-16T22:27:52.000Z");
insert into Admits(employeeID,patientID,timeAdmitted) values("99418","12948","2016-12-27T08:16:45.000Z");
insert into Admits(employeeID,patientID,timeAdmitted) values("21701","22778","2014-01-13T15:46:14.000Z");
insert into Admits(employeeID,patientID,timeAdmitted) values("69388","86653","2016-12-23T02:10:57.000Z");
insert into Admits(employeeID,patientID,timeAdmitted) values("28116","50787","2016-05-05T17:09:34.000Z");
insert into Admits(employeeID,patientID,timeAdmitted) values("34925","18637","2016-12-11T18:16:42.000Z");
insert into Admits(employeeID,patientID,timeAdmitted) values("60478","73925","2016-06-10T07:45:35.000Z");
insert into Admits(employeeID,patientID,timeAdmitted) values("45840","14176","2016-11-03T18:43:26.000Z");
insert into Admits(employeeID,patientID,timeAdmitted) values("65753","97659","2014-01-01T16:16:15.000Z");
insert into Admits(employeeID,patientID,timeAdmitted) values("10065","79321","2016-11-22T16:34:51.000Z");
insert into Admits(employeeID,patientID,timeAdmitted) values("95443","69137","2016-12-17T21:06:37.000Z");
insert into Admits(employeeID,patientID,timeAdmitted) values("76557","42669","2016-12-28T03:55:34.000Z");
insert into Admits(employeeID,patientID,timeAdmitted) values("84","58319","2016-12-25T08:51:15.000Z");
insert into Admits(employeeID,patientID,timeAdmitted) values("87939","48172","2016-02-17T00:55:43.000Z");
insert into Admits(employeeID,patientID,timeAdmitted) values("6704","27216","2016-12-10T21:09:51.000Z");
insert into Admits(employeeID,patientID,timeAdmitted) values("54219","43424","2014-01-03T02:50:38.000Z");
insert into Admits(employeeID,patientID,timeAdmitted) values("95451","92750","2016-08-15T03:20:57.000Z");
insert into Admits(employeeID,patientID,timeAdmitted) values("69407","22492","2014-01-16T11:42:28.000Z");
insert into Admits(employeeID,patientID,timeAdmitted) values("10065","91543","2016-12-04T05:18:28.000Z");
insert into Admits(employeeID,patientID,timeAdmitted) values("48958","81554","2014-01-27T16:25:49.000Z");
insert into Admits(employeeID,patientID,timeAdmitted) values("93256","17000","2016-11-02T17:13:34.000Z");
insert into Admits(employeeID,patientID,timeAdmitted) values("57409","46145","2014-01-20T03:56:27.000Z");
insert into Admits(employeeID,patientID,timeAdmitted) values("72934","77076","2016-03-09T08:43:45.000Z");
insert into Admits(employeeID,patientID,timeAdmitted) values("9462","98408","2016-08-26T06:31:53.000Z");
insert into Admits(employeeID,patientID,timeAdmitted) values("29473","19644","2016-09-26T22:41:52.000Z");
insert into Admits(employeeID,patientID,timeAdmitted) values("23044","86653","2016-10-01T08:19:53.000Z");
insert into Admits(employeeID,patientID,timeAdmitted) values("22748","18352","2015-10-24T05:04:16.000Z");
insert into Admits(employeeID,patientID,timeAdmitted) values("34496","91232","2016-12-24T04:22:57.000Z");
insert into Admits(employeeID,patientID,timeAdmitted) values("9368","97456","2016-03-08T22:08:56.000Z");
insert into Admits(employeeID,patientID,timeAdmitted) values("55601","72631","2016-06-27T13:43:00.000Z");
insert into Admits(employeeID,patientID,timeAdmitted) values("54720","73632","2016-09-16T01:17:30.000Z");
insert into Admits(employeeID,patientID,timeAdmitted) values("294","7579","2016-05-09T17:39:55.000Z");
insert into Admits(employeeID,patientID,timeAdmitted) values("2464","85664","2016-11-14T01:37:56.000Z");
insert into Admits(employeeID,patientID,timeAdmitted) values("12285","65357","2016-12-18T09:49:49.000Z");
insert into Admits(employeeID,patientID,timeAdmitted) values("19819","14176","2016-08-27T11:23:19.000Z");
insert into Admits(employeeID,patientID,timeAdmitted) values("5779","85664","2016-07-21T22:46:32.000Z");
insert into Admits(employeeID,patientID,timeAdmitted) values("77189","34201","2015-03-27T05:25:17.000Z");
insert into Admits(employeeID,patientID,timeAdmitted) values("19323","74676","2016-12-01T19:36:12.000Z");
insert into Admits(employeeID,patientID,timeAdmitted) values("40655","7557","2015-07-24T04:11:04.000Z");
insert into Admits(employeeID,patientID,timeAdmitted) values("43081","5698","2016-12-12T05:26:03.000Z");
insert into Admits(employeeID,patientID,timeAdmitted) values("97000","17000","2015-01-22T05:58:05.000Z");
insert into Admits(employeeID,patientID,timeAdmitted) values("294","62711","2016-06-19T15:59:03.000Z");
insert into Admits(employeeID,patientID,timeAdmitted) values("60714","19644","2014-01-15T17:45:59.000Z");
insert into Admits(employeeID,patientID,timeAdmitted) values("31242","12948","2016-10-17T18:20:38.000Z");
insert into Admits(employeeID,patientID,timeAdmitted) values("31242","54224","2016-10-20T17:25:27.000Z");
insert into Admits(employeeID,patientID,timeAdmitted) values("76649","80143","2015-04-22T19:30:06.000Z");
insert into Admits(employeeID,patientID,timeAdmitted) values("40197","92995","2016-11-14T22:22:28.000Z");
insert into Admits(employeeID,patientID,timeAdmitted) values("32858","28286","2015-02-15T10:15:51.000Z");
insert into Admits(employeeID,patientID,timeAdmitted) values("76557","99805","2016-12-18T05:53:25.000Z");
insert into Admits(employeeID,patientID,timeAdmitted) values("43081","31790","2016-12-08T17:35:18.000Z");
insert into Admits(employeeID,patientID,timeAdmitted) values("25168","69137","2015-04-25T14:16:14.000Z");
insert into Admits(employeeID,patientID,timeAdmitted) values("60714","46588","2016-12-13T11:45:02.000Z");
insert into Admits(employeeID,patientID,timeAdmitted) values("69407","15887","2014-01-27T13:04:22.000Z");
insert into Admits(employeeID,patientID,timeAdmitted) values("48451","75481","2015-05-15T00:49:54.000Z");
insert into Admits(employeeID,patientID,timeAdmitted) values("73241","53408","2016-12-27T14:42:37.000Z");
insert into Admits(employeeID,patientID,timeAdmitted) values("40197","88074","2016-12-06T18:52:35.000Z");
insert into Admits(employeeID,patientID,timeAdmitted) values("28116","15191","2016-04-07T11:19:50.000Z");
insert into Admits(employeeID,patientID,timeAdmitted) values("98310","43085","2015-06-05T17:31:14.000Z");
insert into Admits(employeeID,patientID,timeAdmitted) values("97000","74517","2016-11-28T04:30:36.000Z");
insert into Admits(employeeID,patientID,timeAdmitted) values("10011","83417","2014-01-13T16:04:20.000Z");
insert into Admits(employeeID,patientID,timeAdmitted) values("40197","50787","2016-11-28T05:18:23.000Z");
insert into Admits(employeeID,patientID,timeAdmitted) values("23368","17191","2016-11-04T13:51:56.000Z");
insert into Admits(employeeID,patientID,timeAdmitted) values("12285","31790","2016-12-24T02:23:53.000Z");
insert into Admits(employeeID,patientID,timeAdmitted) values("69407","22778","2014-01-23T21:50:00.000Z");
insert into Admits(employeeID,patientID,timeAdmitted) values("40655","7557","2016-02-15T14:31:26.000Z");
insert into Admits(employeeID,patientID,timeAdmitted) values("86769","98408","2016-12-09T20:38:55.000Z");
insert into Admits(employeeID,patientID,timeAdmitted) values("54219","24390","2015-04-15T23:21:18.000Z");
insert into Admits(employeeID,patientID,timeAdmitted) values("17332","26779","2014-01-19T23:27:45.000Z");
insert into Admits(employeeID,patientID,timeAdmitted) values("19323","4020","2016-12-03T19:59:29.000Z");
insert into Admits(employeeID,patientID,timeAdmitted) values("43081","5938","2016-12-08T00:57:45.000Z");
insert into Admits(employeeID,patientID,timeAdmitted) values("29581","16115","2016-12-09T15:18:58.000Z");
insert into Admits(employeeID,patientID,timeAdmitted) values("29473","17346","2016-04-04T22:19:52.000Z");
insert into Admits(employeeID,patientID,timeAdmitted) values("97611","32445","2016-12-15T09:42:34.000Z");
insert into Admits(employeeID,patientID,timeAdmitted) values("294","50087","2016-02-27T13:32:45.000Z");
insert into Admits(employeeID,patientID,timeAdmitted) values("29581","10705","2016-11-20T09:56:51.000Z");
insert into Admits(employeeID,patientID,timeAdmitted) values("22748","54844","2016-12-11T16:02:42.000Z");
insert into Admits(employeeID,patientID,timeAdmitted) values("55601","5938","2016-09-20T14:43:16.000Z");
insert into Admits(employeeID,patientID,timeAdmitted) values("29473","17346","2016-10-26T23:41:39.000Z");
insert into Admits(employeeID,patientID,timeAdmitted) values("28409","30072","2016-12-27T03:16:16.000Z");
insert into Admits(employeeID,patientID,timeAdmitted) values("87939","98408","2016-06-21T19:44:16.000Z");
insert into Admits(employeeID,patientID,timeAdmitted) values("9566","8546","2016-12-19T15:46:01.000Z");
insert into Admits(employeeID,patientID,timeAdmitted) values("31948","74676","2015-04-22T09:05:44.000Z");
insert into Admits(employeeID,patientID,timeAdmitted) values("43081","89476","2016-11-06T15:46:44.000Z");
insert into Admits(employeeID,patientID,timeAdmitted) values("294","10705","2016-06-15T23:34:18.000Z");
insert into Admits(employeeID,patientID,timeAdmitted) values("85659","26222","2014-01-12T04:59:19.000Z");
insert into Admits(employeeID,patientID,timeAdmitted) values("2464","7557","2016-08-27T17:16:03.000Z");
insert into Admits(employeeID,patientID,timeAdmitted) values("17332","79321","2015-12-01T12:22:02.000Z");
insert into Admits(employeeID,patientID,timeAdmitted) values("40197","88023","2016-11-23T02:12:52.000Z");
insert into Admits(employeeID,patientID,timeAdmitted) values("85471","87742","2016-11-15T18:45:02.000Z");
insert into Admits(employeeID,patientID,timeAdmitted) values("98310","55943","2014-01-22T08:45:53.000Z");
insert into Admits(employeeID,patientID,timeAdmitted) values("23368","15191","2016-11-19T05:55:48.000Z");
insert into Admits(employeeID,patientID,timeAdmitted) values("67675","11652","2016-07-14T17:53:43.000Z");
insert into Admits(employeeID,patientID,timeAdmitted) values("95443","82777","2016-12-27T02:17:09.000Z");
insert into Admits(employeeID,patientID,timeAdmitted) values("69407","22077","2015-03-27T08:02:12.000Z");
insert into Admits(employeeID,patientID,timeAdmitted) values("5962","47729","2016-03-16T11:28:55.000Z");
insert into Administers(treatmentGiverID,patientID,treatmentID,timeAdministered) values("9085","70795","16774","2016-05-01T13:47:25.000Z");
insert into Administers(treatmentGiverID,patientID,treatmentID,timeAdministered) values("7817","43085","16774","2014-01-14T02:42:39.000Z");
insert into Administers(treatmentGiverID,patientID,treatmentID,timeAdministered) values("62566","69137","16774","2015-04-13T21:08:58.000Z");
insert into Administers(treatmentGiverID,patientID,treatmentID,timeAdministered) values("41128","10166","16774","2014-01-26T22:21:42.000Z");
insert into Administers(treatmentGiverID,patientID,treatmentID,timeAdministered) values("2674","82567","16774","2014-01-16T12:48:05.000Z");
insert into Administers(treatmentGiverID,patientID,treatmentID,timeAdministered) values("78983","89495","16774","2015-07-07T13:07:35.000Z");
insert into Administers(treatmentGiverID,patientID,treatmentID,timeAdministered) values("18096","67339","16774","2016-04-22T00:11:45.000Z");
insert into Administers(treatmentGiverID,patientID,treatmentID,timeAdministered) values("39365","91543","16774","2014-01-24T16:35:59.000Z");
insert into Administers(treatmentGiverID,patientID,treatmentID,timeAdministered) values("18096","99386","16774","2016-03-23T00:36:28.000Z");
insert into Administers(treatmentGiverID,patientID,treatmentID,timeAdministered) values("45973","13561","16774","2015-01-11T06:22:39.000Z");
insert into Administers(treatmentGiverID,patientID,treatmentID,timeAdministered) values("44557","70654","16774","2014-01-15T08:20:37.000Z");
insert into Administers(treatmentGiverID,patientID,treatmentID,timeAdministered) values("4833","73733","16774","2014-01-02T15:50:24.000Z");
insert into Administers(treatmentGiverID,patientID,treatmentID,timeAdministered) values("83458","17191","16774","2014-01-23T12:01:29.000Z");
insert into Administers(treatmentGiverID,patientID,treatmentID,timeAdministered) values("86610","89136","16774","2015-03-14T19:49:34.000Z");
insert into Administers(treatmentGiverID,patientID,treatmentID,timeAdministered) values("18096","71855","16774","2016-08-09T10:09:33.000Z");
insert into Administers(treatmentGiverID,patientID,treatmentID,timeAdministered) values("21950","29248","16774","2014-01-19T07:29:53.000Z");
insert into Administers(treatmentGiverID,patientID,treatmentID,timeAdministered) values("9085","32831","16774","2014-01-26T09:55:39.000Z");
insert into Administers(treatmentGiverID,patientID,treatmentID,timeAdministered) values("22401","22778","16774","2014-01-10T03:42:53.000Z");
insert into Administers(treatmentGiverID,patientID,treatmentID,timeAdministered) values("49274","59972","16774","2015-05-20T13:18:58.000Z");
insert into Administers(treatmentGiverID,patientID,treatmentID,timeAdministered) values("10040","74236","16774","2015-11-10T04:47:28.000Z");
insert into Administers(treatmentGiverID,patientID,treatmentID,timeAdministered) values("44557","6185","16774","2014-01-19T11:46:21.000Z");
insert into Administers(treatmentGiverID,patientID,treatmentID,timeAdministered) values("69724","53102","16774","2015-06-24T08:46:01.000Z");
insert into Administers(treatmentGiverID,patientID,treatmentID,timeAdministered) values("46615","8546","16774","2016-08-04T02:48:40.000Z");
insert into Administers(treatmentGiverID,patientID,treatmentID,timeAdministered) values("83278","47472","16774","2016-05-04T23:56:45.000Z");
insert into Administers(treatmentGiverID,patientID,treatmentID,timeAdministered) values("3761","145","16774","2016-10-16T03:48:25.000Z");
insert into Administers(treatmentGiverID,patientID,treatmentID,timeAdministered) values("2374","84534","16774","2015-09-07T14:46:26.000Z");
insert into Administers(treatmentGiverID,patientID,treatmentID,timeAdministered) values("98152","37086","16774","2015-05-12T04:56:40.000Z");
insert into Administers(treatmentGiverID,patientID,treatmentID,timeAdministered) values("38124","87742","16774","2014-01-12T23:17:56.000Z");
insert into Administers(treatmentGiverID,patientID,treatmentID,timeAdministered) values("15199","39109","16774","2015-08-14T15:09:08.000Z");
insert into Administers(treatmentGiverID,patientID,treatmentID,timeAdministered) values("45755","49926","16774","2016-01-12T23:55:57.000Z");
insert into Administers(treatmentGiverID,patientID,treatmentID,timeAdministered) values("45755","17191","16774","2014-01-19T07:13:52.000Z");
insert into Administers(treatmentGiverID,patientID,treatmentID,timeAdministered) values("2374","53408","16774","2016-04-19T21:25:33.000Z");
insert into Administers(treatmentGiverID,patientID,treatmentID,timeAdministered) values("25396","99805","16774","2015-05-14T21:41:07.000Z");
insert into Administers(treatmentGiverID,patientID,treatmentID,timeAdministered) values("70323","77067","16774","2015-05-19T03:27:06.000Z");
insert into Administers(treatmentGiverID,patientID,treatmentID,timeAdministered) values("46615","22492","16774","2016-05-07T02:02:15.000Z");
insert into Administers(treatmentGiverID,patientID,treatmentID,timeAdministered) values("70736","91543","16774","2014-01-07T05:21:06.000Z");
insert into Administers(treatmentGiverID,patientID,treatmentID,timeAdministered) values("39840","37086","16774","2014-01-11T17:50:55.000Z");
insert into Administers(treatmentGiverID,patientID,treatmentID,timeAdministered) values("52408","11823","16774","2016-09-20T18:14:17.000Z");
insert into Administers(treatmentGiverID,patientID,treatmentID,timeAdministered) values("60741","74236","16774","2016-01-05T18:32:04.000Z");
insert into Administers(treatmentGiverID,patientID,treatmentID,timeAdministered) values("46615","6446","16774","2016-12-04T19:29:13.000Z");
insert into Administers(treatmentGiverID,patientID,treatmentID,timeAdministered) values("69724","6446","16774","2014-01-11T08:45:16.000Z");
insert into Administers(treatmentGiverID,patientID,treatmentID,timeAdministered) values("21950","70654","16774","2014-01-22T20:17:42.000Z");
insert into Administers(treatmentGiverID,patientID,treatmentID,timeAdministered) values("39840","62711","16774","2015-01-25T10:08:43.000Z");
insert into Administers(treatmentGiverID,patientID,treatmentID,timeAdministered) values("93392","15819","16774","2015-01-31T12:51:08.000Z");
insert into Administers(treatmentGiverID,patientID,treatmentID,timeAdministered) values("25396","74676","16774","2015-12-16T14:26:07.000Z");
insert into Administers(treatmentGiverID,patientID,treatmentID,timeAdministered) values("46615","73925","16774","2015-08-22T11:59:06.000Z");
insert into Administers(treatmentGiverID,patientID,treatmentID,timeAdministered) values("97850","47472","16774","2015-09-05T10:12:22.000Z");
insert into Administers(treatmentGiverID,patientID,treatmentID,timeAdministered) values("10843","54844","16774","2016-01-11T14:23:20.000Z");
insert into Administers(treatmentGiverID,patientID,treatmentID,timeAdministered) values("90171","7557","16774","2015-10-13T02:07:44.000Z");
insert into Administers(treatmentGiverID,patientID,treatmentID,timeAdministered) values("19813","47472","16774","2016-08-13T05:31:04.000Z");
insert into Administers(treatmentGiverID,patientID,treatmentID,timeAdministered) values("18890","88521","16774","2014-01-25T20:41:34.000Z");
insert into Administers(treatmentGiverID,patientID,treatmentID,timeAdministered) values("97331","22077","16774","2015-12-26T08:11:19.000Z");
insert into Administers(treatmentGiverID,patientID,treatmentID,timeAdministered) values("15311","70795","16774","2015-05-07T21:23:38.000Z");
insert into Administers(treatmentGiverID,patientID,treatmentID,timeAdministered) values("90171","9483","16774","2016-10-15T04:37:13.000Z");
insert into Administers(treatmentGiverID,patientID,treatmentID,timeAdministered) values("13230","12948","16774","2016-07-10T23:36:18.000Z");
insert into Administers(treatmentGiverID,patientID,treatmentID,timeAdministered) values("39840","58319","16774","2014-01-28T00:44:10.000Z");
insert into Administers(treatmentGiverID,patientID,treatmentID,timeAdministered) values("17926","26968","16774","2015-01-08T10:13:21.000Z");
insert into Administers(treatmentGiverID,patientID,treatmentID,timeAdministered) values("45755","11823","16774","2015-08-08T19:36:58.000Z");
insert into Administers(treatmentGiverID,patientID,treatmentID,timeAdministered) values("15541","41335","16774","2014-01-03T14:35:01.000Z");
insert into Administers(treatmentGiverID,patientID,treatmentID,timeAdministered) values("10843","37295","16774","2014-01-02T01:23:18.000Z");
insert into Administers(treatmentGiverID,patientID,treatmentID,timeAdministered) values("39840","90194","16774","2015-12-19T03:28:18.000Z");
insert into Administers(treatmentGiverID,patientID,treatmentID,timeAdministered) values("29038","98393","16774","2015-09-10T17:09:06.000Z");
insert into Administers(treatmentGiverID,patientID,treatmentID,timeAdministered) values("55117","31001","16774","2015-12-19T03:15:19.000Z");
insert into Administers(treatmentGiverID,patientID,treatmentID,timeAdministered) values("40014","18352","16774","2016-11-16T09:40:57.000Z");
insert into Administers(treatmentGiverID,patientID,treatmentID,timeAdministered) values("60797","53102","16774","2014-01-06T08:15:17.000Z");
insert into Administers(treatmentGiverID,patientID,treatmentID,timeAdministered) values("31111","37295","16774","2014-01-25T05:44:51.000Z");
insert into Administers(treatmentGiverID,patientID,treatmentID,timeAdministered) values("83278","48776","16774","2016-02-08T13:20:00.000Z");
insert into Administers(treatmentGiverID,patientID,treatmentID,timeAdministered) values("68580","32031","16774","2016-05-01T22:56:41.000Z");
insert into Administers(treatmentGiverID,patientID,treatmentID,timeAdministered) values("4833","24484","16774","2016-09-15T18:42:06.000Z");
insert into Administers(treatmentGiverID,patientID,treatmentID,timeAdministered) values("19823","15887","16774","2016-09-26T03:50:32.000Z");
insert into Administers(treatmentGiverID,patientID,treatmentID,timeAdministered) values("55997","14176","16774","2015-06-08T12:12:59.000Z");
insert into Administers(treatmentGiverID,patientID,treatmentID,timeAdministered) values("69724","28286","16774","2016-05-20T22:15:15.000Z");
insert into Administers(treatmentGiverID,patientID,treatmentID,timeAdministered) values("15311","43085","16774","2015-10-09T23:20:14.000Z");
insert into Administers(treatmentGiverID,patientID,treatmentID,timeAdministered) values("50494","77076","16774","2014-01-25T14:22:21.000Z");
insert into Administers(treatmentGiverID,patientID,treatmentID,timeAdministered) values("65789","98293","16774","2015-01-16T20:31:40.000Z");
insert into Administers(treatmentGiverID,patientID,treatmentID,timeAdministered) values("11790","91543","16774","2016-04-13T05:41:06.000Z");
insert into Administers(treatmentGiverID,patientID,treatmentID,timeAdministered) values("55997","65958","16774","2015-10-27T14:31:34.000Z");
insert into Administers(treatmentGiverID,patientID,treatmentID,timeAdministered) values("76753","87673","16774","2014-01-10T02:11:35.000Z");
insert into Administers(treatmentGiverID,patientID,treatmentID,timeAdministered) values("93392","28555","16774","2016-05-11T23:00:20.000Z");
insert into Administers(treatmentGiverID,patientID,treatmentID,timeAdministered) values("8515","75012","16774","2016-09-14T00:56:51.000Z");
insert into Administers(treatmentGiverID,patientID,treatmentID,timeAdministered) values("41128","48172","16774","2015-08-04T22:59:52.000Z");
insert into Administers(treatmentGiverID,patientID,treatmentID,timeAdministered) values("72283","26779","16774","2014-01-03T04:39:27.000Z");
insert into Administers(treatmentGiverID,patientID,treatmentID,timeAdministered) values("39760","70795","16774","2015-06-14T13:54:48.000Z");
insert into Administers(treatmentGiverID,patientID,treatmentID,timeAdministered) values("7817","72631","16774","2014-01-19T03:22:19.000Z");
insert into Administers(treatmentGiverID,patientID,treatmentID,timeAdministered) values("55997","98408","16774","2014-01-22T23:27:15.000Z");
insert into Administers(treatmentGiverID,patientID,treatmentID,timeAdministered) values("52408","41335","16774","2015-09-24T22:30:24.000Z");
insert into Administers(treatmentGiverID,patientID,treatmentID,timeAdministered) values("60741","43364","16774","2015-12-14T22:51:24.000Z");
insert into Administers(treatmentGiverID,patientID,treatmentID,timeAdministered) values("63133","86653","16774","2015-03-31T22:08:58.000Z");
insert into Administers(treatmentGiverID,patientID,treatmentID,timeAdministered) values("70736","96674","16774","2014-01-22T19:53:18.000Z");
insert into Administers(treatmentGiverID,patientID,treatmentID,timeAdministered) values("96789","17477","16774","2015-11-04T19:05:16.000Z");
insert into Administers(treatmentGiverID,patientID,treatmentID,timeAdministered) values("7817","98293","16774","2015-12-22T10:43:51.000Z");
insert into Administers(treatmentGiverID,patientID,treatmentID,timeAdministered) values("86610","8546","16774","2015-09-04T04:48:07.000Z");
insert into Administers(treatmentGiverID,patientID,treatmentID,timeAdministered) values("10843","37086","16774","2016-03-25T23:09:10.000Z");
insert into Administers(treatmentGiverID,patientID,treatmentID,timeAdministered) values("13230","74517","16774","2014-01-01T20:35:55.000Z");
insert into Administers(treatmentGiverID,patientID,treatmentID,timeAdministered) values("16284","145","16774","2016-03-02T20:54:31.000Z");
insert into Administers(treatmentGiverID,patientID,treatmentID,timeAdministered) values("74598","27216","16774","2016-05-13T20:58:36.000Z");
insert into Administers(treatmentGiverID,patientID,treatmentID,timeAdministered) values("31111","17191","16774","2015-06-05T06:29:41.000Z");
insert into Administers(treatmentGiverID,patientID,treatmentID,timeAdministered) values("25086","17311","16774","2015-05-31T08:51:34.000Z");
insert into Administers(treatmentGiverID,patientID,treatmentID,timeAdministered) values("68580","84534","16774","2016-02-24T10:12:12.000Z");
insert into Administers(treatmentGiverID,patientID,treatmentID,timeAdministered) values("8515","57054","16774","2014-01-12T05:41:40.000Z");
insert into Administers(treatmentGiverID,patientID,treatmentID,timeAdministered) values("20850","78821","16774","2015-02-01T14:25:15.000Z");
insert into Administers(treatmentGiverID,patientID,treatmentID,timeAdministered) values("13347","86653","16774","2015-03-11T04:55:11.000Z");
insert into Administers(treatmentGiverID,patientID,treatmentID,timeAdministered) values("22401","26968","16774","2015-09-12T00:43:17.000Z");
insert into Administers(treatmentGiverID,patientID,treatmentID,timeAdministered) values("86009","63106","16774","2014-01-21T15:22:01.000Z");
insert into Administers(treatmentGiverID,patientID,treatmentID,timeAdministered) values("8515","7579","16774","2014-01-03T16:09:30.000Z");
insert into Administers(treatmentGiverID,patientID,treatmentID,timeAdministered) values("7941","39506","16774","2015-01-11T13:50:40.000Z");
insert into Administers(treatmentGiverID,patientID,treatmentID,timeAdministered) values("70736","39506","16774","2015-11-23T12:19:23.000Z");
insert into Administers(treatmentGiverID,patientID,treatmentID,timeAdministered) values("71956","31432","16774","2016-07-19T23:55:39.000Z");
insert into Administers(treatmentGiverID,patientID,treatmentID,timeAdministered) values("39482","70795","16774","2014-01-13T08:20:10.000Z");
insert into Administers(treatmentGiverID,patientID,treatmentID,timeAdministered) values("2674","56452","16774","2016-01-26T20:57:04.000Z");
insert into Administers(treatmentGiverID,patientID,treatmentID,timeAdministered) values("19706","11652","16774","2016-03-07T17:57:36.000Z");
insert into Administers(treatmentGiverID,patientID,treatmentID,timeAdministered) values("15199","48776","16774","2015-01-02T20:34:25.000Z");
insert into Administers(treatmentGiverID,patientID,treatmentID,timeAdministered) values("55382","55873","16774","2015-06-03T09:29:47.000Z");
insert into Administers(treatmentGiverID,patientID,treatmentID,timeAdministered) values("15311","29228","16774","2014-01-05T23:05:19.000Z");
insert into Administers(treatmentGiverID,patientID,treatmentID,timeAdministered) values("15199","43364","16774","2015-10-12T16:07:22.000Z");
insert into Administers(treatmentGiverID,patientID,treatmentID,timeAdministered) values("39840","91543","16774","2014-01-08T14:36:18.000Z");
insert into Administers(treatmentGiverID,patientID,treatmentID,timeAdministered) values("3761","46046","16774","2014-01-13T07:12:39.000Z");
insert into Administers(treatmentGiverID,patientID,treatmentID,timeAdministered) values("15541","62567","16774","2015-04-10T19:18:50.000Z");
insert into Administers(treatmentGiverID,patientID,treatmentID,timeAdministered) values("4833","45796","16774","2014-01-10T06:00:57.000Z");
insert into Administers(treatmentGiverID,patientID,treatmentID,timeAdministered) values("83278","61235","16774","2016-04-21T18:25:17.000Z");
insert into Administers(treatmentGiverID,patientID,treatmentID,timeAdministered) values("25396","18637","16774","2014-01-09T12:48:01.000Z");
insert into Administers(treatmentGiverID,patientID,treatmentID,timeAdministered) values("65693","10166","16774","2016-04-13T13:00:48.000Z");
insert into Administers(treatmentGiverID,patientID,treatmentID,timeAdministered) values("10040","84210","16774","2016-07-15T05:05:15.000Z");
insert into Administers(treatmentGiverID,patientID,treatmentID,timeAdministered) values("74728","91022","16774","2015-05-03T19:57:03.000Z");
insert into Administers(treatmentGiverID,patientID,treatmentID,timeAdministered) values("85418","71855","16774","2014-01-20T22:38:46.000Z");
insert into Administers(treatmentGiverID,patientID,treatmentID,timeAdministered) values("38124","62567","16774","2015-07-04T09:06:02.000Z");
insert into Administers(treatmentGiverID,patientID,treatmentID,timeAdministered) values("2374","59972","16774","2016-07-01T11:38:31.000Z");
insert into Administers(treatmentGiverID,patientID,treatmentID,timeAdministered) values("70736","90152","16774","2016-07-11T18:56:30.000Z");
insert into Administers(treatmentGiverID,patientID,treatmentID,timeAdministered) values("54824","61438","16774","2014-01-19T05:25:02.000Z");
insert into Administers(treatmentGiverID,patientID,treatmentID,timeAdministered) values("96789","46046","16774","2015-06-02T02:04:35.000Z");
insert into Administers(treatmentGiverID,patientID,treatmentID,timeAdministered) values("13596","61996","16774","2014-01-24T02:00:23.000Z");
insert into Administers(treatmentGiverID,patientID,treatmentID,timeAdministered) values("86610","30465","16774","2014-01-16T19:53:32.000Z");
insert into Administers(treatmentGiverID,patientID,treatmentID,timeAdministered) values("60741","30135","16774","2015-06-15T08:48:08.000Z");
insert into Administers(treatmentGiverID,patientID,treatmentID,timeAdministered) values("78983","41335","16774","2015-01-04T14:50:23.000Z");
insert into Administers(treatmentGiverID,patientID,treatmentID,timeAdministered) values("77918","89495","16774","2016-03-07T00:34:23.000Z");
insert into Administers(treatmentGiverID,patientID,treatmentID,timeAdministered) values("98152","84369","16774","2016-03-18T23:54:15.000Z");
insert into Administers(treatmentGiverID,patientID,treatmentID,timeAdministered) values("45973","87673","16774","2016-02-15T18:39:14.000Z");
insert into Administers(treatmentGiverID,patientID,treatmentID,timeAdministered) values("44658","48172","16774","2014-01-04T13:37:14.000Z");
insert into Administers(treatmentGiverID,patientID,treatmentID,timeAdministered) values("86009","28286","16774","2015-12-10T02:22:02.000Z");
insert into Administers(treatmentGiverID,patientID,treatmentID,timeAdministered) values("62044","74676","16774","2015-03-24T10:26:36.000Z");
insert into Administers(treatmentGiverID,patientID,treatmentID,timeAdministered) values("86009","46712","16774","2016-05-22T04:34:30.000Z");
insert into Administers(treatmentGiverID,patientID,treatmentID,timeAdministered) values("41128","30135","16774","2014-01-03T20:23:19.000Z");
insert into Administers(treatmentGiverID,patientID,treatmentID,timeAdministered) values("13596","49979","16774","2016-10-23T09:38:04.000Z");
insert into Administers(treatmentGiverID,patientID,treatmentID,timeAdministered) values("98152","54844","16774","2015-03-09T19:57:27.000Z");
insert into Administers(treatmentGiverID,patientID,treatmentID,timeAdministered) values("8515","62711","16774","2014-01-12T08:18:02.000Z");
insert into Administers(treatmentGiverID,patientID,treatmentID,timeAdministered) values("22401","72631","16774","2015-12-07T11:15:26.000Z");
insert into Administers(treatmentGiverID,patientID,treatmentID,timeAdministered) values("22656","26968","16774","2015-01-20T20:11:55.000Z");
insert into Administers(treatmentGiverID,patientID,treatmentID,timeAdministered) values("2374","83417","16774","2016-02-27T04:06:47.000Z");
insert into Administers(treatmentGiverID,patientID,treatmentID,timeAdministered) values("84234","41335","16774","2014-01-17T13:32:53.000Z");
insert into Administers(treatmentGiverID,patientID,treatmentID,timeAdministered) values("45973","98293","16774","2014-01-27T04:55:04.000Z");
insert into Administers(treatmentGiverID,patientID,treatmentID,timeAdministered) values("85418","26222","16774","2014-01-18T08:47:56.000Z");
insert into Administers(treatmentGiverID,patientID,treatmentID,timeAdministered) values("11790","46588","16774","2014-01-15T18:18:24.000Z");
insert into Administers(treatmentGiverID,patientID,treatmentID,timeAdministered) values("33782","46046","16774","2015-05-02T10:03:15.000Z");
insert into Administers(treatmentGiverID,patientID,treatmentID,timeAdministered) values("91869","77067","16774","2015-06-07T00:54:27.000Z");
insert into Administers(treatmentGiverID,patientID,treatmentID,timeAdministered) values("72283","26779","16774","2016-12-01T18:57:10.000Z");
insert into Administers(treatmentGiverID,patientID,treatmentID,timeAdministered) values("96789","22778","16774","2015-03-17T08:22:30.000Z");
insert into Administers(treatmentGiverID,patientID,treatmentID,timeAdministered) values("98013","41335","16774","2015-10-15T16:20:10.000Z");
insert into Administers(treatmentGiverID,patientID,treatmentID,timeAdministered) values("25193","72329","16774","2014-01-13T01:38:11.000Z");
insert into Administers(treatmentGiverID,patientID,treatmentID,timeAdministered) values("70736","29248","16774","2014-01-02T19:24:28.000Z");
insert into Administers(treatmentGiverID,patientID,treatmentID,timeAdministered) values("15311","30072","16774","2014-01-24T20:09:06.000Z");
insert into Administers(treatmentGiverID,patientID,treatmentID,timeAdministered) values("67490","91022","16774","2014-01-22T06:14:34.000Z");
insert into Administers(treatmentGiverID,patientID,treatmentID,timeAdministered) values("2374","84369","16774","2014-01-11T23:35:53.000Z");
insert into Administers(treatmentGiverID,patientID,treatmentID,timeAdministered) values("13230","17346","16774","2015-02-12T17:22:44.000Z");
insert into Administers(treatmentGiverID,patientID,treatmentID,timeAdministered) values("84234","49483","16774","2015-12-08T03:15:23.000Z");
insert into Administers(treatmentGiverID,patientID,treatmentID,timeAdministered) values("96789","77076","16774","2015-03-09T07:37:13.000Z");
insert into Administers(treatmentGiverID,patientID,treatmentID,timeAdministered) values("91869","77076","16774","2013-12-31T15:11:27.000Z");
insert into Administers(treatmentGiverID,patientID,treatmentID,timeAdministered) values("96789","73733","16774","2015-03-31T10:32:41.000Z");
insert into Administers(treatmentGiverID,patientID,treatmentID,timeAdministered) values("80798","74676","16774","2015-09-27T14:02:35.000Z");
insert into Administers(treatmentGiverID,patientID,treatmentID,timeAdministered) values("72283","50787","16774","2014-01-10T14:59:25.000Z");
insert into Administers(treatmentGiverID,patientID,treatmentID,timeAdministered) values("41128","39850","16774","2015-12-15T22:24:24.000Z");
insert into Administers(treatmentGiverID,patientID,treatmentID,timeAdministered) values("65055","42461","16774","2016-06-11T01:16:22.000Z");
insert into Administers(treatmentGiverID,patientID,treatmentID,timeAdministered) values("29038","17477","16774","2014-01-17T16:57:45.000Z");
insert into Administers(treatmentGiverID,patientID,treatmentID,timeAdministered) values("2674","12948","16774","2016-04-02T20:47:09.000Z");
insert into Administers(treatmentGiverID,patientID,treatmentID,timeAdministered) values("45755","66070","16774","2015-06-02T16:58:33.000Z");
insert into Administers(treatmentGiverID,patientID,treatmentID,timeAdministered) values("80798","4020","16774","2014-01-26T18:28:27.000Z");
insert into Administers(treatmentGiverID,patientID,treatmentID,timeAdministered) values("83458","82201","16774","2016-06-09T04:59:57.000Z");
insert into Administers(treatmentGiverID,patientID,treatmentID,timeAdministered) values("89905","69595","16774","2015-02-06T11:58:59.000Z");
insert into Administers(treatmentGiverID,patientID,treatmentID,timeAdministered) values("46615","46743","16774","2015-07-03T13:55:18.000Z");
insert into Administers(treatmentGiverID,patientID,treatmentID,timeAdministered) values("84234","32040","16774","2015-05-16T15:38:18.000Z");
insert into Administers(treatmentGiverID,patientID,treatmentID,timeAdministered) values("20850","49483","16774","2015-05-11T15:49:37.000Z");
insert into Administers(treatmentGiverID,patientID,treatmentID,timeAdministered) values("67490","82777","16774","2016-11-02T11:36:56.000Z");
insert into Administers(treatmentGiverID,patientID,treatmentID,timeAdministered) values("31354","72301","16774","2016-08-07T23:44:29.000Z");
insert into Administers(treatmentGiverID,patientID,treatmentID,timeAdministered) values("65693","47472","16774","2014-01-16T23:40:19.000Z");
insert into Administers(treatmentGiverID,patientID,treatmentID,timeAdministered) values("74728","66070","16774","2015-12-06T06:22:43.000Z");
insert into Administers(treatmentGiverID,patientID,treatmentID,timeAdministered) values("96789","22778","16774","2016-03-22T01:38:35.000Z");
insert into Administers(treatmentGiverID,patientID,treatmentID,timeAdministered) values("76753","49483","16774","2016-07-02T02:03:10.000Z");
insert into Administers(treatmentGiverID,patientID,treatmentID,timeAdministered) values("2674","10705","16774","2016-10-13T00:22:52.000Z");
insert into Administers(treatmentGiverID,patientID,treatmentID,timeAdministered) values("15199","50087","16774","2015-09-20T07:38:06.000Z");
insert into Administers(treatmentGiverID,patientID,treatmentID,timeAdministered) values("83278","56452","16774","2014-01-23T03:52:44.000Z");
insert into Administers(treatmentGiverID,patientID,treatmentID,timeAdministered) values("44658","15819","16774","2015-12-05T15:09:48.000Z");
insert into Administers(treatmentGiverID,patientID,treatmentID,timeAdministered) values("93392","98393","16774","2016-04-22T02:41:53.000Z");
insert into Administers(treatmentGiverID,patientID,treatmentID,timeAdministered) values("52408","43364","16774","2016-07-19T22:13:43.000Z");
insert into Administers(treatmentGiverID,patientID,treatmentID,timeAdministered) values("77918","79321","16774","2016-10-27T17:08:44.000Z");
insert into Administers(treatmentGiverID,patientID,treatmentID,timeAdministered) values("15199","43085","16774","2014-01-23T02:00:17.000Z");
insert into Administers(treatmentGiverID,patientID,treatmentID,timeAdministered) values("74728","31432","16774","2016-02-09T04:53:31.000Z");
insert into Administers(treatmentGiverID,patientID,treatmentID,timeAdministered) values("52408","58319","16774","2014-01-23T10:27:03.000Z");
insert into Administers(treatmentGiverID,patientID,treatmentID,timeAdministered) values("39840","17346","16774","2016-04-22T04:11:57.000Z");
insert into Administers(treatmentGiverID,patientID,treatmentID,timeAdministered) values("8515","56452","16774","2016-11-13T06:46:39.000Z");
insert into Administers(treatmentGiverID,patientID,treatmentID,timeAdministered) values("10040","29248","16774","2016-06-14T17:28:38.000Z");
insert into Administers(treatmentGiverID,patientID,treatmentID,timeAdministered) values("40014","39251","16774","2015-08-31T17:15:34.000Z");
insert into Orders(doctorID,patientID,treatmentGiverID,treatmentID,date) values("5779","42461","3761","16774","2015-01-09T13:40:09.000Z");
insert into Orders(doctorID,patientID,treatmentGiverID,treatmentID,date) values("28101","69137","86009","16774","2015-01-20T12:42:05.000Z");
insert into Orders(doctorID,patientID,treatmentGiverID,treatmentID,date) values("49186","75668","60797","16774","2016-08-09T08:50:28.000Z");
insert into Orders(doctorID,patientID,treatmentGiverID,treatmentID,date) values("99418","47472","76753","16774","2015-01-01T11:48:54.000Z");
insert into Orders(doctorID,patientID,treatmentGiverID,treatmentID,date) values("85471","98408","83278","16774","2015-01-11T22:58:12.000Z");
insert into Orders(doctorID,patientID,treatmentGiverID,treatmentID,date) values("76649","41335","19706","16774","2015-01-26T02:12:44.000Z");
insert into Orders(doctorID,patientID,treatmentGiverID,treatmentID,date) values("49186","14176","8515","16774","2015-01-15T18:29:18.000Z");
insert into Orders(doctorID,patientID,treatmentGiverID,treatmentID,date) values("57781","87673","93392","16774","2016-07-22T07:53:45.000Z");
insert into Orders(doctorID,patientID,treatmentGiverID,treatmentID,date) values("40197","17311","8515","16774","2016-10-01T20:12:59.000Z");
insert into Orders(doctorID,patientID,treatmentGiverID,treatmentID,date) values("76649","69595","39840","16774","2015-01-22T03:55:15.000Z");
insert into Orders(doctorID,patientID,treatmentGiverID,treatmentID,date) values("95451","72563","15541","16774","2015-01-22T22:43:20.000Z");
insert into Orders(doctorID,patientID,treatmentGiverID,treatmentID,date) values("5779","84210","15311","16774","2016-03-14T22:46:03.000Z");
insert into Orders(doctorID,patientID,treatmentGiverID,treatmentID,date) values("21701","84534","86610","16774","2016-02-05T09:02:13.000Z");
insert into Orders(doctorID,patientID,treatmentGiverID,treatmentID,date) values("79810","77067","2674","16774","2016-05-03T13:55:55.000Z");
insert into Orders(doctorID,patientID,treatmentGiverID,treatmentID,date) values("99088","46712","78983","16774","2015-01-17T11:21:47.000Z");
insert into Orders(doctorID,patientID,treatmentGiverID,treatmentID,date) values("69407","40572","8515","16774","2015-01-27T21:32:32.000Z");
insert into Orders(doctorID,patientID,treatmentGiverID,treatmentID,date) values("61834","49483","29038","16774","2015-01-21T12:47:35.000Z");
insert into Orders(doctorID,patientID,treatmentGiverID,treatmentID,date) values("49891","15191","21950","16774","2016-08-06T20:30:25.000Z");
insert into Orders(doctorID,patientID,treatmentGiverID,treatmentID,date) values("31948","92995","9085","16774","2016-04-06T14:56:07.000Z");
insert into Orders(doctorID,patientID,treatmentGiverID,treatmentID,date) values("29581","72683","3761","16774","2016-10-11T21:15:55.000Z");
insert into Orders(doctorID,patientID,treatmentGiverID,treatmentID,date) values("84","93246","31111","16774","2015-01-11T21:11:06.000Z");
insert into Orders(doctorID,patientID,treatmentGiverID,treatmentID,date) values("89062","65958","20850","16774","2016-12-18T15:27:23.000Z");
insert into Orders(doctorID,patientID,treatmentGiverID,treatmentID,date) values("51039","46712","3761","16774","2015-01-19T19:33:07.000Z");
insert into Orders(doctorID,patientID,treatmentGiverID,treatmentID,date) values("99088","29228","44557","16774","2015-01-09T06:05:43.000Z");
insert into Orders(doctorID,patientID,treatmentGiverID,treatmentID,date) values("94491","89495","39840","16774","2015-01-25T04:25:59.000Z");
insert into Orders(doctorID,patientID,treatmentGiverID,treatmentID,date) values("89062","75668","31111","16774","2016-10-08T01:16:42.000Z");
insert into Orders(doctorID,patientID,treatmentGiverID,treatmentID,date) values("17332","87673","93392","16774","2016-10-01T03:07:04.000Z");
insert into Orders(doctorID,patientID,treatmentGiverID,treatmentID,date) values("36093","39506","55997","16774","2015-01-23T21:16:02.000Z");
insert into Orders(doctorID,patientID,treatmentGiverID,treatmentID,date) values("40197","7579","20850","16774","2016-08-18T21:18:25.000Z");
insert into Orders(doctorID,patientID,treatmentGiverID,treatmentID,date) values("28101","62246","13230","16774","2015-01-13T02:54:12.000Z");
insert into Orders(doctorID,patientID,treatmentGiverID,treatmentID,date) values("31242","99831","46615","16774","2016-04-08T19:32:39.000Z");
insert into Orders(doctorID,patientID,treatmentGiverID,treatmentID,date) values("55964","92995","15311","16774","2016-09-08T22:09:45.000Z");
insert into Orders(doctorID,patientID,treatmentGiverID,treatmentID,date) values("57781","87673","52408","16774","2015-01-10T14:09:46.000Z");
insert into Orders(doctorID,patientID,treatmentGiverID,treatmentID,date) values("49186","7579","86009","16774","2015-01-28T02:02:44.000Z");
insert into Orders(doctorID,patientID,treatmentGiverID,treatmentID,date) values("36093","11581","29038","16774","2015-01-12T16:58:18.000Z");
insert into Orders(doctorID,patientID,treatmentGiverID,treatmentID,date) values("99418","32031","40014","16774","2015-01-22T10:00:34.000Z");
insert into Orders(doctorID,patientID,treatmentGiverID,treatmentID,date) values("76649","3303","25396","16774","2015-01-15T03:38:40.000Z");
insert into Orders(doctorID,patientID,treatmentGiverID,treatmentID,date) values("72934","7579","22401","16774","2015-01-13T08:38:55.000Z");
insert into Orders(doctorID,patientID,treatmentGiverID,treatmentID,date) values("36093","19711","83278","16774","2016-11-02T03:46:13.000Z");
insert into Orders(doctorID,patientID,treatmentGiverID,treatmentID,date) values("67675","98408","63133","16774","2016-04-24T09:52:05.000Z");
insert into Orders(doctorID,patientID,treatmentGiverID,treatmentID,date) values("1839","99831","45973","16774","2015-01-10T03:14:06.000Z");
insert into Orders(doctorID,patientID,treatmentGiverID,treatmentID,date) values("40197","65958","55997","16774","2016-11-26T08:07:07.000Z");
insert into Orders(doctorID,patientID,treatmentGiverID,treatmentID,date) values("97675","54330","65693","16774","2015-01-22T17:59:05.000Z");
insert into Orders(doctorID,patientID,treatmentGiverID,treatmentID,date) values("69407","49926","38124","16774","2016-12-05T22:45:02.000Z");
insert into Orders(doctorID,patientID,treatmentGiverID,treatmentID,date) values("79810","72563","4833","16774","2015-01-07T17:05:52.000Z");
insert into Orders(doctorID,patientID,treatmentGiverID,treatmentID,date) values("67675","72563","9085","16774","2016-01-16T03:02:30.000Z");
insert into Orders(doctorID,patientID,treatmentGiverID,treatmentID,date) values("69388","83417","86610","16774","2016-05-24T08:54:47.000Z");
insert into Orders(doctorID,patientID,treatmentGiverID,treatmentID,date) values("22748","48172","11790","16774","2015-01-15T06:59:09.000Z");
insert into Orders(doctorID,patientID,treatmentGiverID,treatmentID,date) values("76649","82567","39482","16774","2015-01-02T04:09:04.000Z");
insert into Orders(doctorID,patientID,treatmentGiverID,treatmentID,date) values("17332","80143","3761","16774","2016-02-26T03:23:07.000Z");
insert into Orders(doctorID,patientID,treatmentGiverID,treatmentID,date) values("49891","32031","85418","16774","2015-01-18T07:18:04.000Z");
insert into Orders(doctorID,patientID,treatmentGiverID,treatmentID,date) values("31242","65357","97331","16774","2016-09-10T01:39:19.000Z");
insert into Orders(doctorID,patientID,treatmentGiverID,treatmentID,date) values("97611","88074","18096","16774","2016-10-27T13:52:07.000Z");
insert into Orders(doctorID,patientID,treatmentGiverID,treatmentID,date) values("23368","54844","40014","16774","2016-07-20T11:14:20.000Z");
insert into Orders(doctorID,patientID,treatmentGiverID,treatmentID,date) values("40197","17477","39840","16774","2015-01-03T08:45:23.000Z");
insert into Orders(doctorID,patientID,treatmentGiverID,treatmentID,date) values("49186","65357","60741","16774","2015-01-02T10:25:43.000Z");
insert into Orders(doctorID,patientID,treatmentGiverID,treatmentID,date) values("79810","29228","86610","16774","2016-10-10T12:26:41.000Z");
insert into Orders(doctorID,patientID,treatmentGiverID,treatmentID,date) values("35862","5938","85418","16774","2015-01-21T06:27:38.000Z");
insert into Orders(doctorID,patientID,treatmentGiverID,treatmentID,date) values("84288","65958","22656","16774","2016-03-19T22:37:50.000Z");
insert into Orders(doctorID,patientID,treatmentGiverID,treatmentID,date) values("98310","89136","52408","16774","2016-03-21T14:21:17.000Z");
insert into Orders(doctorID,patientID,treatmentGiverID,treatmentID,date) values("62899","92750","7817","16774","2015-01-05T15:12:40.000Z");
insert into Orders(doctorID,patientID,treatmentGiverID,treatmentID,date) values("62899","98408","29038","16774","2015-01-24T01:05:52.000Z");
insert into Orders(doctorID,patientID,treatmentGiverID,treatmentID,date) values("40197","7557","78983","16774","2015-01-23T12:34:10.000Z");
insert into Orders(doctorID,patientID,treatmentGiverID,treatmentID,date) values("99418","32040","96789","16774","2016-07-02T21:14:04.000Z");
insert into Orders(doctorID,patientID,treatmentGiverID,treatmentID,date) values("57781","84210","22401","16774","2016-05-08T22:45:50.000Z");
insert into Orders(doctorID,patientID,treatmentGiverID,treatmentID,date) values("12285","89136","39482","16774","2016-10-07T06:32:02.000Z");
insert into Orders(doctorID,patientID,treatmentGiverID,treatmentID,date) values("49161","17477","19813","16774","2015-01-16T01:51:45.000Z");
insert into Orders(doctorID,patientID,treatmentGiverID,treatmentID,date) values("99088","19711","84234","16774","2016-04-16T03:33:20.000Z");
insert into Orders(doctorID,patientID,treatmentGiverID,treatmentID,date) values("84","98393","15199","16774","2015-01-05T23:22:57.000Z");
insert into Orders(doctorID,patientID,treatmentGiverID,treatmentID,date) values("21701","55570","4833","16774","2015-01-03T21:30:47.000Z");
insert into Orders(doctorID,patientID,treatmentGiverID,treatmentID,date) values("76649","30072","11790","16774","2016-06-16T22:06:09.000Z");
insert into Orders(doctorID,patientID,treatmentGiverID,treatmentID,date) values("36093","46712","98152","16774","2016-03-09T10:31:55.000Z");
insert into Orders(doctorID,patientID,treatmentGiverID,treatmentID,date) values("84288","42461","10040","16774","2015-01-26T14:16:43.000Z");
insert into Orders(doctorID,patientID,treatmentGiverID,treatmentID,date) values("84288","61517","60797","16774","2015-01-06T14:41:21.000Z");
insert into Orders(doctorID,patientID,treatmentGiverID,treatmentID,date) values("76649","69595","21950","16774","2015-01-04T19:05:29.000Z");
insert into Orders(doctorID,patientID,treatmentGiverID,treatmentID,date) values("12285","63106","70736","16774","2015-01-15T23:43:03.000Z");
insert into Orders(doctorID,patientID,treatmentGiverID,treatmentID,date) values("55964","65357","33782","16774","2015-01-13T16:08:27.000Z");
insert into Orders(doctorID,patientID,treatmentGiverID,treatmentID,date) values("76649","99386","10843","16774","2015-01-09T15:13:58.000Z");
insert into Orders(doctorID,patientID,treatmentGiverID,treatmentID,date) values("23368","5698","3761","16774","2016-10-06T10:11:15.000Z");
insert into Orders(doctorID,patientID,treatmentGiverID,treatmentID,date) values("89062","69137","60741","16774","2015-01-27T02:22:38.000Z");
insert into Orders(doctorID,patientID,treatmentGiverID,treatmentID,date) values("35862","65357","10843","16774","2015-01-23T18:19:16.000Z");
insert into Orders(doctorID,patientID,treatmentGiverID,treatmentID,date) values("73241","99805","29038","16774","2015-01-22T17:35:52.000Z");
insert into Orders(doctorID,patientID,treatmentGiverID,treatmentID,date) values("84","15191","31111","16774","2016-02-26T12:30:13.000Z");
insert into Orders(doctorID,patientID,treatmentGiverID,treatmentID,date) values("95451","43364","70736","16774","2015-01-07T09:36:54.000Z");
insert into Orders(doctorID,patientID,treatmentGiverID,treatmentID,date) values("94793","59972","31111","16774","2016-04-12T06:07:48.000Z");
insert into Orders(doctorID,patientID,treatmentGiverID,treatmentID,date) values("95451","99386","78983","16774","2015-01-09T21:32:18.000Z");
insert into Orders(doctorID,patientID,treatmentGiverID,treatmentID,date) values("99088","17477","83278","16774","2015-01-27T22:39:59.000Z");
insert into Orders(doctorID,patientID,treatmentGiverID,treatmentID,date) values("69407","11823","91869","16774","2015-01-18T08:54:44.000Z");
insert into Orders(doctorID,patientID,treatmentGiverID,treatmentID,date) values("89062","30072","25193","16774","2015-01-03T08:31:54.000Z");
insert into Orders(doctorID,patientID,treatmentGiverID,treatmentID,date) values("10011","17311","60741","16774","2015-01-04T17:30:55.000Z");
insert into Orders(doctorID,patientID,treatmentGiverID,treatmentID,date) values("99088","65357","29038","16774","2016-09-20T07:01:14.000Z");
insert into Orders(doctorID,patientID,treatmentGiverID,treatmentID,date) values("95451","9483","40014","16774","2015-01-17T17:23:21.000Z");
insert into Orders(doctorID,patientID,treatmentGiverID,treatmentID,date) values("17332","17311","7817","16774","2015-01-19T23:58:32.000Z");
insert into Orders(doctorID,patientID,treatmentGiverID,treatmentID,date) values("61834","17346","98152","16774","2015-01-04T18:59:56.000Z");
insert into Orders(doctorID,patientID,treatmentGiverID,treatmentID,date) values("62899","78821","80798","16774","2015-01-24T03:37:37.000Z");
insert into Orders(doctorID,patientID,treatmentGiverID,treatmentID,date) values("57781","69595","22401","16774","2016-02-17T21:33:48.000Z");
insert into Orders(doctorID,patientID,treatmentGiverID,treatmentID,date) values("5779","62246","39840","16774","2015-01-09T19:58:05.000Z");
insert into Orders(doctorID,patientID,treatmentGiverID,treatmentID,date) values("79810","54844","41128","16774","2016-06-07T19:20:26.000Z");
insert into Orders(doctorID,patientID,treatmentGiverID,treatmentID,date) values("93355","11581","83278","16774","2016-03-10T16:54:22.000Z");
insert into Orders(doctorID,patientID,treatmentGiverID,treatmentID,date) values("99418","61987","86009","16774","2016-08-26T07:05:08.000Z");
insert into Orders(doctorID,patientID,treatmentGiverID,treatmentID,date) values("60408","61987","18096","16774","2015-01-14T19:15:40.000Z");
insert into Orders(doctorID,patientID,treatmentGiverID,treatmentID,date) values("66681","7557","10843","16774","2016-12-05T10:29:02.000Z");
insert into Orders(doctorID,patientID,treatmentGiverID,treatmentID,date) values("22748","49483","2674","16774","2016-01-24T15:27:50.000Z");
insert into Orders(doctorID,patientID,treatmentGiverID,treatmentID,date) values("62899","42461","25086","16774","2016-02-03T02:41:27.000Z");
insert into Orders(doctorID,patientID,treatmentGiverID,treatmentID,date) values("57781","29228","80798","16774","2015-01-14T20:53:32.000Z");
insert into Orders(doctorID,patientID,treatmentGiverID,treatmentID,date) values("49161","18352","68580","16774","2015-01-08T04:49:41.000Z");
insert into Orders(doctorID,patientID,treatmentGiverID,treatmentID,date) values("60408","1398","8515","16774","2015-01-05T01:02:47.000Z");
insert into Orders(doctorID,patientID,treatmentGiverID,treatmentID,date) values("57781","17346","54824","16774","2015-01-05T14:45:08.000Z");
insert into Orders(doctorID,patientID,treatmentGiverID,treatmentID,date) values("95451","42461","38124","16774","2016-02-05T05:51:58.000Z");
insert into Orders(doctorID,patientID,treatmentGiverID,treatmentID,date) values("94793","78821","78983","16774","2015-01-10T22:17:01.000Z");
insert into Orders(doctorID,patientID,treatmentGiverID,treatmentID,date) values("99088","1398","22401","16774","2016-08-07T10:49:55.000Z");
insert into Orders(doctorID,patientID,treatmentGiverID,treatmentID,date) values("40197","87673","13230","16774","2015-01-02T23:58:27.000Z");
insert into Orders(doctorID,patientID,treatmentGiverID,treatmentID,date) values("60408","31001","13230","16774","2016-05-09T22:29:11.000Z");
insert into Orders(doctorID,patientID,treatmentGiverID,treatmentID,date) values("93650","43364","65055","16774","2015-01-18T20:35:22.000Z");
insert into Orders(doctorID,patientID,treatmentGiverID,treatmentID,date) values("36093","87994","96789","16774","2015-01-09T13:34:03.000Z");
insert into Orders(doctorID,patientID,treatmentGiverID,treatmentID,date) values("98310","145","83458","16774","2015-01-28T04:57:07.000Z");
insert into Orders(doctorID,patientID,treatmentGiverID,treatmentID,date) values("61834","12948","17926","16774","2016-04-01T16:33:10.000Z");
insert into Orders(doctorID,patientID,treatmentGiverID,treatmentID,date) values("76649","55570","2674","16774","2016-02-29T18:27:01.000Z");
insert into Orders(doctorID,patientID,treatmentGiverID,treatmentID,date) values("31242","48172","17926","16774","2016-07-12T16:51:06.000Z");
insert into Orders(doctorID,patientID,treatmentGiverID,treatmentID,date) values("12285","88753","90171","16774","2015-01-26T18:45:31.000Z");
insert into Orders(doctorID,patientID,treatmentGiverID,treatmentID,date) values("97675","55570","15199","16774","2015-01-05T00:57:50.000Z");
insert into Orders(doctorID,patientID,treatmentGiverID,treatmentID,date) values("60408","92750","39840","16774","2016-02-28T05:49:11.000Z");
insert into Orders(doctorID,patientID,treatmentGiverID,treatmentID,date) values("97675","87673","39840","16774","2016-01-27T21:22:56.000Z");
insert into Orders(doctorID,patientID,treatmentGiverID,treatmentID,date) values("31242","61987","72283","16774","2016-01-18T17:05:23.000Z");
insert into Orders(doctorID,patientID,treatmentGiverID,treatmentID,date) values("99418","64995","97850","16774","2014-12-31T20:58:13.000Z");
insert into Orders(doctorID,patientID,treatmentGiverID,treatmentID,date) values("60408","17477","91869","16774","2015-01-05T03:26:56.000Z");
insert into Orders(doctorID,patientID,treatmentGiverID,treatmentID,date) values("40197","5698","55382","16774","2015-01-16T20:43:17.000Z");
insert into Orders(doctorID,patientID,treatmentGiverID,treatmentID,date) values("97611","89136","67490","16774","2016-06-01T19:20:38.000Z");
insert into Orders(doctorID,patientID,treatmentGiverID,treatmentID,date) values("22748","7579","74728","16774","2015-01-07T22:50:14.000Z");
insert into Orders(doctorID,patientID,treatmentGiverID,treatmentID,date) values("21701","78821","25396","16774","2016-04-09T06:50:09.000Z");
insert into Orders(doctorID,patientID,treatmentGiverID,treatmentID,date) values("5779","98408","80798","16774","2015-01-14T13:21:04.000Z");
insert into Orders(doctorID,patientID,treatmentGiverID,treatmentID,date) values("17332","99386","44658","16774","2016-09-27T03:56:53.000Z");
insert into Orders(doctorID,patientID,treatmentGiverID,treatmentID,date) values("69388","61517","10040","16774","2015-01-10T03:30:32.000Z");
insert into Orders(doctorID,patientID,treatmentGiverID,treatmentID,date) values("21701","15191","10040","16774","2016-07-16T13:45:30.000Z");
insert into Orders(doctorID,patientID,treatmentGiverID,treatmentID,date) values("79810","64995","55997","16774","2016-04-16T12:44:50.000Z");
insert into Orders(doctorID,patientID,treatmentGiverID,treatmentID,date) values("29581","49483","8515","16774","2016-02-26T04:46:15.000Z");
insert into Orders(doctorID,patientID,treatmentGiverID,treatmentID,date) values("11427","73788","98152","16774","2016-09-17T01:46:31.000Z");
insert into Orders(doctorID,patientID,treatmentGiverID,treatmentID,date) values("40197","28555","83458","16774","2016-11-25T18:51:00.000Z");
insert into Orders(doctorID,patientID,treatmentGiverID,treatmentID,date) values("76649","59972","38124","16774","2015-01-15T18:55:15.000Z");
insert into Orders(doctorID,patientID,treatmentGiverID,treatmentID,date) values("61834","17477","46615","16774","2016-04-12T02:14:34.000Z");
insert into Orders(doctorID,patientID,treatmentGiverID,treatmentID,date) values("12285","32167","65693","16774","2015-01-09T00:36:39.000Z");
insert into Orders(doctorID,patientID,treatmentGiverID,treatmentID,date) values("99088","61517","83458","16774","2016-03-21T23:03:55.000Z");
insert into Orders(doctorID,patientID,treatmentGiverID,treatmentID,date) values("76649","61564","19813","16774","2015-01-22T11:36:20.000Z");
insert into Orders(doctorID,patientID,treatmentGiverID,treatmentID,date) values("73241","28611","22401","16774","2016-05-13T23:43:52.000Z");
insert into Orders(doctorID,patientID,treatmentGiverID,treatmentID,date) values("40655","72563","89905","16774","2016-02-08T06:19:02.000Z");
insert into Orders(doctorID,patientID,treatmentGiverID,treatmentID,date) values("51039","49483","15199","16774","2016-07-13T17:33:28.000Z");
insert into Orders(doctorID,patientID,treatmentGiverID,treatmentID,date) values("98310","24484","19823","16774","2015-01-03T14:12:21.000Z");
insert into Orders(doctorID,patientID,treatmentGiverID,treatmentID,date) values("69407","43364","72283","16774","2016-02-24T00:23:32.000Z");
insert into Orders(doctorID,patientID,treatmentGiverID,treatmentID,date) values("2309","58608","39840","16774","2014-12-31T12:51:06.000Z");
insert into Orders(doctorID,patientID,treatmentGiverID,treatmentID,date) values("76649","24484","69724","16774","2016-10-08T04:10:13.000Z");
insert into Orders(doctorID,patientID,treatmentGiverID,treatmentID,date) values("97611","59972","96789","16774","2016-06-09T11:29:55.000Z");
insert into Orders(doctorID,patientID,treatmentGiverID,treatmentID,date) values("2309","58319","91869","16774","2015-01-16T19:16:33.000Z");
insert into Orders(doctorID,patientID,treatmentGiverID,treatmentID,date) values("94491","1398","96789","16774","2016-04-23T10:15:00.000Z");
insert into Orders(doctorID,patientID,treatmentGiverID,treatmentID,date) values("21701","31001","96789","16774","2015-01-23T12:38:34.000Z");
insert into Orders(doctorID,patientID,treatmentGiverID,treatmentID,date) values("49186","87994","15311","16774","2015-01-01T03:10:57.000Z");
insert into Orders(doctorID,patientID,treatmentGiverID,treatmentID,date) values("23368","17477","39482","16774","2015-01-23T15:55:33.000Z");
insert into Orders(doctorID,patientID,treatmentGiverID,treatmentID,date) values("93355","14176","68580","16774","2016-08-13T03:18:37.000Z");
insert into Orders(doctorID,patientID,treatmentGiverID,treatmentID,date) values("98310","42461","39840","16774","2016-06-08T14:26:10.000Z");
insert into Orders(doctorID,patientID,treatmentGiverID,treatmentID,date) values("84288","7579","21950","16774","2016-07-12T19:32:55.000Z");
insert into Orders(doctorID,patientID,treatmentGiverID,treatmentID,date) values("51039","98393","98013","16774","2016-05-18T07:07:34.000Z");
insert into Orders(doctorID,patientID,treatmentGiverID,treatmentID,date) values("17332","97659","70736","16774","2016-02-11T05:34:37.000Z");
insert into Orders(doctorID,patientID,treatmentGiverID,treatmentID,date) values("85471","87994","46615","16774","2016-04-21T20:11:58.000Z");
insert into Orders(doctorID,patientID,treatmentGiverID,treatmentID,date) values("57781","69137","19706","16774","2015-01-24T12:32:07.000Z");
insert into Orders(doctorID,patientID,treatmentGiverID,treatmentID,date) values("54219","3303","84234","16774","2015-01-25T22:19:51.000Z");
insert into Orders(doctorID,patientID,treatmentGiverID,treatmentID,date) values("31242","32167","22401","16774","2016-10-27T09:56:35.000Z");
insert into Orders(doctorID,patientID,treatmentGiverID,treatmentID,date) values("57781","15887","86610","16774","2015-01-02T04:15:48.000Z");
insert into Orders(doctorID,patientID,treatmentGiverID,treatmentID,date) values("28101","69595","18096","16774","2015-01-03T17:34:11.000Z");
insert into Orders(doctorID,patientID,treatmentGiverID,treatmentID,date) values("17332","46712","2374","16774","2015-01-17T03:39:41.000Z");
insert into Orders(doctorID,patientID,treatmentGiverID,treatmentID,date) values("66681","88521","96789","16774","2016-08-31T13:20:11.000Z");
insert into Orders(doctorID,patientID,treatmentGiverID,treatmentID,date) values("62899","72563","22401","16774","2016-12-08T12:58:47.000Z");
insert into Orders(doctorID,patientID,treatmentGiverID,treatmentID,date) values("29581","69137","25396","16774","2016-05-08T12:23:06.000Z");
insert into Orders(doctorID,patientID,treatmentGiverID,treatmentID,date) values("60408","6388","97850","16774","2016-10-25T04:38:57.000Z");
insert into Orders(doctorID,patientID,treatmentGiverID,treatmentID,date) values("2309","49483","44658","16774","2015-01-04T18:14:57.000Z");
insert into Orders(doctorID,patientID,treatmentGiverID,treatmentID,date) values("22748","32031","44557","16774","2016-08-26T11:40:02.000Z");
insert into Orders(doctorID,patientID,treatmentGiverID,treatmentID,date) values("85471","5698","4833","16774","2016-08-27T02:24:29.000Z");
insert into Orders(doctorID,patientID,treatmentGiverID,treatmentID,date) values("28101","32031","2674","16774","2015-01-26T20:41:05.000Z");
insert into Orders(doctorID,patientID,treatmentGiverID,treatmentID,date) values("49891","26779","98152","16774","2015-01-02T11:34:12.000Z");
insert into Orders(doctorID,patientID,treatmentGiverID,treatmentID,date) values("49186","17346","62566","16774","2016-03-01T14:41:19.000Z");
insert into Orders(doctorID,patientID,treatmentGiverID,treatmentID,date) values("49161","17311","65693","16774","2015-01-06T09:37:22.000Z");
insert into Orders(doctorID,patientID,treatmentGiverID,treatmentID,date) values("31948","72683","85418","16774","2015-01-11T23:29:13.000Z");
insert into Orders(doctorID,patientID,treatmentGiverID,treatmentID,date) values("51039","54330","85418","16774","2015-01-27T21:41:45.000Z");
insert into Orders(doctorID,patientID,treatmentGiverID,treatmentID,date) values("85471","29248","25396","16774","2015-01-19T17:53:48.000Z");
insert into Orders(doctorID,patientID,treatmentGiverID,treatmentID,date) values("51039","96674","52408","16774","2015-01-04T23:32:02.000Z");
insert into Orders(doctorID,patientID,treatmentGiverID,treatmentID,date) values("95451","66070","2674","16774","2015-01-19T17:09:58.000Z");
insert into Orders(doctorID,patientID,treatmentGiverID,treatmentID,date) values("84288","65958","9085","16774","2016-05-08T01:46:57.000Z");
insert into Orders(doctorID,patientID,treatmentGiverID,treatmentID,date) values("23044","74236","41128","16774","2015-01-17T23:02:25.000Z");
insert into Orders(doctorID,patientID,treatmentGiverID,treatmentID,date) values("51039","45388","15311","16774","2016-02-03T15:25:11.000Z");
insert into Orders(doctorID,patientID,treatmentGiverID,treatmentID,date) values("49161","17311","72283","16774","2015-01-02T15:01:30.000Z");
insert into Orders(doctorID,patientID,treatmentGiverID,treatmentID,date) values("85471","39506","78983","16774","2016-02-06T17:56:42.000Z");
insert into Orders(doctorID,patientID,treatmentGiverID,treatmentID,date) values("29581","77067","8515","16774","2016-01-01T05:56:00.000Z");
insert into Orders(doctorID,patientID,treatmentGiverID,treatmentID,date) values("61834","15813","3761","16774","2015-01-11T03:57:05.000Z");
insert into Orders(doctorID,patientID,treatmentGiverID,treatmentID,date) values("93355","72563","3761","16774","2015-01-03T03:57:45.000Z");
insert into Orders(doctorID,patientID,treatmentGiverID,treatmentID,date) values("21701","17311","98152","16774","2016-04-03T15:20:26.000Z");
insert into Orders(doctorID,patientID,treatmentGiverID,treatmentID,date) values("99418","58319","10843","16774","2015-01-13T19:36:10.000Z");
insert into Orders(doctorID,patientID,treatmentGiverID,treatmentID,date) values("31242","17477","96789","16774","2015-01-05T04:48:59.000Z");
insert into Orders(doctorID,patientID,treatmentGiverID,treatmentID,date) values("85471","15887","96789","16774","2015-01-10T07:56:26.000Z");
insert into Orders(doctorID,patientID,treatmentGiverID,treatmentID,date) values("55964","5698","15199","16774","2016-01-14T16:17:09.000Z");
insert into Orders(doctorID,patientID,treatmentGiverID,treatmentID,date) values("84288","58319","70736","16774","2016-10-23T01:05:10.000Z");
insert into Orders(doctorID,patientID,treatmentGiverID,treatmentID,date) values("29581","80143","31354","16774","2015-01-09T18:22:47.000Z");
insert into Admin(employeeID) values("84");
insert into Admin(employeeID) values("294");
insert into Admin(employeeID) values("1839");
insert into Admin(employeeID) values("2464");
insert into Admin(employeeID) values("5779");
insert into Admin(employeeID) values("5813");
insert into Admin(employeeID) values("5962");
insert into Admin(employeeID) values("6704");
insert into Admin(employeeID) values("9368");
insert into Admin(employeeID) values("9462");
insert into Admin(employeeID) values("9566");
insert into Admin(employeeID) values("10011");
insert into Admin(employeeID) values("10065");
insert into Admin(employeeID) values("12285");
insert into Admin(employeeID) values("19323");
insert into Admin(employeeID) values("19819");
insert into Admin(employeeID) values("21005");
insert into Admin(employeeID) values("21701");
insert into Admin(employeeID) values("22748");
insert into Admin(employeeID) values("23044");
insert into Admin(employeeID) values("23368");
insert into Admin(employeeID) values("25885");
insert into Admin(employeeID) values("28409");
insert into Admin(employeeID) values("29473");
insert into Admin(employeeID) values("29581");
insert into Admin(employeeID) values("30621");
insert into Admin(employeeID) values("31242");
insert into Admin(employeeID) values("31948");
insert into Admin(employeeID) values("32858");
insert into Admin(employeeID) values("34496");
insert into Admin(employeeID) values("34925");
insert into Admin(employeeID) values("35862");
insert into Admin(employeeID) values("36093");
insert into Admin(employeeID) values("40197");
insert into Admin(employeeID) values("40655");
insert into Admin(employeeID) values("43081");
insert into Admin(employeeID) values("45840");
insert into Admin(employeeID) values("45946");
insert into Admin(employeeID) values("48451");
insert into Admin(employeeID) values("48958");
insert into Admin(employeeID) values("49161");
insert into Admin(employeeID) values("49186");
insert into Admin(employeeID) values("49891");
insert into Admin(employeeID) values("51327");
insert into Admin(employeeID) values("51347");
insert into Admin(employeeID) values("54720");
insert into Admin(employeeID) values("55601");
insert into Admin(employeeID) values("55964");
insert into Admin(employeeID) values("57409");
insert into Admin(employeeID) values("57781");
insert into Admin(employeeID) values("60408");
insert into Admin(employeeID) values("60478");
insert into Admin(employeeID) values("60714");
insert into Admin(employeeID) values("61834");
insert into Admin(employeeID) values("62899");
insert into Admin(employeeID) values("65753");
insert into Admin(employeeID) values("66410");
insert into Admin(employeeID) values("67675");
insert into Admin(employeeID) values("69388");
insert into Admin(employeeID) values("69407");
insert into Admin(employeeID) values("73241");
insert into Admin(employeeID) values("76557");
insert into Admin(employeeID) values("76649");
insert into Admin(employeeID) values("77189");
insert into Admin(employeeID) values("78492");
insert into Admin(employeeID) values("79810");
insert into Admin(employeeID) values("84288");
insert into Admin(employeeID) values("85471");
insert into Admin(employeeID) values("85659");
insert into Admin(employeeID) values("86769");
insert into Admin(employeeID) values("87939");
insert into Admin(employeeID) values("88402");
insert into Admin(employeeID) values("89062");
insert into Admin(employeeID) values("93256");
insert into Admin(employeeID) values("93355");
insert into Admin(employeeID) values("93650");
insert into Admin(employeeID) values("94491");
insert into Admin(employeeID) values("94793");
insert into Admin(employeeID) values("95443");
insert into Admin(employeeID) values("95451");
insert into Admin(employeeID) values("96056");
insert into Admin(employeeID) values("97000");
insert into Admin(employeeID) values("97272");
insert into Admin(employeeID) values("97611");
insert into Admin(employeeID) values("97675");
insert into Admin(employeeID) values("98310");
insert into Admin(employeeID) values("99088");
insert into Admin(employeeID) values("99418");
insert into Discharges(AdminID,patientID,date) values("48958","15813","2016-04-16T00:31:04.000Z");
